date,pblh_mean,pblh_min,pblh_max,pblh_night,pblh_range,t850_mean,slp_mean,tqv_mean,inversion_strength,inversion_strength_max,ventilation_index,ventilation_index_min,t850_max
2016-01-01,683.1507,369.1288,1290.0249,805.143,920.8961,2.6208088,1019.5322,5.9920425,-5.181898860202026,-10.06228590234375,2955.958629934912,1597.2017771028075,4.024475
2016-01-02,398.55966,148.7172,1026.8901,529.2132,878.173,6.589863,1018.20245,8.46762,-2.989520176513672,-7.918639792968751,1194.9943398085509,445.8961144153747,7.965637
2016-01-03,462.952,174.53629,1162.3325,563.6725,987.79626,6.826126,1015.71875,13.018421,-3.307155901367187,-7.0558171171875,1533.8094055229126,578.2573540067749,7.755005
2016-01-04,639.3653,324.50778,1278.3965,687.4322,953.8887,5.291673,1009.5288,19.362478,-5.864976816558839,-8.6594237265625,2456.670741360754,1246.8752668670836,6.1966553
2016-01-05,692.3755,239.89255,1113.0834,911.7803,873.1908,5.214868,1010.40265,20.033081,-6.042309931304931,-6.69317625390625,3072.725236428467,1064.6302440519319,6.3910522
2016-01-06,573.68506,419.1801,937.2335,630.5549,518.0534,2.7985115,1012.92535,14.1202135,-6.406092494873047,-8.0989079375,3082.573320065918,2252.374222863464,3.836914
2016-01-07,840.7202,576.4114,1306.0052,917.16016,729.5939,1.3158976,1012.4868,13.745975,-7.768427416038513,-8.15319790625,4299.280919709473,2947.6565343425295,2.520996
2016-01-08,695.3359,377.1843,1562.2491,837.3135,1185.0648,1.8427607,1015.2961,9.086162,-6.1212843178939815,-10.31750450390625,2558.8813612897707,1388.0628004238893,3.2074585
2016-01-09,561.4737,265.14413,1138.9276,595.01587,873.78345,2.994873,1020.6377,12.887258,-5.792637953125,-9.580139423828125,968.1346604275818,457.1812169511383,3.5365906
2016-01-10,831.85455,333.49835,1326.4213,1132.6792,992.9229,3.6886241,1021.25977,18.104918,-6.340442856399536,-9.54562376953125,1458.9726478788757,584.9159229456482,4.549011
2016-01-11,592.99756,127.61586,1393.5496,810.1635,1265.9337,4.3454247,1023.9963,12.76208,-5.676636347900391,-10.145629791015624,1299.763774295166,279.7152693644028,5.365814
2016-01-12,241.82788,69.18349,887.9685,332.56915,818.78503,7.8238983,1023.0638,4.2621427,-2.173709684570312,-7.118560701171877,742.4240241913575,212.3968609323517,10.508331
2016-01-13,282.87085,98.59616,952.0904,378.12512,853.49426,9.638489,1020.1423,6.789621,-1.6972152304687498,-5.839080009765624,636.7849393948242,221.9548264614624,10.51474
2016-01-14,374.24277,148.13753,987.85675,429.34793,839.71924,9.019299,1017.9416,9.394103,-1.3944154465332037,-5.991302265624999,842.5889907869293,333.5242806541794,10.091553
2016-01-15,484.60654,181.63425,923.43414,436.56622,741.7999,7.8047233,1016.6956,13.826324,-2.577527737213135,-4.630127251953125,1157.336846735016,433.77872663601687,9.892792
2016-01-16,328.52478,137.30432,1005.5827,420.27283,868.2784,8.305987,1019.4507,18.532578,-2.649257641906738,-6.882202675781251,579.938585498352,242.38072331990966,9.820007
2016-01-17,296.89645,77.05642,1018.63605,367.7176,941.57965,10.618373,1019.9006,15.340405,-1.7451290828247075,-7.067198916015624,581.037315678122,150.80225609397203,11.395111
2016-01-18,308.20584,64.97698,976.5855,385.47733,911.6085,9.007741,1019.9831,15.953601,-3.4973620255737305,-3.804291060546875,575.4426501908112,121.3167364430809,11.407013
2016-01-19,334.71304,104.00524,783.64087,405.38303,679.6356,8.818566,1020.751,18.70135,-2.91790667767334,-4.998565267578124,696.3001297227356,216.36104281856538,10.113251
2016-01-20,748.3857,398.9815,1193.5177,702.1052,794.5362,8.915474,1020.9878,15.615962,-4.019188062011718,-5.93774403515625,1213.1510007271606,646.7585175494019,11.499939
2016-01-21,325.46274,90.98033,1108.887,415.9327,1017.9066,11.969073,1020.792,8.648507,-0.6257377044067383,-6.8750305761718735,1138.4346467976836,318.2396918656692,13.010284
2016-01-22,298.50192,119.84164,927.9004,366.62698,808.0588,11.518524,1019.3003,10.250991,-1.4416168300781251,-6.7265317949218755,675.1652005407532,271.0632546027237,12.112335
2016-01-23,255.92249,63.35357,948.4488,343.46814,885.0952,9.373525,1016.2649,15.088249,-3.4274613341674804,-2.8608704707031247,498.35102259473877,123.36671343330917,11.838593
2016-01-24,519.9612,135.97668,1340.5144,633.1252,1204.5377,5.2290215,1016.94293,8.345658,-5.102558450775147,-9.466735623046874,1895.6706803087645,495.7428039766479,6.4841614
2016-01-25,472.65796,80.11284,1715.6975,645.4084,1635.5847,7.3365707,1018.65546,9.748752,-3.933213260253906,-9.603393404296874,1660.486735054297,281.44306789978026,8.475861
2016-01-26,436.14835,63.253376,1310.2065,532.8619,1246.9531,7.612456,1022.16156,5.4527783,-4.12502815512085,-9.538298808593751,1591.4377113679504,230.8017647765541,9.232971
2016-01-27,175.0583,63.398323,694.7983,210.11302,631.39996,10.329338,1023.7657,5.872427,-1.7420649262695314,-6.9734193378906255,463.3583232495117,167.80775333862303,11.113129
2016-01-28,297.67368,63.58416,1109.1837,386.80148,1045.5996,11.788417,1021.3083,7.1913757,-1.8203471375122078,-7.266601999999999,561.3928758330353,119.91552256615982,13.09375
2016-01-29,233.7375,63.05546,811.3147,308.91287,748.2592,14.57747,1017.0364,17.1746,0.5570008257446286,-4.131438759765626,612.9776535719985,165.36323253917502,15.971771
2016-01-30,348.91104,63.249958,1200.7737,473.90363,1137.5237,12.518932,1014.4366,15.861934,-0.40265765747070326,-2.514191041015625,892.8984550344909,161.8630055658653,14.799408
2016-01-31,563.64575,202.97209,1189.6534,610.8476,986.68134,6.274433,1010.3841,17.01845,-5.347586864013671,-4.969146501953125,3503.882962123779,1261.7684979290314,9.5920105
2016-02-01,1059.1328,594.4577,1890.3374,1180.0657,1295.8796,-1.2349586,1012.03595,6.8028297,-8.61703634868164,-9.04772924609375,9801.213987742189,5501.110985742493,1.6870728
2016-02-02,704.4468,236.26984,1863.6088,974.6693,1627.3389,1.8575262,1021.9837,6.2372856,-5.099102116871643,-10.001190302734376,2976.8192802602052,998.4183717444764,3.5819397
2016-02-03,604.93286,187.35295,1543.6726,787.2133,1356.3197,2.0204937,1024.7251,9.988646,-6.141390254196168,-10.44296237890625,1697.4945405120848,525.7287740289688,4.1625366
2016-02-04,381.60153,105.24682,1199.3395,504.80173,1094.0927,5.7336426,1026.2712,8.228075,-4.248722421875,-9.335418318359373,973.7129385204955,268.5528761390106,7.6148987
2016-02-05,389.88358,62.742004,1563.7886,567.48175,1501.0466,8.159179,1026.3931,7.2755446,-3.424751266174317,-10.439422749999999,1682.742697048233,270.7953254354553,9.128906
2016-02-06,392.93015,63.549988,1282.9576,547.8191,1219.4077,10.158604,1025.1843,7.0848346,-2.84934933178711,-8.704650443359377,1428.9137347159424,231.1032927684082,12.144196
2016-02-07,388.50427,63.9185,1238.0048,473.52878,1174.0863,13.165543,1021.12964,7.0090785,-1.4106953974609375,-8.7074587265625,1647.8105683098145,271.1053278355484,14.352905
2016-02-08,405.30017,63.883102,1250.3965,558.263,1186.5134,14.268846,1020.69556,7.800669,-2.2651074418334964,-9.134338208984374,2045.8054232221314,322.45828341801297,15.071686
2016-02-09,363.51953,64.21423,1256.3314,553.92474,1192.1172,16.08705,1020.153,5.822119,-1.1592905157470703,-8.729949570312499,1262.20321030625,222.9630173216797,17.085815
2016-02-10,323.0848,64.608,1263.1401,481.5746,1198.5321,17.448792,1019.2142,5.394731,-0.22784949609375005,-7.286346560546875,793.9950030168092,158.77698110870364,18.05545
2016-02-11,376.95276,64.51716,1304.324,559.6226,1239.8068,17.785585,1018.0777,5.519306,0.0013584034423814728,-7.668030046875,917.9235433902833,157.10673915123596,18.083252
2016-02-12,678.1634,401.75204,1370.4468,862.59985,968.6947,17.330343,1018.0114,5.988129,-0.7262767535400378,-6.800872966796874,1293.900146666107,766.5218092627716,18.146759
2016-02-13,479.20963,70.64242,1432.6416,715.6235,1361.9991,16.663282,1017.1198,6.7500763,-0.83456760559082,-5.8407900136718744,721.945401873706,106.42517616321412,17.714386
2016-02-14,379.7889,63.50206,1355.6482,567.37836,1292.1461,16.585588,1016.51416,7.761198,0.22253445520019355,-7.609894072265625,1486.6438100154114,248.57214590522764,17.2247
2016-02-15,433.0363,64.532265,1474.5851,617.27637,1410.0529,16.67045,1015.67303,11.030383,-2.167691789428712,-8.63494890625,1758.5387031967164,262.06230037193296,17.974121
2016-02-16,409.25565,64.68245,1447.5157,572.66724,1382.8333,17.550856,1012.50616,7.321535,-1.5190353634033187,-7.9645686660156265,994.2906839108276,157.14665749801637,19.133392
2016-02-17,358.39734,63.95198,982.32074,465.14465,918.3688,15.639018,1009.30414,9.208535,-1.3841089412231433,-3.212280203125001,1127.4201856026611,201.1754720480194,19.225342
2016-02-18,707.4279,235.14958,1361.1003,692.7026,1125.9508,7.4607735,1011.6307,18.6283,-6.662056531982422,-6.722046164062501,3216.7762566898496,1069.258892906044,10.635132
2016-02-19,502.00504,122.25098,1189.206,603.58026,1066.9551,7.663925,1016.0542,9.561135,-5.281794829101562,-8.268859435546876,933.3847895884277,227.3029033359375,9.901154
2016-02-20,395.38895,86.53017,1199.3345,555.16974,1112.8043,11.948174,1017.4429,8.973915,-0.8473565233764653,-6.673644962890624,907.0507904291077,198.50644971802063,13.993988
2016-02-21,467.13705,72.89849,1277.2634,739.467,1204.365,14.744827,1017.6429,6.4159904,0.37333677050781233,-6.8062440546875,1152.3911437585755,179.8349638807144,15.279419
2016-02-22,413.40335,63.164654,1546.8057,647.1983,1483.641,15.553814,1015.52277,5.664823,0.2453419343261718,-6.859191626953123,1592.3208996355224,243.29362141627502,16.668182
2016-02-23,487.31412,116.92388,1390.087,651.26355,1273.1632,14.118797,1014.3963,7.035843,-2.3227926977539077,-6.858154044921875,2067.2781011990965,496.01308714321897,15.780304
2016-02-24,441.89487,65.943115,1460.1624,619.388,1394.2192,12.549806,1017.7127,5.4556847,-2.9111593588256834,-8.736144101562498,1507.0531902701355,224.89462907260742,14.253296
2016-02-25,402.31787,63.911804,1426.0631,559.6825,1362.1514,14.314322,1017.3514,5.728554,-1.7678555283813466,-7.8893122988281235,814.5217383067383,129.39408759830323,15.851044
2016-02-26,377.5703,64.04644,1296.1604,503.4798,1232.114,15.621179,1017.0588,7.4506507,-1.2834963729858408,-7.157135246093748,631.655952240625,107.14644076914978,16.265198
2016-02-27,364.06876,63.416924,1303.967,525.57227,1240.5502,15.992313,1015.87946,9.454377,-0.49392461499023455,-6.321929687499999,803.9974267100524,140.0478411496048,16.950195
2016-02-28,401.32422,63.218933,1547.6161,599.8545,1484.3972,17.120745,1014.36005,12.5873,0.8403897052001952,-6.159637009765625,832.9642281898437,131.21338648636473,17.95224
2016-02-29,558.37085,63.438065,1495.301,807.4389,1431.8629,17.66749,1014.9664,11.628555,0.1953720054931658,-6.073059462890626,1265.3543343256836,143.76042378933715,18.486176
2016-03-01,469.0035,63.894268,1332.513,627.34937,1268.6187,17.643578,1016.1853,10.954227,0.07168757568359396,-5.913177457031249,980.1819720352843,133.5342025671974,18.358582
2016-03-02,391.62363,63.598293,1210.4808,520.8281,1146.8826,16.293167,1016.3394,7.9295793,-0.47294388574218615,-4.918640357421875,766.0572476224793,124.40499040292282,17.564484
2016-03-03,349.17667,98.65006,1057.3579,452.88962,958.7078,15.58213,1016.1369,6.498712,-0.2593865678710934,-5.4186702089843735,632.4977752389404,178.69448656290893,16.27481
2016-03-04,454.03622,98.95093,1447.5616,565.5563,1348.6107,13.927312,1014.5629,9.821097,-0.7156541027221675,-6.208099089843749,691.6434147761199,150.73413503327635,15.248108
2016-03-05,451.34427,171.68852,1040.8445,523.4194,869.15594,10.489666,1015.4191,23.73207,-3.6890410148925774,-4.505279787109377,1112.7857742382141,423.2967126560028,13.166168
2016-03-06,832.5339,328.93997,1523.4132,881.47876,1194.4733,6.626938,1014.4405,16.70505,-7.151666133789062,-6.92108114453125,5132.123932660584,2027.7381545694886,9.543152
2016-03-07,778.87524,215.34874,1501.1353,791.4462,1285.7865,3.289571,1012.2581,11.230739,-6.633241953170776,-8.558898669921875,4609.868544663696,1274.5678956853865,6.2549133
2016-03-08,736.4746,145.89558,1665.3574,966.39667,1519.4618,4.3226447,1011.7491,10.434594,-6.483111289459229,-9.713317742187499,3559.6642987695313,705.1693235325134,9.135864
2016-03-09,489.0303,62.733677,1489.4655,683.15894,1426.7318,10.801605,1014.6289,14.543948,-2.6748497753906246,-7.804566308593749,1513.4993986802672,194.15439393632124,13.740784
2016-03-10,582.591,63.696262,1793.2224,729.7456,1729.5261,14.598376,1015.9272,10.390052,-1.7130267258911118,-7.119048904296875,1427.596724732483,156.08304108509444,16.233673
2016-03-11,556.2607,63.317024,1456.8988,885.12695,1393.5818,11.269157,1014.25604,11.924443,-2.483599590332032,-3.647186433593749,2115.460705447998,240.79479511118774,15.941956
2016-03-12,749.54987,373.6744,1367.8735,868.6612,994.1991,3.5146027,1017.6014,10.5642,-7.399212838867188,-9.701293771484377,3656.1743480033874,1822.7190042490265,6.805084
2016-03-13,599.6533,217.64348,1290.8204,724.4609,1073.177,5.9815254,1019.26166,14.473652,-5.537650578857422,-9.615234326171876,1728.320200151367,627.2918157824249,7.1548157
2016-03-14,583.67365,205.18118,1287.2673,686.4434,1082.0862,7.156115,1017.80225,20.424551,-6.420347944915772,-8.878967708984376,2493.4868474517457,876.5456264385436,10.173248
2016-03-15,568.4875,85.79483,1721.7114,766.5142,1635.9166,13.243464,1016.3254,13.841289,-1.3200795300903323,-7.109680640625001,1546.4944311586487,233.39339944084168,15.882568
2016-03-16,701.69305,72.85058,1992.3027,964.0299,1919.4521,15.3511915,1013.8374,12.717533,-2.404959479309081,-8.597839763671875,1885.847798288086,195.79088304235842,16.624542
2016-03-17,792.3474,261.43884,1719.6069,1015.4737,1458.1681,15.823905,1011.84406,12.823987,-2.8445460088500987,-7.213805332031249,1418.1111496536867,467.91260023499757,16.641785
2016-03-18,565.66754,69.03829,1481.1469,698.462,1412.1085,15.239671,1011.57886,11.894547,-1.3437192465209975,-5.838897246093751,927.6017157558289,113.21144196806716,16.733948
2016-03-19,625.3103,152.1159,1279.7874,816.1186,1127.6714,16.157804,1013.613,11.741178,0.29836448913574287,-4.589232923828124,902.7689257467042,219.61178671292114,17.028778
2016-03-20,529.1127,135.00702,1130.947,644.57996,995.94,15.206939,1015.15546,10.34343,-0.5773252564086917,-5.0050045410156265,910.3405725539794,232.2801432929077,16.666595
2016-03-21,428.4851,83.46545,1119.5763,520.093,1036.1108,12.509852,1016.76025,11.488857,-2.0305865906372063,-4.135804023437501,1202.2388867651366,234.186448284787,15.104126
2016-03-22,664.716,168.67719,1570.4723,778.8425,1401.7952,6.095945,1016.9891,10.179675,-6.921633118560791,-7.166900597656252,3833.5355111600343,972.7913507718506,10.623962
2016-03-23,771.28784,188.15063,1886.6473,1008.8303,1698.4967,7.1680512,1019.2644,7.2294254,-6.424416757171631,-9.967895935546874,3880.2943706433107,946.5724848107911,11.237091
2016-03-24,581.97003,63.575912,1736.3506,780.91547,1672.7747,12.423805,1018.92676,8.223895,-3.4943837631835937,-8.678528205078123,1663.3622437760193,181.7099964918045,14.637665
2016-03-25,506.76904,63.31682,1591.1965,671.48303,1527.8798,14.451007,1012.11786,10.9653015,-1.8885221106567371,-8.130981525390624,1475.0056758788576,184.29039337427216,14.899261
2016-03-26,582.2021,74.2373,1697.406,724.5364,1623.1687,13.2405405,1010.0542,11.813458,-2.470067995544433,-7.436737148437501,1408.3494111154541,179.5803482276642,14.961548
2016-03-27,832.3276,299.14975,1507.3141,858.9856,1208.1643,13.813461,1014.5342,13.980285,-1.9409546962890634,-6.302154373046875,1696.3518501043702,609.6917202819214,15.003693
2016-03-28,720.24786,193.62135,1493.0991,819.794,1299.4778,8.750669,1012.3636,15.54069,-4.648143474304199,-5.4912717148437515,3110.334436429706,836.1387691966049,13.082092
2016-03-29,1060.5814,407.14166,2040.4249,1251.8833,1633.2832,2.1294441,1011.50726,8.410207,-7.8511858776855465,-10.288726951171874,5917.376162318115,2271.5939780474855,4.754425
2016-03-30,1041.975,354.10928,2244.2764,1213.6982,1890.1671,2.5844944,1013.98706,10.105849,-8.009671647659301,-10.862579375,2462.4588227781983,836.8526593088684,4.7285156
2016-03-31,817.3633,111.69613,1912.9141,1062.1991,1801.2179,6.557162,1016.65607,11.222183,-5.947901191986084,-9.63293440234375,2248.6994534609375,307.294234582962,10.047913
2016-04-01,726.2492,90.3316,1947.0991,908.9066,1856.7676,10.89653,1017.16064,13.991431,-3.460535848632812,-7.901580470703124,1494.8152113531007,185.92659807393494,13.619843
2016-04-02,831.4002,211.88556,1861.3823,1050.7924,1649.4968,13.765679,1019.6668,13.249135,-2.8075816405639635,-8.015167357421873,1236.010513331256,315.0020607161194,14.955109
2016-04-03,780.2392,91.22395,1720.4269,861.59283,1629.2029,14.228942,1017.06744,12.102257,-3.537845082580567,-7.754181060546873,1755.3566310879332,205.2326669919876,15.313263
2016-04-04,770.38116,127.57682,1704.0315,819.3455,1576.4547,14.076211,1016.81055,11.679835,-3.953563024353027,-8.413512392578124,2033.9022639071657,336.81870185795134,15.548798
2016-04-05,627.78296,63.73068,1885.89,873.5158,1822.1593,16.213594,1017.0271,10.324749,-2.404352563354493,-7.040496535156251,1260.8247302595705,127.99521626484682,20.007751
2016-04-06,833.78735,91.455086,1726.3041,1087.0886,1634.849,19.091417,1017.04816,10.68613,-0.97779468737793,-6.420104914062499,1977.2738467440918,216.8799376141098,20.060913
2016-04-07,815.10596,500.96918,1458.9393,965.71094,957.97015,13.4516535,1015.7973,18.550888,-2.545652519470215,-2.8432312695312483,1491.4671048851073,916.6649341458069,18.744324
2016-04-08,680.66095,155.02513,1373.9166,823.5572,1218.8915,8.641738,1012.1011,25.680466,-5.6868100620727535,-7.053039505859374,1641.0685128526245,373.76444419891664,9.8229065
2016-04-09,811.7798,158.70123,1574.4839,856.0295,1415.7827,6.702811,1013.44415,20.591185,-7.281836235687257,-9.180633689453124,2561.8506890185545,500.8363971526123,7.7687683
2016-04-10,825.6518,252.51862,1745.9688,885.2111,1493.4502,6.0833435,1011.4915,21.285748,-8.026085494140625,-10.284637056640626,1514.0872786725768,463.07078392044065,7.957367
2016-04-11,904.94794,205.02127,1855.1237,1094.1659,1650.1024,7.2444825,1016.1797,21.593786,-7.276212482757568,-9.950652216796875,1754.638214578009,397.52359417563173,9.095978
2016-04-12,667.62866,90.46277,1639.701,833.6818,1549.2383,9.863144,1018.8431,19.191523,-5.761650079101562,-9.369842150390625,1575.3100862553956,213.452357309729,11.951996
2016-04-13,579.261,117.60715,1272.3374,687.8403,1154.7302,10.984695,1018.3836,18.518797,-4.470516565429687,-8.077088330078126,1363.2202352612062,276.7741081849152,12.354462
2016-04-14,578.3977,112.657715,1383.6932,719.8948,1271.0355,10.67446,1013.98926,12.98127,-4.509236588928223,-7.9024051640625,2137.771799513672,416.38561784765625,12.494507
2016-04-15,839.02716,204.26424,2284.8923,1104.3596,2080.6282,9.701579,1010.815,7.777759,-4.901872906066895,-9.724914681640627,5115.10701845506,1245.2915453691971,11.603851
2016-04-16,1244.3857,470.92053,2205.9243,1605.8087,1735.0038,11.043315,1015.4697,5.661171,-5.723658066223145,-8.729095601562499,5324.924448153321,2015.143833762085,15.526733
2016-04-17,1173.8308,502.9207,2146.1655,1449.2427,1643.2449,15.489586,1015.89655,6.304859,-3.1285151235351556,-9.229553955078124,3763.2661289228026,1612.3485273104554,17.157196
2016-04-18,818.0093,130.71617,2038.6239,1098.7228,1907.9077,16.776588,1015.9924,8.499641,-2.930921560058593,-8.913482341796875,1532.1197607331053,244.82953260905455,17.594025
2016-04-19,721.3532,97.14265,1650.1216,839.002,1552.9789,17.148676,1014.2747,9.448154,-3.678734081420899,-8.700074013671873,1464.3817143013368,197.20424554409868,17.714386
2016-04-20,569.9742,64.407005,1523.5122,703.79193,1459.1052,16.320543,1012.3487,6.267803,-3.9450497108154288,-8.139465611328124,1551.3834866611267,175.30612367407608,17.494598
2016-04-21,816.7463,331.29407,1454.3496,907.32446,1123.0555,16.395054,1010.7949,8.192788,-2.867708136474608,-7.580444640625,2221.205206118042,900.9800571848144,16.991943
2016-04-22,669.6592,119.63052,1250.3215,920.12933,1130.691,14.426778,1011.46027,11.680054,-1.9323891603393548,-5.294524705078125,2306.404587777246,412.0250972834991,16.395477
2016-04-23,662.27704,159.31114,1527.2781,771.7695,1367.9669,8.983254,1014.95087,9.473401,-6.342559567321777,-9.34481786328125,3133.3088313540648,753.7193334308624,12.98114
2016-04-24,498.30283,63.379734,1330.3568,641.74,1266.977,12.529507,1012.1331,11.375493,-2.9901643166503913,-7.779236140624999,1394.0762531630523,177.31423054141197,13.374756
2016-04-25,936.0905,178.28714,2506.432,1176.3579,2328.1448,7.2201996,1011.493,9.050049,-6.083602415039062,-7.384246162109374,5353.538538033191,1019.631177558966,11.300934
2016-04-26,790.05206,116.66908,2050.064,1028.1804,1933.3949,7.0448813,1013.4914,9.997233,-6.010938656158448,-9.406006107421874,2829.028302799225,417.7701094865799,10.34964
2016-04-27,655.45966,102.31482,1601.3909,816.55133,1499.076,9.144017,1011.4329,16.209295,-5.351451780456543,-9.000274267578124,2059.3599833048215,321.4584494824951,10.785126
2016-04-28,858.0717,310.1995,1697.8257,1035.5302,1387.6262,6.3907065,1008.70996,12.972669,-7.027868460845948,-8.355101845703125,4667.370409609192,1687.2901286592714,10.160858
2016-04-29,812.5667,272.99112,1639.8595,1013.5316,1366.8684,9.357226,1013.9529,15.808877,-4.780609128234863,-8.180786091796875,2352.4033001888856,790.3169070711274,11.847931
2016-04-30,899.5603,320.52408,1938.7307,1038.2605,1618.2067,8.688378,1010.1519,14.554816,-5.202933665954589,-7.291472972656251,3140.6244500370117,1119.0419967308717,11.821228
2016-05-01,1077.909,435.99094,2182.8784,1206.9446,1746.8875,11.483002,1010.86865,17.271538,-3.7163722910156256,-8.297455330078126,2174.1998061848267,879.4168695940582,13.010712
2016-05-02,1092.6791,450.92892,2274.2817,1254.3346,1823.3528,13.253507,1014.6911,19.68779,-3.180815339538576,-7.641510498046873,1745.9537628756957,720.5235911358307,15.2361145
2016-05-03,1163.3385,610.5423,1895.9883,1224.5347,1285.446,15.735723,1013.8706,17.591656,-2.8889174581909174,-6.977263769531248,2040.936985006311,1071.1227682685853,17.408386
2016-05-04,576.8107,158.51811,1279.8563,709.5747,1121.3383,15.570504,1012.2933,15.817973,-0.8553398114624038,-4.901824794921875,1604.5822982095885,440.96849024019014,17.174835
2016-05-05,816.90924,375.527,1531.7562,876.86,1156.2292,8.439736,1011.0922,14.970547,-5.632081633728028,-4.686309998046877,2601.5230411860657,1195.9004934046172,13.868927
2016-05-06,887.9373,290.2893,1657.3585,1039.2977,1367.0692,5.4959297,1010.8547,19.29332,-7.735149281982421,-9.116180263671875,2541.328900460114,830.8250936456299,6.5386047
2016-05-07,937.6924,368.01184,1827.1635,1032.7699,1459.1516,5.6509514,1013.1951,18.622913,-8.127791614501954,-10.80371111328125,2583.7729154521485,1014.0415388948975,7.430359
2016-05-08,862.6074,200.40405,1631.9662,926.52576,1431.5621,7.292868,1013.2243,20.162786,-7.256097862640381,-10.0440676328125,2474.163731546875,574.8065995683594,9.108276
2016-05-09,677.6492,190.09633,1397.5087,838.0842,1207.4124,9.378834,1012.4411,21.883718,-6.043026229248047,-8.241974306640625,1964.736428559961,551.1541939096802,12.812836
2016-05-10,661.2767,235.34633,1408.7096,827.50336,1173.3633,12.710579,1012.3089,17.226473,-3.3941060815429687,-7.220367240234374,1677.1206385743408,596.8820640899963,15.262604
2016-05-11,759.29865,248.30827,1689.1459,936.4279,1440.8376,15.733276,1013.7425,15.804474,-1.7696636328124988,-5.370055771484374,1646.325445086145,538.3866167363983,19.305084
2016-05-12,878.55096,342.03854,1554.6908,986.3095,1212.6522,19.714365,1014.1492,15.117251,0.27368500549316366,-5.059814498046876,1472.8021338047365,573.3931410298096,20.986115
2016-05-13,642.64233,164.18195,1308.9485,753.03613,1144.7666,19.211288,1013.66895,13.67971,0.45989945214843786,-3.5435484042968746,1506.600084194458,384.9054447332459,20.710236
2016-05-14,624.05597,213.11923,1349.9279,742.36523,1136.8086,14.96527,1012.771,12.06256,-2.061846957580567,-6.547119261718748,1849.898158424591,631.7524301733246,16.485657
2016-05-15,747.9873,284.8547,1496.2031,884.7682,1211.3484,11.385055,1011.1001,16.55306,-5.410021411682131,-7.3890388085937495,2785.3008961157225,1060.7213015311431,14.482971
2016-05-16,798.29224,207.01672,1689.5952,995.01636,1482.5785,12.392905,1010.53595,15.154592,-4.487669764709473,-8.081817623046874,2833.236458552124,734.7275875114624,15.171661
2016-05-17,883.61255,171.29901,2134.1023,1076.0239,1962.8032,13.583378,1010.4384,18.754522,-3.9668141618652335,-7.714722031249998,2071.7248741603025,401.6289978632446,15.972168
2016-05-18,1207.2488,557.3432,2081.6323,1400.2745,1524.2891,16.988314,1013.1175,19.135475,-1.749389325073242,-6.409209876953124,2788.017312786255,1287.1269943006898,19.508026
2016-05-19,744.6277,251.02142,1648.349,965.33307,1397.3276,18.664724,1011.49945,18.738836,0.36229434997558485,-4.115966416015624,2086.7526679555663,703.4651477989502,19.652924
2016-05-20,766.70465,294.27905,1353.2264,780.6768,1058.9474,11.210696,1008.8716,12.220184,-3.907180779602051,-2.6718453027343756,3274.9996172548217,1257.0209192893067,18.160065
2016-05-21,1029.3837,555.3677,1682.2168,1080.0258,1126.8491,5.3867965,1013.389,11.390755,-8.254733525543212,-9.641235419921873,4047.1777354669675,2183.5121000000977,8.50882
2016-05-22,941.9838,325.94067,1779.4991,1106.7253,1453.5585,6.8163185,1015.7836,11.555557,-7.93307048803711,-10.226074638671875,3140.621550813916,1086.7026339529298,10.907745
2016-05-23,803.7879,195.73126,1570.7772,933.0592,1375.0459,8.667977,1012.6092,13.466809,-6.625517666931152,-9.792144892578126,2705.3461599416687,658.7817715676453,10.61911
2016-05-24,994.1705,538.5135,1670.527,1119.2532,1132.0134,7.430139,1013.0787,15.49521,-7.4355189352111815,-9.166869921875001,3797.351426831177,2056.9158149468994,9.60083
2016-05-25,1001.31396,487.68073,1745.3507,1118.2749,1257.6699,6.2198806,1016.56305,15.734363,-8.1569784190979,-10.403778529296876,3956.9975328393552,1927.2191278445434,7.8489075
2016-05-26,846.64716,240.60905,1796.094,1023.50525,1555.485,9.996085,1016.221,18.044653,-5.858586333068848,-8.598816435546876,2756.644616714569,783.4121339530564,14.026154
2016-05-27,833.19775,191.25677,1787.2164,975.28326,1595.9597,14.723033,1012.4089,17.594965,-2.887057048645019,-6.7926334042968755,1959.8369251674803,449.8716995872192,17.241486
2016-05-28,916.62665,186.30829,1777.7823,978.4219,1591.4741,16.445227,1009.6352,18.151484,-1.0995383306884783,-5.657287769531251,2114.8232195914675,429.84686901763916,17.642761
2016-05-29,966.5607,359.46643,1848.2335,1071.2877,1488.7671,15.3748865,1012.4863,21.576653,-1.8002154872436513,-6.051147521484374,2485.336742901233,924.303150601831,17.12149
2016-05-30,859.1719,260.07623,1912.671,1155.4634,1652.5947,17.674706,1012.9893,20.474188,-0.8475724946289063,-5.047973720703126,2340.009073059375,708.3341091639771,20.881561
2016-05-31,872.73224,205.55809,1981.5807,1144.2206,1776.0226,22.284628,1009.8184,20.949348,2.5725479144287107,-2.168335443359375,2122.3620112615054,499.8883533673325,24.94107
2016-06-01,987.0486,409.54144,1667.1862,1180.631,1257.6448,24.546707,1009.3022,17.656115,4.507357153320314,-0.015441652343749723,2152.801919279688,893.2302001574219,26.106506
2016-06-02,1135.8265,574.3882,1589.1431,1167.9128,1014.7549,24.79444,1011.7254,14.001424,3.5988193157958968,-3.4242860937499984,2389.834350885217,1208.5407109857908,25.650879
2016-06-03,842.9941,313.47488,1533.2944,1051.1058,1219.8196,24.412962,1012.3203,10.077327,0.5465519598388688,-5.683746423828126,1443.1849580046387,536.6612272877197,25.364716
2016-06-04,697.5223,296.14905,1329.0996,812.89606,1032.9506,24.287348,1011.49023,10.403442,-0.10117720642089978,-4.6176142753906255,1368.2274049138489,580.9122605647095,25.246918
2016-06-05,531.7649,71.723755,1069.6985,636.5341,997.97473,22.861542,1009.99146,13.5768385,0.6510827480468748,-3.8443297343749983,1535.1077723682372,207.05333338240965,24.314697
2016-06-06,539.2789,124.60251,1213.0869,698.2764,1088.4844,21.795553,1007.7038,13.046543,2.1078032073974597,-1.9997866093750005,1323.2997472192383,305.7536227478027,23.6604
2016-06-07,573.80255,179.33968,1342.3127,772.97,1162.973,23.147352,1007.986,16.876305,3.2751732186279305,-2.981079445312499,1274.8482856340515,398.44869609880834,24.697144
2016-06-08,432.08115,154.45824,1076.3552,627.7894,921.897,24.585516,1008.07355,17.58499,4.44889097595215,-1.2514035234374994,894.827221053482,319.8784207843399,25.861938
2016-06-09,493.81845,113.61088,1075.4951,617.2939,961.8842,23.826426,1008.47974,14.997749,3.4221785523681625,-0.33136029882812323,1112.563093571167,255.96303589553833,25.819794
2016-06-10,467.0507,156.29669,1009.66797,598.4146,853.3713,20.712973,1009.8447,18.060944,1.861705640991211,-0.6358033203125011,877.563772485022,293.67329412316894,23.480347
2016-06-11,697.5488,219.76544,1534.0803,803.26764,1314.315,17.092464,1011.05646,23.34368,-1.5649525529785144,-3.2456056699218756,1784.6563551953125,562.2628505930176,20.598663
2016-06-12,920.67096,502.98987,1501.2919,1010.07245,998.302,12.254466,1013.9446,18.685904,-5.485624943176269,-8.277587716796877,2872.7916909455566,1569.4913573891602,14.85379
2016-06-13,833.29865,321.0907,1612.329,995.0735,1291.2383,14.169566,1016.3807,17.917818,-3.772097845520019,-7.763000632812499,2411.245458708191,929.1128607940674,16.936401
2016-06-14,638.4467,187.61847,1310.5638,810.14294,1122.9453,16.864988,1013.4548,15.839935,-1.3106006729736315,-6.594208078125,1977.1241699350828,581.0116972673584,17.821045
2016-06-15,632.07086,222.925,1195.1353,749.7707,972.21027,14.828803,1012.00226,13.377421,-2.049886937561034,-4.469177585937501,2025.9084065199645,714.5174140889694,17.587524
2016-06-16,627.87555,163.98885,1335.7848,788.3837,1171.7959,13.229169,1014.3008,16.61721,-4.367785108093262,-8.46490537109375,2066.4721702922975,539.7222212348785,15.606995
2016-06-17,670.6931,111.36612,1455.3867,790.6775,1344.0206,16.237684,1014.4997,15.829777,-4.228782750122072,-8.639007416015627,2031.3279698331055,337.2945212341919,18.996674
2016-06-18,688.71027,82.36498,1796.5371,859.77826,1714.1721,19.727444,1014.6412,13.653108,-3.3986033049316404,-7.252533126953125,2323.073860227014,277.82356021423186,23.207245
2016-06-19,869.18976,83.27058,1894.6099,1161.9319,1811.3392,25.265135,1012.13574,22.157328,-1.1579611885986338,-5.792235853515628,3075.2437778741455,294.6161292692413,28.7789
2016-06-20,1131.4955,247.15855,2526.2515,1267.4642,2279.093,28.811178,1009.6014,19.544495,-0.8298987926025383,-5.487182232421873,3798.281772411585,829.6788141188371,31.175812
2016-06-21,672.6421,65.43175,1905.8638,969.9203,1840.432,29.580671,1010.47565,21.991476,2.276867310424805,-3.3081664941406217,1424.9525814506835,138.61329647117614,31.098969
2016-06-22,531.5733,65.18297,1260.5109,709.6412,1195.3279,25.307236,1010.9392,22.940779,0.3898317177734363,-1.539977820312501,1270.361800483722,155.77522848635712,28.785034
2016-06-23,562.9217,112.26035,1347.454,772.417,1235.1936,24.397375,1010.85474,14.380124,1.554531106811524,-4.789703544921874,1359.343864508606,271.08641289817047,25.819366
2016-06-24,540.22925,105.42115,1413.8418,751.2932,1308.4207,24.940054,1010.71124,12.831883,2.2172089398193364,-3.8631286367187485,1532.3926758398438,299.0334178326416,25.839172
2016-06-25,684.9929,143.70868,1847.171,921.30316,1703.4624,24.817337,1009.03156,11.976875,2.190000036132812,-3.1139222441406247,1375.405298328296,288.554338355658,27.915375
2016-06-26,859.6971,188.12529,1701.2649,992.8938,1513.1396,27.335775,1009.4211,16.166931,2.438346375366212,-3.262695242187501,1763.271212797278,385.85208075570984,28.674927
2016-06-27,1045.9802,398.0586,1707.6919,1149.457,1309.6333,27.734564,1011.18427,25.456244,2.1979558275146474,-3.0280455273437497,2310.4435433588865,879.2631888921875,28.70221
2016-06-28,836.133,93.88189,1860.4557,1157.2349,1766.5739,27.352644,1011.1221,29.360052,0.764468966674805,-4.328094654296876,1353.1204650123962,151.92978441474838,27.92508
2016-06-29,736.0425,101.49918,1691.396,1001.3272,1589.8969,27.123865,1009.9759,26.048346,0.9069251275634755,-3.9389629980468754,1382.3476185739746,190.62371878731767,28.212677
2016-06-30,731.46533,168.44435,1462.8854,951.13385,1294.441,27.375692,1008.8455,19.833614,2.4649733675537107,-2.0715328378906257,1552.092484417383,357.4211928927796,28.183441
2016-07-01,662.40027,210.03607,1326.9303,781.0535,1116.8943,25.027634,1009.3291,19.323975,2.7149756669921885,-0.8259583906250008,1728.7089043845704,548.1447468547852,26.886475
2016-07-02,657.8052,255.36366,1259.9081,742.49066,1004.54443,22.81688,1011.87665,15.58195,1.8675482724609367,-3.3706364355468743,1985.6176160129394,770.8279074935318,23.729279
2016-07-03,596.84204,251.87679,1145.9159,687.16547,894.0391,22.224426,1014.163,14.006185,1.9132962695312514,-2.9597475624999987,1436.1975358204345,606.0980854021743,23.483398
2016-07-04,572.8338,236.49615,1136.3774,683.33954,899.8813,22.39503,1013.9309,13.590915,1.9567490679931652,-3.168396125000001,1370.3192713857422,565.7404255693359,24.076172
2016-07-05,731.42706,361.25998,1344.9174,858.71857,983.65735,21.284681,1012.6667,14.59534,0.6770473201904288,-4.157440390624998,2093.5317190287046,1034.0186515405915,23.62085
2016-07-06,678.0156,301.99557,1212.3962,839.38086,910.40063,20.547703,1012.11115,18.75323,-0.1050722106933577,-4.443176591796874,2112.9986078578127,941.1526901773774,22.543243
2016-07-07,603.22455,216.3056,1142.022,760.04645,925.7164,20.931765,1011.78955,16.969948,0.19282460266113333,-4.51345819921875,1482.1944989922486,531.4886070049439,22.994446
2016-07-08,580.15594,162.9798,1153.1553,720.92584,990.1755,21.565973,1011.9299,14.846797,-0.007528718139649726,-4.9476011757812515,1306.229347986145,366.9513280765503,23.218445
2016-07-09,615.46027,145.18251,1364.5822,780.5586,1219.3997,21.703758,1012.8138,14.433945,-0.8681187602539069,-6.641417607421875,1252.7244430741575,295.5084015470428,23.013702
2016-07-10,574.69104,106.10283,1277.7437,739.13654,1171.6409,20.97569,1012.18427,18.259346,-1.660509158325194,-5.852692078124999,1598.5955381878907,295.14208014135744,22.633545
2016-07-11,634.01044,124.38208,1521.0879,798.34,1396.7058,20.420473,1009.2834,11.342682,-1.2795179012451179,-6.453460578125,1495.34943728183,293.36216345178224,22.625732
2016-07-12,632.49536,155.03654,1393.5844,802.2102,1238.5479,20.49208,1009.65314,13.586467,-1.1547913115234358,-6.217743021484374,1600.5335598111328,392.3209688497925,22.691803
2016-07-13,616.97284,155.63672,1454.2548,789.21796,1298.618,22.52154,1011.30304,12.941854,-0.16705131188964728,-5.5237433593750005,1273.5752632202698,321.27034190976565,25.070557
2016-07-14,540.3014,116.261665,1194.6654,650.56323,1078.4037,23.974442,1012.4871,14.041664,0.39841652832031116,-3.802703535156251,1156.4047451488402,248.8343424111122,25.695251
2016-07-15,475.77515,123.48406,1062.5319,609.75836,939.0478,25.079111,1011.45526,14.536326,1.6918050992431652,-2.6629336914062485,1127.9610564331053,292.7542858746185,26.790466
2016-07-16,488.38956,137.93878,1031.3195,619.5606,893.3807,23.514267,1010.50275,16.689335,1.0992949677734387,-1.6069954199218763,1393.4335241495055,393.55575901434327,26.836945
2016-07-17,501.57742,152.85802,1040.1421,602.2866,887.28406,23.298965,1010.56006,17.59046,1.6074424541015624,-3.0986635722656253,1272.0412736884277,387.66040424445805,24.607513
2016-07-18,566.30695,190.57664,1242.3589,681.7456,1051.7822,22.592985,1013.1755,19.640238,0.6697451531982423,-5.254302513671874,1345.4611500105104,452.7817885869355,23.550323
2016-07-19,712.3186,152.01494,1444.2601,809.15875,1292.2452,23.623163,1013.58154,20.234564,-0.2628397767333972,-5.56219459375,1707.4148708920898,364.3770709668274,25.721191
2016-07-20,685.4346,84.138824,1536.222,871.5237,1452.0833,24.946508,1012.5285,20.22674,-0.8564545924072249,-6.363464087890627,1735.0953625976563,212.98733746887206,26.32016
2016-07-21,668.9704,65.96331,1639.0979,835.16235,1573.1346,25.796312,1011.97784,22.09168,-1.1404556678466804,-6.203430556640626,1686.3270659483521,166.27897999840852,27.480804
2016-07-22,639.2954,65.60214,1629.7616,926.5899,1564.1594,27.336054,1011.4666,17.953522,-0.6574511517333974,-6.042664716796878,1924.3023270641602,197.46482322284547,29.525665
2016-07-23,613.0681,65.732666,1512.0404,813.28345,1446.3077,28.448837,1008.10126,15.951709,0.21418728027343903,-4.6542360703125,1484.0249271191894,159.1159488956543,29.624878
2016-07-24,442.40787,65.677155,1088.5588,554.0897,1022.8817,26.56685,1008.9895,19.08949,0.7007106622314438,-2.115783908203124,1219.0121863486786,180.96706149235533,28.823944
2016-07-25,497.52414,72.65829,1309.5288,631.3825,1236.8705,25.123556,1011.03937,27.123896,-0.5390588629150379,-5.775146607421874,1220.0656606907746,178.17805001066665,26.013702
2016-07-26,779.8413,253.23106,1678.6665,987.67755,1425.4354,25.944931,1010.14557,34.163998,-0.8516059697265632,-5.460723900390626,1781.4281537622069,578.4676209960479,28.112152
2016-07-27,699.5179,82.95038,1616.8588,935.6582,1533.9084,26.924362,1009.63885,32.19253,-0.5537258173828121,-5.534759583984375,1765.829227842517,209.39593707008055,27.940826
2016-07-28,576.0456,74.125626,1349.8491,787.53784,1275.7235,27.133415,1009.4041,32.630737,0.03288822216796916,-3.5933532402343715,1441.1457960209473,185.44683784647216,29.231354
2016-07-29,627.6445,103.091484,1458.6056,788.9858,1355.5142,28.94838,1007.4951,30.391031,1.3607235166015634,-3.1948548066406275,1300.0762062419374,213.53933933245773,30.570648
2016-07-30,712.22974,212.88937,1433.4772,839.9984,1220.5878,27.657251,1007.61053,32.495064,1.5453643580322272,-1.633056892578125,1950.586071685913,583.0408730821687,30.02536
2016-07-31,684.03076,202.49445,1387.9379,803.08575,1185.4434,23.470984,1009.6014,31.327978,-1.2881854947509765,-5.97387651171875,2119.326763174805,627.3868404712158,25.04425
2016-08-01,662.0251,173.0711,1471.7356,859.7707,1298.6646,23.58496,1010.6387,29.169455,-0.9451500625000016,-6.153717216796874,1551.0841930697813,405.49499199852903,24.970978
2016-08-02,660.84125,162.1743,1524.4409,889.0301,1362.2666,23.920639,1012.47516,27.775589,-0.16189796191406103,-5.039215238281251,1492.6557391902954,366.3064347923737,25.75653
2016-08-03,683.22906,193.04955,1511.3263,879.6314,1318.2767,24.372396,1012.29004,27.682518,0.30995146911621063,-4.969390519531249,1498.386724438019,423.37612765825656,25.631042
2016-08-04,869.5362,251.30322,1519.5806,1085.1694,1268.2773,23.52812,1010.50616,24.838438,0.020150040893554433,-4.732421652343749,1867.0520290101013,539.5936305778808,25.356506
2016-08-05,720.6606,172.89342,1361.3987,827.4377,1188.5052,24.473923,1008.67816,17.661314,1.698297729492186,-2.79010040234375,1891.5106268963625,453.7916236064148,25.626038
2016-08-06,765.25226,410.59357,1279.1484,842.20416,868.5549,23.272623,1008.6402,15.627261,0.7969820621337895,-2.9795528925781234,1823.8615210139403,978.5868637586669,25.540985
2016-08-07,712.7075,284.88892,1369.5166,799.0771,1084.6277,23.355118,1007.7917,11.242585,1.2169647978515634,-3.8676139257812494,1581.84742633667,632.3081856741943,25.331726
2016-08-08,629.50977,278.08447,1214.2118,745.4075,936.1273,23.635612,1007.23676,10.675628,1.5965504877929675,-3.3748172499999995,1303.3492941904296,575.7515148347168,25.074219
2016-08-09,597.443,240.68297,1166.3728,700.61255,925.6898,21.423105,1008.09296,11.378147,0.48705823986816554,-3.420868195312501,1428.2900561206177,575.3939606034592,23.685425
2016-08-10,564.6966,206.56223,1158.0559,672.1305,951.49365,20.839163,1009.48193,11.744302,-0.17317617346191483,-5.590972955078126,1341.0998616249146,490.56533127579956,21.954071
2016-08-11,638.6988,229.16249,1243.3278,743.9851,1014.1653,21.42852,1012.8149,13.105998,0.5441422026367171,-4.7446896484375,1612.5476204230226,578.5754321403259,22.828735
2016-08-12,764.78375,244.51967,1603.534,862.67444,1359.0144,22.412231,1014.0925,25.171587,0.06402044531250084,-4.571563794921875,1874.0376552170835,599.174688133226,24.487335
2016-08-13,1199.037,648.0215,1744.7456,1330.8212,1096.7241,25.093002,1011.72125,25.099283,0.16291231933593764,-4.652435427734375,3088.047458872888,1668.9402573123048,27.126862
2016-08-14,1303.2191,919.0011,1754.2367,1310.851,835.2356,26.470137,1009.5301,22.091803,-0.03869835754394657,-5.570404853515626,3283.739452184326,2315.6199342404784,27.294525
2016-08-15,908.99585,192.99794,2117.9324,1096.2368,1924.9344,26.091146,1009.8403,15.012627,-1.2753845308837874,-6.474730869140622,3002.8609717156983,637.5672475151443,26.99936
2016-08-16,579.1983,65.73132,1462.8491,736.9573,1397.1178,25.844322,1008.99927,8.299526,-0.2684477954101574,-5.670745681640625,1552.4100371321413,176.17794352536623,26.885101
2016-08-17,623.4473,89.41804,1442.9021,753.8727,1353.484,24.803698,1008.9019,9.297444,-0.5440484139404305,-5.345306000000001,1500.8833535177002,215.26444676356508,26.046875
2016-08-18,624.52386,186.12068,1395.8114,735.66956,1209.6907,24.02756,1009.813,12.776652,-0.016820719604492496,-4.5824279375,1647.4464913864745,490.9722133181763,24.993164
2016-08-19,705.26044,171.84421,1579.3403,892.0932,1407.4961,23.249292,1010.7299,16.922293,0.3776393736572281,-5.465972333984375,1493.305472536572,363.85976358537596,24.085358
2016-08-20,795.4663,296.2984,1579.7433,927.7744,1283.4448,22.593002,1011.1286,22.59256,-0.8328646806640627,-5.433349792968752,2479.6060995581056,923.6133751629029,23.559387
2016-08-21,725.07733,262.72607,1498.0393,895.24225,1235.3132,21.925268,1010.4423,25.9534,-1.7693668267822282,-6.235626406249999,2164.320813420648,784.224641873584,22.872559
2016-08-22,615.3447,85.527756,1489.3663,792.0696,1403.8386,20.789797,1011.1001,23.196089,-2.6473671707763664,-6.883118005859377,1747.4929982447266,242.88686951369323,21.705719
2016-08-23,648.9163,105.634735,1551.0393,878.4525,1445.4045,21.141455,1013.55536,22.988398,-2.0086823033447274,-6.169708671875,1213.307397319336,197.5099121586914,22.995361
2016-08-24,583.88116,97.7728,1495.3853,773.77856,1397.6124,22.364141,1014.6014,21.701935,-1.3412015357666007,-6.542999193359375,1337.8623851860655,224.02939989939878,23.632477
2016-08-25,630.23944,149.75694,1507.4305,825.63635,1357.6736,22.916077,1011.94824,19.094225,0.5716346601562492,-4.006714492187498,1519.9623249295655,361.1721134805603,23.717896
2016-08-26,673.0252,244.93991,1435.5983,827.1,1190.6583,20.679296,1011.6689,15.307252,0.5325664935302719,-3.664550039062501,1492.6918393542483,543.2483093214112,22.46521
2016-08-27,795.2422,339.19897,1619.469,938.73615,1280.27,20.349634,1012.67413,16.534239,0.396740170532226,-4.8400270234375,1511.7729732898438,644.8247470297607,22.291626
2016-08-28,970.99884,522.4163,1813.3584,1216.8088,1290.9421,22.36286,1013.5826,20.579752,-0.2382542740478506,-5.344513298828126,2340.473757262421,1259.2205452909852,25.179169
2016-08-29,1190.1061,444.75565,2317.5833,1324.7323,1872.8276,25.640852,1012.3704,18.346466,0.6123729744873039,-4.904205757812498,2454.2266404215698,917.1713122466888,27.653198
2016-08-30,1166.3721,319.8131,2228.84,1331.5372,1909.027,27.421518,1009.2422,18.606972,1.1502853258056653,-5.039521826171878,2563.442971881836,702.8826314631592,28.006378
2016-08-31,850.7668,175.01949,1740.3876,921.0937,1565.368,25.730692,1008.83356,21.108469,0.12181190979003986,-3.0628054843750014,2008.4283744988954,413.17327738955845,27.756104
2016-09-01,615.26074,106.64151,1396.253,737.17017,1289.6116,24.071924,1009.78,16.715132,0.08325620959472602,-4.895873931640626,1407.7051958012694,243.99380203440856,24.83432
2016-09-02,544.7858,145.37436,1102.5554,630.14764,957.181,21.986618,1010.3742,11.36721,0.3956080419921868,-3.2154550292968764,1260.0916895098756,336.2514450922425,23.716095
2016-09-03,604.3059,256.0643,1277.8453,719.5626,1021.781,19.647268,1009.3838,10.508222,0.563602295288085,-2.5258179511718737,1512.724232415161,640.991039837265,22.254425
2016-09-04,679.52423,327.55426,1279.7444,778.6005,952.1901,15.39833,1008.57745,16.042189,-2.999444265197752,-5.2215579277343735,2483.4080093243406,1197.0888400215088,18.165924
2016-09-05,771.9725,322.55396,1607.7424,900.51556,1285.1885,14.261738,1007.4936,14.768235,-4.05311417651367,-7.9632874628906265,2220.3523222766235,927.7318144518067,17.204926
2016-09-06,799.3144,291.2897,1676.5822,950.8283,1385.2925,18.86519,1008.241,13.567679,-1.1302494940185532,-5.662169996093748,1577.8749057148316,575.0161861061829,22.644104
2016-09-07,743.8203,382.33203,1327.4181,847.3617,945.08606,22.204065,1010.8703,14.705434,0.5519653228759758,-3.8763731191406237,1640.5367581,843.25439965,23.120453
2016-09-08,635.62787,238.43289,1424.2762,752.1162,1185.8434,20.540236,1015.43066,20.84561,0.1466995194091787,-5.26962270703125,1488.5997246374086,558.3945491542695,21.9953
2016-09-09,746.87256,264.8364,1572.2238,889.49493,1307.3873,21.518133,1013.9467,18.407206,0.22391516345214768,-4.467314873046874,1569.6774096020508,556.5979123246154,23.699005
2016-09-10,881.47516,320.00293,1480.8899,1119.4266,1160.887,21.985733,1014.5327,15.468959,-0.7173609677734376,-5.999297617187501,1870.7483826696289,679.1399136546875,23.450317
2016-09-11,539.9294,105.683624,1185.8274,631.09247,1080.1438,21.0017,1015.50726,16.259586,-1.5493865523681656,-4.804809667968751,1527.5339769488403,298.99340943605347,22.951965
2016-09-12,593.92303,250.7522,1134.3097,728.0627,883.5575,19.003233,1012.7591,16.189013,0.1363389559326187,-3.7895510898437514,1853.3914706005858,782.4953007695312,20.951233
2016-09-13,865.84686,494.57986,1409.122,948.3892,914.5421,11.727256,1011.43335,18.662489,-5.424922178771972,-3.4087219648437497,3664.352239719849,2093.112433718445,17.109436
2016-09-14,875.25116,513.0242,1560.1782,1016.58905,1047.154,12.08136,1015.49756,11.66882,-5.243446136718749,-8.281646941406251,2039.7368547835388,1195.581742709546,16.302185
2016-09-15,671.34393,171.62103,1689.9224,844.4762,1518.3013,16.387156,1014.4136,9.239167,-2.9881784671630847,-7.934632226562499,1258.5724323220275,321.7389625946106,19.079468
2016-09-16,654.69214,133.63824,1757.3036,854.50397,1623.6653,18.852962,1012.25726,9.232208,-1.2644555061035163,-6.371521128906249,955.5439956016113,195.04926773206788,20.853943
2016-09-17,1110.1141,539.2825,2124.4229,1335.5786,1585.1404,21.931433,1012.33514,11.028145,0.3145107239990246,-5.9450075507812485,1142.3484088903197,554.9415618766845,23.72821
2016-09-18,1067.0687,398.79633,1989.8608,1327.4686,1591.0645,23.995272,1011.60187,11.379311,-0.7080153172607417,-7.233306726562503,2122.906232714465,793.3952004004699,25.71228
2016-09-19,714.2905,66.20234,1904.423,859.24316,1838.2206,23.927282,1012.21063,23.83818,-1.8800426666259753,-6.397644990234376,1440.612564330078,133.51979054574585,25.563385
2016-09-20,668.23486,65.29061,1816.2717,761.7602,1750.9811,18.682394,1013.4074,36.146976,-5.42055697229004,-7.054321134765626,1647.7784980852052,160.99798332052842,21.309662
2016-09-21,711.1631,160.61021,1643.7739,931.6916,1483.1637,17.61973,1011.3298,34.167805,-5.537817004272462,-8.600799904296874,1511.3680572128906,341.32979095010376,18.843048
2016-09-22,677.7235,112.14395,1491.0939,846.70074,1378.95,15.812869,1010.4414,18.299234,-4.37895692803955,-6.188232703124999,2395.8764305590453,396.4493569555389,18.639404
2016-09-23,753.02374,152.7002,1702.1721,959.7791,1549.4719,12.694152,1013.64215,9.972832,-5.893464121643067,-8.580840869140626,2673.967806926764,542.2344386196289,16.952484
2016-09-24,613.4213,64.59926,1769.2,785.9716,1704.6007,18.363632,1014.5601,12.275597,-3.3817807978515617,-8.232421861328124,1484.8388276826172,156.3680347090332,21.178192
2016-09-25,729.9343,65.62309,2035.885,950.64453,1970.262,20.798935,1015.49506,11.423396,-3.263122063476562,-8.485046427734375,2198.5288324309818,197.6537560905838,22.704987
2016-09-26,979.8991,66.29587,2696.9614,1382.0778,2630.6655,21.9785,1013.6614,12.997371,-3.917211633789062,-9.847167962890623,3179.2901060161867,215.0974473147827,23.775238
2016-09-27,1020.39606,401.58337,2220.1128,1332.7888,1818.5294,21.917307,1011.0203,19.556776,-3.731918099975587,-7.533538388671875,1850.8614084413637,728.4183078313843,23.630402
2016-09-28,846.8631,65.38226,2136.5342,1099.559,2071.1519,19.10427,1011.4056,27.254738,-5.111458064941406,-7.655425185546875,1188.5327250528564,91.76094648825683,21.358185
2016-09-29,1006.5493,298.13547,2260.1597,1198.0913,1962.0242,19.461485,1014.5635,28.094215,-5.2143020909423825,-9.505920507812501,1668.2588632089844,494.1309164249268,20.36023
2016-09-30,939.86206,239.4155,2003.9015,1074.8915,1764.486,19.520893,1015.3654,22.941736,-5.015992903076171,-9.107910435546874,1857.518094175415,473.1743476503815,20.401154
2016-10-01,694.64545,124.8039,1585.5829,889.3965,1460.7789,18.346687,1013.76984,17.853777,-3.977258683105468,-6.955047957031251,1608.5976159503969,289.0096805828789,20.132019
2016-10-02,571.8868,111.8309,1357.0715,703.19183,1245.2406,15.715091,1012.8206,11.156029,-3.375148248352051,-6.298553103515626,1316.7801763041382,257.4927768714905,18.274994
2016-10-03,646.87994,192.23122,1425.0706,740.62274,1232.8394,10.677236,1013.4876,12.394458,-6.363688396667481,-9.66854833203125,2414.9395161154357,717.6397493917007,13.610535
2016-10-04,528.7776,84.41834,1438.039,678.0334,1353.6206,13.594308,1011.0992,16.365606,-4.384538100524903,-7.793364986328125,1476.7832669006348,235.76565764484405,16.426239
2016-10-05,572.97455,198.7062,1415.5894,698.83203,1216.8832,13.64447,1011.1799,10.7095785,-3.2522807851562483,-8.2376713203125,1256.648925368042,435.80285120880126,15.605347
2016-10-06,674.4943,103.17445,1910.6604,827.1185,1807.486,15.324567,1011.7277,7.8636794,-2.6201431588745123,-8.541137646484376,1696.861118407898,259.56144150807194,18.275787
2016-10-07,631.5905,64.96384,1777.8301,876.1484,1712.8662,17.508991,1012.04315,10.0843315,-3.422916758544922,-8.436828552734376,1438.1743616441834,147.92705414915466,20.203033
2016-10-08,600.4716,65.14487,1805.8696,840.1099,1740.7247,19.469225,1011.3731,10.2616005,-3.2277220701904312,-8.340515154296874,898.1774609076477,97.44282554714661,20.542267
2016-10-09,592.03516,65.21128,1718.7147,753.92865,1653.5034,19.95311,1012.70526,12.255646,-3.1189732587890617,-8.334502904296876,1143.4444456535155,125.94771790755385,20.686798
2016-10-10,488.42966,65.06302,1341.9946,590.29193,1276.9316,18.81563,1013.27734,17.379118,-3.800259040893554,-7.163787890624999,1244.7760707345092,165.8148470977173,20.347412
2016-10-11,449.7191,129.65652,1076.7744,551.9879,947.1179,16.380632,1014.49335,16.722654,-2.424137599487306,-5.49789476953125,1328.6038806223603,383.0439207251129,18.455261
2016-10-12,576.785,245.66954,1192.6812,704.30023,947.0116,16.125523,1015.4834,14.598622,-0.4917503864746102,-4.940704017578124,1310.114463708252,558.0159559684937,17.664032
2016-10-13,479.3767,202.7321,1178.5806,623.4301,975.84845,18.08148,1014.6011,15.236356,0.7191450262451156,-4.367370115234376,871.5924256761474,368.6031480988083,20.952057
2016-10-14,381.54166,129.7675,947.36554,466.807,817.598,19.670057,1013.0112,12.991397,1.4586252967529312,-3.0583801152343746,789.0225369675323,268.3572862043442,20.952057
2016-10-15,443.0653,120.92489,1093.0889,512.2832,972.164,16.703375,1012.918,19.004412,-1.0426251373291002,-4.370727933593749,1171.679028335669,319.7839089481705,19.137268
2016-10-16,562.6726,90.16527,1204.4614,565.6771,1114.2961,12.429272,1013.6386,23.078644,-5.834303302001953,-6.675689294921874,2303.618791177246,369.14255787179565,15.526398
2016-10-17,732.5267,207.92868,1306.7778,700.7496,1098.8491,11.204463,1012.5794,21.13438,-6.281328994934082,-8.769501060546876,3286.635112422394,932.9157936912079,13.328888
2016-10-18,445.86588,87.84148,1205.4774,615.7959,1117.636,14.445115,1011.69635,12.453102,-2.6323689105834944,-6.649566576171875,1447.388218478177,285.1546286738998,17.822784
2016-10-19,542.3896,72.83573,1628.9915,675.9319,1556.1558,17.50773,1013.56647,11.057999,-2.203752515991212,-9.04739416796875,2074.2987918076537,278.5508302023697,18.912903
2016-10-20,534.17645,65.08922,1645.5316,745.93964,1580.4424,18.980953,1014.27277,9.076996,-3.1592087834472657,-9.031738560546874,2123.2493715285036,258.7172100644379,21.6492
2016-10-21,487.0466,65.46579,1485.3276,653.2043,1419.8618,21.16749,1011.30927,9.217994,-1.3513099945068348,-7.485900871093751,1351.757560494809,181.6948855549896,21.989807
2016-10-22,401.22375,64.79008,1175.3649,491.51797,1110.5748,19.285461,1009.80695,9.147644,-1.8288215742187504,-4.879943884765623,881.7888653356933,142.392288522995,21.610443
2016-10-23,409.76334,74.89223,1126.9596,401.04678,1052.0674,18.160892,1012.4821,20.141405,-1.0166185134277335,-3.9756159980468766,959.8616002120971,175.43339452340697,19.822052
2016-10-24,442.02493,64.76938,1138.9866,461.394,1074.2172,14.654683,1015.14453,27.71602,-4.2664478869018545,-5.6138303925781265,761.1564583962981,111.53133502187805,16.689423
2016-10-25,662.60034,159.54922,1472.1675,807.0018,1312.6183,14.006958,1016.8881,22.261297,-3.8064939921875016,-6.843200701171874,874.1890390231445,210.49820646536864,17.180206
2016-10-26,589.65607,273.5146,1287.5128,686.0396,1013.9982,16.966925,1015.58844,19.645971,-1.9844073326416023,-6.8486935371093765,829.2047285545349,384.630298806427,17.8732
2016-10-27,385.5144,97.93757,1186.495,303.03333,1088.5574,17.646566,1013.2669,19.053366,-2.7141456090087885,-5.449401679687501,534.263055417041,135.72625067089692,18.441528
2016-10-28,567.6762,69.48705,1562.9354,671.37994,1493.4484,15.654103,1011.4546,29.180323,-3.4062047208862296,-3.1254578671874995,1185.7136982936768,145.13863583712464,18.446411
2016-10-29,489.07877,119.50354,1035.8112,567.744,916.3076,14.690734,1013.76776,25.98229,-3.9473500903930656,-7.197174482421875,770.6522200207305,188.30436906778564,16.12503
2016-10-30,890.5849,301.61185,1430.7631,682.8101,1129.1512,13.55317,1013.94165,26.165644,-4.539351795837401,-4.763122908203126,2474.5662003291136,838.0542743295837,16.698944
2016-10-31,564.96704,185.44559,1322.4713,645.08374,1137.0258,9.069163,1016.1668,14.174759,-6.1223906775512695,-9.339233673828126,1428.2472445711671,468.8099121684174,10.329559
2016-11-01,678.63525,226.1016,1473.9594,725.9775,1247.8578,8.490018,1014.8825,14.4568405,-6.098217109069823,-9.101470720703126,2010.4204291206054,669.8138050488709,10.131561
2016-11-02,590.4421,134.10204,1529.0248,730.10956,1394.9227,11.54053,1017.3,11.098576,-4.389281795227051,-9.154693996093751,1815.6361357590272,412.3698340537766,14.503479
2016-11-03,471.0533,64.57738,1744.7482,686.7126,1680.1708,15.728047,1017.19745,8.426662,-2.7856016290893564,-8.726471306640626,1548.0937768514252,212.23040564172211,17.60971
2016-11-04,574.8337,96.77467,1837.5293,762.56683,1740.7546,16.794788,1017.3535,14.205925,-3.0344146394042966,-8.082184304687502,926.0069316931152,155.89556019561766,17.838013
2016-11-05,610.6552,125.17545,1627.7001,849.46967,1502.5247,17.399998,1016.5383,15.976674,-2.3489472888183585,-7.566925484374998,1041.7566636880492,213.54499206469575,17.849854
2016-11-06,363.35062,64.4578,1039.363,441.83017,974.9052,15.877681,1015.31586,12.130753,-1.6824592214965826,-4.686645814453126,512.277024616336,90.8771017129982,17.62619
2016-11-07,409.41507,69.19681,1437.477,554.5166,1368.2803,16.82171,1016.6203,19.653023,-1.4718784134521492,-6.914123580078126,581.616972096286,98.30131047279968,18.663055
2016-11-08,518.7663,65.01449,1792.2477,755.46704,1727.2332,18.686247,1017.27466,17.390991,-1.7478711280517594,-8.208343232421875,1090.5973009840943,136.6793214433731,20.097687
2016-11-09,645.98914,65.50505,2024.1361,938.03455,1958.6311,18.81634,1016.4282,16.615908,-3.2180445072021477,-8.985626580078126,1855.977561733374,188.20115924080505,20.131805
2016-11-10,623.051,65.414246,1845.495,919.099,1780.0808,17.971891,1015.4566,11.971977,-3.445064596801757,-8.1864316640625,1800.5676192968751,189.04193666015624,19.47107
2016-11-11,712.9246,170.36366,1811.9338,1005.59,1641.5702,17.057201,1016.8414,11.354991,-4.107557614501953,-8.303557441406252,1469.2763335631103,351.10485759036254,18.450623
2016-11-12,418.49902,64.78708,1378.6736,626.094,1313.8865,15.90174,1017.6137,15.251416,-4.047009925842286,-6.712860146484374,533.4362229829102,82.58029937544251,17.174225
2016-11-13,539.4047,64.783905,1653.423,774.87537,1588.639,16.083971,1017.3301,15.398383,-4.569778976440428,-9.200775201171876,954.2010235182495,114.60201537387084,17.859894
2016-11-14,400.58154,64.903984,1408.6975,558.8715,1343.7936,18.299055,1017.4912,11.758548,-2.145236900512696,-7.537566755859373,841.1511785225097,136.28701483981703,19.865875
2016-11-15,307.61658,65.08763,942.0476,404.70895,876.95996,18.985312,1015.4131,10.571103,-1.1662024918212879,-4.298981078124999,484.90422392169194,102.59937094064485,19.914795
2016-11-16,330.43057,84.402626,932.05457,394.51874,847.6519,15.353294,1011.2668,12.148659,-0.6167876274414059,-1.043670783203126,798.3006025645294,203.91172255058672,18.779022
2016-11-17,626.01074,238.95554,1574.2922,773.1181,1335.3367,7.575451,1012.90704,6.5720325,-5.2912341027832035,-8.752777564453126,2802.889854887695,1069.8954541438293,10.239471
2016-11-18,567.82153,209.42842,1384.9136,679.0174,1175.4851,9.406005,1016.6064,9.31931,-5.188240094299317,-9.33932451171875,2570.4338224360354,948.0476968419495,12.1848755
2016-11-19,394.92386,74.02482,1059.0791,512.1315,985.05426,12.71901,1016.65546,9.978467,-2.2943636469116218,-7.1637877773437495,1079.8061852650146,202.39966526261597,14.292053
2016-11-20,440.7772,127.076744,1186.44,512.2912,1059.3632,12.993393,1013.8675,18.64406,-1.7218500556640617,-2.6097714199218736,780.6069729162049,225.05019432263032,15.25882
2016-11-21,769.29443,434.68323,1377.1085,844.1756,942.4253,6.096452,1012.88556,18.37069,-7.414242763824463,-9.724151771484376,3210.8058699379885,1814.2383430828859,7.273834
2016-11-22,578.90656,193.0542,1465.6495,698.0317,1272.5953,7.130297,1017.8195,10.618205,-5.536806816009522,-9.058716689453124,1328.8295167543945,443.1390799804687,9.565643
2016-11-23,473.33923,154.67046,1200.4879,587.52563,1045.8175,9.303689,1018.88947,10.40199,-4.646489997009278,-9.2591247265625,1141.9065709371337,373.134524876004,10.352905
2016-11-24,294.75168,63.022846,1071.1686,419.12952,1008.14575,12.934571,1019.81836,3.9529,-1.2471957338256843,-7.432220869140625,1489.2508353058777,318.4267749298897,14.624359
2016-11-25,363.22192,63.51089,1158.2858,500.34042,1094.7749,13.554471,1017.70557,3.1449184,-0.2983799840698236,-7.225250146484374,1363.330898685205,238.38417884354476,14.205475
2016-11-26,538.5466,113.67862,1329.581,597.3692,1215.9025,9.088997,1014.6911,7.8431983,-2.9070811127929694,-2.6783144121093763,1549.0315696062562,326.9759387265839,13.406403
2016-11-27,861.34033,519.0674,1534.5022,969.52185,1015.4348,2.8136241,1015.5302,14.270752,-7.941071856399535,-10.28558343359375,5907.873043579101,3560.246843994141,3.5669556
2016-11-28,542.02704,238.69621,1147.7861,680.4988,909.0899,5.4038377,1013.31647,13.020923,-4.4041848191833495,-8.10260048828125,2179.5389625133666,959.8187155052948,6.3619995
2016-11-29,569.2922,149.81061,1573.011,783.68207,1423.2004,5.4001045,1013.88165,8.498813,-5.184017477294923,-10.229095339843749,2274.52684390321,598.5472205335572,6.7285767
2016-11-30,422.95398,86.77642,1326.0972,541.18414,1239.3208,6.0707755,1017.1434,7.5502152,-4.8187424911193855,-9.339843857421876,939.412087046631,192.7368515927582,7.134796
2016-12-01,534.3183,135.92012,1659.2897,653.0175,1523.3695,6.1244445,1014.5031,10.7354765,-5.010119515289306,-8.452148779296875,758.4758848821839,192.94142422611543,7.266876
2016-12-02,727.98773,227.84055,1864.1981,882.3734,1636.3575,3.735658,1015.87897,7.3984246,-6.196567069625855,-7.9768375898437505,4542.113908989416,1421.5592736699034,5.8965454
2016-12-03,604.19037,277.42856,1146.0526,726.0385,868.624,4.8006454,1019.13574,5.781473,-5.157555648590089,-7.517883253906248,3084.729574386292,1416.4278729388734,10.148865
2016-12-04,246.49675,63.529556,1008.86566,343.48212,945.3361,13.90028,1016.81036,9.085877,0.8588359987792966,-5.848327962890625,714.0357627576446,184.02828919456482,14.993988
2016-12-05,256.01022,68.25927,994.03094,353.83005,925.77167,13.465664,1012.759,12.312985,1.1048199099121092,-2.5760501445312514,315.962390289563,84.24414358493958,14.996277
2016-12-06,424.89648,178.37338,1109.1271,468.54736,930.75366,9.377472,1013.03534,12.7442255,-0.8860220761718747,-3.7531738691406247,698.1202201015625,293.0738890015869,11.421234
2016-12-07,495.2106,176.67398,1291.216,575.76196,1114.542,5.639019,1016.3255,10.537431,-4.820994987548827,-8.66888402734375,1121.1833457784912,399.9993620593506,6.335022
2016-12-08,548.6934,190.67418,1112.9781,499.74423,922.30396,7.2667365,1021.0207,17.637718,-4.089852492584228,-7.950042830078125,877.5951810650391,304.96946835366214,9.377899
2016-12-09,291.11337,97.26525,980.79816,391.5088,883.5329,10.179835,1022.16534,19.211819,-2.410634680480957,-6.515869175781251,517.6254859334412,172.94627316924286,10.655945
2016-12-10,319.04355,62.963066,980.809,431.02823,917.84595,11.124,1019.2646,23.173449,-2.009656904357911,-6.375061294921874,546.1045130933014,107.7734206148262,12.042023
2016-12-11,362.0654,96.309166,1009.24835,417.79944,912.9392,11.110363,1017.312,24.38762,-2.5912019934082036,-6.773040621093749,733.9230380930939,195.22306145700452,11.837463
2016-12-12,330.5681,75.50547,799.3964,323.55542,723.8909,11.251166,1017.0153,19.460348,-1.536950656311035,-4.940429373046875,612.786114832544,139.96723109896774,11.925568
2016-12-13,318.27737,125.57657,857.23486,369.1191,731.6583,10.667905,1017.62134,17.6267,-2.0579111461791992,-5.820923544921875,391.0596119669037,154.29285321720886,12.100616
2016-12-14,261.5295,95.59926,733.9097,326.85486,638.3105,13.853347,1016.37524,14.948242,0.09630182464599635,-4.876709181640624,394.60362363067014,144.2430482060028,14.627289
2016-12-15,442.1372,63.686333,1821.887,236.0825,1758.2007,13.480732,1014.82324,18.915495,-0.37686803588867157,-2.4335323007812484,786.0079165333008,113.21816142858124,14.810242
2016-12-16,701.52106,147.76611,1334.9695,624.3926,1187.2034,7.8086457,1010.5274,23.695734,-5.728769274749755,-4.73004148828125,4935.5698474342225,1039.6123762390137,9.6744995
2016-12-17,672.1656,379.54156,1433.9203,745.13763,1054.3787,1.3721962,1016.7448,5.045776,-6.590531802490235,-9.18154925,3298.3364382767095,1862.421693597803,3.6679688
2016-12-18,519.3703,193.06905,1347.661,645.6856,1154.5919,4.2576447,1021.6396,3.3690004,-3.412764046679688,-9.678345099609375,1960.8173358463866,728.9079337782471,4.965973
2016-12-19,376.64734,143.96645,949.47656,512.1469,805.51013,6.395078,1023.7732,2.470107,-2.9381838177795405,-8.282929267578126,1901.9992685274046,727.0038749279709,8.394501
2016-12-20,259.45914,62.907185,876.9846,309.94635,814.07745,12.339363,1022.0372,4.3166866,1.3764460981445321,-6.407256624999999,1300.8471614812013,315.39699654696653,13.646484
2016-12-21,214.01228,63.652756,619.0994,228.9022,555.44666,12.153607,1017.5286,17.524256,-0.4732346315307616,-2.309722441406251,878.3195939232543,261.23483055565185,14.153748
2016-12-22,625.71686,213.93382,1296.9973,703.71155,1083.0635,7.555262,1013.1381,24.097267,-4.364926911224366,-5.509307873046875,3126.4715565800475,1068.9467656070633,9.238068
2016-12-23,546.73663,212.83792,1016.96277,565.44293,804.1249,6.7483544,1015.4607,16.70635,-4.765241565032959,-6.473144246093749,1476.0697759997133,574.616009701944,7.6558228
2016-12-24,789.2295,452.32034,1489.3495,849.19495,1037.0292,1.9687933,1008.7168,13.413506,-7.325530727027893,-5.99319421875,5374.314262344727,3080.1074905225523,5.602051
2016-12-25,746.7083,431.7056,1521.2826,916.12616,1089.577,-0.71299237,1015.36615,6.491956,-6.540707770128631,-9.916473134765624,2663.5515628280273,1539.9187304696777,0.59091187
2016-12-26,570.0027,269.5449,1105.9819,619.9389,836.437,1.5159378,1020.9607,11.108433,-6.0209021948242185,-9.202667078125,2378.0343320220704,1124.53330821438,3.883545
2016-12-27,282.90314,89.3781,737.0397,290.312,647.66156,8.553256,1022.29266,7.499437,-0.9635239651489265,-5.9438472246093745,1141.5393370095826,360.6485782010956,11.90152
2016-12-28,186.32149,62.88901,690.83765,279.51114,627.9486,14.474476,1019.7066,7.409597,2.4220038605957033,-5.1219180664062485,749.9002945038986,253.11352334363366,15.409607
2016-12-29,255.54283,63.493843,1021.86523,370.56122,958.3714,14.080269,1019.6916,8.467345,0.363327859863281,-6.684753669921875,1021.6440130509567,253.84435276926038,14.536163
2016-12-30,515.12213,91.20692,1272.8169,557.80695,1181.61,10.486197,1017.675,18.509104,-2.7001685283813472,-2.379729828125001,1203.8503113043944,213.15231575562743,13.871826
2016-12-31,645.3635,346.60126,1160.0648,719.51697,813.46356,5.35422,1013.09,17.683096,-5.630223086517335,-6.361358474609375,1785.098292562915,958.7113127831726,6.3351135
2017-01-01,646.8121,316.32635,1075.5251,750.142,759.1988,2.4194806,1011.02,11.581127,-5.810785437789917,-8.493652294921874,2496.670151333728,1221.007773088391,4.3232727
2017-01-02,744.26227,341.5539,1139.6235,748.3084,798.06964,2.038049,1014.3991,14.7137985,-6.79793101737976,-6.080932857421875,2546.2452875752624,1168.512808555133,4.056671
2017-01-03,553.29816,355.5204,893.6567,618.1275,538.1363,3.1609955,1019.125,17.250181,-6.230160516601563,-8.06320215625,838.9581382284301,539.0705125114014,4.470215
2017-01-04,381.6346,187.26971,785.87585,398.18216,598.60614,6.289065,1018.2657,18.90342,-3.559546115814209,-5.528778089843749,638.9616733773194,313.5411882722168,7.248108
2017-01-05,914.7596,130.41374,1664.7902,539.88934,1534.3765,7.450003,1014.50854,22.146414,-4.419830852874757,-6.786620732421875,3578.3062231228637,510.1453034557342,8.089874
2017-01-06,418.6971,193.26138,1022.35004,503.01132,829.0886,6.224852,1015.6455,11.037259,-3.7481694148864744,-6.561309380859376,1382.654474394516,638.2029101482086,7.7311096
2017-01-07,455.8918,80.32642,1137.0133,508.13525,1056.6869,7.772734,1019.4825,19.176332,-2.20341383480835,-6.459625044921875,1369.4705195789338,241.29555622816088,9.061554
2017-01-08,441.0092,63.671055,977.56067,665.1765,913.8896,10.981995,1020.64325,19.713243,-2.6945223710937505,-6.789398160156249,1447.7909964737428,209.02598608716585,12.654236
2017-01-09,586.6718,63.712917,1368.3644,355.31052,1304.6515,9.228452,1019.5037,21.318277,-3.706411271179199,-2.8075254023437495,1583.9977055630127,172.02311830876008,12.079163
2017-01-10,421.7092,123.89369,994.6751,441.6165,870.78143,4.8108063,1018.3965,15.074776,-5.799053725585937,-5.49044785546875,1230.5430961535615,361.5205171994156,7.191223
2017-01-11,628.5684,236.26657,1195.6792,601.0245,959.4126,5.2128158,1014.7569,17.779146,-7.001784238433839,-8.247619328125,3319.910831789795,1247.8895263144775,6.4733887
2017-01-12,443.87277,227.55984,927.63306,493.55246,700.07324,3.4233677,1014.3133,16.556284,-6.873244261276245,-7.059784117187499,1653.9658257985839,847.9371352873535,4.567505
2017-01-13,715.19635,516.584,1345.0522,782.19196,828.46826,2.237564,1015.38947,12.047185,-7.183210913085938,-8.950134294921876,1292.954418871936,933.8967476902344,3.0185852
2017-01-14,528.75854,62.536358,1364.4989,791.6422,1301.9625,5.614203,1017.29987,14.585621,-5.337251023773193,-9.103240734375,1731.8540718637696,204.8266587339676,8.095947
2017-01-15,357.97916,62.695034,1210.7206,476.99655,1148.0255,7.3088264,1016.4082,11.751785,-3.027718553466796,-6.577972001953125,867.7969621110534,151.98248021196363,8.177948
2017-01-16,497.4921,223.22287,1284.0059,616.78705,1060.783,5.860723,1017.5571,10.652406,-4.91192498135376,-8.326141240234374,787.9345982061554,353.54335016910096,6.9188538
2017-01-17,385.64743,117.4643,1257.4731,475.5324,1140.0088,6.2182693,1018.7674,5.940556,-3.3303326518554695,-8.8265381953125,816.4902329767608,248.69465680979536,6.88855
2017-01-18,352.06677,119.302216,937.13055,397.82892,817.82837,6.941185,1019.3198,9.728414,-3.1227460024414064,-5.194915294921875,635.2762903572876,215.2712918997345,7.8545227
2017-01-19,675.9255,325.27832,1276.8259,705.5439,951.5476,4.4824843,1014.47656,15.542499,-6.206706659332275,-7.688354078125,3501.5194548032714,1685.0502120664062,5.946045
2017-01-20,640.9573,368.94916,1170.4868,600.88214,801.53766,3.182008,1006.7126,15.986665,-6.441458971969604,-6.808868804687499,4048.662393287842,2330.4994532825317,5.29895
2017-01-21,725.40326,385.63474,1422.3779,863.85876,1036.7432,2.0472782,1005.8753,11.90257,-7.119090834182739,-9.452209052734375,4828.651147799194,2566.9799280509646,3.538971
2017-01-22,759.83203,428.2562,1757.9523,846.32635,1329.696,3.3473434,1014.6455,21.20662,-6.003851555175782,-5.470794302734374,4808.987563429688,2710.4394541743773,6.5038147
2017-01-23,805.5239,379.2362,1428.6725,727.2636,1049.4363,1.6382484,1011.7207,14.2796335,-7.669947556396485,-5.841003015625001,5560.7620395107415,2617.9759919504395,5.720459
2017-01-24,768.0246,445.1937,1591.6573,851.6928,1146.4636,-0.42391586,1013.87396,9.209479,-6.68605046303711,-9.585693154296875,2089.126517087128,1210.984592208188,0.15164185
2017-01-25,669.1079,272.00287,1549.7124,843.1163,1277.7095,0.58018494,1022.6385,7.594824,-6.278769063476562,-9.767639146484376,1210.9864232336913,492.28499023675533,2.5023499
2017-01-26,537.95917,231.50342,1478.6139,683.6568,1247.1105,2.1812503,1026.2662,7.7411213,-5.217936266213989,-10.40328999609375,1264.7910108267395,544.2856256059082,2.534729
2017-01-27,556.5693,145.09921,1335.5425,628.0895,1190.4432,1.0710055,1030.0197,5.3776307,-6.419291536399841,-10.1276546328125,2722.5365278833006,709.7731125500488,2.4051514
2017-01-28,270.38315,71.563995,844.7433,403.5257,773.1793,8.189304,1030.5344,3.5081604,-1.14926564819336,-7.404082382812501,1301.4304754940033,344.45772650276183,9.971558
2017-01-29,244.19604,62.883945,869.265,334.3635,806.38104,11.693645,1026.7157,4.009312,0.49769252362060534,-7.032103710937498,1127.7198014853516,290.40384548075866,12.444946
2017-01-30,230.66472,63.38365,879.5342,333.44778,816.1505,12.716052,1020.8139,6.065409,-0.1642439446411128,-7.383697494140623,758.0193942791291,208.29382828871155,13.1927185
2017-01-31,262.55618,63.574627,963.6604,346.43118,900.08575,12.797977,1018.07623,5.913395,-1.5057065524902349,-6.185211181640625,406.56150146686707,98.4436759217457,13.361664
2017-02-01,248.80019,63.14803,862.1918,321.0759,799.04376,11.163185,1017.02954,5.835096,-1.8755038803710935,-4.980224810546876,477.8803949195755,121.29092690588722,12.207794
2017-02-02,444.70215,105.95424,994.898,418.11414,888.9438,9.009968,1017.9302,11.713142,-1.8213201960449226,-4.671203863281249,775.9680719238281,184.88128909147338,10.60614
2017-02-03,1076.7603,359.9098,1716.9996,942.19586,1357.0898,7.84935,1017.76483,17.93721,-4.171340024414063,-5.759094466796874,2105.8394102490233,703.8820547556153,8.857697
2017-02-04,544.1949,332.22864,1012.68555,588.5312,680.4569,5.8887177,1017.68774,14.368005,-6.387026348632812,-7.777496335937499,1294.8192163311767,790.4815645275879,8.044556
2017-02-05,327.66623,103.987114,819.6335,358.71252,715.64636,8.9324045,1015.6076,14.581773,-1.5387154818725595,-3.01504512890625,629.9580840029938,199.92149699691544,10.619568
2017-02-06,600.49023,313.0828,929.8724,617.9682,616.78955,6.1288733,1015.36597,22.123552,-4.959799651763916,-7.382323951171875,2742.8614653685545,1430.0694374255036,7.004425
2017-02-07,698.9829,350.78717,974.68976,729.1109,623.9026,7.7674346,1017.25146,25.820288,-5.25813440298462,-7.325378513671875,3037.906942428711,1524.5848858675536,8.6128235
2017-02-08,775.39276,150.17421,1225.8844,911.7529,1075.7102,11.124279,1019.0838,25.727365,-3.338020977783204,-5.141265548828127,1529.4672615800475,296.2196045579605,14.597137
2017-02-09,219.50224,63.80797,702.8659,258.5885,639.0579,16.704641,1016.32684,20.906467,0.5469663421630848,-3.8690489687500005,363.6950664146698,105.72394563592223,17.215332
2017-02-10,179.10237,63.430332,556.3665,192.7276,492.9362,13.841262,1014.9421,19.432207,-0.3075531362915047,-0.5797423359374996,350.4673588029831,124.12041693003502,16.56018
2017-02-11,656.7203,135.82169,1567.1439,820.3281,1431.3223,6.6887627,1017.36273,20.052675,-6.127044335205078,-5.838226703125001,1764.5782885783997,364.9468528197784,10.092529
2017-02-12,662.0969,103.35315,1580.3066,979.1441,1476.9535,6.2896743,1019.04315,11.960506,-5.437138717926025,-9.1741329765625,2208.4833484743162,344.74364897153316,8.723999
2017-02-13,599.4388,161.10612,1370.5446,695.102,1209.4385,9.791198,1017.59894,10.724961,-3.5739992232055666,-8.008788921874999,1705.9883862963866,458.5041648555908,11.678955
2017-02-14,348.12476,63.95901,1301.6426,479.10178,1237.6836,11.626824,1016.749,14.290245,-2.581714621032715,-7.026367107421876,466.66335879050297,85.73744449986687,11.990265
2017-02-15,432.12158,63.681755,1446.2506,648.5628,1382.5688,12.068694,1018.06757,7.7752156,-2.118186885314941,-8.385833863281249,897.7533285058595,132.30190287368777,12.996765
2017-02-16,352.092,63.700275,957.72504,524.63806,894.0248,11.948734,1015.55707,14.074379,-3.0825087165527343,-4.819214152343751,652.7394700410126,118.09323353019906,13.020569
2017-02-17,772.6069,312.88083,1244.7584,798.7543,931.87756,6.6305594,1006.57904,22.316904,-4.98885955557251,-4.577453814453126,5226.561103152405,2116.588433407013,10.360565
2017-02-18,593.79767,257.93005,1285.3672,800.71674,1027.4371,3.8754056,998.5654,17.746906,-6.091638449996948,-7.862335162109375,2382.425504620606,1034.8628346181642,5.019684
2017-02-19,702.79584,244.5731,1199.0034,781.8629,954.4303,4.719728,1008.3576,16.593294,-5.958759006988526,-7.941406216796874,2144.833239302209,746.402435561563,5.939728
2017-02-20,623.76324,352.60394,867.8983,617.9099,515.2944,6.460981,1019.5716,24.012085,-4.380328107818604,-6.3082885937499995,2211.0545712572753,1249.8757604614746,7.9555664
2017-02-21,421.90918,98.24324,778.03705,511.2778,679.7938,8.351615,1024.0773,21.398539,-4.039304047912598,-6.109435744140624,779.079391307129,181.41175300720062,9.095062
2017-02-22,710.35333,95.360115,1667.9744,959.0078,1572.6143,5.562368,1020.27515,11.893321,-5.839752083892822,-6.9211730390625,2861.938989621277,384.1958907294846,7.543335
2017-02-23,736.7126,216.73604,1555.6945,814.9111,1338.9584,0.4287885,1018.34686,5.7260566,-7.559057887054824,-8.5211487109375,4088.9731371822327,1202.9492309425646,3.8043213
2017-02-24,715.91376,326.4055,1421.01,895.4509,1094.6045,1.7321867,1019.5264,4.905999,-5.428962824928283,-9.022308056640625,2468.7156925330387,1125.5578479829865,4.801117
2017-02-25,553.8144,213.18637,1270.5756,627.0442,1057.3892,4.840866,1019.39795,7.070994,-3.5908469111328127,-8.555480830078125,1016.6403470642394,391.3474787682159,5.049774
2017-02-26,816.007,356.71332,1634.4788,856.67065,1277.7654,1.7319475,1014.8677,12.771957,-6.821941458763122,-7.8017573574218755,2010.760758349463,878.9938380641114,4.4551086
2017-02-27,673.2372,414.11307,1046.4595,693.314,632.34644,3.0646362,1011.7004,14.792609,-5.867550769531251,-6.851898531250001,1755.357831782788,1079.7333172786193,4.0737305
2017-02-28,876.6163,439.13025,1531.5981,1041.7524,1092.4679,2.2614453,1014.5337,9.687619,-7.16644571611023,-10.384643833984375,2973.904923574341,1489.7414654675295,4.59317
2017-03-01,526.7027,86.47863,1557.0634,733.24817,1470.5847,5.26076,1023.456,6.834185,-4.964836169525146,-9.971252769531251,1859.063536262329,305.2372211250458,7.845886
2017-03-02,437.7235,63.126152,1274.5043,677.98975,1211.3782,8.873511,1023.21924,4.154656,-3.11286268560791,-8.881622488281248,1800.7430906808472,259.6935721638298,11.4244995
2017-03-03,369.8074,63.552414,1365.5309,544.71765,1301.9785,12.0735855,1017.5222,4.2140274,-1.5565084897460935,-8.226989326171875,1277.9844191579957,219.62511846140748,13.248566
2017-03-04,333.14175,64.117386,936.7521,466.32004,872.6347,10.732894,1014.2239,6.600391,-2.5640990562133794,-4.734527921874999,777.4687025799134,149.63378255550842,13.272705
2017-03-05,682.41235,113.32007,1616.9747,698.7177,1503.6547,5.0877433,1013.6434,12.101111,-5.9188827176818855,-5.426544341796875,2994.9389225225827,497.3337333123779,7.8283997
2017-03-06,718.0173,348.97083,1441.5818,827.12714,1092.611,1.042684,1019.4285,6.5126367,-7.1296590409927365,-10.30389451171875,3180.7526156277463,1545.9096972117918,4.5442505
2017-03-07,404.90747,72.69231,1216.6791,572.6592,1143.9868,9.115127,1020.76483,13.003132,-1.8384573901977532,-7.107238986328124,1155.3266567041749,207.41370692014922,12.394989
2017-03-08,322.72714,63.372566,1099.0146,485.1621,1035.6421,14.091386,1018.5192,14.840039,-0.9230571586303711,-6.6110533515625,919.3196662893037,180.5229210373207,15.983765
2017-03-09,421.79672,64.08207,1391.0284,619.0567,1326.9464,15.977409,1016.9263,12.044682,-1.353998637207031,-6.8132319765624985,889.0095633164979,135.06404745212555,17.270874
2017-03-10,431.60428,77.61688,1080.2078,550.0543,1002.5909,16.870943,1016.40137,9.583591,-1.2195069305419928,-5.289062556640626,620.0213421739045,111.50057111129762,17.52768
2017-03-11,391.35336,63.754814,1417.2468,560.0804,1353.4921,16.625517,1014.9702,10.78127,-0.9635871085205068,-5.7762453886718745,693.5889123034973,112.99157328256989,17.677277
2017-03-12,473.16357,63.926174,1491.8607,704.93414,1427.9346,17.818708,1014.75824,12.0300665,0.22734041979980546,-5.894286791015624,1097.7383092785644,148.30856424462317,18.709564
2017-03-13,559.5441,64.45699,1474.3502,778.2688,1409.8932,18.541712,1015.21075,9.962393,-0.6714651927490252,-6.437500041015625,1119.408875621521,128.95092006310273,19.533783
2017-03-14,460.73965,64.6667,1237.7433,621.17346,1173.0765,18.6051,1015.70135,9.709125,-1.4275073682861326,-5.813171009765625,715.6999865057556,100.45143170600281,19.499115
2017-03-15,480.84354,64.72165,1464.7505,645.3072,1400.0288,17.368784,1017.3488,13.70474,-2.312330049194337,-5.368773593749999,1164.8553437085175,156.78979373887023,18.518066
2017-03-16,589.1159,77.20284,1272.7065,847.77466,1195.5037,16.118856,1017.097,13.748989,-1.6260395699462897,-5.638061214843749,1232.5120674064635,161.51903954806136,17.246155
2017-03-17,366.15747,64.00431,1076.4827,473.66248,1012.47833,17.208063,1015.0877,13.649821,-0.648131874389648,-4.931183134765625,552.925572113745,96.65136694511948,18.465912
2017-03-18,325.12265,64.268364,983.4683,402.25134,919.19995,17.15836,1015.50714,11.85205,0.45452652758789114,-3.8047483964843742,596.1512962248016,117.84373823032456,18.342194
2017-03-19,293.48447,63.949238,890.41406,370.19495,826.46484,16.277641,1016.1862,12.928021,0.11027129638672051,-3.792724525390625,626.4132747586029,136.493259605373,17.071136
2017-03-20,407.14297,147.11139,920.5801,431.0222,773.4687,13.032876,1017.0672,12.714713,-0.327945985290528,-2.4291995917968734,843.5273653039856,304.78846540118406,14.996368
2017-03-21,511.9102,163.2451,1154.028,594.8545,990.78284,10.035435,1016.66034,20.938856,-3.1758432770996095,-5.132507435546874,1273.8272753127808,406.2159120354065,11.760529
2017-03-22,1060.1198,481.3891,1426.565,1151.6532,945.17584,7.3655663,1015.7132,17.662998,-6.59168274633789,-7.173157089843748,3745.7385020894044,1700.8999987057862,9.294983
2017-03-23,654.3559,197.78758,1496.6083,739.86664,1298.8207,4.363238,1017.11206,9.350132,-7.459489142181397,-10.182403888671875,3514.3263081698606,1062.2508462166595,7.013214
2017-03-24,493.70175,150.07968,1197.4952,629.7561,1047.4155,8.580844,1021.23114,13.634711,-3.9160710745239253,-7.782989769531252,1112.657069561618,338.23501319433285,11.002136
2017-03-25,602.601,143.39003,1393.869,688.2158,1250.479,8.05086,1019.3161,16.292337,-5.335443595031739,-6.555602921875,2226.913430202301,529.8981853192245,10.897705
2017-03-26,545.39874,139.04974,1258.1924,696.2216,1119.1426,7.513489,1016.15497,17.760338,-5.53110523046875,-8.357085673828124,1370.0587125822083,349.2973083116638,9.220184
2017-03-27,561.9411,108.855644,1402.432,655.65454,1293.5764,7.618425,1015.14307,14.005257,-5.379645107574463,-8.362426388671874,2273.39453791687,440.3874828374481,9.427277
2017-03-28,606.2034,98.4086,1542.5123,807.3599,1444.1038,8.559312,1015.7504,9.624881,-4.993427133239747,-8.582305525390623,3213.045492078369,521.5927399971924,11.993011
2017-03-29,525.19293,63.653973,1468.5664,750.598,1404.9125,13.869731,1015.8133,9.049672,-2.079560050598145,-7.241241078125,1680.2936013698427,203.65346972822,16.68042
2017-03-30,417.1018,63.483738,1195.0972,508.55038,1131.6134,14.274914,1012.9672,15.044617,-1.6651692121582027,-4.167174875000001,1357.6310103820313,206.6341835918091,16.611328
2017-03-31,803.84814,253.95331,1731.791,1023.24457,1477.8376,6.027803,1009.4477,7.8820243,-6.386576055816651,-8.912597640624998,4870.481824553516,1538.6923261907716,9.804443
2017-04-01,715.07526,76.90271,1681.7087,993.5074,1604.806,10.916738,1012.9305,11.838258,-3.15429344354248,-6.959838517578124,1362.0072016190857,146.47695310533447,14.2030945
2017-04-02,478.31693,63.515816,1221.9702,678.5239,1158.4543,13.836014,1014.4113,12.672646,-2.1131392060546883,-6.7734378613281265,956.2473221905243,126.98030433903122,14.271942
2017-04-03,488.20166,87.24063,1255.8823,571.5122,1168.6417,11.859078,1011.4559,10.9888525,-1.7889135927124027,-5.250549732421874,1090.0843966511718,194.79583639577638,13.246124
2017-04-04,732.2827,231.68343,1694.2422,843.384,1462.5587,12.565043,1013.7937,11.705605,-1.2957695505981448,-6.944273984374998,1456.6777928811034,460.87132012120816,14.451416
2017-04-05,758.3056,288.10852,1573.6298,893.55994,1285.5212,14.562041,1016.41815,18.224577,-3.0850167173461926,-8.112152419921873,1402.6710877050903,532.926949536499,15.586945
2017-04-06,397.08936,63.86111,1018.6839,470.0032,954.8228,14.534134,1014.32513,13.804199,-2.592604088867187,-5.5643922636718735,797.9430386094726,128.32761193160476,15.569855
2017-04-07,438.48816,95.75324,1178.2635,510.12073,1082.5103,13.068451,1014.9297,13.114343,-0.8563570722656255,-3.9563288574218767,1255.2280436480712,274.105817297081,15.166046
2017-04-08,760.5544,259.55386,1415.3547,759.95123,1155.8009,8.050388,1015.0,15.567967,-5.6745481638183595,-5.6658933808593765,2977.0466890516477,1015.9746469114807,11.402985
2017-04-09,654.3842,188.04066,1516.2495,835.0118,1328.2089,6.19502,1016.5874,6.700751,-5.338072301177979,-8.77658044140625,2436.326620330005,700.0909643440613,9.763123
2017-04-10,621.5056,68.150604,1639.8463,814.4842,1571.6957,10.796952,1016.50726,7.601589,-3.7932547523803706,-7.967468291015624,1469.924919408789,161.18321218898927,13.639252
2017-04-11,490.64816,63.64152,1252.82,642.7857,1189.1785,12.408479,1014.31366,11.652814,-2.790976263122559,-6.649444718750001,940.8946386866303,122.04257728587915,13.625488
2017-04-12,475.30273,74.74361,1065.9911,582.3877,991.2475,11.623834,1015.05273,14.015185,-3.1552853436889645,-7.4039299023437515,1280.5523566855468,201.3729242750885,12.63385
2017-04-13,698.15216,74.36285,1404.2472,647.8539,1329.8844,7.906096,1015.0069,13.035089,-6.2116150184020995,-6.889831792968749,3015.352344051361,321.1766657267189,11.293762
2017-04-14,689.2557,251.43085,1534.4988,821.8576,1283.0679,6.4637046,1014.40967,7.637118,-6.254521413970947,-9.1251831796875,2792.931547300415,1018.8224329476318,9.902466
2017-04-15,542.7408,62.78454,1409.6537,691.72473,1346.8691,13.859677,1013.1113,8.03801,-0.42390768524169964,-5.753296029296877,1585.711527902649,183.43594050576021,16.26297
2017-04-16,425.21362,68.48892,1069.4083,599.54144,1000.91943,15.134731,1013.73456,9.145783,-0.8103257072753909,-5.1585692714843745,1002.1194847485352,161.4108288751831,16.250397
2017-04-17,431.57434,87.16993,1033.0272,500.00534,945.8573,12.798018,1016.2775,19.053656,-2.2244995444946287,-4.57440188671875,1159.2464853556153,234.1460667346283,15.319641
2017-04-18,596.51636,76.60125,1171.7153,577.40466,1095.1141,11.299545,1016.61426,21.271898,-4.071591711914062,-6.705230607421875,1965.0231275917238,252.3371327205757,12.919952
2017-04-19,752.8846,310.17838,1525.3745,889.89166,1215.1962,10.44502,1018.5324,12.182198,-5.3243082780151365,-7.874206091796875,2535.318052020044,1044.517117711487,13.972931
2017-04-20,528.39185,63.194057,1380.9861,668.94476,1317.792,12.950002,1017.1853,8.71439,-3.0889372833862296,-8.072784703124999,1981.936942491797,237.03362959429322,14.530029
2017-04-21,542.68195,63.439533,1592.4773,721.7784,1529.0377,16.873865,1013.773,10.8588295,-0.725944872436525,-6.809722810546877,2010.714592587506,235.05258689157142,19.020294
2017-04-22,564.9616,64.859276,1534.4768,710.7255,1469.6176,19.106962,1010.93097,9.83012,-1.0915167960205068,-6.416717328124999,1320.281156287085,151.57221008610534,19.817139
2017-04-23,511.2081,84.66999,1209.7231,636.1245,1125.0531,17.033987,1009.3167,12.570041,-1.3190269547119158,-4.4034724609375,1297.1557899885254,214.8443434347534,19.636353
2017-04-24,551.2004,135.18172,1335.9177,702.2358,1200.736,12.761986,1010.1406,17.595568,-2.755924221191407,-5.280608724609376,2111.231335912738,517.7788114386002,15.190582
2017-04-25,657.22546,219.4369,1470.4409,811.58026,1251.004,9.68117,1010.46454,19.665329,-5.647778536437988,-9.219360759765625,3724.188202102612,1243.4459364260895,11.846771
2017-04-26,520.01483,113.237305,1216.9683,637.4781,1103.731,14.550514,1010.71783,23.566887,-2.297227778808594,-7.238129029296875,2420.3845927196658,527.0577125146484,16.41922
2017-04-27,569.258,109.32659,1279.0131,743.5226,1169.6865,14.674916,1008.1131,18.90425,-3.060033732604982,-7.639861804687499,2825.2132007400514,542.5851404085159,15.8927
2017-04-28,880.42267,172.51332,2273.7197,1142.826,2101.2063,12.795587,1007.7876,12.399227,-4.537591414001465,-7.73086551953125,6212.81842359021,1217.3629518451355,14.8497925
2017-04-29,956.2806,141.30501,2128.0754,1375.0482,1986.7704,11.453819,1014.06177,7.6166763,-5.964288725097656,-9.222839443359376,5383.253758218164,795.4576638186036,14.597321
2017-04-30,808.1535,134.7614,1724.947,1079.5865,1590.1857,15.312576,1016.99805,7.574948,-3.2735617060546858,-8.20837314453125,1887.858140579474,314.80455355283965,16.933777
2017-05-01,614.03784,64.117805,1752.7192,814.0689,1688.6014,16.980747,1013.2952,12.173312,-2.13855777709961,-6.269622658203126,1156.5868190928222,120.77074675303803,20.39035
2017-05-02,613.46265,64.06949,1707.827,830.4771,1643.7576,19.51178,1011.1027,15.486206,-0.6199722148437488,-5.564178558593749,1007.1653052738282,105.18744105971679,21.486877
2017-05-03,681.39496,72.570885,1757.3564,922.4502,1684.7855,21.280306,1011.5424,22.005854,0.6271558624267577,-4.599792490234375,1147.4423994250487,122.20652506384887,23.071198
2017-05-04,1014.54736,575.995,1661.0994,1183.5594,1085.1044,22.37475,1012.34296,19.562078,1.574053137329102,-3.7815243593749983,1926.9530402146972,1094.0004845114624,23.211182
2017-05-05,576.3114,159.19824,1069.9204,596.3127,910.72217,20.724957,1009.91034,15.103108,2.74198651245117,-1.3424074199218765,1297.5024174977539,358.4175215164063,22.32132
2017-05-06,727.3923,331.79904,1354.6097,807.1647,1022.81067,11.492027,1007.1846,16.442791,-2.4181887172851564,-0.369170439453125,2368.790033865051,1080.5205012036438,19.2258
2017-05-07,1351.6047,950.6607,2112.7048,1481.6226,1162.0442,1.5670484,1009.0202,12.379608,-8.88726356955719,-10.23126248046875,5046.629874130371,3549.582646408081,3.8845825
2017-05-08,1016.99316,335.9298,2046.0299,1245.9393,1710.1001,7.6466537,1011.8376,12.328322,-5.679625347808837,-8.342986552734374,2291.2327149882813,756.8323926118164,12.921783
2017-05-09,893.6613,398.94836,1606.438,997.34,1207.4896,13.292668,1009.9305,18.586626,-2.5237536574096673,-6.062103080078124,2495.047880702698,1113.8394971575929,14.780243
2017-05-10,729.2947,361.7232,1286.6239,853.34674,924.9007,9.303782,1014.1091,20.75436,-5.876989536926269,-8.70651209375,2518.7165303951415,1249.259380471527,11.697754
2017-05-11,631.4925,130.82422,1199.169,808.1827,1068.3447,13.79084,1017.2095,16.69555,-2.80047785107422,-4.783050654296876,1522.6223659242187,315.43665805,17.534454
2017-05-12,549.7688,167.21364,1204.9219,652.8221,1037.7083,14.730946,1014.31,12.341643,-1.299848412841797,-3.9949031074218766,1483.1082648702393,451.09131238217924,17.646515
2017-05-13,655.0107,133.59914,1479.3304,785.86285,1345.7313,10.358147,1010.57404,8.072504,-5.018013332519532,-7.7132877402343745,2684.328747911072,547.5086326474761,14.207916
2017-05-14,662.8268,110.97115,1439.9519,748.27954,1328.9807,10.226668,1009.5669,8.98286,-4.164689642150879,-6.3362735039062485,1838.8515089661255,307.86244324204637,13.6293335
2017-05-15,1071.4948,561.12787,1686.5928,1095.2185,1125.4648,5.1525474,1011.48627,11.408826,-7.817616640533448,-7.658692060546876,4684.145381874389,2453.0260294727173,8.953888
2017-05-16,910.4519,377.68713,1515.8351,1087.9402,1138.148,5.822325,1014.2913,16.35866,-7.328405770355225,-9.267670167968749,3728.0060169046633,1546.5066310784302,8.787903
2017-05-17,774.7502,322.7705,1443.0895,927.89453,1120.319,8.457881,1012.9561,20.746904,-5.569738026184082,-8.824431886718749,2709.771663680969,1128.9243875185546,10.632141
2017-05-18,818.5603,206.10828,1828.9948,954.6795,1622.8865,12.329704,1011.05975,12.189235,-3.312781715332031,-7.4031376386718755,2167.015453731787,545.6407042190186,15.42337
2017-05-19,833.6599,122.71715,1976.4889,1066.8497,1853.7717,15.125164,1012.55316,9.619826,-3.323945968017579,-8.336364634765626,1928.6043467481932,283.89613232227475,17.5206
2017-05-20,826.7153,64.66043,2065.4976,1063.4509,2000.8372,18.088743,1011.9476,11.312587,-2.925172790161131,-7.565155419921876,1618.6207034485717,126.59825678049926,20.836945
2017-05-21,770.55743,73.777725,1708.7566,957.69244,1634.9789,20.587404,1010.3623,13.458722,-1.684650748901369,-6.2621463574218765,1999.5533902265624,191.44906539257812,21.751984
2017-05-22,748.5281,90.48458,1786.5361,985.1191,1696.0515,21.257856,1011.43945,12.214546,-0.3249586309814454,-4.74105803515625,1284.5881795369385,155.28532178679276,23.421814
2017-05-23,887.0356,426.9003,1508.8337,936.5412,1081.9335,23.226753,1011.39716,14.42242,1.38986923486328,-3.266357673828125,1988.743358182544,957.1150810432496,24.70456
2017-05-24,408.37338,64.85718,1046.8229,536.88196,981.9657,22.524523,1009.0319,11.515927,2.639404781372072,-1.7679757128906246,996.6492882024415,158.28617334765627,24.529144
2017-05-25,606.9857,232.48625,1116.6298,651.1646,884.1435,15.522339,1007.37836,14.191226,0.15406036718749938,-0.9402767597656236,2127.942486629956,815.0395608044769,21.034271
2017-05-26,849.82666,634.25885,1083.16,890.4511,448.90118,9.249448,1010.59155,15.51724,-5.766002177429199,-6.034973474609377,3487.6248762817386,2602.950751387024,13.163239
2017-05-27,774.84766,292.1499,1556.1145,900.02856,1263.9646,13.046775,1013.9627,13.892013,-3.4833881358032244,-5.482117017578126,2368.369669428516,892.9742021626465,17.648407
2017-05-28,848.7702,309.52966,1756.3508,1021.8633,1446.8212,18.660292,1014.218,13.796397,0.2996446717529295,-4.281281113281249,2049.3451295158447,747.3555333531739,21.461609
2017-05-29,1035.6302,606.5124,1407.949,1184.8436,801.4366,21.287598,1011.2331,14.971051,2.6789836562500007,-0.9820252226562509,2347.2966596804076,1374.6841681818053,22.411072
2017-05-30,785.0252,388.61453,1369.4634,871.4156,980.8489,20.643267,1009.9346,18.662321,2.6293316778564453,-2.304168998046876,1785.0358483199464,883.6542635747682,22.056427
2017-05-31,678.92096,432.04504,1245.2771,819.9125,813.23206,18.581663,1009.3731,19.083292,1.8788971317138667,-0.0641780117187487,1777.388254521515,1131.0768592695924,21.723938
2017-06-01,719.3804,176.35808,1619.837,922.9246,1443.479,15.108409,1008.9294,21.313726,-2.85923907208252,-6.324310388671876,1901.9657346046877,466.272134826709,18.208527
2017-06-02,726.89716,97.568214,1687.0944,930.70374,1589.5261,19.895187,1009.0803,19.5902,-0.07697862207031392,-4.488708367187499,1298.3839903804444,174.27638361804506,23.047974
2017-06-03,758.3796,381.87646,1424.9286,906.42847,1043.0521,22.564081,1009.321,18.014776,1.782321192016603,-2.7693178671874996,1579.7754928698364,795.4843435313477,23.305786
2017-06-04,777.98334,282.809,1187.2899,731.11633,904.48096,21.602346,1009.6326,17.823927,0.7788224202880869,-3.452392263671875,1873.346066474646,680.9903045553284,23.02298
2017-06-05,661.66504,221.23396,1364.872,832.1401,1143.638,21.963509,1009.0079,13.497767,1.82334560595703,-2.3730466699218766,1260.0838990351563,421.32096794327396,23.520538
2017-06-06,654.61597,220.65324,1204.5356,723.60645,983.8824,22.929947,1010.0347,12.705353,4.035256899414062,-1.2987675742187506,1392.310162402295,469.3099001500458,23.629211
2017-06-07,672.4343,294.00073,1107.9612,706.09314,813.96045,21.453604,1010.80023,15.103961,3.206977744506837,-0.4527585605468758,1716.489617189502,750.4810284168457,23.446075
2017-06-08,571.1752,262.64,1100.1232,677.81274,837.48315,18.19304,1012.35187,11.394638,0.772166847778319,-2.9865715917968743,1683.1591560870484,773.9568663585327,21.058868
2017-06-09,567.9436,139.4711,1169.6732,671.3882,1030.2021,16.309618,1011.45264,19.83151,-1.9545970037841798,-5.060883003906248,1804.3844872226318,443.10647647718196,18.699646
2017-06-10,621.10944,168.12547,1238.6525,728.3287,1070.527,13.539227,1009.1164,18.88888,-3.770908468017577,-5.844025017578126,2589.6735581069333,700.9877272349853,16.242157
2017-06-11,789.20306,320.8324,1444.7961,910.7397,1123.9637,9.873882,1009.6136,15.365125,-6.164474706298829,-6.751098535156249,3284.412659169177,1335.2026060294677,13.273376
2017-06-12,844.97534,279.5348,1595.6411,1031.7367,1316.1063,8.539552,1014.6617,9.207772,-6.911560265075684,-8.935180537109375,4043.2411475018553,1337.5852635424317,12.841949
2017-06-13,650.9879,91.52823,1574.3264,873.8344,1482.7982,14.375121,1012.7258,9.391311,-3.582804883361817,-6.505218019531249,1792.0899840829468,251.96600156761167,19.56073
2017-06-14,622.23676,64.290184,1606.747,834.2452,1542.4568,20.048582,1009.8459,10.994235,-0.7062699229736324,-5.781647041015624,1239.947360583618,128.11272124342347,22.893158
2017-06-15,563.9164,64.684685,1430.4813,741.3282,1365.7966,22.398209,1010.14154,10.422381,-0.03319738183593657,-5.175750849609376,1165.2652511399535,133.66310653842544,24.28238
2017-06-16,599.56036,65.24279,1546.9095,787.0474,1481.6667,24.436476,1009.8543,9.83796,1.0186897537841801,-3.69958522265625,1171.8599768752258,127.51912778279343,27.176697
2017-06-17,633.8044,85.375916,1467.5969,871.08984,1382.221,25.663885,1008.6338,11.705585,1.7060221165771488,-3.618560263671874,1183.7946632711976,159.4617455981262,27.11673
2017-06-18,619.2702,64.966934,1575.1558,846.42084,1510.1888,26.141188,1007.30884,17.580208,1.693794667846678,-3.0127566406249997,1085.1317562522768,113.83994112918549,28.445068
2017-06-19,1045.5544,467.10315,1407.181,1121.1554,940.0779,27.703508,1006.742,15.77348,2.586968377075195,-2.063232572265626,2099.376294813281,937.8997768511719,29.138763
2017-06-20,686.0628,221.2868,1373.1499,822.1219,1151.863,28.106543,1007.57745,12.628367,2.4264605872802747,-2.894775529296872,1463.9988876313112,472.2069652386109,29.270782
2017-06-21,692.63403,275.47318,1230.0741,707.8282,954.60095,27.449694,1005.8042,11.85776,1.6137556798095716,-1.8803109179687496,1530.16932258125,608.5762198320313,29.29181
2017-06-22,669.08734,278.8927,1184.9796,721.6536,906.0869,26.55353,1005.0464,13.196137,2.7812077393798837,-0.6447748964843747,1442.779396104968,601.38731780354,28.334381
2017-06-23,994.6882,366.60574,1334.771,936.3693,968.1653,28.01716,1008.43866,18.278252,5.963813415649415,2.1569822109374996,2256.4724972746276,831.6533775507355,30.812866
2017-06-24,646.3128,118.298515,1451.9292,802.4881,1333.6307,29.632584,1009.28107,25.064363,5.939599618164063,0.911498732421876,1775.004921108777,324.8898136799881,30.785126
2017-06-25,1055.018,475.29584,2051.8347,1224.8464,1576.5388,28.873556,1009.21893,20.061987,3.1774121370849606,-3.1326599941406243,3218.958708852124,1450.172182664099,30.278656
2017-06-26,1011.16986,352.91666,1740.4109,1070.3531,1387.4943,26.948318,1011.029,13.806545,0.3283234814453131,-3.3885194355468755,4594.474439083978,1603.5550704038726,28.744904
2017-06-27,595.8118,64.97534,1309.6415,827.2531,1244.6661,24.829773,1010.0947,7.881996,0.16294294921874908,-3.717620873046876,1940.6896085839235,211.63891783227538,26.62088
2017-06-28,505.01627,84.99401,1183.5695,657.2058,1098.5754,22.854767,1008.3182,9.065328,0.860948845703124,-3.809936621093751,1183.1379672227783,199.12158896347046,24.274963
2017-06-29,607.16437,166.52983,1421.007,806.30743,1254.4772,21.388863,1009.79266,10.999558,0.9305436098632818,-4.846710460937501,1306.8739426014404,358.4424717556458,22.714478
2017-06-30,625.8638,165.38025,1423.4537,826.8647,1258.0735,23.655731,1010.31366,13.923432,2.9207092011718743,-1.1038205761718736,1242.7234247693848,328.3812220182495,27.072784
2017-07-01,682.97485,273.3903,1263.433,804.04315,990.0427,25.26033,1008.4077,15.064471,4.025623200195312,0.43359325390624903,1438.0846231922608,575.6557055624726,27.069885
2017-07-02,550.35284,215.93317,1063.2942,659.8461,847.361,22.284607,1010.9268,14.569504,2.4415569335937484,-1.8170475878906238,1367.0246218499633,536.3576446914185,24.327972
2017-07-03,514.16473,161.2813,1092.4958,636.57764,931.21454,22.841417,1013.3186,10.961212,1.4841993126220707,-4.019439791015625,1091.6317330659485,342.41901246044466,25.334564
2017-07-04,528.3569,65.06446,1313.4265,697.692,1248.362,25.135046,1012.6289,16.476532,1.1461010052490224,-3.260193246093749,1305.9818447815064,160.82501979060518,27.405823
2017-07-05,679.24805,73.7677,1702.4691,934.4265,1628.7014,26.724854,1011.27997,24.906298,1.6951505156249986,-2.852874748046876,1460.8876424560544,158.65532793731688,28.185333
2017-07-06,787.27856,164.95375,1786.3114,979.92017,1621.3577,27.282007,1012.4891,27.63952,1.4842852174072263,-3.2673643437500033,1545.2884737155762,323.7750156342621,29.162598
2017-07-07,952.02734,216.57098,1925.8789,1291.2278,1709.3079,28.953405,1010.43964,28.142756,1.277988380249024,-3.760956152343752,2046.613261210547,465.57176169970097,30.848694
2017-07-08,867.62305,315.2528,1846.4741,1057.2887,1531.2213,30.086767,1008.49445,24.055105,1.2947291966552719,-3.624542207031247,1659.8713415527343,603.1180275726318,30.924988
2017-07-09,1294.187,592.015,1768.0409,1284.1124,1176.0259,26.802523,1009.9253,31.234262,0.3473816593017567,-1.5440670195312478,4173.79970352539,1909.2697347817382,30.49823
2017-07-10,749.2297,215.77142,1482.7732,873.1375,1267.0017,23.328547,1010.68726,36.334984,-2.2214624759521477,-7.476287398437499,1642.1259389745849,472.9175349565185,24.129517
2017-07-11,669.44214,111.436325,1395.3336,837.5295,1283.8973,22.444853,1010.4505,29.505548,-2.5572681710205067,-6.4241331074218735,1556.7689491015624,259.14205374072264,23.959015
2017-07-12,581.8305,100.62943,1316.0981,761.32495,1215.4688,21.78155,1011.3703,26.800583,-2.332427546264647,-6.250580236328126,1417.8389034880981,245.219738686821,23.641083
2017-07-13,567.55585,106.977425,1272.6859,744.01166,1165.7085,22.990557,1012.7198,27.400642,-1.031271283081054,-5.2563477656250015,1340.154865465698,252.60301134590148,24.52124
2017-07-14,574.2332,97.831604,1356.6245,727.426,1258.793,24.502115,1013.0127,25.505219,0.10192324963378852,-3.673492585937499,1293.6444741275575,220.3970626142029,26.72815
2017-07-15,644.1523,98.21485,1535.4584,795.5616,1437.2435,26.855509,1011.67706,27.929735,0.9942338043212899,-3.3752437070312524,1294.4171196860534,197.36169294798353,28.83905
2017-07-16,643.02594,98.05048,1608.7877,856.8668,1510.7372,27.217276,1009.63727,30.991905,1.2512436195068375,-2.9278256289062483,1450.2331210242921,221.13580520933533,28.72113
2017-07-17,666.1231,118.98305,1447.2836,884.373,1328.3005,25.66355,1008.77155,30.311426,0.6204374232177727,-3.7624198339843744,1467.9370915970703,262.2032273027832,27.43692
2017-07-18,795.64386,261.80933,1655.8806,1011.9066,1394.0713,24.68663,1010.5303,25.490591,0.022247249023436666,-5.847962031249999,1523.422719748822,501.2874426013916,25.940918
2017-07-19,681.6335,145.45923,1483.9609,849.82495,1338.5017,24.680725,1011.82196,29.068708,-0.2872449023437511,-5.3672179980468755,1551.1896384601928,331.02078085317385,25.650177
2017-07-20,624.9401,143.71709,1327.1274,796.2561,1183.4104,23.68715,1012.9305,25.938019,-0.6776789521484368,-4.5736087402343735,1500.0206580808715,344.9588058946075,25.489166
2017-07-21,642.08563,142.46198,1390.043,817.1133,1247.581,22.630478,1011.5462,17.917492,-0.9090270947265608,-5.829864552734374,1261.2777014279175,279.84446847320555,24.203033
2017-07-22,638.80835,144.41092,1450.4088,811.8813,1305.9979,24.338938,1010.2326,18.914171,0.26152075939941355,-3.6564945761718732,1262.8764520748537,285.4896141829773,27.24466
2017-07-23,593.1843,163.65416,1256.09,782.89435,1092.4358,25.539682,1009.2002,30.55897,1.1298463883056655,-3.2609866621093744,1308.3983539685303,360.9752036973312,26.886871
2017-07-24,534.92236,163.56627,1120.6779,678.83154,957.1116,23.114733,1009.48096,37.40673,0.12605674230956865,-1.915985435546876,1351.40047056875,413.2254472087891,26.479279
2017-07-25,732.0455,217.49854,1479.2725,811.0323,1261.7739,21.336897,1011.4936,40.937626,-1.473528103637694,-5.243866298828124,1874.88689667843,557.0489397981445,23.101044
2017-07-26,759.4077,328.539,1439.6766,907.4668,1111.1377,22.437525,1013.33405,35.14013,-1.0279582044677724,-4.7032772011718755,2046.6580891555177,885.4360994863587,24.578644
2017-07-27,723.20337,250.58981,1358.5656,799.9058,1107.9757,24.032019,1012.2469,22.171537,-0.16337033850097527,-3.9877928808593737,1757.8638878064696,609.0994623779022,26.223297
2017-07-28,683.9551,148.60977,1368.8097,772.64545,1220.2,24.730848,1010.3162,17.218061,0.7208593123779288,-3.8383792753906256,1371.2112654345704,297.93680852027893,26.106293
2017-07-29,614.8488,163.43578,1419.8663,778.79205,1256.4305,24.06878,1012.0708,19.407734,0.8006538990478518,-4.4956360449218735,1434.7072873762818,381.36610566004947,25.920929
2017-07-30,686.0655,168.8553,1753.1694,941.9352,1584.3141,24.919096,1013.7404,24.064034,1.348670993041992,-4.160735824218751,1411.1162413163331,347.30570296729127,27.26593
2017-07-31,879.34894,262.4091,2181.2185,1184.2456,1918.8094,27.047235,1012.2534,23.946083,2.322132488891601,-3.442078033203124,1830.8387835001831,546.3459554510193,29.493866
2017-08-01,1175.1754,431.4009,2060.8667,1465.3776,1629.4658,27.462137,1009.5376,35.620544,0.49966722229003935,-3.8051447734374975,1896.410181668994,696.1625188401489,29.498657
2017-08-02,939.06415,578.77106,1626.1887,900.8973,1047.4177,24.02141,1010.8367,49.22525,-2.09216101159668,-3.7650145585937516,1376.957742183197,848.6569206221009,27.502502
2017-08-03,604.5056,220.5611,1173.4438,674.12006,952.88275,22.47967,1012.2971,49.987396,-2.9635204290771497,-5.494751275390627,1149.4040751796874,419.3738096050781,23.137543
2017-08-04,655.5468,107.33226,1519.27,869.98676,1411.9377,22.475067,1012.6552,37.503517,-2.6496638613281256,-6.63168337109375,1620.5105441368285,265.32515384783017,24.02887
2017-08-05,704.7412,169.63243,1619.6829,920.4234,1450.0504,22.804026,1010.9107,29.092916,-1.1901743499755852,-5.850280603515625,1625.802454675781,391.33346891231685,23.985931
2017-08-06,752.12384,229.82538,1598.7313,947.5295,1368.906,22.86637,1010.04395,29.670105,-0.6149487525634783,-5.006470021484375,1622.3681280891356,495.7446486561767,24.129303
2017-08-07,715.14325,181.56154,1454.9728,858.5953,1273.4113,23.514776,1010.5334,21.73384,-0.009576770141602964,-4.490936232421873,1925.9440611126404,488.9612919052811,24.894562
2017-08-08,800.3011,211.18015,1567.0093,940.385,1355.8291,22.844416,1010.8992,17.411432,-1.316884335327149,-5.829986167968752,1901.8808788538267,501.86047111882624,24.584778
2017-08-09,661.86096,116.15335,1455.8008,831.3883,1339.6475,22.548141,1010.0672,14.7948885,-1.3084385205078135,-6.3291928125000005,1460.2858140549317,256.27299422764895,23.682617
2017-08-10,640.2034,166.87793,1322.4639,768.4719,1155.5859,22.594704,1010.5137,15.2764435,-1.5483403256835935,-5.841186505859376,1368.556662713495,356.73333157705076,24.354156
2017-08-11,857.83105,320.61047,1678.6256,988.6264,1358.0151,24.40612,1009.5039,21.290867,-0.4974956997070308,-4.6899720078125,1782.5821962160155,666.2320268020995,26.602417
2017-08-12,712.35724,315.77435,1345.9478,841.21466,1030.1733,25.230759,1008.7576,17.575697,0.8416346669921886,-3.0722965742187505,1558.7922199485472,690.982807458435,26.707336
2017-08-13,627.35455,178.74736,1313.3339,766.62946,1134.5865,23.54936,1010.09174,12.546066,0.6322922752685542,-3.493225583984376,1275.5049688528136,363.4199273295517,26.097076
2017-08-14,552.5179,162.61829,1124.6924,714.82526,962.0741,21.209146,1010.13184,12.881152,0.04662349963378887,-3.7301631328125,1555.4182328437194,457.79413642449947,23.319214
2017-08-15,655.13025,273.0219,1285.2075,736.3072,1012.1856,17.10445,1009.3199,21.635035,-2.563390774169921,-4.185180781250001,2312.303309122241,963.6396283722046,20.601074
2017-08-16,726.9577,272.01605,1538.6708,879.498,1266.6548,16.58585,1011.4138,22.449097,-3.333010238037108,-7.8222954199218755,1724.6710924035644,645.344591957666,18.899445
2017-08-17,747.6257,173.86736,1679.3535,980.712,1505.4862,19.48348,1012.8855,23.521393,-2.1274965465087874,-5.7523196464843735,1292.5188856645752,300.5873781317688,22.900787
2017-08-18,882.93,276.16772,1718.368,1095.2148,1442.2003,21.803633,1012.895,23.458609,-0.8295842637939437,-5.1261287246093765,1619.0327890475462,506.4100269877441,23.815582
2017-08-19,842.19214,343.1169,1431.0879,1058.1865,1087.971,22.39889,1011.96906,23.361794,0.44623754162597606,-4.314635839843749,2119.554219509033,863.5261088349914,23.33014
2017-08-20,893.49286,240.17572,1476.5116,870.2441,1236.3359,21.077013,1010.88794,19.27109,-0.23277698425292925,-5.400848589843751,2296.484831174988,617.3075618949584,22.459045
2017-08-21,761.5745,278.86874,1576.7644,860.77106,1297.8956,20.02101,1012.4261,17.068373,-1.034822554809569,-5.985412097656251,1535.362190019403,562.2096221782135,21.42865
2017-08-22,833.1552,302.13147,1583.7767,913.22614,1281.6453,22.535875,1013.7349,16.216122,0.03357732043457062,-4.570006904296875,2030.6869411193543,736.3987177201294,24.108673
2017-08-23,820.82153,417.8566,1409.4618,891.9937,991.6052,22.013235,1012.8887,20.718962,0.20799209216308512,-3.335937248046875,2194.2681406182865,1117.0387021183014,23.61502
2017-08-24,985.7729,367.44904,1744.2211,1009.77545,1376.772,21.793146,1010.11743,20.230433,0.6113131334228505,-3.3570557773437493,2012.286488331061,750.0842622485047,24.823303
2017-08-25,1186.4658,874.18207,1579.0613,1238.8069,704.8792,25.177225,1007.3127,22.465963,2.4143311129150398,-2.3169546582031266,2165.1656954928712,1595.2832290364563,26.124725
2017-08-26,776.814,140.94484,1766.3496,968.6934,1625.4048,25.989069,1009.696,17.788984,2.0847569849853507,-3.589020076171874,1338.9400371070617,242.93676776315462,27.721222
2017-08-27,1336.7285,652.58386,1979.9219,1379.3735,1327.338,27.500452,1011.2492,19.33696,1.2478980416259766,-3.347778470703126,3262.2124223144533,1592.595023842163,29.635468
2017-08-28,1533.0889,827.86816,2120.8362,1562.7848,1292.968,29.419455,1008.37286,27.13327,1.5344735745849611,-4.3575435449218745,3293.5222420501955,1778.5023883365234,30.038116
2017-08-29,1066.1991,351.98038,1926.1411,1248.6918,1574.1608,29.422195,1007.5369,30.891123,-0.1472625654296884,-3.981018037109372,2027.1414192365114,669.2127235870514,30.021637
2017-08-30,1300.6512,376.93527,2292.2773,1716.8641,1915.342,29.171654,1006.08203,30.092672,-0.025194252441405496,-5.086548183593749,2346.2662418124387,679.9597569838714,30.023987
2017-08-31,1206.9594,208.39227,2378.4905,1653.8156,2170.0981,28.056557,1005.5964,33.286957,-1.5782702983398451,-5.3842773574218725,2468.522024976123,426.2122956835693,29.798859
2017-09-01,1023.8123,140.19632,2909.1907,1296.747,2768.9944,26.765814,1007.4871,29.805944,-2.3835601724853532,-6.993317236328124,1807.9040988497925,247.56637191207886,29.109833
2017-09-02,1557.962,917.54016,2610.6787,1813.3191,1693.1385,28.406412,1007.2598,27.288544,-1.198757875366212,-5.534027314453127,3332.9907162625123,1962.918715557825,29.055878
2017-09-03,841.0622,66.576385,2221.3357,1067.4835,2154.7593,23.904785,1011.3437,41.342728,-5.6623628437499995,-6.103605859375001,1654.8047551174986,130.99021686943053,27.187744
2017-09-04,800.0071,270.68185,1459.0908,931.6962,1188.4089,19.090708,1012.24347,47.389694,-5.069870221069337,-6.757904873046876,2720.013272170044,920.314650238327,21.980255
2017-09-05,611.269,143.92159,1348.9465,785.10876,1205.0249,21.712988,1012.0979,32.304287,-1.934552100219726,-5.745208373046875,1440.6535293304566,339.19787462599186,24.456818
2017-09-06,693.1508,166.26233,1460.5608,767.7689,1294.2985,22.954681,1012.4929,25.271254,-1.8875586035156253,-6.328826591796876,2302.193003182068,552.214555449829,24.246368
2017-09-07,653.20685,97.34366,1601.0762,767.8564,1503.7325,22.648417,1011.28656,21.092154,-1.6438484808349614,-6.5996403242187505,1842.0090184080507,274.50400627922056,23.758118
2017-09-08,642.12604,175.40752,1435.2012,736.6837,1259.7937,21.711157,1009.67773,20.413132,-1.2247161549072274,-4.417846302734375,1514.0381620017088,413.5849635462036,23.378815
2017-09-09,775.9616,257.97696,1676.6138,902.70294,1418.6368,19.555698,1012.2583,19.956465,-2.14774160522461,-6.863281601562498,1478.2916775330505,491.47430421196594,20.807983
2017-09-10,844.92365,199.33688,1954.904,991.2666,1755.5671,20.207281,1012.42035,32.152348,-3.830974887329102,-7.7330019414062505,1305.7285250021057,308.05133276109314,22.53656
2017-09-11,896.74835,236.37823,1822.8284,1040.8438,1586.4502,21.467117,1011.2612,35.638718,-3.623952690429686,-7.448150830078124,1797.3998909786985,473.7853296316284,23.018524
2017-09-12,778.26056,312.8754,1266.606,864.01245,953.7306,20.792437,1011.34814,31.051588,-2.8658254002685553,-5.7056583007812485,2147.2201042467655,863.222906698578,22.747742
2017-09-13,518.6154,137.21614,1149.9629,610.45953,1012.74677,18.437574,1010.2829,19.542805,-2.482417613403321,-5.109466777343751,1716.9007144937134,454.2604831017914,20.776428
2017-09-14,717.15894,340.2896,1364.257,788.7315,1023.96735,12.969449,1009.8249,20.588453,-5.824879956726075,-8.605102685546875,2830.7618616423338,1343.1874125759887,15.912872
2017-09-15,782.55145,300.15002,1671.2013,947.3865,1371.0513,14.166935,1009.97485,21.09572,-5.586252032958985,-8.914703728515626,3294.4356581338993,1263.5909624698975,16.202728
2017-09-16,923.4443,295.467,1851.6124,990.87427,1556.1454,15.446801,1010.8675,18.844812,-4.6030378143920885,-8.377837646484377,2292.5893908084413,733.5413213464814,17.666412
2017-09-17,965.15936,569.2883,1757.6863,1128.8297,1188.398,16.234612,1011.4892,22.730356,-3.81587048876953,-8.272980015624999,2382.969587269702,1405.567649510254,18.017334
2017-09-18,792.757,405.20724,1341.1598,882.7725,935.9525,17.960035,1011.6806,18.407581,-2.2994446759033202,-7.216491515624998,2215.1510738952697,1132.2451168130524,18.759521
2017-09-19,632.86487,224.7461,1337.571,754.95123,1112.825,15.798313,1010.71533,17.28401,-3.1953218591308605,-7.01840251953125,1656.3586146888429,588.2142416601563,18.131042
2017-09-20,582.5041,146.19463,1304.9532,727.3378,1158.7587,15.515866,1008.83514,18.302189,-3.7530607203979507,-8.41360483203125,1698.117086297241,426.1868656802673,16.212097
2017-09-21,783.37946,229.35599,1661.0894,909.0274,1431.7334,12.228742,1009.14355,20.583063,-6.17901735418701,-6.713318042968751,3346.4192070432737,979.7567149994201,15.633606
2017-09-22,866.77344,225.06805,1919.3535,1046.1886,1694.2854,8.986529,1009.9466,11.791954,-7.407803649719238,-10.070800701171876,1880.2833836210937,488.2379918278503,11.633331
2017-09-23,868.47363,198.85284,2068.5464,1074.0997,1869.6936,10.00171,1010.0257,14.188306,-6.572583061950684,-9.630889779296876,1637.3071120376953,374.8912618865357,12.923126
2017-09-24,919.44305,179.1336,2061.662,1038.4012,1882.5286,13.308209,1011.52374,12.944847,-5.112503580749511,-9.8557743671875,1849.56727835907,360.34820701446534,15.313599
2017-09-25,804.263,103.91794,2058.9326,1032.9495,1955.0146,15.253926,1011.18915,10.4066305,-5.126087722839355,-9.380034482421873,1755.4218230952456,226.81612417021182,17.203156
2017-09-26,833.3884,64.9936,2209.8335,1060.9845,2144.8398,17.054945,1009.126,11.86946,-3.86919000793457,-8.689484003906252,1359.645884708203,106.0349248772827,18.277771
2017-09-27,1091.6677,407.4325,2225.615,1378.1898,1818.1825,18.088045,1010.7131,13.076308,-3.383201879760744,-8.284210068359375,1406.0674834630126,524.77284999469,19.72818
2017-09-28,1029.2288,226.88918,2392.1045,1289.687,2165.2153,19.778112,1012.1087,12.124658,-3.0586035885009757,-8.33212248828125,1394.8667023560301,307.49253060468595,21.237
2017-09-29,1046.2769,341.4591,2032.9366,1244.791,1691.4775,20.543718,1011.3692,12.930564,-2.9229716619873045,-7.787078886718749,2214.786364737549,722.8096168979371,21.757141
2017-09-30,495.57764,64.85035,1263.3724,654.4035,1198.5221,19.735159,1010.20917,17.04503,-1.9291010797119128,-5.503173498046873,1099.689997133545,143.90334690416336,21.53299
2017-10-01,556.1856,152.35468,1373.9902,678.9726,1221.6355,17.415565,1008.134,14.8756075,-1.6748295092773446,-6.796234294921874,978.3834888023987,268.00639324088746,18.776398
2017-10-02,712.4328,296.1714,1603.6938,838.0351,1307.5225,14.830352,1006.7254,12.587062,-3.1788051704711897,-6.535462158203124,1415.7535138269104,588.5547117842285,17.726288
2017-10-03,672.7412,272.42612,1326.94,730.429,1054.5138,11.707469,1008.3701,13.553513,-5.42608901348877,-5.768067294921874,2068.1304013529298,837.4880643746277,16.010773
2017-10-04,637.8702,223.07083,1470.651,818.7955,1247.5802,13.551163,1012.6226,7.996422,-3.4472672802734365,-6.787842210937502,1387.800560124237,485.3304562481537,18.937134
2017-10-05,639.4577,112.51156,1614.1838,896.8306,1501.6722,18.528002,1011.61743,7.7501163,-1.504013214721681,-7.256316269531251,1052.9233796691894,185.26018214126586,20.431824
2017-10-06,533.66284,64.671265,1641.0323,720.7897,1576.3611,19.946552,1011.6905,6.1455474,-1.3850777233886724,-7.631775025390624,1419.190781605249,171.98286152879638,22.219574
2017-10-07,556.7177,87.26593,1564.7076,723.17163,1477.4417,22.01251,1009.58466,6.14513,-1.6620347003173812,-7.608123830078124,1344.8259004506958,210.80249561468506,23.674774
2017-10-08,429.33408,65.36408,1240.078,538.594,1174.7139,20.675833,1005.4622,9.008465,0.0015387484130862106,-4.188750419921874,892.5132869287811,135.88092640237195,23.50882
2017-10-09,715.4012,232.3941,1747.2234,824.7875,1514.8293,14.947505,1010.11304,7.945036,-3.7204080027465807,-6.533202787109374,3016.4683460475467,979.8830001034546,19.369293
2017-10-10,792.57764,143.2097,1670.4181,939.64496,1527.2084,15.635688,1013.36066,6.965429,-3.770675171936034,-8.646392826171876,1751.0760121566407,316.3993802671997,18.037628
2017-10-11,573.76715,225.44897,1196.4043,711.5232,970.9553,16.75215,1010.91,9.859382,-2.6146224180908213,-5.6106880175781235,1340.6416609411926,526.7751688377685,18.101532
2017-10-12,627.29944,192.41469,1530.9327,807.68463,1338.5181,15.48895,1011.08514,10.23687,-1.7643902243042007,-6.82968126953125,1059.506681498767,324.987773249913,17.744324
2017-10-13,698.09546,238.3713,1532.8274,781.78204,1294.456,17.1817,1013.04224,9.606506,-0.851572247192383,-6.870452833984373,1381.2180967549073,471.6300031084259,18.358795
2017-10-14,562.69037,125.95307,1564.1099,791.7429,1438.1567,18.381626,1013.90704,6.526666,-0.1625958708496107,-7.310944101562502,1341.6960208018554,300.32633288267823,20.378296
2017-10-15,632.09827,132.2326,1658.3807,867.8258,1526.1482,18.756536,1016.5734,6.485539,-2.9536535162353523,-8.666930802734374,2018.1797801604005,422.1956992293701,21.214752
2017-10-16,671.20386,85.558075,1925.4243,912.3588,1839.8662,21.395233,1017.28955,8.9178,-1.6445918457031254,-8.600464091796876,1610.1683848696289,205.24749051031492,22.582306
2017-10-17,569.49585,65.74109,1815.8722,761.30493,1750.1311,22.402918,1014.9395,14.760776,-1.5493771380615229,-7.429107207031251,1422.679336650635,164.23032540871583,23.581238
2017-10-18,628.8757,74.24844,1773.1287,826.5772,1698.8802,21.223398,1012.4534,23.6491,-2.1412917913818355,-4.76480103515625,1071.7889077152222,126.54116209312134,23.484314
2017-10-19,557.98004,102.3876,1302.4204,774.0379,1200.0328,18.384092,1010.8475,16.421236,-1.3052376690673846,-4.838684003906248,1276.6791476164856,234.266656459964,20.590271
2017-10-20,620.024,203.03006,1370.7451,665.48315,1167.7151,12.307281,1010.4052,16.225681,-5.25898845953369,-5.025177365234374,3088.2652614612975,1011.2684252376312,16.63565
2017-10-21,591.30414,163.10048,1378.1862,709.76117,1215.0857,11.439812,1014.4907,12.27308,-4.9636302934570296,-8.745483755859375,2528.523343530817,697.4471209992539,15.334625
2017-10-22,468.9995,64.89079,1576.1432,655.0254,1511.2524,17.995989,1018.187,10.411751,-2.539070154174805,-8.154754656249999,1333.0996890932618,184.4477309835663,21.384277
2017-10-23,515.6442,65.81091,1654.8611,680.4041,1589.0502,22.33439,1017.7142,10.429811,-1.8250793597412098,-8.18054163671875,1673.2517974744264,213.55466239357912,24.901672
2017-10-24,614.6311,66.97007,1946.4592,810.57367,1879.4891,23.827932,1016.5869,10.587903,-2.6019176422119124,-9.247192222656253,2810.0954950191895,306.1873872136185,25.067322
2017-10-25,724.4741,96.65384,1959.5647,1034.4321,1862.9109,22.816687,1013.071,8.331934,-2.408107369750976,-8.594360306640624,2190.1742334884766,292.19642472498776,24.187836
2017-10-26,531.8382,65.38465,1611.7407,739.0937,1546.3561,22.226816,1010.08936,9.787015,-2.0120738226318373,-6.3159788105468735,747.5353874011474,91.90265185708923,23.72342
2017-10-27,452.86118,65.00114,1584.2017,633.3162,1519.2006,21.999353,1011.5612,11.430565,-0.7688885911865242,-5.948180576171875,689.6919013463439,98.99448227628021,23.05716
2017-10-28,604.8658,107.04014,1627.7821,677.0694,1520.742,22.563505,1010.67896,10.645018,0.7189411727294939,-5.5211493261718765,927.5338554647217,164.14112815177918,23.17044
2017-10-29,540.0684,161.35309,1234.0367,646.23425,1072.6836,21.682673,1009.70703,12.209325,1.5050625006103502,-1.952911796875,755.2856859436035,225.6522940979004,22.712158
2017-10-30,589.57764,300.67126,1076.7572,622.17993,776.08594,15.086036,1008.88153,18.802544,-1.0316072715454112,-0.7086491113281248,1176.0580452385254,599.7630129422973,19.768036
2017-10-31,659.4177,336.44278,1275.9718,749.8482,939.52905,10.253364,1009.52216,22.680246,-6.060462390686034,-7.783081251953124,1881.5976360662842,960.0135316819855,11.627167
2017-11-01,738.2812,340.1832,1336.009,797.4366,995.8258,8.963275,1011.3259,17.693565,-7.099433044250489,-9.974975607421875,1514.634431422821,697.9091312385713,10.279327
2017-11-02,894.191,541.7693,1441.685,959.3183,899.9158,6.9485664,1013.6696,15.498057,-8.135720563232422,-8.802429214843752,2379.1569482070922,1441.4752485954589,9.07428
2017-11-03,885.0682,507.87756,1321.2253,1016.74646,813.3478,5.8494897,1016.45184,17.810778,-8.76101431112671,-10.676422304687499,2488.7555983475463,1428.1195090585693,7.7130127
2017-11-04,610.57544,193.46162,1429.9762,734.05835,1236.5145,8.430776,1014.8055,20.949366,-7.228025357604981,-10.451263666015624,2015.4906588536867,638.6108433401353,10.070892
2017-11-05,573.69977,228.55574,1252.1118,668.9454,1023.5561,8.450245,1016.4161,21.977114,-6.801862096435547,-9.09631325390625,2158.9852903320066,860.1162296328307,10.13324
2017-11-06,579.7834,225.84283,1267.523,657.21,1041.6802,9.988364,1016.5872,22.29542,-5.075999780334472,-9.144927791015625,1629.027236609314,634.5544513460082,11.412689
2017-11-07,564.4584,94.74671,1509.2449,812.71234,1414.4982,11.391805,1017.07355,22.171057,-5.218419304870604,-9.734711054687502,987.5444792932739,165.76349365526963,12.576294
2017-11-08,530.6268,79.15754,1377.3473,694.5632,1298.1897,12.011947,1016.72675,19.783257,-5.323199321838381,-9.617064609375,988.756233083728,147.50011659321137,12.801025
2017-11-09,552.02783,154.73845,1197.9373,611.4527,1043.1989,11.391276,1015.6336,13.712433,-4.523366640441894,-8.280425591796874,1515.7248995214843,424.8715492227173,12.621368
2017-11-10,509.65353,178.49585,1114.5625,545.7022,936.06665,11.718045,1014.0166,12.713656,-3.556562765319825,-7.333037851562501,1437.5458821773436,503.47139086874995,12.413452
2017-11-11,472.75208,176.44978,1190.6128,626.0943,1014.163,12.66782,1013.9892,12.431709,-2.8208130231933595,-6.673523339843751,1059.3156195781248,395.3785109675781,15.087952
2017-11-12,274.25394,130.88922,578.4276,354.0134,447.5384,14.73577,1015.1616,15.012525,-0.9414177744750969,-3.9122011816406257,414.8587193235168,197.9936380010376,15.049164
2017-11-13,342.45166,108.048035,987.92395,475.31833,879.8759,15.27108,1017.36896,12.145272,-0.4726719829101569,-6.664795203124999,759.495216308252,239.63080051762086,15.834717
2017-11-14,303.35663,63.727642,1067.5125,410.35965,1003.7848,15.286858,1016.93134,13.489942,-1.3368023950195322,-7.229462134765626,858.7637247315064,180.40478478624038,16.012787
2017-11-15,376.89853,64.06148,1447.3518,531.33014,1383.2903,16.97695,1013.74805,16.04659,-1.2234783082275378,-7.678923701171875,865.2079617746338,147.05947686971436,17.930206
2017-11-16,291.46228,64.48846,896.3148,414.1183,831.82635,15.570127,1013.10614,22.10285,-2.8855934664916987,-4.405853103515625,550.1889162455078,121.73387953726807,17.540619
2017-11-17,425.82144,63.976387,1189.4642,489.20535,1125.4878,11.915081,1014.9375,24.036682,-5.141147975830076,-6.555297556640625,1477.674325129126,222.00916927380982,14.027679
2017-11-18,455.24136,80.33918,1406.9784,599.0795,1326.6392,10.600896,1018.56055,8.504628,-4.387168118347168,-9.107818314453127,1484.1803061447051,261.92222040977555,12.759003
2017-11-19,511.46268,81.77664,1082.9706,660.418,1001.194,12.806279,1016.94336,4.7149143,-2.1465948175659175,-7.328582089843749,1417.612662712143,226.6589688891449,14.591858
2017-11-20,296.99448,68.90406,1119.3732,449.5594,1050.4691,15.838673,1014.67206,13.662464,-0.2276703620605467,-6.245452468749999,544.2779280922089,126.2749384326332,16.629395
2017-11-21,317.06015,64.23938,1319.7563,457.25684,1255.517,18.9915,1015.73975,19.009491,0.011766854492186951,-6.789917138671875,687.7295914240967,139.34050829072268,21.040558
2017-11-22,405.94717,65.467384,1521.8175,579.955,1456.3501,20.967312,1016.41095,16.122967,-1.0035421408691398,-8.476196785156251,956.3398112485992,154.2295894144081,21.64447
2017-11-23,332.28265,65.6722,968.7974,507.36865,903.12524,20.779623,1015.1516,13.482259,-1.5786289683837893,-6.0731205429687485,765.5241419109984,151.29786740810698,21.532043
2017-11-24,311.5706,64.44205,1142.5446,462.0278,1078.1025,21.356802,1011.2309,12.587934,0.7365459866943347,-5.647888433593749,700.8373446936951,144.95396886315308,21.973206
2017-11-25,307.0736,64.87584,1140.2587,418.7209,1075.3828,20.92736,1012.451,13.301349,0.46819053466796845,-5.296020630859374,643.7658174507812,136.00923861455078,21.680328
2017-11-26,305.75192,64.837326,860.8181,429.4399,795.9808,19.966093,1015.40015,9.221232,0.8064930633544911,-2.631439484375001,472.0245878513306,100.09687541797486,21.193604
2017-11-27,512.9331,111.59038,1286.6552,592.91754,1175.0648,11.143341,1014.0251,11.693463,-3.2435649355468748,-0.6244202265624992,2053.7793840189943,446.80683495118564,18.032593
2017-11-28,450.7256,112.2701,1335.2593,585.4679,1222.9891,10.047893,1014.6648,7.026483,-3.288089429504394,-8.587707068359375,1232.3775028750001,306.9698150263672,12.25943
2017-11-29,473.86588,77.91126,1273.2524,696.8779,1195.3412,11.815379,1015.2089,9.185374,-3.33936785723877,-8.38330107421875,1096.9460965060455,180.35579211647416,12.871399
2017-11-30,404.86328,199.22624,1002.55444,486.08997,803.3282,13.005961,1016.5623,12.985932,-2.2770675818481454,-6.932159591796875,762.6207197265625,375.27251086654667,13.996368
2017-12-01,412.94217,64.01677,1318.3407,578.5315,1254.324,14.256583,1014.8835,14.4997635,-2.3768677861938485,-7.16262853125,591.7016132826477,91.72912955561218,15.22998
2017-12-02,344.69302,63.9695,1154.1218,466.17712,1090.1523,15.455344,1014.0124,11.762397,-1.5534927998657224,-6.954467388671876,568.9020133962982,105.57909704108391,15.739777
2017-12-03,324.49088,73.75761,972.90906,396.13055,899.1514,13.281877,1014.77563,12.287773,-1.5932224359741216,-3.64791918359375,662.694020996173,150.63204719691925,15.398987
2017-12-04,717.19727,107.70076,2444.3555,918.91156,2336.6548,8.857208,1014.9629,5.7625103,-3.1289367480468755,-5.436950931640624,2947.794365765625,442.667182938794,12.474945
2017-12-05,715.3474,185.44608,1422.1959,762.90643,1236.7499,5.2523627,1019.76855,3.5139742,-6.706804271881104,-9.574554298828126,5062.996495001221,1312.5270519859314,7.2885437
2017-12-06,481.4752,95.21843,1274.8279,613.5391,1179.6095,8.679558,1022.0988,4.0180564,-4.513271199707031,-9.932037185546875,2438.717332748886,482.2903438904953,10.99881
2017-12-07,471.3749,73.35373,1383.0708,695.94183,1309.717,10.616757,1024.6266,3.5566266,-4.1036866071167,-8.818236830078124,2913.412425430325,453.3751424039154,11.674774
2017-12-08,558.3511,63.69017,1370.8706,784.25104,1307.1804,11.482503,1027.2499,5.345262,-3.3420810626831052,-9.170990103515624,1831.4239636349123,208.9074589438156,13.306244
2017-12-09,372.95767,64.341705,1393.6714,512.62195,1329.3297,13.624719,1023.4165,5.12074,-2.3142153339233396,-9.335784957031251,1324.7032460798675,228.53442165279236,14.382019
2017-12-10,316.58072,63.94433,1190.7134,443.04147,1126.769,13.915416,1021.48395,4.281815,-2.389472236145018,-9.573242607421875,1559.846388044922,315.0644482211914,14.123077
2017-12-11,382.87344,64.28934,1446.7499,528.7266,1382.4606,13.930195,1021.28326,4.707852,-3.4365331452636703,-9.76791378515625,1073.333092331305,180.2263233680969,14.48822
2017-12-12,277.48996,64.05496,1156.5477,392.06143,1092.4928,14.510056,1021.36206,2.7165184,-1.1001734580078129,-8.138885933593748,816.6275611152191,188.50789260255434,15.590393
2017-12-13,293.34082,64.41142,1315.7723,402.89987,1251.361,16.173409,1016.10504,3.5247211,-0.21919849169922045,-7.837188390624998,732.3668363021485,160.8122246193512,16.667725
2017-12-14,302.21982,64.013145,1093.5839,393.94772,1029.5707,15.486421,1014.499,5.1865067,-0.46573236859130773,-5.809814630859375,864.5160189228608,183.11304005641708,16.992828
2017-12-15,297.18393,64.26128,1095.3357,398.56024,1031.0745,15.344239,1018.33887,5.781338,-0.762335765075683,-7.352569484375,861.5910418912812,186.30529604006196,15.9904785
2017-12-16,501.64993,64.06062,1677.4236,613.1578,1613.3629,11.618228,1009.55743,10.889089,-2.3109860413208008,-2.7976993398437493,1066.0352030264282,136.1325397501526,15.197327
2017-12-17,552.616,107.86594,1689.832,702.9483,1581.9661,7.0961823,1011.49286,9.66986,-5.069839653656006,-8.50778125,3130.474195095642,611.0418682152405,9.230469
2017-12-18,445.61206,81.31387,1322.7681,626.99664,1241.4542,7.888954,1018.5552,7.5181317,-4.372639837402344,-9.219421734375,1293.9182591816161,236.11009371448057,9.720947
2017-12-19,295.06665,68.34694,986.5544,366.73026,918.20746,11.034673,1020.09845,9.793355,-2.5168062628784185,-6.434997677734376,488.44937916352535,113.14060711549376,11.98233
2017-12-20,435.66928,121.90817,1350.5837,534.2596,1228.6755,9.532265,1018.24554,11.427375,-1.6569252905273437,-3.6285400957031246,1253.13833846055,350.6508526681549,11.047577
2017-12-21,771.7085,346.99396,1618.2964,954.13477,1271.3025,1.6782736,1019.0701,3.6393147,-6.478784441383361,-8.122192333984374,4820.621739021777,2167.562782313391,4.8822327
2017-12-22,529.9209,194.29791,1164.1454,717.96265,969.8475,5.076449,1022.8762,4.3060875,-4.0704770826110845,-7.76708980078125,1351.4728469595702,495.5236788564331,8.411804
2017-12-23,248.9049,91.687904,860.1272,353.6089,768.4393,11.149447,1021.25244,7.227074,-0.3673905588989257,-6.027283044921877,494.24873194543454,182.06402986817167,12.952179
2017-12-24,242.6791,72.58816,945.96313,332.03668,873.375,14.502233,1018.9795,8.781609,1.6342885515747074,-6.051391189453124,496.57182751267857,148.53044712003708,14.979706
2017-12-25,253.07121,80.27034,968.1888,363.90924,887.91846,14.152291,1017.095,7.211357,0.41966729791259816,-4.6679683632812505,284.30131393753055,90.1760531070984,14.738953
2017-12-26,193.6436,87.23876,630.0335,246.98224,542.79474,13.921104,1017.2705,12.221448,0.29950443115234293,-4.144958628906249,209.95522724202118,94.58734518228684,14.674255
2017-12-27,311.3926,63.729065,1286.7137,441.5794,1222.9846,14.63393,1018.9246,9.999489,-0.3848367937011723,-7.22766083984375,573.7089014030427,117.41425717957154,15.908264
2017-12-28,277.49487,63.7429,1182.6818,399.19168,1118.9388,16.099483,1018.5762,8.517449,-0.18950451000976543,-7.114929609375,549.6527981983886,126.25985998192063,16.863525
2017-12-29,400.70337,96.65172,1237.3687,571.14014,1140.7169,17.437052,1017.82745,7.0454392,0.13396077307129062,-7.770508066406251,942.4112486065674,227.3144510047531,17.690857
2017-12-30,273.12045,63.896633,1003.37976,381.8254,939.48315,16.568659,1016.9655,6.3030853,-0.3365571712646478,-4.30511511328125,400.03051435964966,93.58728998326492,17.836609
2017-12-31,289.86444,87.582436,824.353,361.69913,736.77057,14.24396,1016.3333,8.991175,-0.029895619445801103,-3.1850899707031246,284.9683232545569,86.10307543311082,15.54953
2018-01-01,370.5333,98.993,1169.2324,528.03815,1070.2394,14.6232605,1018.7928,11.996633,0.44990249804687465,-6.0081181464843745,647.2483002096558,172.92116377578736,15.080475
2018-01-02,259.96536,65.57636,890.16675,404.8262,824.5904,15.134673,1019.0889,13.6987,-0.5722438814086921,-6.727233556640623,408.39869548210146,103.01872788648606,15.433929
2018-01-03,386.89917,64.44626,1219.082,509.03976,1154.6357,14.286492,1017.2666,14.5742235,-2.2299546522827143,-5.167816369140624,809.236910971582,134.7955623660278,15.491547
2018-01-04,682.41315,64.112434,1297.814,801.02057,1233.7015,12.699563,1017.9432,18.89879,-3.820709973571777,-7.500304835937499,829.0756062458374,77.89131209337616,13.739868
2018-01-05,363.03772,63.789875,1090.6588,441.6338,1026.8689,11.962406,1019.6875,16.20852,-3.553566841552735,-6.988342218749999,589.3232690621338,103.55083134161453,13.633301
2018-01-06,233.15071,63.824997,772.77576,302.49533,708.95074,13.583613,1019.09503,21.560547,-2.047040604309082,-4.25094603515625,442.08044392536164,121.01950217601775,14.640564
2018-01-07,347.82004,63.35749,1358.7224,462.2336,1295.3649,12.008101,1017.4388,20.64575,-2.926355536682129,-7.909362607421876,683.1353540291168,124.4371715864708,13.248077
2018-01-08,474.17123,164.07942,1306.3407,566.09814,1142.2612,12.064015,1013.7951,26.247248,-4.093294611511229,-6.889648060546875,1194.146956311853,413.21558177258913,13.328888
2018-01-09,805.7442,128.23557,1533.5883,761.02094,1405.3527,6.7111855,1007.5651,22.355612,-6.436251544677734,-5.9985656933593745,5180.66078019972,824.5110071095643,9.312164
2018-01-10,522.4683,263.4858,952.63257,671.58636,689.1467,5.955233,1012.7471,16.507309,-5.1607729029235845,-8.039001193359375,1769.8119133318603,892.5332006376831,8.226227
2018-01-11,323.4191,84.76104,938.4222,399.1304,853.66113,12.583358,1019.1599,14.277069,0.10763931097412183,-5.181640810546874,636.7112646654144,166.86803331552198,14.645294
2018-01-12,244.03621,63.310345,907.6654,366.2566,844.35504,15.616357,1020.3525,13.560733,0.21467784967041048,-5.90328969921875,449.84888035882267,116.70435211614151,16.158508
2018-01-13,356.38358,64.14351,1191.4875,429.6334,1127.344,14.889806,1019.8472,8.168017,-1.1470612062377938,-7.66699221875,1446.4996347337647,260.34746998675536,16.023926
2018-01-14,245.54787,64.14188,847.09326,358.38812,782.9514,14.200257,1019.876,10.850303,-1.513678698669434,-6.225372238281249,789.3034276605606,206.18139922358705,15.084656
2018-01-15,226.05269,63.782646,653.05194,330.3386,589.2693,13.978469,1018.2839,12.284129,-1.1275501050415038,-5.177673333984377,281.0916355343262,79.31234281867677,14.288483
2018-01-16,186.102,63.573147,922.62695,253.52325,859.05383,14.105442,1018.4974,13.713191,-1.02688895288086,-5.067963076171875,237.03857041953123,80.97326968027343,15.018097
2018-01-17,273.43762,63.802567,1145.545,388.94803,1081.7424,14.320985,1019.55963,17.642057,-0.9617111596069332,-7.309082320312498,562.5247901895264,131.25671982572936,14.683472
2018-01-18,294.56763,64.17398,1045.7124,394.90677,981.53845,14.558394,1017.81226,16.592821,-1.8121135679321299,-6.295989609374999,647.5133437213623,141.06610852361754,15.394775
2018-01-19,372.07645,63.84967,1096.7277,435.10477,1032.8779,10.479027,1014.76953,17.233732,-2.773207205566406,-3.0434866406250016,734.3541110163758,126.01783421019287,13.898193
2018-01-20,779.5114,428.48636,1639.476,914.55896,1210.9896,1.9419848,1015.0256,10.286019,-7.74092522731781,-7.165160863281249,4195.214826313812,2306.050037687369,5.79364
2018-01-21,616.1895,252.14973,1568.2017,793.908,1316.0519,2.692796,1022.77814,6.115717,-5.4548910081024164,-10.234009025390625,2094.0091497607423,856.885485736084,4.016449
2018-01-22,454.34293,79.7878,1482.3875,618.1726,1402.5996,5.080625,1024.0795,9.34085,-5.470936942779542,-9.806701173828124,1278.3958223593293,224.50089793091965,7.321747
2018-01-23,405.75742,62.95634,1467.5295,603.2994,1404.5732,8.689403,1021.1867,7.453175,-3.41366541973877,-9.368957484374999,1248.2493103126283,193.6753486593727,10.4279785
2018-01-24,380.30997,63.21325,1255.0521,560.23505,1191.8389,10.745335,1019.22003,4.8149066,-2.0009763747558598,-8.535430419921877,1198.6563143382753,199.2347476475418,11.79007
2018-01-25,467.76248,82.40775,1323.3762,573.9028,1240.9685,7.5111403,1016.9453,8.267156,-3.783369653472901,-3.27319354296875,1633.0783368919524,287.70652087150194,11.641418
2018-01-26,624.58966,231.90468,1552.8087,785.60175,1320.904,3.793279,1020.70197,7.0924945,-5.549049067428589,-9.579345232421876,2092.6670465307006,776.988971939621,6.660187
2018-01-27,393.89917,62.55403,1174.8059,583.98956,1112.2518,8.243477,1022.16064,10.176248,-3.1340231323242183,-8.514435248046876,1451.475900051758,230.50484977069092,10.427521
2018-01-28,323.21176,63.698147,1224.694,472.07214,1160.9958,13.235844,1021.9959,9.772311,-1.7724773415527348,-8.990905294921873,1658.8856586154784,326.93099334658814,14.604523
2018-01-29,330.63058,64.143295,1247.6218,485.84268,1183.4785,15.777415,1020.2806,6.8105063,-1.4152057244262686,-8.933746320312501,1616.2446314120484,313.5561603874207,16.136597
2018-01-30,218.63092,64.54865,728.1748,335.1882,663.62616,16.196539,1017.0335,6.5588584,-0.6393810748291031,-6.399414041015625,592.5163361052612,174.93468488502043,16.596283
2018-01-31,306.84494,63.938957,1254.6884,419.39493,1190.7494,16.49645,1013.9741,9.356559,-0.5848845758056633,-6.628204011718751,467.16890530398564,97.34653805940705,17.161438
2018-02-01,343.76797,64.158394,1335.3456,466.47287,1271.1871,16.296148,1014.1204,7.601149,-0.5380876998291022,-6.341552804687499,546.0443170530854,101.9098023117485,17.11145
2018-02-02,348.36658,64.330925,1359.9542,498.8626,1295.6233,16.080141,1016.81305,10.858649,-1.219680932495116,-7.420013029296875,741.7759076224366,136.9796455837326,16.622345
2018-02-03,404.3137,64.1337,1418.0166,595.08734,1353.8829,15.90673,1017.854,11.393196,-1.540723301818847,-6.677917619140626,656.9713367509461,104.21116575210571,16.878265
2018-02-04,376.18848,64.09651,1436.2003,526.3667,1372.1038,16.362461,1016.4621,10.472702,-0.7248889099121101,-6.9691462578125005,722.043634837793,123.02471041342622,17.09851
2018-02-05,470.62802,156.68695,1379.5844,612.55707,1222.8975,16.439827,1014.3159,10.934176,-0.9130900346679702,-5.579589296875,619.473827894696,206.24242658846435,17.06372
2018-02-06,388.99155,63.70828,1342.8678,514.3981,1279.1595,15.350418,1013.1253,9.951293,0.09892709082031281,-5.085723505859374,630.903055531311,103.32807490250396,16.697906
2018-02-07,552.09326,78.81604,1408.8651,765.0156,1330.0491,13.852517,1019.93036,6.9522033,-1.7130348720092776,-7.963531374999999,1459.6272018449706,208.37428014349365,15.322266
2018-02-08,396.90414,64.22795,1464.5708,554.2435,1400.3429,14.828915,1020.022,7.6552196,-1.8307593576660146,-7.6324469335937515,921.8732606986541,149.17967351695404,16.902893
2018-02-09,397.6534,63.97349,1337.1115,579.64825,1273.138,16.741644,1014.75494,8.104923,-0.4159320943603504,-6.0289912988281245,603.8445794549133,97.14501377405777,17.351044
2018-02-10,372.4137,90.03703,1072.0918,456.86652,982.05475,14.637345,1011.1406,10.777089,1.1099183140258795,-1.7860107792968734,631.084652492041,152.5749195036804,17.016876
2018-02-11,517.12164,148.83055,1453.3574,675.6127,1304.5269,9.487275,1012.11554,9.167333,-3.4079568764038086,-6.962372042968749,1808.7405079265136,520.5658093928832,12.086731
2018-02-12,778.0828,162.2288,1651.6055,775.123,1489.3767,4.896253,1009.601,9.722599,-6.485197891021729,-5.261871376953126,3151.3417261773316,657.0488228999054,9.859589
2018-02-13,1254.7355,703.1744,2188.6794,1519.8157,1485.5051,1.8901024,1016.90546,9.774994,-8.46202861352539,-10.9632871171875,3958.6517734589356,2218.4935030568117,4.848755
2018-02-14,1177.5739,698.09174,1649.6007,1156.0459,951.509,4.775747,1019.999,16.149353,-7.041126177642822,-9.979339798828125,2557.4239227520143,1516.0972720843201,5.796356
2018-02-15,848.0695,99.10604,1910.0837,1147.3583,1810.9777,5.985967,1018.82196,12.6180725,-6.838586840728759,-9.934234201171876,2053.454896440033,239.9682814855156,8.563019
2018-02-16,967.0296,516.6907,1700.7628,1212.7421,1184.0721,7.478273,1020.6165,5.854879,-5.546287085113525,-10.163116480468751,3276.991392626001,1750.919400186035,9.5564575
2018-02-17,450.70117,63.251316,1456.6494,599.901,1393.3981,10.09637,1018.90314,5.863033,-3.5736282566528317,-8.694336232421875,981.7093602374999,137.77290344172363,12.035187
2018-02-18,431.76892,68.2938,1302.8505,523.4354,1234.5566,8.57307,1014.445,8.070435,-4.14743842755127,-5.246277124999999,1319.4499854451904,208.70018549640656,12.091797
2018-02-19,1011.9619,297.63382,2293.916,1126.8292,1996.2822,1.1044846,1011.9582,6.5140953,-7.354632441894532,-6.5420223183593755,6561.975246792676,1929.9795076795808,7.3492737
2018-02-20,1151.2487,559.67,2043.2902,1421.7401,1483.6201,-1.7621092,1019.24335,4.008654,-8.00976716042328,-11.002807619140626,4639.305292637573,2255.3597761412966,1.3782654
2018-02-21,1199.0333,470.34656,2269.912,1231.3657,1799.5656,-0.16251118,1021.04706,6.543466,-7.802206784811592,-11.19812019140625,2366.2754808063964,928.2223466057129,1.4545288
2018-02-22,898.0516,366.5751,1832.3627,1119.7306,1465.7876,0.44811758,1022.3089,7.990541,-7.557886416009904,-11.28961228515625,2621.8916570849306,1070.2282956926117,1.4647827
2018-02-23,1056.2701,563.04816,2046.7916,1250.2231,1483.7434,-1.1765543,1022.3461,5.899029,-8.412390322242736,-9.94531287109375,6063.348688370971,3232.0872930028686,1.3648071
2018-02-24,818.07367,301.1905,1780.2456,1079.9526,1479.0552,0.77232486,1025.2274,3.1423929,-6.402534639904022,-9.777404798828124,3151.2009589638064,1160.1788428823854,4.890106
2018-02-25,572.84845,157.2232,1591.5906,731.0139,1434.3674,3.8088481,1021.62036,5.7813478,-5.082543857376098,-10.037933748046875,2016.2257595871276,553.370576860199,6.8103333
2018-02-26,520.08966,62.679855,1386.0142,676.11487,1323.3344,5.787996,1017.1323,6.2137604,-4.564977184722901,-8.422271720703124,1634.6866351345093,197.00818835814513,6.951874
2018-02-27,1068.9757,417.41653,1973.5104,1099.9357,1556.0939,-0.5918948,1013.58624,9.908155,-8.286201805431366,-7.454193029296874,3899.4762917550784,1522.6780810629884,4.38797
2018-02-28,804.41595,357.8633,1544.8438,1001.9646,1186.9805,1.2184881,1019.82477,8.559838,-6.310038202809143,-10.26605270703125,1686.2698154642333,750.1766931057739,3.8078003
2018-03-01,757.37036,403.52917,1379.2451,813.5347,975.71594,3.146632,1020.77814,11.747459,-6.062543043899536,-10.4167172734375,1936.8097438319824,1031.9379759087158,4.0377197
2018-03-02,655.3007,269.21765,1018.08813,614.3469,748.8705,3.544337,1017.89386,13.83065,-6.5053999657745365,-8.049163865234375,2971.901150247833,1220.9482197774048,4.909088
2018-03-03,842.5101,380.32584,1629.5288,919.7047,1249.203,2.6052818,1015.9404,13.154035,-7.677604170166015,-7.760131775390626,3782.7213463659978,1707.5958008803132,4.801605
2018-03-04,884.30853,402.8048,1821.0338,1052.9644,1418.229,0.50355405,1020.08984,6.8789043,-7.862968953845979,-10.703735630859375,3335.7023385941407,1519.4209889117187,3.7740784
2018-03-05,930.2405,374.9228,1747.4249,1047.4176,1372.5022,4.4900603,1020.7775,5.761186,-6.511929670562743,-10.312591015625,3158.4194499707028,1272.9648528393554,8.064209
2018-03-06,667.40314,131.43164,1673.7468,952.865,1542.3152,8.6998825,1017.5034,5.2534766,-4.794449492675781,-9.004149939453125,2180.889249126709,429.4823264296875,12.046112
2018-03-07,445.7184,119.59059,1447.6124,674.2591,1328.0219,11.7849,1016.25586,8.978474,-2.7196782883911137,-7.421143000000001,551.9235294900055,148.08645817087555,12.4375
2018-03-08,384.14627,63.426155,1282.666,542.4245,1219.2399,11.916893,1016.10443,11.04543,-3.1116969946289057,-7.384094537109377,721.9420286943817,119.19940544669724,13.263824
2018-03-09,514.1364,63.469707,1323.3502,585.8875,1259.8805,12.694587,1013.84247,15.700149,-1.7603272461547856,-6.5282595878906235,1007.4496854349853,124.3688156610733,13.390472
2018-03-10,360.3535,74.84528,946.642,433.29056,871.79675,9.295139,1013.72363,25.035795,-3.758047687255859,-4.796355966796874,834.1467878568878,173.25197453293993,12.021759
2018-03-11,1036.4253,187.4585,1896.6202,746.2045,1709.1617,7.5509543,1015.3352,22.10319,-6.026631658111572,-8.475250203125,2662.6393850094723,481.592236449707,10.194092
2018-03-12,851.6486,167.76535,1723.0256,831.0641,1555.2603,11.350273,1017.48584,19.91572,-4.160843867675782,-7.374023287109374,1424.2317464865234,280.5578875327148,14.392731
2018-03-13,692.4067,63.271736,1186.4818,879.8766,1123.2101,12.024376,1016.0262,21.692728,-3.355453084472657,-5.480499554687501,1496.0858771523438,136.7114933754883,14.271606
2018-03-14,815.1995,204.52136,1413.3848,832.04706,1208.8634,5.9509673,1015.4436,15.75265,-7.4555066881408685,-6.987488058593751,3493.47503398045,876.4606113682495,9.916565
2018-03-15,858.5337,396.59372,1608.9425,983.51544,1212.3488,3.6678684,1014.34937,12.103156,-8.250101624221802,-10.638061876953124,4224.049293211914,1951.270447788757,5.445526
2018-03-16,811.2593,313.19437,1550.4556,927.6438,1237.2612,2.8391368,1015.41846,9.341801,-7.286904161087037,-9.074981771484374,2873.363944645264,1109.2895025923006,5.258209
2018-03-17,1004.90936,514.1327,1707.8594,1030.6228,1193.7267,1.7210464,1015.2941,11.769824,-8.578507552246094,-11.079131865234375,4553.775417413178,2329.8069394638064,2.7840881
2018-03-18,889.20874,376.88852,1882.221,1057.6993,1505.3324,1.7300339,1018.5096,8.7839155,-7.633279125488281,-10.30249028515625,2597.161763291992,1100.7994040389403,4.9647827
2018-03-19,789.66425,214.32579,1855.9247,891.32916,1641.5989,6.403929,1018.7324,8.410487,-5.865970766448974,-9.72152665625,1730.9414994416015,469.8014467258301,9.665527
2018-03-20,469.40286,84.291374,1117.4631,571.54333,1033.1718,9.529481,1016.2663,15.508311,-4.539415065856934,-7.885651435546876,688.631508085904,123.65859002925644,10.104279
2018-03-21,508.45602,166.50627,925.8457,518.22656,759.3394,10.652301,1014.27496,24.962915,-3.932858165344239,-7.219573525390626,907.5087859136596,297.1857879306335,11.180511
2018-03-22,678.5486,64.01334,1470.3105,422.03943,1406.2972,10.716348,1014.48004,26.420456,-4.207763305603027,-5.185485794921874,2078.4549749875487,196.07859488613738,12.456085
2018-03-23,700.8967,171.39813,1461.574,895.6186,1290.1758,7.1963944,1017.633,14.890426,-6.432839556488037,-9.543365384765625,2202.7813223245116,538.6708044203369,8.477631
2018-03-24,727.4302,239.58319,1538.0098,850.10803,1298.4265,6.5429344,1015.9747,8.370189,-5.2843315822753905,-7.34277381640625,2182.063860100977,718.6749186316163,8.476013
2018-03-25,791.5699,237.64673,1648.2927,906.9531,1410.646,3.2320354,1015.7754,9.129683,-7.510568601516724,-10.11868266015625,3142.7076188736146,943.5101034280517,5.2557983
2018-03-26,976.7128,242.92041,2436.07,1283.6373,2193.1497,3.327835,1015.9843,6.8910117,-7.027721416992188,-10.275512720703126,4249.276385586298,1056.8469371773926,6.8659363
2018-03-27,1317.5968,741.5533,2280.866,1638.2664,1539.3127,7.048163,1018.8848,5.653307,-5.315973062835694,-9.635895128906249,6821.789848385144,3839.354084628803,10.416443
2018-03-28,690.6094,63.290665,1626.8772,1037.273,1563.5865,12.056397,1018.4085,9.806687,-2.9616295619506836,-7.169311859375,1319.628548475,120.936915972583,15.093994
2018-03-29,576.3108,71.30733,1652.7571,775.48883,1581.4497,15.203598,1016.3928,11.1764555,-0.9763119775390621,-6.317596025390625,844.3918408953857,104.47717842861175,16.969574
2018-03-30,629.40936,63.934746,1596.5938,818.95825,1532.659,17.00144,1016.076,11.186284,-0.8077499517822275,-6.046203500000001,1071.6627815635313,108.85838622784804,18.460938
2018-03-31,478.57837,63.91297,1064.7069,709.78656,1000.79395,16.445972,1014.8205,8.544282,-0.583002557373046,-4.066864380859375,825.3792750394775,110.22738485693436,18.35611
2018-04-01,397.82593,89.38989,1105.8162,540.5157,1016.4263,14.663896,1011.9484,12.437009,-0.21415139300537156,-3.735595419921875,458.14393685412597,102.94310763991699,15.47757
2018-04-02,486.1268,135.96225,1264.4929,564.8234,1128.5306,12.696495,1009.42236,12.107501,-0.7036059438476556,-4.3425296972656255,964.4469880097535,269.74110893533935,15.433685
2018-04-03,629.12054,165.47792,1578.3802,814.3076,1412.9023,13.053344,1011.6735,17.357214,-1.7453022271118162,-6.208709224609375,1653.287583375824,434.8651363548965,15.229645
2018-04-04,538.6451,151.43939,1232.387,732.014,1080.9475,15.073785,1014.88837,14.975464,-0.108512171813965,-4.867004421874999,1212.647468447522,340.9343221846069,15.983643
2018-04-05,460.18448,146.33128,1132.7954,579.08417,986.4641,14.775912,1014.87305,14.030872,-0.13388271514892658,-4.266876466796877,961.2055440908813,305.6479467101013,16.342072
2018-04-06,472.03647,121.65665,1174.0537,577.0597,1052.3971,14.599866,1012.50073,27.051542,-0.9465700866088866,-5.56735194921875,1563.3339453637482,402.91371154399104,16.217102
2018-04-07,424.14493,68.60109,1059.9744,562.15784,991.3733,15.006046,1011.34296,35.186016,-1.738221704833986,-6.444854753906249,1690.752130261609,273.4618063811707,15.422302
2018-04-08,489.54248,71.094185,1403.9788,710.42224,1332.8845,13.712306,1012.01434,9.240205,-1.9981849773559563,-6.672149253906252,1691.1806003475588,245.60300904596102,16.648865
2018-04-09,651.3744,63.727768,1883.3236,802.2223,1819.5958,18.312414,1012.59894,7.100949,-0.35516183068847695,-7.624359435546875,2167.5671573812865,212.06577815242767,20.526154
2018-04-10,639.23663,65.03456,1495.0974,824.1547,1430.0629,19.653511,1014.2705,9.810242,-1.434114952636719,-6.42807051953125,1282.0260159621216,130.43057139845277,20.615417
2018-04-11,437.642,63.66015,1142.284,564.7403,1078.6239,17.25703,1012.624,12.372368,-0.9734395129394535,-4.6705628085937505,1237.3999270179747,179.9942957136154,19.311096
2018-04-12,693.8054,138.71455,1488.1086,728.61285,1349.394,7.2768097,1014.6963,7.782021,-6.048783307617187,-4.815673519531249,4597.708785410693,919.2334111402008,14.2404175
2018-04-13,710.5598,158.20769,1679.2292,928.5447,1521.0216,8.397452,1020.4414,5.058026,-5.371974645568848,-9.310241951171875,4232.424665196533,942.3585525975799,12.7388
2018-04-14,665.8165,64.26305,1871.4713,846.9193,1807.2083,13.691112,1022.0003,5.3470044,-3.7101964353637698,-9.070922482421874,1858.571842360913,179.38498552014465,15.7344055
2018-04-15,405.67026,63.822617,1167.1716,533.0937,1103.349,14.105697,1015.6285,8.09596,-2.6439833218383804,-6.513062080078125,1046.4200198075134,164.62943106341248,15.670868
2018-04-16,650.643,77.90644,1624.9089,679.2205,1547.0024,8.658044,1013.5586,10.099217,-4.49793113861084,-4.321716052734374,2918.3958279633175,349.44175182890166,13.476471
2018-04-17,900.8797,299.98767,1905.4744,1098.8846,1605.4867,3.4518383,1019.53345,6.6013703,-7.465161745071411,-9.57595858984375,4017.647250977429,1337.8530359871338,8.78717
2018-04-18,967.1272,417.38574,1542.5449,1000.50397,1125.1592,8.96579,1017.1879,7.342233,-4.639609205078125,-9.537414927734375,3001.33689559043,1295.2952116976562,9.165924
2018-04-19,897.86865,244.19054,1762.1528,925.6992,1517.9623,4.1109962,1015.6619,9.764538,-7.30571275366211,-8.024841015625,4415.95282487915,1200.9929143274917,8.298584
2018-04-20,805.3117,113.22452,1711.5032,1145.051,1598.2787,7.94317,1017.8719,9.337499,-4.998719929351807,-8.072479501953126,2036.6321784107788,286.3446470581848,13.6076355
2018-04-21,669.2241,65.87925,1857.7754,877.15796,1791.8961,15.689072,1016.82587,8.957177,-0.839620344726562,-7.0607295878906235,1425.2443353313477,140.30281382564544,17.968597
2018-04-22,729.6447,124.535736,1759.48,817.1192,1634.9442,17.707298,1012.97955,11.3413,-1.6708617211914074,-6.430908654296875,1504.1003399496642,256.7197970388458,19.14383
2018-04-23,550.37634,64.13321,1346.9073,675.4967,1282.7742,17.69419,1012.8914,10.540071,-0.690528928344726,-5.579040197265623,1027.1017636580077,119.68416370463866,18.925873
2018-04-24,524.3565,82.94163,1294.7239,681.7452,1211.7822,17.670029,1013.50995,8.697862,0.007402686523438007,-4.664244990234376,880.1046574453553,139.21313415075304,18.469635
2018-04-25,560.0503,194.96281,1319.7849,684.76245,1124.8221,16.919199,1014.8807,11.867679,-0.2716750101318368,-4.7460020078125,1059.5907361041016,368.86114433565064,18.118042
2018-04-26,431.89633,115.98598,1011.5724,576.31104,895.5864,16.253832,1014.1423,15.334019,0.51902286340332,-3.340270146484375,1075.7121004848632,288.88302573706056,17.62735
2018-04-27,498.3502,130.60187,1162.6586,587.67236,1032.0566,14.729294,1013.4992,10.617314,0.2451638232421871,-3.4037471972656235,1373.7521814085053,360.01712149524536,17.378998
2018-04-28,553.2735,119.30392,1354.0569,693.7681,1234.7529,11.827824,1012.40155,8.820863,-2.729420361083985,-6.748870816406249,1764.6360574636597,380.5134245011795,14.101013
2018-04-29,613.6547,143.17365,1368.0847,725.7082,1224.9111,9.901473,1012.5623,10.806938,-4.116857954650879,-6.809936111328124,2238.166490705731,522.1934127434143,12.377411
2018-04-30,719.45215,163.66876,1446.5198,867.7076,1282.8511,7.181009,1013.41895,13.184067,-6.334064184234618,-7.814422605468749,2490.2250445628906,566.5033477844482,9.804504
2018-05-01,979.49286,490.80804,1702.5144,1041.8849,1211.7063,4.6679215,1011.55414,13.73286,-7.201413456878662,-8.3478091640625,3711.172871337268,1859.6087587675902,6.603882
2018-05-02,975.2542,465.6384,1815.1147,1167.0234,1349.4763,4.550036,1013.68414,16.98647,-7.962655546478272,-10.265349919921874,2461.4736544201355,1175.2388595789093,7.813507
2018-05-03,873.00244,260.94034,1967.9288,1075.5457,1706.9885,10.49052,1019.3941,15.284787,-4.443055476379394,-7.365783435546874,1794.6244839802732,536.4130699570678,15.073029
2018-05-04,1120.369,401.66406,2136.0498,1351.9497,1734.3857,15.878339,1019.78094,12.028264,-3.2136161862182604,-8.218780427734377,2166.8844317752687,776.8508316640625,18.814362
2018-05-05,843.76984,171.93388,1699.9089,911.30963,1527.9751,19.16184,1015.2889,11.114469,-2.266479561157226,-6.706756195312501,1978.3073148410033,403.11711208860163,20.88855
2018-05-06,501.4152,95.810104,1174.0226,625.8266,1078.2125,19.782198,1012.624,9.053821,-0.9247970477294913,-4.979065673828124,1545.0175495619935,295.2209967750824,20.813934
2018-05-07,532.8936,89.83182,1300.0786,690.33014,1210.2468,18.456535,1014.5159,9.476059,-0.3383716606445297,-5.595947560546875,1154.7819040837585,194.665791343515,19.5242
2018-05-08,464.1815,81.29408,1130.5706,609.05994,1049.2765,19.987549,1013.4683,11.733275,1.2363108281249993,-3.1136780585937487,679.0726368705323,118.92888554183351,22.197815
2018-05-09,477.30283,92.5748,1237.6665,651.06775,1145.0917,23.253134,1011.00146,17.860332,3.7034357738037116,-2.8884882324218744,1045.3150492511659,202.74304882470094,24.675812
2018-05-10,572.82367,118.8678,1179.206,715.05347,1060.3383,19.819727,1009.08,14.269409,1.1015229439697265,-1.2763371093749996,1483.3121131476198,307.80509574743655,24.230713
2018-05-11,582.509,231.9878,1158.1385,695.6445,926.15076,14.143597,1007.7461,16.688631,-1.9180603508300784,-4.100159080078125,1978.7609596154418,788.0537635762695,17.639618
2018-05-12,936.11395,481.5023,1662.1995,1066.1348,1180.6971,7.87314,1010.6794,15.87363,-6.933081141754151,-8.036773529296877,3172.9293165410218,1632.0371295291045,11.067657
2018-05-13,868.6079,367.96567,1547.0708,985.1053,1179.1051,7.553785,1014.27515,15.602371,-7.466689152740479,-8.939818808593749,2726.385987233691,1154.9704170746033,11.295471
2018-05-14,808.9429,226.94542,1578.2803,944.0203,1351.3348,10.357406,1013.58307,17.347961,-5.570747337463379,-8.685820654296876,2861.7427532131346,802.8495364716568,12.268829
2018-05-15,717.5703,325.65826,1296.8911,812.0984,971.23285,11.656776,1014.29486,14.617913,-4.221054571777344,-6.850646623046874,2317.960994092969,1051.9709923580017,14.468536
2018-05-16,697.4468,251.9165,1311.7888,892.2432,1059.8723,12.961604,1014.8785,11.087241,-2.5446708816528325,-7.340087841796876,2288.6979633416995,826.673530012207,14.679962
2018-05-17,637.4832,109.42552,1456.7506,764.8438,1347.3251,11.914485,1012.9456,11.808277,-3.772438022277832,-6.7062375605468745,1949.1253303405763,334.57203467486573,14.414825
2018-05-18,728.2476,205.12874,1582.6632,939.2089,1377.5344,11.378436,1011.83966,15.573738,-4.514378911437989,-7.817108310546875,2319.011838786273,653.2063545569748,14.715607
2018-05-19,777.85724,247.21289,1523.7738,920.3639,1276.5609,14.167012,1010.6514,19.018036,-2.6688087853393547,-7.4965825156250006,2580.2623722263734,820.0400893845703,15.4938965
2018-05-20,666.41425,223.07854,1359.2429,812.8564,1136.1644,14.161892,1010.4575,18.196304,-2.5730530627441404,-6.660888873046876,2281.7124110299683,763.790795042038,15.27713
2018-05-21,748.5003,340.16058,1392.8761,866.7695,1052.7156,10.235154,1010.1379,19.831974,-4.987540848083496,-5.484314011718752,2866.3792240695557,1302.6437299201905,13.692688
2018-05-22,827.20624,355.465,1523.0803,968.9881,1167.6154,9.7417,1010.5225,20.720861,-5.683245827575684,-7.702544716796876,2496.4245469466678,1072.7573147971252,13.681915
2018-05-23,708.63696,278.05478,1364.1351,860.6262,1086.0803,13.53353,1011.7154,19.843315,-2.6752617647094716,-5.781158056640624,2161.905819747119,848.2880184382752,15.816742
2018-05-24,727.97266,312.72116,1307.9309,800.0666,995.2097,13.653469,1014.66376,16.394516,-2.17958191430664,-4.891021312500001,2220.7216455484377,953.9735387643677,16.25293
2018-05-25,892.72516,531.21045,1422.9114,966.03375,891.7009,8.525372,1017.0908,16.218943,-6.495505448486329,-7.802612333984374,3766.532872403839,2241.2515203220214,12.116608
2018-05-26,811.99854,192.34576,1630.3201,949.11115,1437.9744,7.7505174,1015.4882,16.854471,-7.32337763168335,-10.236968662109376,3298.0064296029295,781.2299400084717,10.152496
2018-05-27,811.66876,215.83139,1744.5835,1009.6674,1528.7521,11.497142,1012.59796,17.158186,-5.075396161926271,-7.4544986328124985,2337.9441763625855,621.6843196541078,15.952026
2018-05-28,837.54004,170.85797,1624.564,985.77673,1453.706,17.701803,1012.0376,17.688433,-0.5523247926025405,-4.84710623046875,1683.0221352994142,343.33612018043215,20.904114
2018-05-29,1057.3683,602.9275,1646.6536,1169.7157,1043.7261,21.350004,1009.1343,19.616087,2.1631911961669914,-2.0482180371093754,1959.2657918931152,1117.2031751856446,22.787262
2018-05-30,680.23175,342.91486,1159.9913,748.443,817.0765,18.21528,1008.25714,19.964186,0.9269985328369152,-0.8436286230468752,2120.493782300024,1068.9721839552979,21.952911
2018-05-31,760.0223,322.67337,1209.9008,861.5584,887.2274,13.492917,1010.0029,15.19254,-3.2962659391479505,-3.3298338574218747,2930.2343512568664,1244.0537884832306,17.791046
2018-06-01,696.1071,172.90761,1582.7059,901.53925,1409.7983,13.840116,1012.4206,11.26957,-3.3282404528198235,-7.024902310546874,1449.9223487013426,360.1494642594543,18.262482
2018-06-02,676.5132,70.750854,1718.6439,894.6566,1647.8931,20.353357,1012.8374,12.412206,-0.03898268493652424,-4.548096167968751,1161.296104081787,121.45024468817138,23.319153
2018-06-03,819.9658,137.30026,1625.3262,1004.1807,1488.0259,24.329468,1010.70135,12.823303,2.6516857734374994,-2.5121455546875,1694.681824402832,283.7682419165497,26.302856
2018-06-04,826.1553,340.87195,1330.7563,977.2494,989.8844,24.659552,1008.9641,11.227859,3.136311620483397,-1.365295189453125,1595.742869147461,658.4040533162841,26.02658
2018-06-05,571.2817,185.68202,1181.5419,717.7728,995.85986,21.59829,1008.9365,14.592275,2.5471554897460926,-0.32891916992187475,1261.9445436116455,410.1661648922058,24.27835
2018-06-06,567.75,225.51424,1062.5945,676.47833,837.08026,18.608892,1009.60425,13.832146,0.7885434407958982,-2.3623045839843755,1449.553580925,575.7727327097275,21.112701
2018-06-07,620.5718,227.67741,1259.3981,792.51636,1031.7207,17.220594,1010.7075,12.385261,-0.46062559387207,-5.837188619140626,1497.1379146751465,549.2748803118576,18.940765
2018-06-08,638.1628,99.62864,1647.5463,842.6262,1547.9176,18.869375,1011.62006,12.241195,-1.4810717711181631,-6.359985734375002,1356.4324761692262,211.76340248935702,22.252197
2018-06-09,563.9184,72.63292,1316.6782,736.0439,1244.0453,20.137936,1010.7798,12.29615,-1.2101273615722654,-4.946960749999999,1496.1987207471618,192.71100522634123,22.441406
2018-06-10,635.20184,92.74191,1497.2369,830.5989,1404.495,17.907848,1009.8457,13.919507,-2.3351156418457037,-6.8952027109375,1829.8440531365661,267.16427146788027,20.554321
2018-06-11,589.42816,72.63623,1556.3982,801.8256,1483.762,21.183455,1007.7517,15.820241,-0.4191974864501944,-4.279053023437498,1093.661260903717,134.7737291398926,25.119751
2018-06-12,618.83167,89.5594,1342.9104,836.5927,1253.351,23.866331,1006.98975,15.753701,1.138557100463867,-3.3116148691406266,1244.5983290155518,180.12246133131407,25.62436
2018-06-13,615.4054,105.59534,1202.7216,795.4891,1097.1262,24.02323,1007.3181,10.391891,1.391782598999022,-2.8567509277343746,1270.3723114874633,217.97890174024656,25.43155
2018-06-14,556.79877,105.784355,1133.937,664.51154,1028.1527,22.5715,1007.27264,11.7263155,0.31447577819824346,-4.0291751972656265,1366.1226460575745,259.5451206597908,23.878998
2018-06-15,515.5975,125.69862,1130.2219,618.8946,1004.5233,21.097006,1006.58496,18.568707,-0.09517415588378952,-4.09139995703125,1486.5424313885314,362.40739601380153,22.553894
2018-06-16,603.2732,218.6615,1118.5366,684.7115,899.8751,16.753448,1006.14746,16.948635,-0.9067685136718744,-3.3128965136718733,2277.133878105249,825.3665383187865,20.534698
2018-06-17,922.8354,676.4343,1274.531,997.1195,598.0967,10.001827,1009.66327,16.815954,-5.642624760009765,-6.307311796874998,3854.6310916763605,2825.4278265936277,13.384033
2018-06-18,842.3654,329.0479,1512.9342,1042.1377,1183.8862,12.844991,1013.09625,13.755272,-4.4190642697143545,-7.3544307597656235,2956.9582732606505,1155.058039259247,16.799896
2018-06-19,710.2032,165.96368,1490.5277,914.48474,1324.564,18.695929,1012.2173,15.004024,-1.008571426391601,-4.253142392578123,1745.9252325971008,407.9961755046936,23.830048
2018-06-20,697.26483,191.0142,1395.8257,889.07654,1204.8115,24.464043,1010.6963,13.875161,2.99882266357422,-1.8516535742187514,1341.2859627374512,367.442414288855,27.004211
2018-06-21,730.1379,314.40738,1233.878,892.3106,919.4707,26.437841,1010.28485,13.1132965,4.865062415405273,-0.3892818750000018,1642.8709739119142,707.4427617823243,27.830078
2018-06-22,584.85065,158.77255,1438.3041,771.8525,1279.5315,27.162674,1009.2105,9.730134,5.285041950195314,-0.7204599023437517,1122.8723611272767,304.83220257983095,29.25885
2018-06-23,571.20416,148.34497,1275.5232,746.20215,1127.1782,25.414307,1006.8226,9.852501,4.116863640624999,1.2000736308593751,1326.7003795666626,344.55163639497067,28.913422
2018-06-24,626.74445,247.15768,1247.789,796.3688,1000.6312,22.401224,1008.3382,12.288879,2.6285341363525383,-2.2818908574218746,1922.0687171828795,757.9709025545928,24.541046
2018-06-25,583.7326,212.634,1179.7498,742.15326,967.1157,21.959457,1010.82227,12.551465,1.9484523974609367,-3.112609548828125,1370.1946096984864,499.1154542893799,24.159637
2018-06-26,547.75854,167.0092,1136.3032,696.1739,969.294,22.79848,1010.9086,10.495103,1.552265080200197,-2.9336546582031247,1254.0995973736083,382.3695198111801,24.905975
2018-06-27,562.3117,175.0807,1095.978,681.6646,920.89734,22.820845,1010.73004,11.885773,1.087156650268554,-2.8309631542968745,1325.4394311344604,412.6872438567535,24.714142
2018-06-28,537.7968,124.64731,1240.6293,707.086,1115.9819,22.360855,1009.85223,10.12608,1.6453001025390641,-3.1374205292968753,1375.5721194863586,318.8218257945099,23.661407
2018-06-29,661.8908,200.69295,1451.9177,818.1855,1251.2247,18.809856,1009.5703,14.520729,-0.9318135852050773,-4.82028267578125,1704.7903891272645,516.9121608615067,21.632507
2018-06-30,733.88495,276.29163,1552.4902,953.5156,1276.1986,19.415,1010.73065,18.865988,-0.7861170844726573,-5.5034788613281265,1778.6919981497801,669.6386199641113,22.521942
2018-07-01,693.4719,227.08615,1448.1147,892.3707,1221.0286,21.594048,1012.17505,18.585443,0.3365405463867184,-4.8085936914062515,1418.1896121281738,464.40412295724485,23.102966
2018-07-02,719.3879,293.28476,1277.9471,893.7086,984.66235,21.56018,1012.0564,17.785185,0.2667636640624984,-4.225067058593751,1776.7900071245544,724.3733813053436,23.291565
2018-07-03,558.10986,151.38387,1143.243,731.7334,991.8592,20.802605,1010.1077,17.57195,0.05799667529296926,-3.0645141035156236,1542.9817821796876,418.52431166088866,23.337494
2018-07-04,588.71606,195.71417,1217.2103,710.578,1021.49615,20.652372,1012.2835,14.602258,0.20080036022949344,-5.188171841796876,1685.1295006705811,560.2084696891296,22.351837
2018-07-05,674.759,160.3858,1689.1716,858.8282,1528.7859,23.253717,1014.5508,12.667866,0.2916834224853524,-4.586363857421873,1373.1895686939451,326.39819703964844,27.853546
2018-07-06,1086.8622,123.06604,2670.6963,1520.0817,2547.6304,28.9089,1011.88934,17.865591,-0.377868692749022,-6.5132751777343785,3389.756966355286,383.82416208431397,31.583893
2018-07-07,1400.999,399.30945,2625.5066,1489.2698,2226.1973,30.305708,1008.8007,26.531881,-0.8983720684814465,-4.962553291015624,4400.660940331446,1254.2660362982667,31.404877
2018-07-08,763.6013,89.26508,1743.7476,1010.8601,1654.4824,27.774591,1009.4577,30.406342,-1.473638554077148,-6.004029599609375,1334.4592026267821,155.99843666613694,28.77066
2018-07-09,684.83514,65.66231,1634.0065,894.41895,1568.3441,25.704351,1011.3532,34.38,-2.0383915748291024,-4.769500988281251,1318.9422890106994,126.46079165865326,28.197937
2018-07-10,699.74225,65.60343,1723.3167,968.92377,1657.7133,23.060532,1012.5799,32.687916,-2.819618383789063,-6.371520677734374,1314.7594257207763,123.26357365151061,24.57608
2018-07-11,736.7768,71.77209,1635.2799,993.8465,1563.5078,22.297377,1010.89386,36.785618,-3.194267367309571,-7.1035152324218735,1742.7111191453614,169.76378079966432,23.707062
2018-07-12,716.96655,164.54013,1565.2612,892.8332,1400.7211,21.067846,1011.6932,42.477436,-3.7442357017822268,-7.240447541015627,1866.5155203309328,428.355697123288,22.666595
2018-07-13,755.4077,149.47171,1588.9753,919.0686,1439.5037,23.040533,1013.68115,35.55783,-1.987052934204101,-5.664978310546875,1789.3884924243166,354.06437203156133,24.965607
2018-07-14,763.71564,227.09404,1608.6482,981.8496,1381.5542,24.404963,1013.1795,32.431305,-1.0570664603271496,-5.594299193359376,2059.910465675696,612.5229951141815,26.351227
2018-07-15,705.00464,122.51749,1606.4503,940.34076,1483.9329,24.81214,1011.4285,31.880518,-0.9013514888916028,-5.2563169609375,1616.379433683667,280.898500093692,26.22229
2018-07-16,621.3133,178.24274,1378.3354,818.44434,1200.0928,24.810293,1011.52704,35.38261,0.28637319763183555,-4.319274863281251,1557.6268970084657,446.8529548383728,25.98114
2018-07-17,689.0904,185.31943,1497.929,896.1348,1312.6095,25.450035,1011.4848,35.027805,0.9761500952148445,-3.559539277343749,1625.4515020553467,437.1382111911255,27.12799
2018-07-18,642.953,208.34102,1566.7184,914.2684,1358.3773,24.806793,1012.5156,42.676334,0.9841062128906266,-3.5156248164062482,1501.2946188878173,486.47607026921077,26.897888
2018-07-19,661.284,185.17601,1429.5366,796.98834,1244.3606,23.404028,1012.34644,45.330853,-1.0688970611572266,-6.341033685546876,1864.498560541394,522.106093784439,24.647247
2018-07-20,660.7179,230.52016,1353.1382,822.4556,1122.618,21.504631,1011.6948,42.523464,-2.5882239575195314,-6.387969748046874,1968.8046743061768,686.9030874358796,23.122833
2018-07-21,631.1403,150.44461,1341.6917,766.40564,1191.2471,21.314726,1012.4507,38.160175,-2.390663124145508,-6.308045341796873,1898.0984666109375,452.4488068851562,22.531525
2018-07-22,650.6823,117.83681,1507.5822,792.54126,1389.7454,22.61234,1014.2255,32.019474,-2.047815072875977,-5.624451091796875,1822.4953068948487,330.0489720250916,25.582306
2018-07-23,755.7317,99.63854,1855.637,933.4549,1755.9984,26.297781,1012.1743,28.294092,-0.9820790093994134,-5.165557423828126,2202.8244881126707,290.42876423828505,29.114716
2018-07-24,960.3049,270.41226,1952.9917,1120.5632,1682.5795,29.236237,1010.17865,28.523127,0.5030655722656263,-4.386779960937503,2259.2841090858765,636.1918439188292,30.550415
2018-07-25,872.1931,342.29892,1586.2745,1096.029,1243.9756,29.16427,1011.17725,26.525421,0.963777401000975,-3.130706423828123,1748.2908646070312,686.130243159082,30.427216
2018-07-26,709.9009,139.81464,1428.6925,832.6069,1288.8779,28.622305,1010.6534,20.618956,1.4466669163818366,-2.433714140625,1424.06982387666,280.4698660168823,29.593506
2018-07-27,648.79974,160.51077,1333.9662,766.8162,1173.4554,28.209185,1009.43634,20.933647,2.093486646606447,-3.0980533164062507,1352.538227597809,334.61319636589053,28.99945
2018-07-28,581.64594,128.02052,1320.545,765.15717,1192.5245,28.04214,1009.6079,19.915648,2.1947790533447282,-2.9919437011718735,1138.9288739875426,250.6787401070572,28.805206
2018-07-29,626.8691,128.84413,1477.9824,856.1832,1349.1383,26.096643,1011.5349,29.417746,0.6135594478759749,-4.348358519531253,1285.8916533838255,264.2969618996246,28.521667
2018-07-30,714.3465,85.531,1527.1097,956.3813,1441.5787,24.472672,1011.5544,38.588398,-1.6916864912109375,-5.5803530097656235,1247.6136569187317,149.3807864841423,26.311615
2018-07-31,887.4295,99.01075,1677.916,1135.3794,1578.9053,25.727942,1010.72455,38.66106,-1.7351724869384775,-6.316039560546876,1802.2824440768127,201.08113972570573,26.99295
2018-08-01,689.1865,100.40939,1575.7257,875.3836,1475.3163,25.61203,1010.5379,38.441715,-1.4724219707031239,-6.4530019238281255,1582.8202290527345,230.6052331466675,26.653778
2018-08-02,646.9621,106.839066,1455.7871,870.6928,1348.948,24.911963,1010.3836,33.940556,-1.518920490844728,-4.963683857421874,1673.9477246299011,276.43506700751493,26.462921
2018-08-03,651.1529,96.1343,1621.7728,857.67114,1525.6385,25.015036,1009.6231,25.015993,-1.3770243707275398,-6.188782529296873,1151.8808726162843,170.06030813752747,27.098907
2018-08-04,602.6399,98.662735,1497.2213,813.2825,1398.5586,26.24585,1008.5012,14.151357,-0.010355390625001348,-5.743928193359373,1153.522841414038,188.8519492380417,27.085602
2018-08-05,672.4948,165.13823,1537.2244,822.50757,1372.0862,25.680998,1008.4095,12.553818,-0.1838931514892579,-6.122040203125003,1495.48219429245,367.23150455425264,26.740967
2018-08-06,612.9454,80.798584,1613.4227,801.1277,1532.6241,26.768137,1008.33,9.997032,0.19052097814941504,-5.222441425781248,1298.0447150176758,171.10851871992188,29.589539
2018-08-07,611.6049,65.63853,1461.8175,849.2325,1396.179,28.480804,1006.59503,11.561357,0.688650443359375,-4.451629685546877,1326.7022595066833,142.38404434592056,29.678497
2018-08-08,600.2334,78.08,1387.0173,747.17114,1308.9374,26.319204,1008.81635,13.188736,-0.7721556695556657,-3.8732609335937482,1540.822422844922,200.43439420438844,29.434143
2018-08-09,656.2421,65.701256,1861.4657,831.6912,1795.7644,25.676186,1010.67896,22.891924,-1.8333513920898454,-7.909485888671874,1440.6797086019164,144.23710737412262,26.763214
2018-08-10,647.32697,65.704796,1631.791,811.3926,1566.0862,23.128128,1013.021,32.53207,-3.5490359482421887,-6.289215011718749,1707.3382059987184,173.29775253994293,25.677063
2018-08-11,572.0656,64.96212,1401.7957,751.3318,1336.8335,21.845482,1012.58057,32.814037,-3.6132481274414054,-6.708098929687502,1570.1158796929321,178.29782807727813,24.500122
2018-08-12,641.90924,129.8744,1309.7739,838.1971,1179.8995,23.353582,1011.95685,29.286432,-1.0693096177978525,-5.38522316796875,1986.4837898931273,401.9156972717438,24.834778
2018-08-13,558.4092,130.29245,1386.7896,734.2255,1256.4971,22.099548,1012.2468,26.495401,-1.7947906601562487,-6.92700172265625,1410.5214851601563,329.1140380484619,23.30951
2018-08-14,602.27026,125.36879,1469.1548,792.3017,1343.786,22.485092,1010.05255,26.942581,-1.2267508369140607,-5.6446835214843745,1461.0697166413572,304.13678551258846,24.27774
2018-08-15,679.3934,188.86491,1541.4777,828.8699,1352.6128,23.380217,1009.94073,30.406954,-0.506013401489259,-5.413330302734376,1594.3502251978882,443.21424180475157,24.410065
2018-08-16,740.6826,199.24214,1634.6149,901.2916,1435.3727,23.16101,1012.53156,34.88548,-0.9055152578124996,-6.183105748046874,1645.9955005368165,442.7694955765366,24.169708
2018-08-17,785.9326,179.02083,1673.9503,1006.86975,1494.9294,23.236145,1014.7254,36.049442,-1.6994379804687512,-6.502288894531251,1848.2410327866212,420.99492151595615,24.656433
2018-08-18,648.48566,140.75768,1504.39,897.9114,1363.6323,23.785166,1014.7757,31.41214,-1.1810872132568342,-6.062713574218751,1606.202477075,348.63581665625003,25.176086
2018-08-19,724.1455,155.89998,1718.8275,913.0635,1562.9275,25.451048,1011.58,27.27474,-0.19056310266113385,-5.429259996093748,1758.209072109375,378.52165597280276,27.612854
2018-08-20,605.2845,159.57933,1375.605,764.7937,1216.0256,25.611948,1009.83856,27.832932,0.970097013305665,-2.3436893417968747,1437.6016165039184,379.0143463849212,27.79715
2018-08-21,578.7173,252.53087,1168.3739,698.8538,915.843,23.41791,1011.3372,28.876541,-0.12633937780761784,-3.69842515625,1504.6685873251465,656.5818491231827,25.73584
2018-08-22,569.6514,193.1408,1211.8607,696.1249,1018.7199,22.047752,1013.17523,24.66246,-0.9564226196289063,-5.268127396484374,1428.6739332327147,484.3930911309814,23.732819
2018-08-23,597.7268,189.05417,1263.5599,741.58325,1074.5057,22.056559,1013.29834,22.944403,-1.0922543909912115,-5.896361892578124,1485.3484845040039,469.7987773840698,23.103485
2018-08-24,533.2182,172.9239,1191.242,690.73254,1018.31805,21.70578,1011.7261,15.431363,-0.4586399707031248,-5.335143124999998,1275.4781450049622,413.6405331860947,22.873047
2018-08-25,571.94995,197.18834,1256.9447,703.10706,1059.7563,21.608572,1010.888,16.852037,-0.5863529937744154,-4.867126062499999,1326.0949024595216,457.1911422425995,23.319336
2018-08-26,582.82837,199.48079,1179.2659,743.6261,979.7851,22.156792,1012.4987,15.439803,0.3741306870117178,-4.288086875000001,1458.3714460744627,499.1470943944122,24.220703
2018-08-27,490.8481,172.71307,1048.7667,611.9721,876.05365,22.872978,1011.3298,12.173763,2.02350621044922,-3.0179442167968737,1319.6804955899659,464.35153406567383,24.064728
2018-08-28,541.16797,215.48627,1301.7826,699.5621,1086.2964,20.265749,1010.8337,18.417076,-0.29620702233886576,-5.161987488281252,1460.0783772214843,581.3848145757507,22.45575
2018-08-29,517.45087,139.70586,1141.429,674.7496,1001.7231,20.47928,1011.7924,18.838663,-2.024625528198243,-6.353942988281251,1292.9933929265137,349.09352907528074,22.619812
2018-08-30,466.8807,85.45619,1265.8481,645.6539,1180.392,22.239798,1011.73553,15.171033,-0.9100384078369146,-6.2969358671875,1069.533824713211,195.763685593071,23.618286
2018-08-31,491.1957,90.45484,1368.7612,667.88837,1278.3064,22.270844,1009.78827,14.664453,-0.7407934941406253,-5.7567140410156235,1181.117413713867,217.50554122827148,24.065033
2018-09-01,554.94745,112.03284,1554.6382,734.9859,1442.6053,21.530228,1007.2253,16.114939,-0.388772338867188,-4.826751945312498,1111.364731273645,224.3624039999756,23.626831
2018-09-02,725.3699,231.67711,1769.7378,946.7856,1538.0607,20.872393,1007.7083,20.74038,-1.0888903455810564,-6.394073896484375,1320.2228567816162,421.66820783361055,22.740631
2018-09-03,1100.9016,643.2014,1782.5947,1228.9028,1139.3933,21.483452,1009.5817,25.521444,-0.6821671567382808,-5.773529150390626,2154.4827283358886,1258.755848286084,22.87387
2018-09-04,1019.7321,501.65082,1892.337,1258.4032,1390.6863,21.839113,1009.9842,25.956558,-0.08007076452636852,-5.014251423828124,1945.3059427512635,956.9810553279968,23.63034
2018-09-05,1044.5641,511.00146,1686.733,1225.5421,1175.7316,22.311472,1011.3118,23.438204,0.8285179390869146,-4.929443453125,2142.584158801587,1048.153634051465,23.283936
2018-09-06,1024.856,378.02368,1607.9471,1337.0786,1229.9235,22.778534,1014.2583,20.48019,0.9857239355468757,-3.4738769179687488,2059.9265509006345,759.8150875137939,24.72931
2018-09-07,1111.9666,676.5506,1673.6932,1292.9473,997.14264,25.247732,1013.06445,19.594187,2.1869941624755853,-3.4082645429687517,2104.224457430786,1280.2672093008728,26.797668
2018-09-08,898.0997,419.503,1606.204,1061.6711,1186.7009,26.68985,1010.47754,13.437401,1.175801853515626,-5.394348234375002,1883.6742487182617,879.8655727416992,27.463135
2018-09-09,632.2133,77.75568,1439.0892,822.4431,1361.3335,25.718107,1007.8089,10.70591,-0.3408067764892593,-4.960205410156249,1227.7459351459656,151.00000707974243,27.40033
2018-09-10,515.09766,98.140274,1303.2848,669.3511,1205.1445,24.067787,1008.2868,9.5687,0.6759721704101551,-3.808930253906251,986.2437808242188,187.90657218813172,25.78949
2018-09-11,521.5662,160.60638,1236.068,675.3281,1075.4617,22.93222,1008.11475,11.068387,1.3058624589843753,-4.056671306640624,1021.640788498169,314.59482188415524,24.094086
2018-09-12,577.0234,204.3132,1233.298,682.0079,1028.9847,22.146515,1009.29395,13.350624,1.3708728925781237,-3.8681331875,1340.1721633725767,474.52993582200617,23.036133
2018-09-13,591.5661,151.72296,1395.4236,745.5639,1243.7007,20.132574,1010.7292,11.467178,-1.1241609185791006,-7.117431191406251,1374.3839253972596,352.4975466285218,21.860779
2018-09-14,596.78253,65.123344,1508.3595,743.5493,1443.2362,21.335413,1009.3239,13.172508,-2.597485020874025,-7.73419219921875,1649.4454491238403,179.9942162762375,22.931946
2018-09-15,638.9941,118.18912,1548.6763,787.507,1430.4872,20.79222,1008.08124,16.840128,-2.330789838012695,-6.189056414062499,1880.1005867855408,347.74567735826724,22.599976
2018-09-16,574.38696,162.21523,1253.824,686.76685,1091.6088,19.898321,1009.3636,14.440505,-2.769616848266601,-7.607299888671875,1373.2475100072022,387.82505263906097,21.075714
2018-09-17,528.8564,86.677185,1320.4265,682.8,1233.7493,20.593485,1010.3738,9.758288,-1.8588951214599625,-7.319519369140625,1280.9306202331238,209.93877301657105,21.835297
2018-09-18,508.10275,97.4201,1227.1141,648.92694,1129.6941,20.197172,1009.042,8.245473,-1.5758378350830071,-6.613037890625002,1181.265225094757,226.48760042713164,21.503662
2018-09-19,526.5031,120.70239,1421.4542,691.7436,1300.7518,20.569715,1006.99493,7.7153716,-0.34121150012207124,-5.896850408203125,1068.8364367273498,245.0339077831787,22.394257
2018-09-20,592.6081,112.9374,1458.4763,691.03375,1345.539,21.602112,1007.0664,9.3144045,0.3180618164062494,-4.980895068359374,1247.8329354817504,237.80810621836088,23.118805
2018-09-21,637.93805,244.30884,1380.7109,751.4547,1136.4021,22.302088,1011.9614,10.672006,1.2062267838134773,-4.5567623535156265,1371.30416693537,525.1634195162842,23.349213
2018-09-22,749.41254,225.71275,1754.5544,911.4976,1528.8417,22.613169,1012.7142,17.361778,-0.4615612835693348,-5.8709719902343735,1588.5837115783693,478.4595744795533,23.719635
2018-09-23,899.4997,384.7538,1458.651,1024.9795,1073.8972,22.070242,1010.6287,21.834381,-0.2821540718994129,-3.454193384765624,2088.7894073305665,893.4629963679199,23.555756
2018-09-24,937.5603,598.77637,1294.2444,1001.1186,695.468,20.802568,1009.6031,15.013425,0.5683444356689442,-3.969421568359376,1916.910105818408,1224.2417538791015,21.860992
2018-09-25,928.6242,331.1947,1654.8602,901.8885,1323.6655,21.38088,1010.55756,17.744143,1.3291573558349619,-3.575652722656251,1295.1293367099975,461.9091036967529,23.606384
2018-09-26,1072.55,659.74426,1672.5435,1256.8009,1012.7992,23.538416,1012.4082,18.244675,1.4558259088134768,-4.3107912480468755,1539.35579206958,946.8846261993408,24.92752
2018-09-27,887.8506,517.1527,1528.8947,1029.1239,1011.74194,24.344091,1011.4414,16.026718,0.9386944154052728,-4.742827927734375,1320.7176998583984,769.2879279388427,25.0253
2018-09-28,579.99835,227.36961,1122.2812,672.1178,894.9116,22.712646,1009.77814,15.12856,0.7972564843750014,-2.5717776523437514,1387.863788662854,544.0671552045135,24.262756
2018-09-29,492.30872,175.38188,1068.4395,553.3458,893.05756,18.791874,1010.17334,15.2762785,-0.04452706811523299,-3.301178101562499,1264.4544688080323,450.45394679139105,20.89392
2018-09-30,482.48935,101.05832,1185.7185,580.95825,1084.6602,18.269098,1010.0335,21.75518,-1.6526837181396488,-7.545318798828124,1198.9277967081389,251.11772520400083,19.030731
2018-10-01,689.13794,64.74393,1666.2039,731.9061,1601.46,17.954302,1009.34296,31.127226,-4.404478165893554,-8.9052123828125,1375.4384223543457,129.2212773588684,19.659058
2018-10-02,700.7622,93.380356,1342.2151,734.9983,1248.8347,17.427076,1008.71704,31.427979,-5.17990366027832,-6.318328998046876,1797.582109223291,239.53754257518767,19.525177
2018-10-03,897.04205,321.56766,1475.2632,865.7065,1153.6956,12.979733,1012.23175,26.48622,-6.257872532897949,-7.073211468749999,2922.9944866270143,1047.8221020827943,15.42627
2018-10-04,840.8299,338.04504,1555.281,885.7756,1217.236,11.008496,1013.5153,24.618315,-7.537430715515136,-10.370758242187499,2596.543255572754,1043.907434946289,12.378052
2018-10-05,739.67926,172.07568,1839.8309,959.84467,1667.7552,12.617561,1013.6504,20.028618,-6.244052659667968,-8.604248326171874,1884.1011000166625,438.3088754358398,16.88919
2018-10-06,605.6042,93.63679,1600.7896,791.47736,1507.1527,14.51867,1009.59247,20.838663,-4.356905917907714,-6.694457728515626,1573.6009505645509,243.30567859910892,16.702728
2018-10-07,882.13165,157.62872,2233.361,1146.2349,2075.7324,12.272758,1007.86005,16.268744,-5.585215469787599,-9.396576169921875,1989.6661148746948,355.534832204187,13.997101
2018-10-08,765.5818,186.55292,1810.3741,914.8813,1623.8213,13.234711,1009.1162,16.119402,-4.549081306640623,-8.619872556640626,1127.6323044694825,274.77547113323976,14.808929
2018-10-09,699.2317,245.67188,1516.6901,824.0955,1271.0182,13.471566,1009.0381,15.309009,-3.7944667997436525,-8.561400722656249,1653.4527584844725,580.9331091937499,14.559509
2018-10-10,710.8908,231.77818,1563.1343,812.04175,1331.3561,12.404456,1008.8804,15.997788,-4.035343861389162,-7.951873724609374,1778.2425988721313,579.7765757707062,13.831207
2018-10-11,860.8625,304.34802,1753.2153,909.0935,1448.8673,9.061183,1009.26337,17.339106,-7.102853024230956,-9.849456919921874,1764.8468688932192,623.9412938889772,11.907257
2018-10-12,953.6253,347.92953,1976.2408,1116.6246,1628.3113,12.944982,1009.0317,21.567823,-5.402302424987791,-8.5234375234375,2406.053862476807,877.8470923553467,15.611938
2018-10-13,1008.61945,505.94446,1707.7681,1111.1968,1201.8236,12.667077,1010.05646,27.496338,-5.01714993548584,-5.957946931640624,2064.583790973285,1035.6381006578492,15.631195
2018-10-14,799.8724,379.5116,1666.6147,976.66266,1287.1031,12.766491,1011.7077,18.661781,-4.786222063720704,-7.997070033203126,1728.5269229962523,820.1258507642333,15.446991
2018-10-15,806.4707,306.81537,1753.2769,1028.5577,1446.4614,11.629498,1017.63654,8.908968,-5.447877471923828,-6.751281328125,4830.711607358984,1837.805833394641,15.332764
2018-10-16,1048.1797,407.389,2057.5532,1203.5543,1650.1642,12.084236,1017.67065,6.588299,-5.23818785498047,-9.959808124999999,3657.5458735062502,1421.5539580788331,14.451172
2018-10-17,749.9919,64.32669,2018.729,1133.468,1954.4023,13.577949,1017.5959,10.212733,-4.562520429748535,-9.665985400390625,1468.5274551216187,125.95537842207641,14.94809
2018-10-18,723.3086,64.41524,2122.5615,1082.4783,2058.1462,14.565093,1017.5795,9.741788,-4.41790495953369,-9.47164894921875,1369.7278203746093,121.98298696000518,16.607727
2018-10-19,869.76215,64.96746,2163.686,1185.8934,2098.7185,15.679393,1017.1899,10.650268,-4.33323618536377,-9.684692419921873,2638.1712388568117,197.05995126457213,17.180695
2018-10-20,1024.1016,147.8308,2440.9883,1350.3489,2293.1575,16.331356,1014.70526,10.869583,-4.272712951416015,-9.235839365234376,2249.412455390625,324.70649824960327,17.713776
2018-10-21,1749.3441,1008.9349,1962.074,1795.122,953.1391,16.7923,1012.30743,16.326479,-3.5146827293701186,-7.045960244140623,2210.155818499988,1274.7081977089417,17.7435
2018-10-22,1221.9991,699.06683,1818.4413,1319.312,1119.3745,16.22471,1011.5989,15.586189,-2.2762715355224614,-7.014068904296874,1541.5943254284546,881.8970680744445,16.905548
2018-10-23,1248.5105,881.86017,1912.3259,1360.1097,1030.4658,16.866854,1011.59625,16.024225,-1.9333282860107417,-6.9671935449218765,1606.3986541840575,1134.647237651593,17.928741
2018-10-24,877.3801,458.14636,1689.1085,965.01715,1230.9622,17.674973,1012.2229,14.877343,-2.1644374658203134,-7.212372029296876,1364.6773126769288,712.6009893726197,18.63797
2018-10-25,527.6691,116.70578,1494.1644,708.6671,1377.4586,18.26527,1013.87775,14.475461,-0.9927767668457044,-6.710540472656248,679.7935525621399,150.35148455342102,19.54779
2018-10-26,464.51465,64.84026,1484.9803,641.5693,1420.1401,19.864985,1014.94604,10.7757845,-1.2377964876708987,-7.155944082031251,712.6806238844727,99.48103790580521,21.286316
2018-10-27,564.42755,65.03663,1295.8188,837.1916,1230.7822,20.739641,1013.741,11.741177,-1.619488810424805,-6.86544801953125,915.3653482338135,105.4737249540924,21.74823
2018-10-28,426.49252,64.86262,1080.5425,627.7319,1015.6799,20.654037,1013.4737,10.917468,-0.5497495244140609,-5.1479495605468735,657.0540400376709,99.92729661912232,21.821075
2018-10-29,370.82693,71.43768,1181.5903,472.44772,1110.1526,18.480852,1013.3669,11.46671,-0.7968518729248046,-4.131684052734375,627.6767625231904,120.9183299380188,20.617096
2018-10-30,507.74197,99.575745,1523.7859,648.9612,1424.2102,15.426999,1011.9365,12.308472,-1.5074229078979506,-6.564941685546874,1050.8210120388335,206.08161256887817,16.897247
2018-10-31,600.4411,126.16612,1596.4314,815.99786,1470.2653,13.53995,1015.2225,7.7388535,-3.707389629211427,-8.687744154296876,1746.111182832019,366.89706431961366,15.495392
2018-11-01,492.18762,64.43719,1736.9572,648.02673,1672.52,15.019652,1016.6652,12.67657,-3.5611296333618156,-8.738891341796876,959.4024809157349,125.6049410546013,17.29715
2018-11-02,536.37665,65.00113,1650.3342,721.54486,1585.3331,17.261772,1017.0573,15.730639,-3.6361428442382824,-8.20785551953125,1167.8316350645753,141.52438445443116,19.818542
2018-11-03,443.39548,64.46015,1624.3938,623.0051,1559.9336,19.550074,1013.92334,12.0317,-0.9970263763427738,-7.304778847656252,1080.168846744287,157.0332835095337,20.198181
2018-11-04,422.33838,64.84897,1364.1736,557.61835,1299.3246,19.213993,1012.97833,16.780207,-1.612884927490235,-7.175293349609376,977.3824028142577,150.07454643934327,20.118317
2018-11-05,349.82544,64.432724,1154.0541,458.8376,1089.6213,18.561861,1009.7701,14.273122,0.07722903820800653,-5.077789357421874,408.44260987841795,75.2291485515686,19.705109
2018-11-06,530.3848,201.34738,1421.7123,655.45483,1220.3649,17.077358,1010.2041,17.591814,-0.23900775415038922,-5.138518681640626,705.6957344557189,267.8997987704559,18.760101
2018-11-07,435.2076,196.43161,1149.6934,554.8269,953.2617,16.685137,1012.9134,13.798706,0.17985879504394475,-5.607117089843751,783.7828821471131,353.7615831931824,17.294983
2018-11-08,600.4776,196.34015,1553.8114,697.3524,1357.4712,14.893299,1013.4864,11.840363,-1.033328897216796,-4.350463597656251,1961.4278951196288,641.3345726340821,17.764587
2018-11-09,594.5612,145.73808,1443.4205,834.51544,1297.6825,11.2545595,1016.6889,2.799598,-5.5357304830932605,-9.88519333203125,3969.404848869141,972.975423057129,12.641785
2018-11-10,414.77597,64.02691,1313.3633,556.5204,1249.3364,12.881312,1014.76495,3.0064876,-2.910465629699708,-8.681029667968751,1157.4572321240234,178.67093082885742,14.12384
2018-11-11,434.9514,75.35869,1380.7369,513.8975,1305.3783,11.7496805,1015.12726,5.3030715,-3.3726914808959965,-7.619262396484373,1173.4938361327972,203.31687455550386,14.029694
2018-11-12,473.37698,86.42996,1426.0751,626.0424,1339.6451,10.305673,1022.3191,3.3601506,-3.9629853544311526,-9.610839673828124,2006.186331363739,366.29285895529176,11.626434
2018-11-13,410.0122,63.63569,1303.4838,536.81464,1239.848,9.889625,1026.879,4.3335624,-4.28348240435791,-10.32055625,1607.4552357368163,249.48408695579985,10.480469
2018-11-14,442.07364,63.85329,1570.3618,602.0096,1506.5085,10.912106,1024.039,6.5682654,-5.1908814396972645,-10.408202748046875,1445.6340249214966,208.80794806038972,12.513458
2018-11-15,452.5533,64.10901,1598.7222,630.9628,1534.6132,12.698833,1018.95184,7.621385,-3.8604985344238294,-9.144806359375,872.7888458883453,123.63985863157959,14.508057
2018-11-16,383.45413,64.40278,1358.9528,540.3858,1294.5499,13.69015,1015.2754,9.379785,-3.465780739074706,-7.223938021484376,505.3824612378693,84.8811684353157,14.598053
2018-11-17,352.1395,82.60358,1143.3307,409.62552,1060.727,13.0764475,1014.80194,9.843505,-2.4822125131225583,-6.539734138671875,574.8652267840667,134.84975241231078,14.040558
2018-11-18,465.2616,125.269844,1497.4828,588.39655,1372.2129,12.501058,1016.7166,10.71614,-3.3344063751831055,-8.264525478515626,621.7095306560059,167.39283127748106,13.6441345
2018-11-19,354.38965,100.493195,875.07837,476.1172,774.5852,12.107747,1016.8625,11.339673,-3.0812219220581056,-5.634949101562501,708.8131765253905,200.99599630955808,13.675171
2018-11-20,539.1961,98.82403,1552.6187,729.10364,1453.7947,11.19239,1015.72516,13.224571,-4.538723558105469,-8.97445696484375,748.3530792775147,137.15838236715393,11.968811
2018-11-21,519.32367,189.34064,1348.2156,625.6782,1158.875,9.836037,1017.7956,15.333779,-4.621672317871093,-7.961395013671876,1132.9605160285826,413.06699205376583,11.636261
2018-11-22,644.9235,191.50739,1341.9883,646.6254,1150.481,7.4184113,1019.21075,17.966965,-7.200716745117187,-9.307616951171877,2358.894527400604,700.4640193094788,8.910675
2018-11-23,522.73065,183.28815,1308.1769,679.4713,1124.8887,8.322778,1019.79315,15.768579,-5.13624725189209,-9.433501445312501,1512.6613897776917,530.3934294752137,9.556519
2018-11-24,435.4581,91.37388,1329.5491,547.0051,1238.1752,9.207837,1013.89484,20.239077,-5.386071895202637,-9.698821875,1298.4559280168455,272.4600928307495,9.986328
2018-11-25,439.73804,72.28714,1412.176,591.3102,1339.8889,10.291596,1013.9904,17.082853,-4.533437587341309,-9.148497841796875,1236.5459987797851,203.27187110076903,11.242462
2018-11-26,452.74838,73.63776,1375.8854,568.7586,1302.2476,10.643837,1018.6262,9.94867,-4.0737940249023445,-9.296905279296876,1294.396080679184,210.52846763516234,12.274689
2018-11-27,310.32828,63.97145,1049.1703,387.16122,985.19885,13.293454,1016.90546,11.884678,-2.217542829772949,-7.636474238281249,756.7829851245423,156.0041704215851,13.928406
2018-11-28,389.27612,88.0347,1073.1487,448.0959,985.114,12.318192,1011.87256,13.077544,-2.074240471679687,-3.8676758378906264,723.9766679052734,163.7271435281494,13.902191
2018-11-29,832.60944,431.67926,1547.5964,895.90936,1115.9172,7.1666985,1009.2512,18.448576,-6.507755544189454,-5.5073543652343755,5062.5130724009705,2624.7383269236757,9.354401
2018-11-30,804.9373,449.83652,1413.7407,946.3971,963.9042,4.732661,1010.2253,13.977894,-7.73578322958374,-10.498321371093748,4905.966571313415,2741.6829488174135,5.9507446
2018-12-01,666.308,250.26378,1500.6351,778.09644,1250.3713,4.8979964,1014.1142,11.781484,-6.1425665743713385,-10.362640568359375,2638.0259789544066,990.8366194249222,5.7203674
2018-12-02,685.5455,237.24373,1754.2498,808.0959,1517.006,3.629762,1014.99365,9.091726,-6.387389065719605,-9.418304427734375,3242.7196795284362,1122.1938442116318,5.587799
2018-12-03,634.3984,271.56516,1316.2941,833.6902,1044.7289,4.9258103,1018.77466,9.787033,-5.65971966293335,-9.466979669921876,1700.6175807055115,727.978655184079,7.4424133
2018-12-04,482.93954,92.087814,1366.78,666.8457,1274.6923,6.8836694,1017.583,9.873531,-4.986585623626709,-9.601134902343752,1951.7695997418855,372.1670724603104,8.19635
2018-12-05,540.8521,201.24892,875.99927,465.4996,674.75037,6.021361,1013.56085,16.733866,-4.607488125823975,-5.30465737109375,2059.5150834025876,766.3373596113892,8.106995
2018-12-06,675.0942,359.58322,1013.80493,804.0818,654.2217,5.9157844,1011.12665,20.886156,-4.815091641021729,-6.06719970703125,3403.6520175654296,1812.9265491733397,6.081238
2018-12-07,1004.16376,427.4907,1452.0623,1112.3923,1024.5715,6.092884,1015.9089,18.201498,-6.074528936279297,-9.734130591796873,3422.7015055625425,1457.1059998181,7.7619934
2018-12-08,317.14798,62.915092,1162.5195,422.58377,1099.6045,8.310207,1022.05615,11.502078,-4.185139633056641,-8.874694367187502,626.9234741061097,124.36764811398773,9.891724
2018-12-09,274.044,63.001385,570.69165,376.43222,507.69028,10.177338,1023.19464,11.05573,-2.3989173535156247,-6.003173699218749,650.9810137890137,149.65737018507386,11.392883
2018-12-10,262.63882,63.5374,759.0719,341.24313,695.5345,12.304352,1018.62225,12.225062,-0.9574231933593751,-3.5818477343749997,485.17343581900633,117.37281561681519,12.736572
2018-12-11,449.5336,109.73124,1313.5975,604.48804,1203.8663,9.560196,1015.78644,10.267209,-3.4344660771484374,-6.529388044921873,1037.127554313803,253.1630380991844,11.952179
2018-12-12,336.3323,83.52387,935.2363,482.5531,851.71246,10.92543,1017.1756,10.66056,-1.1202457021484378,-5.392242287109376,529.8726124495514,131.58715853356705,12.361481
2018-12-13,292.24622,63.120224,1046.579,429.4923,983.45874,12.17257,1022.062,7.988363,-0.1358627714233407,-7.054779333984374,967.3288956439453,208.92662853610838,13.069733
2018-12-14,124.57293,63.527264,303.40396,153.98242,239.8767,11.705043,1020.5684,8.21478,-0.8391811609497069,-4.23971572265625,368.189058098156,187.76184745466423,12.434509
2018-12-15,311.57724,63.715168,1057.5306,360.976,993.8155,12.271709,1017.865,9.71716,-1.5748435578613282,-6.41427626953125,436.1231688729828,89.1838600726612,13.978699
2018-12-16,517.72577,199.36935,1041.7578,715.395,842.3884,13.631389,1018.6284,10.238911,-0.2619593357543941,-5.554413,954.6829528977356,367.6357933325958,14.1875
2018-12-17,439.06308,144.17093,1110.3074,525.3871,966.1365,9.537271,1020.2124,15.396077,-2.9795054540405275,-4.114776259765627,881.4295824680237,289.42657114542845,12.213959
2018-12-18,422.5774,244.42424,1020.6801,498.64706,776.25586,9.077294,1020.7579,13.759258,-3.3512256503295905,-6.1860050253906245,965.8031662016601,558.633067322113,12.391449
2018-12-19,221.64919,70.75971,797.1105,296.6996,726.35077,15.489239,1019.30304,8.6323595,2.0441437390136716,-4.583526638671874,604.9800581825043,193.13499745320283,16.76712
2018-12-20,196.69655,102.7561,515.2121,226.9367,412.456,16.514044,1018.05615,6.802214,1.7704563079833981,-3.803771613281249,361.5203095324402,188.86156691513673,16.875671
2018-12-21,233.28856,64.037575,668.79095,247.16046,604.75336,15.451032,1014.70514,11.10278,0.29501068487548743,-1.8522643320312504,288.0657624022751,79.07388549269486,16.65741
2018-12-22,336.08456,74.281525,1074.4072,473.9723,1000.12573,12.817607,1014.8694,12.46877,-0.5806240740356436,-5.0173339648437505,574.2015534216553,126.91022257941894,14.328186
2018-12-23,346.50186,124.69383,846.61285,421.85355,721.919,12.508926,1017.99835,14.8722725,-0.8264086083984381,-5.274200119140627,514.206510311142,185.04483676792145,13.011078
2018-12-24,277.35486,91.73931,1010.22046,385.98566,918.48114,12.421256,1016.8318,16.662485,-0.3471529346313478,-5.610076679687499,640.817306135254,211.96000899734497,13.082153
2018-12-25,666.0135,157.12628,1527.2222,650.41943,1370.096,5.9175797,1010.6001,13.247233,-5.944922349121093,-3.35958841796875,3376.03269778183,796.4755575887145,11.612122
2018-12-26,523.8603,155.05821,1303.1431,699.03217,1148.0848,5.832434,1013.5296,8.900565,-4.559599822601319,-9.631438828124999,2301.977010601959,681.3657122491837,6.606201
2018-12-27,540.3171,74.00986,2018.8915,772.0498,1944.8816,6.4441123,1013.9727,8.170534,-2.8818736991271976,-6.888610601562499,1971.555960466614,270.05360572769166,7.5736084
2018-12-28,981.76904,308.699,1862.267,1206.4386,1553.568,1.1144371,1017.9622,4.847008,-6.802131696728516,-8.626708998046874,6125.901099574219,1926.1755995344238,3.509552
2018-12-29,698.98126,298.75476,1432.7273,942.84235,1133.9725,1.9008865,1024.3225,5.0996947,-5.5818838643554685,-9.498565451171874,2839.4713717692443,1213.63137493656,4.6372375
2018-12-30,323.3724,159.2957,908.3289,389.28366,749.0332,8.573054,1019.59186,10.052313,-1.4868376863403316,-5.946899722656251,701.7557615807739,345.6902111784241,10.403259
2018-12-31,1015.0262,210.99866,3346.6077,1277.6664,3135.609,5.2650514,1012.3311,8.859963,-3.7093866351013176,-3.3139341562499993,3162.962881244434,657.5011869310547,9.82959
2019-01-01,772.4619,286.3367,1635.7798,1079.4846,1349.4431,0.36668524,1018.633,3.042743,-6.1400287585391995,-8.5482791796875,4969.721012317383,1842.1795183243714,2.4962158
2019-01-02,607.7692,280.68616,1299.6647,752.91254,1018.9785,1.9468905,1022.0303,5.3992057,-5.497483526634216,-10.17059372265625,2123.9626055924073,980.9099840534668,3.7313843
2019-01-03,357.77475,151.97592,915.28906,445.53976,763.3131,6.437266,1021.3035,5.3409934,-2.1773741270446774,-7.3075565683593755,812.5741476782104,345.1660718680542,8.439117
2019-01-04,347.19995,117.55009,994.6052,465.3164,877.0551,9.341315,1016.59125,5.9771705,-0.4319847305297859,-6.834106818359373,696.4711236524657,235.80141899404524,10.200836
2019-01-05,365.39648,195.72514,865.308,420.15628,669.5828,7.4368286,1013.2613,14.119277,-2.5545123867187502,-1.9702454785156256,1103.0312830570313,590.8402661735413,10.0347595
2019-01-06,651.2834,347.07455,1259.7568,784.7051,912.68225,3.2705166,1015.404,15.034419,-7.1815068660125725,-8.703491552734375,2532.6961784968566,1349.695718141861,4.5624084
2019-01-07,564.4384,282.9115,884.32465,455.11798,601.41315,4.466642,1020.81525,18.875956,-6.006866097076417,-6.4952087597656245,2128.7372641678953,1066.9795567867675,6.9170837
2019-01-08,345.49136,64.32565,1117.0048,465.60645,1052.6791,8.085506,1019.3667,17.78874,-3.7172815607910152,-8.468108894531252,899.0550043813569,167.3914500151642,8.984558
2019-01-09,395.03003,127.18555,1012.9248,481.37903,885.73926,8.629523,1018.76587,13.891221,-3.9160317227172854,-7.385131892578126,734.191554095337,236.38343263378906,9.71286
2019-01-10,374.78076,63.03757,1112.2595,505.1392,1049.2219,8.887418,1018.73553,13.382808,-3.215576206726075,-6.9579166796875,699.9211744205567,117.72570847009392,10.222778
2019-01-11,460.51245,192.88208,876.27924,573.6161,683.39716,9.719672,1017.46875,9.463908,-1.6658407969360347,-5.049499472656249,848.5529066217041,355.40982500915527,10.594666
2019-01-12,585.8703,148.76158,1341.4199,605.4472,1192.6583,4.9489913,1015.6032,14.603555,-5.761786701324462,-4.852172685546876,1573.8995508160401,399.6375751765442,8.084747
2019-01-13,505.7561,226.6789,1337.3087,600.48517,1110.6299,3.9882252,1018.05853,13.01595,-5.587615778366089,-9.46353190625,1074.8416713476074,481.7419298328735,5.020996
2019-01-14,582.9492,299.05093,866.60986,510.42276,567.55896,4.3740883,1016.1779,16.921375,-5.451988212646484,-6.528503583984374,3121.418497324219,1601.2768977120668,5.1127014
2019-01-15,652.7102,374.92996,1198.1134,707.2395,823.1835,3.28958,1015.98267,17.212051,-6.71875889326477,-8.237762810546876,2223.106155508301,1276.997203772278,4.364044
2019-01-16,680.8336,205.25813,1531.8921,985.1567,1326.6339,6.112171,1018.242,17.191454,-6.1816648269042975,-8.221831884765624,3575.750417602783,1078.0194088187561,7.110443
2019-01-17,516.1673,170.52386,1011.1931,609.4558,840.66925,7.587358,1020.06757,25.073074,-5.914337002105713,-6.5216365390625,2998.1517591939696,990.4858903008545,8.535522
2019-01-18,326.51923,96.3436,1079.791,420.49814,983.4474,8.237508,1021.87445,19.145462,-4.005424179870605,-7.940246847656251,870.9733177686035,256.99161330461425,9.323181
2019-01-19,235.62846,63.112217,962.9238,318.8376,899.8116,11.552342,1023.3161,10.642688,-1.585944585144043,-7.9214779296875015,723.9403679439941,193.90476360096434,13.328247
2019-01-20,179.07137,63.86042,720.50946,205.7207,656.64905,12.973775,1018.3348,10.151687,-1.4317210900268549,-5.17806957421875,380.4094133595474,135.66158356536025,13.769836
2019-01-21,523.7835,77.93139,1218.8937,498.33447,1140.9623,4.9247108,1016.63055,9.811614,-5.982722249420165,-2.789489371093749,3298.7728217730714,490.80954906700134,11.93512
2019-01-22,548.93823,176.07324,1273.1438,772.26715,1097.0706,3.8514328,1022.1612,5.0891914,-5.244050199707031,-10.3825986875,3473.6525899775393,1114.1823207539062,4.6376953
2019-01-23,286.55835,62.763447,860.6249,427.53128,797.86145,8.2499,1025.6539,6.373587,-1.7865791358032226,-5.672027107421876,875.8843651529542,191.84058617399407,12.22464
2019-01-24,320.80292,65.46954,1190.6888,443.71298,1125.2192,12.3831,1020.35474,9.392226,-0.334610444030762,-5.2433171015625,1016.836752866394,207.5163109591919,14.643921
2019-01-25,291.18506,63.37764,1040.9482,430.95752,977.5706,11.292712,1019.8703,5.7158904,-1.596952788391114,-7.638031167968752,870.7580229898925,189.52410736612396,12.631653
2019-01-26,355.24844,64.06039,1010.782,416.35614,946.7216,12.302022,1021.41,5.6633058,-1.4892440197143557,-7.312682867187501,1208.4583644134339,217.915972548143,13.165161
2019-01-27,238.9174,64.08217,823.137,317.93314,759.0549,13.905357,1020.0982,9.15334,-0.47104263916015654,-6.113373263671875,609.2944033239334,163.42428800013275,14.601105
2019-01-28,205.05835,63.791836,795.57104,276.45978,731.77924,15.317574,1014.58057,13.838788,0.1925575473632808,-4.533325535156251,291.46907688969725,90.67344745896378,15.695251
2019-01-29,361.12045,63.998123,1040.4282,373.97302,976.4301,14.406981,1012.91425,14.928742,-0.905331531799316,-4.3310244023437505,607.2706982816773,107.62111266609497,15.391663
2019-01-30,558.0973,168.91241,1326.2423,759.9358,1157.3298,11.656609,1011.9587,19.910353,-1.8548934184570314,-5.829712285156251,857.2752764962647,259.46092101170655,12.527283
2019-01-31,460.15268,171.35887,1035.3782,508.26855,864.0193,9.203155,1012.4202,20.36211,-2.8336694360961907,-3.2570495468750007,1266.4068959666442,471.6044612941742,11.856689
2019-02-01,597.3775,201.64906,1132.8446,581.7001,931.19556,6.0759187,1013.76733,15.540764,-5.116959325531006,-7.6438905136718756,1263.2551480705138,426.4208411543472,6.8159485
2019-02-02,650.2196,284.56134,1304.2399,598.18744,1019.6785,5.9654655,1010.26807,23.112589,-5.783072454345703,-6.917815888671875,4870.761245831543,2131.6342032375487,7.419464
2019-02-03,846.4371,541.11926,1357.2933,893.87506,816.1741,2.785342,1010.9803,14.7696085,-7.42809302192688,-8.337859779296876,4613.449146267242,2949.334665113684,3.6418762
2019-02-04,914.86005,633.812,1415.2036,1000.0236,781.3916,3.0607312,1010.3128,15.481097,-7.560223827438355,-8.603606884765625,5540.1248443544,3838.180152955322,3.610443
2019-02-05,1203.8867,667.89325,2061.009,1154.5012,1393.1157,0.5813357,1011.3774,10.95901,-8.484269276599884,-8.12707559765625,7732.4391903125,4289.80888071582,2.7177124
2019-02-06,924.9294,499.45767,1753.6323,1150.7733,1254.1747,-1.7474428,1017.5318,6.041679,-7.751491841529846,-10.906585419921875,4456.744480847778,2406.6218093759153,-0.38180542
2019-02-07,808.46027,384.8058,1575.5304,1033.0028,1190.7246,0.20802052,1023.1071,6.288713,-6.443070476809502,-10.283538341796875,2663.0460456118835,1267.5397543235229,2.5783997
2019-02-08,681.01965,354.75793,1375.3167,813.8409,1020.5587,2.726485,1020.46893,6.712925,-5.483709986038209,-10.036987005859375,1641.0291548161256,854.8477429305786,3.580719
2019-02-09,794.1705,378.39075,1248.0679,749.97015,869.6771,1.7273445,1016.512,10.448636,-6.483219487060547,-8.320983830078125,2615.674781225,1246.26534285,3.6591492
2019-02-10,759.01434,448.1612,1527.6085,841.40295,1079.4473,0.95325726,1016.18677,9.829868,-7.512868237293244,-8.854919134765625,3324.5780797864077,1963.0022732825623,2.0127869
2019-02-11,654.5249,322.9573,1263.3046,868.6164,940.3473,1.1767489,1018.99384,4.091189,-5.150432428196717,-8.177123962890626,2488.6667863166017,1227.9641580236205,4.868988
2019-02-12,386.58426,90.487526,1017.5599,522.9177,927.0723,6.7126403,1019.0734,4.462259,-2.249104714508057,-8.31115693359375,1280.0397836842712,299.6180791736252,8.215393
2019-02-13,319.2998,63.1416,1135.3488,405.79465,1072.2072,7.6103606,1012.93604,20.897242,-2.889085377593995,-4.0911558417968745,1275.886800762793,252.30687532509768,8.773712
2019-02-14,927.69464,517.376,1551.3945,939.60034,1034.0186,9.110234,1008.77716,28.50292,-3.176595739440918,-3.18994125390625,6570.275767686829,3664.2475777509767,11.25824
2019-02-15,619.65027,318.82346,1275.2183,691.96173,956.3948,2.6282284,1014.94794,11.125621,-7.118986574020386,-8.0912470859375,2816.575866791077,1449.1891587450593,3.735962
2019-02-16,815.7646,374.71075,1462.9492,957.2848,1088.2385,0.84343463,1019.5125,9.277076,-8.207705368175507,-10.324127169921875,4592.164013513916,2109.350256655029,2.0283508
2019-02-17,825.8139,251.98982,2014.7053,982.8674,1762.7155,-0.059750874,1018.4448,8.694247,-7.349272573595476,-9.04025251171875,4830.151665006409,1473.8781395629119,1.6848755
2019-02-18,967.60425,486.48962,2505.2214,1167.1852,2018.7318,-1.2358373,1016.736,6.9344783,-7.592143940354919,-10.77545133203125,4587.272114697241,2306.3771070423704,-0.12384033
2019-02-19,782.8601,229.11613,1784.7042,1007.0152,1555.5881,-0.29915237,1020.0591,4.8477917,-6.485630074267578,-10.639495998046876,2778.4883416864013,813.1676438282394,0.915802
2019-02-20,759.90314,287.9712,1616.6616,873.9423,1328.6904,0.2897962,1015.7917,7.9859004,-6.513723796625137,-9.600555107421876,2135.3091219345824,809.1919637602539,1.0371399
2019-02-21,1082.1051,565.92456,2109.5283,1218.1505,1543.6038,-0.62801486,1005.2767,10.013436,-7.483771162537384,-8.392303671875,5001.758795264038,2615.844007693408,0.7453613
2019-02-22,883.3794,256.5367,1999.273,1119.9032,1742.7362,-0.26633582,1011.91425,6.273725,-6.619422815191269,-10.40234373046875,3446.864419853125,1000.9824461396485,2.0291138
2019-02-23,671.7723,173.59181,1462.2367,908.07904,1288.6449,1.9496613,1023.26074,6.294908,-5.893826745117187,-10.267638927734374,1506.3918965085757,389.26479661008455,3.150299
2019-02-24,501.4078,139.06618,1373.8915,642.2954,1234.8253,4.7709413,1022.10913,10.759251,-5.029318742523193,-8.468780628906249,981.3214133707062,272.1709075647629,7.7680054
2019-02-25,362.0422,76.13248,1127.5636,482.6615,1051.4312,8.397403,1017.2614,12.870811,-3.0971342366333,-7.2241214042968735,623.1571818228759,131.04135078894043,9.147736
2019-02-26,215.62386,62.94671,681.2312,299.7334,618.2845,9.200149,1017.2458,11.806348,-2.1025124175415044,-4.221527138671876,320.86399453582766,93.66928503504029,10.040558
2019-02-27,440.70435,109.315475,968.7436,423.1042,859.4281,7.0756392,1018.27295,16.710718,-3.953965752105713,-6.993835517578125,1000.0789133911131,248.06676626779173,8.2499695
2019-02-28,1011.13995,450.3241,1403.3651,893.90076,953.041,7.412005,1018.6812,18.490921,-5.134107052337647,-7.195343212890624,2248.3644306727842,1001.337824335144,9.161957
2019-03-01,411.94467,137.8878,823.0918,446.71423,685.204,9.895302,1016.74097,17.822771,-2.654790181152343,-5.805603464843749,737.5467287551025,246.87465185357667,10.335999
2019-03-02,655.8183,64.98912,1773.9779,576.3647,1708.9888,7.85692,1015.09204,22.671112,-4.311030234527587,-4.734832748046875,2881.7639756500243,285.5719437721252,9.888458
2019-03-03,538.98627,164.02278,1151.8325,599.87494,987.80975,6.358958,1016.8382,14.212771,-5.7110962325134285,-7.382232548828124,2207.7042968784,671.8423479993882,7.1127625
2019-03-04,641.6207,254.78171,1153.7109,679.8156,898.9292,6.439772,1016.38153,10.271506,-5.215027870941162,-7.127685425781252,2059.4237157036255,817.778274259433,9.183289
2019-03-05,509.68558,227.34894,985.3176,592.2142,757.9687,11.27159,1015.1241,15.902367,-1.0853277671508792,-3.3840634003906267,1144.2346920631562,510.3941598283387,13.35434
2019-03-06,521.8106,102.50196,1150.2113,547.5187,1047.7094,8.548474,1012.64056,22.0288,-3.7618016881713867,-2.9450072128906246,2604.235162207947,511.56340316832734,11.536957
2019-03-07,633.2611,145.21844,1340.5673,669.39325,1195.3489,4.1737113,1015.4512,11.667831,-7.3787322001037605,-8.223205357421875,2321.0497654229735,532.2594942657837,5.9394836
2019-03-08,842.33795,460.19608,1553.7837,958.233,1093.5876,1.0674006,1015.5999,10.12185,-8.312857425315856,-10.135223767578125,4544.140331710205,2482.608723467407,2.6523132
2019-03-09,789.292,393.28036,1424.732,890.0312,1031.4517,1.2650032,1016.055,9.788302,-7.721263795654297,-10.330292087890625,2183.4323295273434,1087.9383954069092,2.835785
2019-03-10,760.00275,391.54175,1418.3264,870.9629,1026.7847,1.2941424,1014.15607,12.581233,-7.517578634544373,-9.206176767578125,1494.0375673182982,769.7052193381347,2.3085632
2019-03-11,691.62933,246.54266,1517.2175,864.1551,1270.6748,3.3527691,1013.82745,13.791247,-6.470544863571167,-9.39514125390625,1826.9384002893983,651.2422732514343,4.9457397
2019-03-12,817.92676,264.62778,1549.8706,1038.4094,1285.2428,4.9561515,1009.2264,14.78881,-6.847951514556884,-8.590606328124998,3227.8278780589844,1044.3146749659302,8.676514
2019-03-13,756.05634,262.5532,1583.6327,917.2518,1321.0795,4.9117875,1011.97925,7.245587,-5.786076490081786,-6.976532080078124,3650.5817250124514,1267.7254856883546,8.483368
2019-03-14,698.2073,111.90521,1651.8354,974.85785,1539.9302,4.6427193,1020.48804,5.181567,-5.542160731201172,-10.29812628125,3315.2420284381838,531.3506123951416,5.8901367
2019-03-15,787.1343,62.859734,1854.0708,1202.2585,1791.211,5.980863,1021.6258,5.709989,-5.131155905670166,-9.828887796875001,2900.214034107715,231.60810901117404,8.180908
2019-03-16,822.48505,103.48071,2008.4353,1064.6017,1904.9546,8.984994,1018.0913,6.507574,-3.855716065368652,-9.284363037109376,3343.1426307724,420.6165014758301,11.584137
2019-03-17,1305.1702,582.3435,2085.0146,1756.0009,1502.6711,12.024566,1016.6364,10.65864,-3.433057803283692,-8.455474976562499,3304.9657291885255,1474.6163983782715,14.130249
2019-03-18,905.1193,274.0618,1622.0623,1214.2583,1348.0005,13.619103,1014.6927,13.331783,-2.5564245682983398,-6.944366291015626,1852.3253383354188,560.8670587101593,14.248627
2019-03-19,731.70624,530.6495,1128.8065,855.0555,598.15704,12.577945,1014.13574,14.352672,-2.0910892444458007,-4.953979119140627,1662.2491091275024,1205.499655026355,13.511078
2019-03-20,745.21564,276.8806,1664.6437,817.57367,1387.7631,5.717977,1015.38885,13.898646,-6.078055953033447,-5.432037072265626,2189.6240333415894,813.5423080436035,9.912201
2019-03-21,679.65796,173.59148,1554.5946,749.53674,1381.0032,3.0447857,1018.39575,13.235153,-7.300163262008667,-8.941253400390625,2569.5060441828614,656.2776791414948,3.9168396
2019-03-22,674.81866,311.96765,1441.0818,791.36835,1129.1141,4.381845,1019.7471,13.299552,-6.598730002593994,-8.849914158203124,1769.7857729463258,818.1692949715087,7.710663
2019-03-23,570.5606,177.09508,1320.3346,638.0648,1143.2395,6.9428344,1019.80206,14.058965,-5.103960622711181,-8.358001923828127,1607.2133175433348,498.8594780411682,7.981903
2019-03-24,589.2297,137.81786,1421.1449,769.71185,1283.327,7.1297507,1019.86005,9.124006,-5.411824271392822,-7.082214654296877,1436.4584545192688,335.9804037354629,11.659454
2019-03-25,678.94104,206.59259,1298.5511,853.6852,1091.9585,12.331459,1018.9017,7.5655155,-2.083682954589843,-6.981415205078125,1088.633413418274,331.25644722720335,13.30954
2019-03-26,400.96103,63.103985,1012.1897,504.19464,949.0857,12.684075,1015.8069,7.261524,-1.4431766444702152,-5.931793083984374,859.9644549412903,135.3427889227455,13.183014
2019-03-27,426.14346,86.82272,1271.984,537.4515,1185.1613,9.6856575,1015.658,12.034016,-3.3719854987792974,-5.5975951894531235,1119.161826918457,228.01869823583985,12.620331
2019-03-28,608.58374,94.29715,1295.0281,637.83887,1200.731,6.406662,1020.031,13.095822,-6.567326012695313,-9.11975065234375,2389.4874513856444,370.23969079906004,8.278381
2019-03-29,607.9528,62.57202,1728.2712,805.8752,1665.6992,7.655908,1021.1214,8.932426,-5.265661892242431,-8.999694587890627,2226.9428517102538,229.2025160800781,10.202972
2019-03-30,580.09515,63.086445,1662.2809,746.49786,1599.1945,10.768012,1017.91534,10.179533,-3.4608289531860343,-8.212097609375,1783.0036105427307,193.90501405466728,12.957275
2019-03-31,622.8865,100.82787,1748.508,844.45026,1647.6802,12.989171,1016.63446,10.867394,-3.159206971862794,-8.302978466796876,1665.1817220539551,269.54627916977694,14.545197
2019-04-01,543.5987,64.22484,1254.7319,753.8323,1190.5071,14.271968,1014.17035,13.398575,-2.761275112121581,-7.0745544238281255,1228.5881146433899,145.15464043656465,14.755341
2019-04-02,432.12585,63.80223,1175.1102,492.19092,1111.308,11.804459,1011.6116,14.630422,-3.2632913818359377,-5.046661943359375,1392.7760694589233,205.63967501887666,14.402008
2019-04-03,788.0125,327.9733,1458.9598,788.3427,1130.9866,6.574716,1014.4907,14.731906,-6.563963408843994,-8.93740927734375,2811.8306899628174,1170.292816474475,8.284241
2019-04-04,681.92236,188.3726,1377.4985,709.66284,1189.126,6.079413,1016.21576,14.26282,-6.9538390628356925,-8.439269847656249,1767.1429545434082,488.15134766940156,8.120056
2019-04-05,735.9482,332.01672,1504.9448,832.4441,1172.9281,5.3201165,1015.31573,18.96173,-7.278436480072022,-9.781464048828123,2154.8761450149536,972.1539312484132,7.0112
2019-04-06,597.6688,168.9241,1367.1012,744.5557,1198.1771,8.443776,1016.5742,15.135841,-4.937628869323731,-7.520568458984375,1991.6305864909914,562.9110919212952,11.614655
2019-04-07,385.14157,65.40999,1223.4468,583.6474,1158.0367,14.126039,1018.8431,17.803741,-1.5335464486694335,-6.3732296191406235,794.6964959952394,134.96618515155032,17.128265
2019-04-08,364.13184,64.39307,1190.6954,510.70047,1126.3024,18.867495,1016.82074,14.438838,0.05750458312988371,-5.230529789062501,981.6539860343751,173.5956707765625,19.672241
2019-04-09,641.06915,64.3457,1917.7166,771.076,1853.3708,14.937194,1014.7482,14.919957,-2.558331129455567,-3.998352310546874,2939.0131999745972,294.99605465429687,18.731232
2019-04-10,807.4964,213.24767,1771.5983,1054.0317,1558.3506,7.4221115,1017.6894,6.526484,-6.341597488769532,-9.141173998046874,5768.515254991699,1523.3782003463134,10.353302
2019-04-11,644.80444,63.029583,1822.3198,875.7178,1759.2903,10.931683,1016.17334,9.000437,-3.1130644133300773,-7.443328988281252,2688.995407517212,262.84908689627264,12.104187
2019-04-12,747.5606,137.16302,2012.3342,950.7699,1875.1711,7.9947877,1009.18195,13.320198,-5.796559806976319,-8.761200048828126,3450.407998715491,633.0836499987671,10.901825
2019-04-13,786.8952,131.1637,1768.8066,1072.9298,1637.643,11.353355,1012.48114,9.970235,-3.6549885922851555,-8.530974857421874,2124.561571007355,354.1327329398804,12.947296
2019-04-14,506.74033,63.32503,1166.7971,667.46295,1103.472,12.003903,1013.00073,10.281295,-3.62776761102295,-7.107727410156251,1170.5304751255462,146.27586390804632,12.853455
2019-04-15,513.9839,80.64999,1174.9852,687.8638,1094.3352,10.704057,1009.62524,11.972323,-3.4568162601928716,-6.367859306640625,1424.6276936366698,223.54047840099716,11.672211
2019-04-16,745.587,296.8147,1580.3364,878.63104,1283.5217,7.3885818,1012.35425,19.01026,-5.073066247222901,-6.1593322499999985,2518.974989763318,1002.7921945770996,10.402344
2019-04-17,615.4285,109.253006,1508.7523,816.4439,1399.4993,9.746376,1017.7159,12.172772,-4.288207962402344,-7.387023753906249,1756.1842006788147,311.76390808072665,14.719177
2019-04-18,529.0629,63.92136,1635.6556,751.30316,1571.7343,16.699755,1017.70624,12.182236,-0.7931852850341805,-6.365783308593748,1103.1119693833375,133.27794048961564,18.600159
2019-04-19,570.7444,69.828766,1348.2869,762.8109,1278.4581,18.3533,1013.8152,14.023456,-0.49782590539550853,-4.313903548828126,1105.6119487281983,135.26811646437685,18.925262
2019-04-20,512.54364,151.02309,1140.0396,571.6549,989.0165,13.336816,1011.62726,13.367466,-0.2785761659545898,-2.487762587890625,1468.0972000146485,432.580863630127,17.093597
2019-04-21,772.785,342.98126,1380.0951,863.3798,1037.1138,8.788939,1013.4248,11.271636,-4.857151523986817,-7.510589480468749,2935.2780505220644,1302.7496725254823,10.9470825
2019-04-22,840.2039,186.49127,2066.1897,1024.6835,1879.6985,11.358768,1014.90985,15.443634,-3.6596195368652342,-6.8342593359374995,2365.607407637683,525.0691228011109,14.982056
2019-04-23,965.04565,238.46257,1874.2687,1228.5873,1635.8062,16.017817,1013.44434,15.452022,-1.6419014564209,-5.909484564453123,2351.6695725820314,581.0970372434082,18.958221
2019-04-24,819.3746,248.59348,1319.4855,1088.8186,1070.892,19.09907,1013.1629,14.033994,0.5443835953369138,-3.894988908203125,1273.272033578369,386.30332256823726,20.49582
2019-04-25,479.17435,64.13125,1215.9525,650.86145,1151.8213,19.735147,1012.52594,15.44241,1.3198314761962884,-3.5715031523437517,867.6384024335022,116.1221053033493,20.739319
2019-04-26,467.96664,104.360275,1118.0753,604.8663,1013.715,19.512276,1012.37964,15.445767,1.7011376958007816,-2.2044674785156246,894.2883753391358,199.43340440863037,20.65976
2019-04-27,492.91367,163.31752,1160.44,642.0418,997.12244,17.75949,1012.7385,14.226832,2.2273225594482415,-2.4867856777343746,1050.3931067950439,348.0276756115112,19.35733
2019-04-28,536.013,172.12883,1025.917,590.5858,853.78815,17.828405,1010.16766,17.375378,2.2568443802490226,-2.2101743652343764,1399.993005906024,449.5770771114578,18.370026
2019-04-29,966.2154,524.77985,1541.6177,987.0205,1016.8378,9.296192,1008.5947,19.65712,-4.814937830810546,-0.8618772304687496,2898.095146560553,1574.0402566279358,17.232239
2019-04-30,742.6766,344.11462,1250.9877,796.4525,906.87305,7.1409783,1011.83075,15.984062,-6.615841663665771,-8.927002193359375,2889.5066467444212,1338.8351366136962,8.007477
2019-05-01,815.991,321.76187,1609.3533,931.9682,1287.5914,8.33652,1014.035,13.71165,-6.024417804992677,-7.681365263671875,1985.5613311097352,782.9472479022553,12.726105
2019-05-02,684.6021,249.78337,1362.9774,831.2676,1113.1941,12.54454,1014.61523,14.221493,-2.809576594726563,-5.792755144531249,1656.5623316765564,604.4119880568558,15.230652
2019-05-03,651.02637,114.52428,1361.0658,853.01917,1246.5415,14.753383,1012.9172,13.5653305,-1.5765013171997069,-5.455780076171877,1248.7366045209963,219.66953056157686,16.768097
2019-05-04,523.3094,108.1835,1195.4584,622.8567,1087.2749,15.02188,1011.3577,11.9866,-0.9900238501586927,-4.745116730468752,1171.1191014007325,242.10489812888184,16.615051
2019-05-05,582.9605,232.96889,1155.6368,680.2662,922.66797,12.709602,1009.86035,11.636613,-1.9013906440429693,-3.5489196132812495,1912.0943256266785,764.1314972012741,15.719421
2019-05-06,857.576,323.6011,1724.6029,952.74164,1401.0018,6.8217964,1011.01215,17.06281,-7.309150582763673,-7.923065392578124,3228.178439981079,1218.1335801655885,9.720673
2019-05-07,731.30255,348.14,1313.0803,827.80005,964.9403,8.405281,1014.1238,19.111917,-5.829078933105469,-7.5821537128906265,2677.4301283964724,1274.6031892025635,10.607269
2019-05-08,755.91376,330.88882,1477.9271,937.4082,1147.0383,10.510266,1014.1325,19.771975,-4.764915695983886,-7.518096757812501,2735.1310631775514,1197.2586733311462,13.465698
2019-05-09,875.9426,293.73233,1318.2847,851.4002,1024.5524,10.996441,1009.25323,20.654081,-4.373909112548828,-5.498077830078124,2518.5307380730956,844.5460694791076,13.581024
2019-05-10,866.3212,309.14517,1716.3491,1028.2656,1407.204,7.290146,1008.1788,20.892828,-7.489978125976563,-9.380920591796876,1895.1741078624939,676.2894718682769,9.652618
2019-05-11,837.27167,164.0738,1814.3789,993.5707,1650.305,9.9637785,1012.1545,24.949228,-6.248486504211424,-7.684357101562501,855.2793715959717,167.60264056902466,13.315796
2019-05-12,793.9084,169.5235,1802.2115,935.4897,1632.688,15.63654,1012.1535,22.253601,-2.1452195870971664,-5.980468316406249,1546.2725786903993,330.1760527725159,17.827576
2019-05-13,878.8996,419.14194,1515.9347,939.4844,1096.7927,17.486685,1013.438,19.518839,0.0009227991943348002,-4.4793698535156246,1690.4536005929015,806.1671654836822,18.357025
2019-05-14,615.8136,206.44022,1222.206,707.851,1015.76587,16.961493,1014.0454,16.641119,-0.13502746154785328,-4.143951076171874,1326.7803744346925,444.7787898423646,18.424347
2019-05-15,536.1445,237.03749,1035.5605,652.3806,798.5231,14.952694,1012.1926,15.740284,-0.7077860607910154,-3.0773926972656263,1566.5610636652223,692.6000815366974,17.402435
2019-05-16,813.1165,281.71487,1654.4558,956.22174,1372.741,8.101583,1011.1126,18.983404,-6.264376472839356,-6.4736330449218755,4354.232764101099,1508.5810106698366,11.655304
2019-05-17,785.4543,195.34074,1570.1128,978.8789,1374.7721,6.010597,1014.40204,10.112487,-7.705683770996094,-9.9193422421875,4120.591123517463,1024.781902112117,9.143677
2019-05-18,599.8384,107.74718,1310.2056,793.27985,1202.4584,9.28643,1013.6524,13.663548,-4.961913641113281,-8.584167251953126,1576.5681677882812,283.1942329740967,11.158417
2019-05-19,713.27783,201.02798,1485.5807,786.6866,1284.5527,6.330892,1011.2168,18.828138,-6.746678913970948,-6.1532896523437515,2951.1206951909176,831.7345907591247,10.809631
2019-05-20,900.8374,428.5238,1621.7563,1034.9719,1193.2325,4.8434906,1011.2002,12.96153,-8.037560399414062,-9.985595363281249,4984.49531773291,2371.0992545125246,8.692078
2019-05-21,842.1218,275.72336,1578.2593,973.0484,1302.5359,6.724009,1011.78955,14.347954,-6.912351962982179,-8.81777973828125,4470.129182518067,1463.5875609473267,8.498718
2019-05-22,969.0252,290.49765,2224.095,1114.8578,1933.5973,5.3916955,1007.3497,13.810054,-7.468827500579835,-8.968933240234374,5042.582656791058,1511.6824630567658,7.6063538
2019-05-23,656.47217,140.0733,1332.662,770.42224,1192.5886,6.117994,1010.774,19.119688,-6.409580168365478,-9.1078491640625,1963.3132165134277,418.9176341605774,6.885132
2019-05-24,886.65204,224.84645,1841.5259,1028.9769,1616.6794,8.445834,1014.55707,18.802427,-6.146984840148926,-8.243407402343749,1489.5494458999572,377.735449352507,12.454163
2019-05-25,758.5879,299.92325,1391.4186,884.5471,1091.4954,11.530159,1011.4346,16.209576,-3.7041810034179683,-6.772583009765626,2025.999064039453,801.020195327179,12.63974
2019-05-26,782.5254,259.9567,1428.5261,832.4789,1168.5695,7.060842,1010.56006,16.24525,-6.028844962799072,-6.502258103515626,3603.308203900195,1197.0270932804963,10.993744
2019-05-27,892.768,413.69742,1601.7594,1047.1067,1188.062,4.1368575,1014.6303,13.431519,-8.200654490386963,-9.960631861328125,4095.7682944490666,1897.9272989375154,7.959442
2019-05-28,749.3201,155.06894,1687.5952,968.01245,1532.5262,9.105274,1012.6983,16.647453,-5.300346799560547,-7.084869367187501,2023.5330898009095,418.7624452892425,13.985474
2019-05-29,668.1812,63.290607,1514.0347,858.4877,1450.744,15.310337,1010.1719,18.554783,-1.4785479333496099,-5.815185919921873,1356.5902766304323,128.49721146419145,16.751007
2019-05-30,591.34,68.82242,1347.1897,735.7726,1278.3673,16.477018,1010.07,14.459588,-1.119579643676758,-5.098480341796876,1075.4889705888977,125.16952743892517,17.7659
2019-05-31,676.6604,204.98312,1417.4995,745.3931,1212.5164,16.329697,1010.34894,12.800018,-0.13570234472656395,-4.194854421875,1348.1339958141357,408.3949904198883,17.546143
2019-06-01,753.20624,237.0089,1603.6422,856.7584,1366.6333,15.167752,1009.39453,16.780504,-0.5772397340698241,-5.31643711328125,1332.7426251924378,419.36967888990023,16.399109
2019-06-02,923.07465,479.04504,1703.1017,1022.81793,1224.0566,15.080255,1009.4451,23.196144,-1.7844744452514654,-5.752685623046876,1760.9231945393371,913.8605775507202,16.327911
2019-06-03,876.1033,433.6161,1750.9518,1047.2535,1317.3357,17.638674,1010.37286,23.805307,-0.31760421765136826,-4.1819767050781245,1984.7683316049317,982.3356552473878,19.895477
2019-06-04,898.8135,349.97733,1808.2145,1148.8798,1458.2372,21.671417,1010.56024,19.858543,3.003170236328124,-2.3256223945312513,1849.725417955078,720.2405965797485,23.52362
2019-06-05,915.0744,418.98273,1538.0424,1039.1241,1119.0596,23.700638,1010.6307,21.228785,4.163537817382814,0.07153277929687363,1695.269582100647,776.2086570824584,25.279999
2019-06-06,511.26352,153.02753,1114.338,641.71606,961.3105,22.77797,1011.0207,17.980103,4.141374360351563,0.7180480039062509,1210.4536018964357,362.30381023427736,24.831604
2019-06-07,559.29834,189.26462,1231.0312,692.1926,1041.7666,18.596235,1010.56866,14.82879,0.9573052752685562,-1.3753974218750002,1437.158024866992,486.329289915271,22.296143
2019-06-08,652.07837,158.3333,1454.2849,780.33813,1295.9517,17.426804,1010.5498,13.057147,-0.6394804111328121,-5.2570498242187504,1228.9389767381836,298.4027228992492,20.17218
2019-06-09,865.48956,249.80884,2000.0569,1023.1535,1750.248,21.65004,1013.32983,14.211556,0.3264396728515635,-4.902099259765624,1589.8799204037964,458.8917905958496,23.901459
2019-06-10,1372.7789,812.8697,2004.1967,1410.5441,1191.3269,23.5684,1014.1336,12.710059,0.12861042932128797,-5.968139525390626,1894.5311561194458,1121.8171542844054,24.524261
2019-06-11,1140.122,439.27512,1655.794,1107.9315,1216.5188,24.584497,1014.1409,14.987233,-1.408859548217773,-4.965423582031249,2121.7253312276002,817.4749572724762,25.966003
2019-06-12,759.1149,391.88126,1240.4886,801.82184,848.6074,24.985575,1012.49225,16.675547,1.4077697222900376,-2.483734275390624,1718.3289858951844,887.0605694740143,26.168793
2019-06-13,461.85947,106.5161,1007.0509,574.1079,900.5348,21.511229,1010.31445,10.421021,1.901122561401369,-1.6790163417968742,1125.1848035725707,259.49515709890744,23.8909
2019-06-14,626.34094,186.18074,1305.6228,837.6666,1119.442,19.624327,1010.55304,15.899161,1.3181687059326173,-3.44714381640625,1606.603663520813,477.56523531055444,21.351013
2019-06-15,583.9743,229.33046,1222.3815,729.4775,993.051,20.391802,1010.2512,19.792166,1.261968834106444,-3.4567867324218753,1506.418771971405,591.5803261104995,22.589874
2019-06-16,598.3589,275.13672,1079.031,710.0515,803.8943,20.745827,1009.1258,16.813147,1.8840167211914078,-1.3010253417968762,1723.1012663906251,792.314510625,22.6409
2019-06-17,703.6447,305.35254,1417.5271,862.3959,1112.1746,18.849098,1008.9837,16.739368,0.8034002055664047,-3.076385427734376,1591.2664866604614,690.5434690458984,21.392487
2019-06-18,1001.8708,434.1239,1753.004,1173.8087,1318.8801,21.394846,1010.35864,25.183466,1.6150739625244128,-3.5966182792968766,1868.0836637698608,809.4654295193116,23.102814
2019-06-19,923.6628,464.19107,1403.0277,1078.9949,938.8367,22.605179,1011.76276,25.633032,2.728160833007813,-2.712188408203126,2294.6074157817384,1153.1657386481934,23.488007
2019-06-20,521.344,209.65446,1072.1211,638.02057,862.4666,20.72602,1010.83344,20.716421,2.24469981298828,-0.6074528281249982,1576.8236786621094,634.1074761114502,23.246826
2019-06-21,785.98047,412.07236,1343.4656,854.8631,931.3932,15.591449,1009.3453,15.980014,-2.1938162161254873,-3.3854976992187495,2982.1181279480465,1563.4592654959076,19.346008
2019-06-22,839.1675,286.98917,1743.3635,1039.1787,1456.3744,14.890298,1010.98193,15.91116,-4.2748621102905275,-6.4007877851562505,2290.227943418213,783.2412758169158,19.61322
2019-06-23,938.29315,442.7768,1631.4194,1040.703,1188.6426,21.019894,1013.1616,15.156653,0.6995816462402331,-3.8974611562499994,2207.953631732269,1041.9245087563172,22.470215
2019-06-24,673.4749,184.80661,1311.7212,848.71246,1126.9146,21.647074,1011.1955,13.940376,1.9149187457275403,-2.6332706328125006,1725.0413400300292,473.36439035559084,22.373901
2019-06-25,574.0477,253.96324,1065.2094,644.23395,811.2461,20.255714,1009.28204,15.012215,1.8837814165039077,-0.9508369921875008,1265.418645080713,559.8311857119446,22.053833
2019-06-26,610.4708,271.32733,1201.9729,708.25806,930.64557,18.582914,1011.0336,14.230142,0.3395403524169929,-4.879180322265626,1325.7579038525146,589.2408604608032,19.45517
2019-06-27,631.68475,218.32617,1268.7709,784.62994,1050.4447,18.688852,1012.9965,12.842509,-0.37091468981933673,-4.9523616679687485,1512.3169103372863,522.6948409142578,20.59259
2019-06-28,565.23016,166.96858,1142.8481,702.58813,975.8796,19.082895,1013.1701,9.559936,-0.47645172106933487,-5.711944482421874,1279.1169906287844,377.85023535012823,20.25003
2019-06-29,506.26538,96.87861,1027.4932,606.081,930.61456,19.770338,1013.1032,12.27642,-0.7522279415283215,-5.593078705078124,1170.1263652591554,223.9146079498787,20.832977
2019-06-30,559.18756,88.92513,1286.266,650.03424,1197.3408,19.995468,1013.2972,17.270723,-2.0478288603515615,-6.380676591796874,1489.5312803693969,236.8735931806259,21.699493
2019-07-01,567.23364,96.88921,1306.3922,718.26587,1209.503,21.488943,1012.0615,14.005849,-0.5647669000244129,-6.083222060546873,1490.976749301636,254.6738307384224,22.297638
2019-07-02,538.05664,121.17513,1172.5883,680.4669,1051.4131,20.858847,1010.6726,12.80856,-0.3126883355712877,-4.4444277226562505,1295.8986578125,291.84788372924805,22.231384
2019-07-03,553.95135,119.79255,1215.0547,692.477,1095.2621,19.368273,1009.2036,14.61908,-0.6979412186279284,-4.7501829375,1379.8560982815122,298.3952976450447,20.91504
2019-07-04,634.54083,203.62212,1329.4836,801.1533,1125.8616,18.34772,1010.1479,14.7604685,-1.2648388074951171,-6.3109128593750015,1647.8553956693663,528.7915063595626,19.625244
2019-07-05,596.1981,159.31622,1322.3203,758.99976,1163.0042,19.515505,1012.5547,13.309441,-0.36960016296386655,-4.596191435546874,1352.8156261331787,361.49975804029543,21.698029
2019-07-06,675.5153,227.4529,1367.1853,828.2945,1139.7324,21.453695,1013.3575,12.955033,0.8279822972412099,-3.709991052734374,1379.686067066913,464.5543668349503,22.75772
2019-07-07,569.64984,191.96402,1131.876,707.6267,939.912,20.361519,1012.1702,13.076375,1.007436859863283,-1.9580684980468739,1296.5697501053469,436.9258500584107,22.59549
2019-07-08,626.8355,223.53696,1198.0988,722.1813,974.56177,18.260832,1012.5052,17.951693,-0.33412016711425707,-4.466553158203126,1722.7389280214234,614.3490772445374,20.116913
2019-07-09,643.6943,214.82172,1261.4453,774.42584,1046.6235,19.015057,1013.8416,20.71289,-0.5917763898925799,-5.5479732402343735,1506.033664657599,502.61241908567507,21.246979
2019-07-10,613.3486,138.7649,1296.3345,744.46,1157.5696,20.729828,1014.28125,17.958918,-0.7461241191406245,-4.807434544921875,1315.0187245420532,297.5117909226074,23.209991
2019-07-11,556.064,96.625145,1303.9403,725.2779,1207.3152,23.374191,1012.93945,16.121996,0.34053128417968637,-3.4671934394531263,1188.2542734222839,206.4784558495857,26.3508
2019-07-12,655.14233,97.33768,1481.5245,799.568,1384.1869,26.051455,1009.02216,14.418167,1.9961395440673826,-1.9625244199218734,1234.8918053730958,183.4738704072693,28.649445
2019-07-13,699.32526,216.38815,1322.0475,781.0863,1105.6593,27.640722,1007.6679,16.259314,3.0712642747802725,-0.7667236816406238,1330.608193295929,411.72236638367616,28.728851
2019-07-14,576.23816,97.57504,1408.7026,706.86395,1311.1276,26.80411,1010.535,14.177158,2.9361285733642575,-2.6907963964843766,1153.7135016871337,195.35957906594848,28.045319
2019-07-15,723.2261,228.03285,1481.1143,895.15375,1253.0814,25.788635,1011.1504,11.754437,1.4278552539062517,-3.2180787871093735,1711.0410808504882,539.4904743620209,28.025543
2019-07-16,635.3183,65.96619,1288.0516,865.0767,1222.0854,24.10697,1008.4338,10.364132,-0.207453166625978,-3.710815474609376,1324.6235314630737,137.53792890612792,25.991364
2019-07-17,545.7688,120.19504,1127.3959,689.55426,1007.2008,22.115845,1009.5716,11.898887,0.0533447265625,-3.4549565175781254,1196.9641931409178,263.6082472995239,24.15622
2019-07-18,516.81525,182.96294,1057.7196,623.5474,874.75665,21.124857,1011.7812,11.562491,0.4667279488525402,-4.9570620000000005,1227.1169738545107,434.423957747432,21.859375
2019-07-19,511.80893,167.12029,1015.13794,591.49066,848.01764,20.693357,1010.67645,15.454873,0.8542494676513677,-3.9301154199218757,1314.8043839685058,429.3213165545654,21.743195
2019-07-20,537.18896,189.18027,1073.2828,636.96906,884.10254,20.198437,1011.1154,16.381409,0.18894173706054573,-4.513824337890625,1503.685383477539,529.5484856343384,22.222504
2019-07-21,512.6233,141.94296,1161.4386,671.27435,1019.4956,23.503242,1010.06256,18.645403,1.335172492675781,-1.6633302792968756,1207.4709363063967,334.3429863853577,27.946564
2019-07-22,598.87573,180.85832,1299.6399,707.4361,1118.7816,26.788298,1011.00995,24.51326,3.2876576531982415,-0.9576419062500001,1107.7276263200683,334.52976810083925,27.958496
2019-07-23,766.8477,265.18335,1646.9767,918.8853,1381.7933,23.780878,1013.1629,37.84508,-1.3851119329833992,-4.708251601562502,1517.6743753760193,524.826462160376,26.354858
2019-07-24,742.30566,65.70859,1817.9585,924.35547,1752.2499,24.983118,1012.2102,31.559408,-2.097144942749022,-7.307527285156247,1770.1908662808594,156.69655684888914,25.746033
2019-07-25,763.1443,74.308914,1829.2053,951.2265,1754.8964,24.432646,1011.716,34.91908,-2.2819142022705066,-6.7562576074218725,1363.3349851077148,132.75070537044067,25.419952
2019-07-26,699.39655,65.27905,1590.144,905.41406,1524.865,24.467688,1012.6631,31.305634,-2.158855393188478,-6.113372392578128,1433.8363547280883,133.82891240600586,26.126923
2019-07-27,830.83246,193.84535,1676.9126,1061.5308,1483.0673,26.438791,1012.6734,19.8065,-0.33658972497558537,-4.609132685546875,1958.1977451702576,456.8761459123917,28.584747
2019-07-28,718.0137,221.00114,1555.7432,930.19476,1334.7421,28.406927,1011.0371,17.423044,2.0867351087646497,-2.2439573222656257,1514.9465958708986,466.2932539041489,29.314545
2019-07-29,468.75876,118.913925,1150.8495,635.3145,1031.9355,27.899506,1009.76385,15.013458,4.018667615234374,-1.0809325800781266,913.0016683973237,231.6087115123215,28.99118
2019-07-30,626.52,132.82962,1451.3657,748.1504,1318.5361,27.050177,1008.78174,19.36005,2.861293620483398,-1.4990542734375012,1314.6097903338868,278.7127528725769,28.959595
2019-07-31,561.5706,142.68202,1201.5787,674.1254,1058.8967,24.763277,1011.3901,16.691454,1.6493400538330079,-2.4625848730468753,1257.0540948843322,319.38818466479034,26.105255
2019-08-01,558.0099,145.84503,1277.9702,688.77893,1132.1252,24.080877,1013.0203,13.677873,1.0450213040771494,-4.7422488828125005,1256.5265535103272,328.41381329925537,25.088745
2019-08-02,702.9362,103.01022,1476.3634,824.9236,1373.3531,24.145105,1012.1572,10.2127495,-0.4288446380615234,-5.724914845703125,1515.0906593804993,222.02558812920228,25.395233
2019-08-03,657.51263,230.61974,1262.5142,758.9265,1031.8944,24.345665,1010.3293,14.345508,-0.9083940219726578,-4.470367326171875,1252.0344404194398,439.14570870023346,26.13919
2019-08-04,535.05786,80.95606,1206.4866,662.9067,1125.5305,25.57725,1010.4173,16.476984,0.5376925269775406,-4.280426234375,1079.9848649084472,163.40535920322418,26.85376
2019-08-05,511.2648,98.28856,1282.6562,653.0961,1184.3677,26.62765,1010.8047,16.66683,1.2227133072509773,-3.4299008339843766,1184.129260082245,227.64398871658022,28.327545
2019-08-06,928.55426,115.73093,1712.7887,1270.9653,1597.0577,27.351929,1009.958,21.095589,1.748502710937501,-3.4754332246093753,1864.2791879271972,232.35557353425293,28.43277
2019-08-07,585.77246,133.8187,1249.4987,753.7602,1115.6799,25.687262,1010.4814,25.105087,1.8458675814208974,-1.3939211289062499,1337.738644329297,305.60405560916746,27.666443
2019-08-08,688.34357,159.97215,1481.6599,870.9928,1321.6877,23.93319,1010.7802,20.470415,1.177816392089845,-2.8548274355468735,1753.9032631712403,407.60994094903566,25.369904
2019-08-09,666.6364,107.25331,1173.5499,765.1308,1066.2966,21.579153,1010.5329,11.437358,-0.8139989390869147,-4.064544927734374,1623.1080072691343,261.1374125395584,23.822174
2019-08-10,618.3987,88.75289,1418.0408,746.75684,1329.2878,19.841154,1010.9366,13.673373,-1.8844719014892561,-6.642394634765626,1499.847342007031,215.25884906374512,21.3331
2019-08-11,623.41125,88.58199,1457.5334,801.715,1368.9514,18.928934,1011.87054,15.027737,-2.9207759027099627,-7.176697199218751,1375.6590486624755,195.47067751230009,21.13507
2019-08-12,599.3024,115.47994,1368.3262,750.1596,1252.8462,20.974787,1011.8496,13.037606,-1.2505952415771482,-5.029083017578124,1101.6551650546935,212.27859044221267,24.367157
2019-08-13,606.695,158.70782,1371.4716,757.9301,1212.7637,23.858856,1011.89935,12.773079,0.5968642011718757,-4.015563560546877,1102.1240917291993,288.30914222783207,26.1492
2019-08-14,621.82446,108.39028,1510.2689,775.44995,1401.8787,25.395813,1012.16437,10.336425,0.01814798828124964,-4.885406238281249,1105.7895096217042,192.75027532122422,27.365906
2019-08-15,591.70233,72.2963,1490.8496,768.87506,1418.5533,26.674212,1011.4515,7.908273,1.169748502075194,-4.332702806640626,1154.9122432044494,141.11130003342208,27.992523
2019-08-16,597.2172,101.370026,1264.5956,839.68146,1163.2256,26.099861,1009.5706,9.120565,1.5356461450195305,-2.213531931640624,1208.6641041544312,205.15535432232056,27.974945
2019-08-17,504.76523,205.95169,1004.0025,635.692,798.0508,23.581736,1009.039,9.277955,2.7212526109619155,-1.6073603945312485,1287.2655099869203,525.2233974906922,25.695496
2019-08-18,531.7924,208.99158,1155.2456,652.6216,946.254,21.804926,1009.7037,11.338608,1.4431159185791032,-3.4384765214843753,1253.350603044226,492.56008487136233,23.40274
2019-08-19,546.0866,180.6568,1184.2612,651.9235,1003.60443,22.298264,1011.0727,13.24871,0.8960725498046891,-4.161743197265626,1163.1811871789428,384.8045106420044,23.519623
2019-08-20,531.0951,97.32902,1194.9852,709.26556,1097.6562,23.381567,1010.9489,10.689545,0.2728420013427737,-4.374908806640626,1299.1902022878173,238.09089527595674,26.086273
2019-08-21,507.30374,77.01411,1350.6526,666.08777,1273.6384,25.621918,1008.6546,8.2483225,1.129403724609375,-4.875181933593751,1232.3922688915834,187.09026170921175,27.387268
2019-08-22,501.96793,66.58298,1240.1661,657.1591,1173.5831,24.80268,1005.56934,11.848659,0.5684550618896473,-2.944733476562501,1029.0007168945922,136.49065571170652,27.184937
2019-08-23,577.9556,162.72922,1302.4999,708.5451,1139.7706,23.306528,1006.4908,15.892883,1.554165091430665,-3.840301406249999,1323.0360828697205,372.51411061006166,24.778809
2019-08-24,584.52106,101.59701,1371.9948,718.17456,1270.3977,22.801805,1009.9575,19.435,-0.6702645037841783,-6.652800839843749,1425.8442510983946,247.8294112153404,24.29889
2019-08-25,704.7424,102.3414,1607.0363,833.6275,1504.6948,24.48935,1012.42487,22.005987,-0.43630063476562597,-6.514190406250002,1502.6076362068175,218.2059370548248,25.606934
2019-08-26,655.4314,78.091,1499.1992,793.54614,1421.1082,24.333944,1009.8016,29.215218,-1.6563156793212883,-6.036407291015625,1251.1663635495117,149.06950948103028,25.467377
2019-08-27,759.52954,316.9312,1390.1324,927.643,1073.2012,25.40303,1008.3509,30.529917,-0.15764760449218684,-4.841186978515626,1495.2405394368163,623.9235906787353,26.558197
2019-08-28,539.6117,147.16731,1041.3113,600.75555,894.144,24.283926,1010.10455,26.651953,0.5800530101318344,-2.6051327324218754,1222.542420007739,333.4217631076996,26.07425
2019-08-29,542.0081,131.03024,1254.8402,644.7537,1123.8099,22.662958,1012.08344,22.950056,-1.4594318548583978,-6.116454798828126,1226.3238812984803,296.46330160899964,25.186981
2019-08-30,533.35785,65.06298,1308.9548,718.6474,1243.8918,24.735153,1011.3514,19.079933,-0.7678238017578138,-5.324034658203125,1350.843424836731,164.78598704166413,26.780975
2019-08-31,538.03687,98.27702,1370.6108,706.9133,1272.3339,26.282553,1010.45197,15.889283,1.1305047191162103,-4.454467513671872,1303.2756150978028,238.05440907028503,28.190948
2019-09-01,662.99664,92.9136,1653.7864,806.79175,1560.8728,27.330606,1009.4621,19.090708,1.3993774605712908,-3.821960181640627,1305.213579046161,182.91508696198196,28.736664
2019-09-02,686.21747,85.871635,1623.3265,891.9343,1537.455,25.550537,1011.16583,30.022818,-0.8188548906250013,-3.7101737402343744,1420.4344759934083,177.74982002957154,28.270416
2019-09-03,633.21063,65.52829,1624.5922,855.6555,1559.0638,23.884338,1011.39825,36.42718,-2.708083621093749,-6.940583632812498,1296.54974313974,134.17444838243102,25.420776
2019-09-04,663.46387,65.827324,1588.6595,808.5927,1522.8323,25.41004,1008.8913,29.62921,-2.1349810982666,-6.379637607421877,1430.0295549112304,141.88416788419113,27.076202
2019-09-05,713.0244,206.1279,1597.101,851.84314,1390.973,25.332876,1010.587,32.08199,-1.9976747945556639,-5.2676089375,1539.9090586163088,445.17159988506165,26.63379
2019-09-06,665.57935,74.14845,1607.9768,820.2209,1533.8284,23.240585,1013.79974,27.7494,-3.0172726728515613,-7.148223763671876,1552.0610817904542,172.90639883111115,24.655792
2019-09-07,713.06915,74.23322,1496.8558,856.4826,1422.6226,22.865652,1012.3828,19.150923,-2.7657169156494135,-7.112273966796874,2274.326290503998,236.76605549333723,23.928009
2019-09-08,550.9988,144.95372,1397.171,701.9323,1252.2173,19.858356,1010.237,10.148634,-2.0131855241699235,-4.590026525390623,2099.068419645996,552.2113434538269,23.961761
2019-09-09,555.31744,110.37922,1401.1469,713.72925,1290.7676,18.744625,1008.8006,12.0371895,-2.268268908447265,-6.289763457031249,1431.156786093921,284.4678663433075,20.655457
2019-09-10,687.8303,213.2167,1394.5194,804.9996,1181.3027,15.567612,1009.2006,14.932706,-4.265630305664061,-5.535156183593749,1733.2295814761962,537.2742215146637,19.289612
2019-09-11,736.9953,210.81096,1722.6533,945.094,1511.8424,15.171617,1011.87134,14.611885,-5.142451445739745,-7.646637449218751,1537.2208912759827,439.7083806969132,20.131165
2019-09-12,864.0957,166.2619,1854.3466,922.8287,1688.0847,21.394592,1013.3201,13.35522,-1.5824227148437515,-6.735474013671876,1219.2053373769531,234.58905930389403,23.933136
2019-09-13,835.4129,119.61649,1936.106,1064.8477,1816.4895,23.736023,1012.7134,11.79849,-1.6906990507812516,-7.050352529296873,1342.14738585318,192.17199440271074,25.536407
2019-09-14,774.23975,231.50914,1729.4355,928.64594,1497.9264,25.049294,1011.4006,10.630147,-1.047386481933593,-6.728516542968748,1506.9545370373048,450.60170402106326,25.782043
2019-09-15,537.6442,66.87772,1328.6553,670.84186,1261.7776,23.416407,1010.0452,12.255013,-1.503780368530272,-4.767883599609377,1194.2578826143372,148.55408989671858,25.61441
2019-09-16,437.0426,70.059,1116.063,512.1501,1046.004,20.529142,1010.21075,19.012808,-1.698707620239258,-4.652374638671876,1076.922358470337,172.63328800467684,22.42337
2019-09-17,673.9636,109.66838,1576.9386,753.4319,1467.2703,16.648935,1012.00146,14.263302,-3.9676246820068357,-7.332976880859373,1210.8237698063965,197.0270763169525,19.754547
2019-09-18,576.7188,88.48178,1402.9921,753.61816,1314.5103,17.157959,1010.91455,11.968948,-3.401041015625001,-8.0698245546875,1226.6109550799986,188.19001535942687,18.818481
2019-09-19,650.39386,121.68863,1524.737,771.9363,1403.0485,15.086167,1010.2949,15.04494,-4.494967664489746,-6.23623608984375,1897.8058367712156,355.0792910604126,18.591858
2019-09-20,731.195,157.26404,1781.353,943.0776,1624.089,14.692425,1010.18097,12.229301,-4.713659225830078,-7.964355371093749,1578.2464011689453,339.4462484785156,18.68512
2019-09-21,810.54913,218.74054,1819.592,941.7432,1600.8516,18.408485,1010.71027,13.41256,-2.808900587402345,-7.8205569824218735,1078.2559231138366,290.9857930946961,20.992218
2019-09-22,526.89764,65.28934,1369.8041,746.7639,1304.5148,20.359108,1010.2845,12.7295685,-2.450304028808592,-6.553375791015625,1100.5418051347228,136.37116389588317,20.990814
2019-09-23,601.69574,99.59614,1568.9225,762.4695,1469.3263,19.165724,1011.4367,14.295365,-2.72477319934082,-6.724120613281251,1275.4512833190674,211.12002900328065,20.156921
2019-09-24,1000.1951,296.4734,2243.708,1266.9528,1947.2346,20.402117,1011.71063,17.545973,-1.9761352244873045,-7.098755074218751,2216.985914722888,657.149097670166,24.090149
2019-09-25,1250.988,500.45096,1958.4546,1655.5266,1458.0037,23.594507,1007.75836,20.158709,-0.5033167825927727,-5.447143869140625,2368.7753715842773,947.615700092688,24.46811
2019-09-26,817.1409,466.59564,1343.0359,955.9638,876.44025,17.786165,1011.0754,32.001705,-3.0429047625732437,-3.3421327714843763,2758.6406511945556,1575.211396719995,22.88321
2019-09-27,567.64764,174.57281,1250.6478,682.1267,1076.075,15.627404,1011.2625,27.770142,-4.38403178704834,-7.93728625,2028.1277185564086,623.7248909682495,16.808594
2019-09-28,706.5009,197.88173,1338.9025,726.64,1141.0208,13.368093,1006.51776,22.48633,-5.752686463073729,-5.8419494882812515,2952.148199525226,826.8583628404099,16.533875
2019-09-29,943.85236,519.10284,1765.3245,1049.0259,1246.2217,9.45253,1008.73315,9.420541,-6.914137092773437,-9.666809099609374,3617.174841597583,1989.3850309634033,12.200348
2019-09-30,742.08856,238.70074,1604.2826,866.6736,1365.5818,9.928746,1010.81,8.876504,-5.942712776550293,-9.99154744140625,1868.6921676512145,601.0848768391418,12.013123
2019-10-01,690.5957,157.34325,1587.9717,814.7563,1430.6284,9.806823,1009.7237,8.508447,-6.336307223205566,-9.329955970703125,1781.8697156162111,405.9758329729935,13.127655
2019-10-02,681.87555,187.67676,1653.5991,822.6305,1465.9224,13.385563,1011.877,6.541271,-3.702860103271483,-8.027129689453126,1438.9726089809812,396.0571897691406,17.331268
2019-10-03,680.9316,228.73822,1303.1467,806.6439,1074.4084,15.953411,1011.75885,7.8846817,-2.886118897705078,-7.155030029296874,1231.0525938031067,413.5346160138489,17.41922
2019-10-04,525.28864,130.55481,1375.719,690.2219,1245.1642,15.57695,1012.95557,7.303477,-2.3232459267578136,-7.544829726562501,929.9442626619812,231.1275896234741,18.18103
2019-10-05,482.7141,69.32513,1368.5663,638.06665,1299.2412,18.678902,1014.2669,6.3807373,-0.6646653276367189,-6.87722760546875,1083.3089394990234,155.5797265238342,20.492004
2019-10-06,564.73956,73.99146,1600.0083,741.0657,1526.0168,20.180056,1014.2675,7.854543,-1.1878643817138688,-6.961883708984374,844.0507150092773,110.58645629925536,21.891998
2019-10-07,617.07495,70.203064,1765.392,822.2963,1695.189,20.82084,1013.71606,8.198672,-1.255799164428712,-6.690246460937502,933.1751122368897,106.16498363829956,21.901978
2019-10-08,610.6546,88.662056,1363.4124,802.94116,1274.7502,20.152523,1010.0825,8.29882,-1.2122469592285157,-6.027221458984375,1250.4089721149294,181.54916035640107,21.270905
2019-10-09,424.18103,97.0676,1098.3408,515.4699,1001.2732,18.696287,1008.45245,11.237328,0.450760155151368,-3.6190791230468733,977.8597782618165,223.76884290578613,20.804474
2019-10-10,672.56433,247.85094,1595.6235,794.4002,1347.7726,13.888474,1010.8045,6.9401894,-2.5572905355834976,-5.321380128906249,2382.555779939575,878.0107046768952,17.853943
2019-10-11,803.1279,237.82907,1981.9564,1072.6866,1744.1273,13.46072,1013.83136,4.003271,-5.19173793774414,-9.876616996093752,3628.136847386719,1074.394731078003,15.784729
2019-10-12,893.0674,236.4787,1894.4388,1146.5405,1657.9602,15.543212,1011.34204,6.5208383,-3.473395063049317,-8.844818183593748,1393.949136333496,369.10907754629517,17.242737
2019-10-13,734.01044,248.73207,1540.842,791.70776,1292.11,15.632587,1010.1181,9.66753,-3.121950567138672,-6.809905519531249,1373.4610252618347,465.42090945737453,17.021667
2019-10-14,731.549,230.73248,1699.5508,841.6834,1468.8184,13.35487,1011.3414,10.709926,-3.2521841574707047,-7.465209957031249,1168.7487434865968,368.6264287736572,16.022644
2019-10-15,641.7077,130.92778,1613.2651,769.7144,1482.3374,17.111752,1013.79486,9.351785,-1.8490124436035167,-7.2952571171875,856.6006604602844,174.77244310678253,20.005005
2019-10-16,947.7107,309.73102,1976.0951,958.9257,1666.364,19.058102,1012.67035,11.447003,-2.5489593459472673,-7.450713777343751,1964.88460015708,642.1640188868041,20.026428
2019-10-17,645.17267,218.41327,1291.6244,691.507,1073.2112,16.841032,1008.3591,13.074974,-1.9805599718017568,-4.191497916015624,1427.2520094369142,483.17418323808596,19.098236
2019-10-18,596.97833,153.27318,1595.0304,778.4988,1441.7572,13.658019,1010.4451,10.280097,-3.451760934143067,-8.292175138671876,2339.5664428406985,600.6797308006898,16.181183
2019-10-19,442.97095,64.05123,1437.662,590.1337,1373.6107,15.962639,1011.47284,11.787022,-2.4546561450195306,-8.09201040234375,1223.9554384430419,176.97741460401076,17.110413
2019-10-20,504.06934,82.0461,1645.2526,669.9343,1563.2064,16.540655,1010.54425,13.760104,-2.2778048638916033,-8.834198439453125,1869.2657235515626,304.2556758932373,17.960175
2019-10-21,577.30707,77.27045,1647.912,795.5283,1570.6416,17.880331,1013.71875,13.368286,-3.3257579605712877,-8.368957609374998,1817.1223167258486,243.21519876808475,20.31665
2019-10-22,553.4565,65.51532,1789.4099,766.7314,1723.8945,20.140184,1016.67206,10.203874,-2.931195597534181,-8.258483869140626,1374.0750416176516,162.65590656657716,22.296234
2019-10-23,542.8355,65.2185,1764.1937,733.5844,1698.9752,21.01355,1012.65625,10.268845,-1.680170195312499,-6.786498925781249,969.4964044821289,116.4792986923706,22.269226
2019-10-24,679.68726,65.67639,1704.084,733.35736,1638.4076,19.556131,1013.24347,9.253053,-3.0162166370849626,-7.608185140625,2731.630456310547,263.9502653798828,21.79663
2019-10-25,613.3526,69.295364,1641.5834,827.6553,1572.288,18.618502,1016.2588,8.798065,-3.920713336791991,-8.746490947265624,2005.6400015968322,226.59324294605256,20.976654
2019-10-26,421.4376,65.06198,1341.9877,575.49097,1276.9257,20.384958,1010.2012,8.643792,-1.741966732788086,-6.965576326171874,673.925319890448,104.04130379579468,21.029816
2019-10-27,570.72595,64.487755,1756.6118,636.16345,1692.124,15.995804,1005.9665,11.091076,-1.3465941669921868,-3.663909751953124,1634.4840764904175,184.68444966981127,20.338104
2019-10-28,798.6389,254.79132,1611.7075,1023.0559,1356.9163,9.24747,1013.2741,6.4797173,-6.308607097961426,-9.58773817578125,2918.0198315057373,930.9415207330993,12.124695
2019-10-29,472.3611,82.70564,1392.7855,604.11304,1310.0798,11.142609,1011.54706,8.02939,-4.144106857421875,-8.294403492187499,1082.2211645187197,189.4859551460907,12.3116455
2019-10-30,660.40546,234.64583,1502.373,742.9848,1267.7272,8.100768,1017.0408,4.6059318,-5.6571749107055656,-7.006652427734377,4794.629731373487,1703.559310889734,12.095612
2019-10-31,506.6521,66.22955,1441.2036,673.8916,1374.9741,10.222198,1020.2591,2.0208857,-4.067101467346191,-9.69985913671875,2514.2091631365233,328.65737596118163,12.565735
2019-11-01,418.21573,63.752598,1486.94,572.34296,1423.1874,13.57277,1017.8968,3.0275993,-1.9967068812866202,-8.49429337109375,1254.0612660433044,191.1684760369835,16.27887
2019-11-02,419.69748,64.473946,1487.6198,552.928,1423.1458,15.9695215,1017.4671,6.648069,-1.584206477478027,-7.918823208984374,852.7413383361817,130.99816270599365,17.509186
2019-11-03,577.96313,72.034485,1581.4888,836.84076,1509.4543,16.570246,1014.32574,11.8847475,-2.0433652572021472,-7.64657580078125,635.1389470207032,79.16059712666016,17.411804
2019-11-04,654.88544,285.40326,1633.4541,783.4125,1348.0508,17.175533,1012.9285,9.194475,-1.9555837053222653,-7.558928957031249,652.0270585447937,284.15755967157594,18.163269
2019-11-05,664.4179,88.39615,1938.3572,928.3279,1849.961,17.638783,1014.6419,8.849082,-1.2687374987792985,-7.361602458984375,759.8138349523072,101.08790859628297,18.458405
2019-11-06,827.21484,377.74133,1676.5944,1025.6653,1298.853,17.851458,1013.96136,11.605639,-1.081157404174803,-5.926178027343749,1048.9058575089844,478.97483925577393,18.569397
2019-11-07,639.8497,139.5603,1676.7529,768.73364,1537.1926,18.093428,1015.8545,10.994548,0.37338265808105575,-6.534149330078126,869.1079352880492,189.5647871161621,18.713837
2019-11-08,681.3317,64.85653,2009.4835,983.2657,1944.627,17.673887,1018.23096,8.922101,-1.9519787471923813,-8.801208482421874,1281.7775892245668,122.01346643342973,18.68753
2019-11-09,725.7459,65.0718,2142.5342,1103.712,2077.4624,17.807045,1016.4863,7.9271665,-2.7393090170898446,-9.094207998046876,1775.220219428894,159.1697228907242,18.681427
2019-11-10,613.2258,64.745804,1627.9786,890.6496,1563.2328,17.691713,1014.28296,8.012997,-1.1999496668701184,-5.97738622265625,1061.0874044624757,112.03206644157562,18.614197
2019-11-11,651.0673,311.67432,1516.0298,762.5928,1204.3555,18.198875,1014.139,9.542681,0.588420427246092,-5.748046873046874,744.2255499407836,356.2703606389648,19.074005
2019-11-12,638.1694,303.69324,1518.19,743.72327,1214.4967,18.28691,1016.1557,12.465732,-0.1312908966064441,-6.462066240234375,795.1455090173096,378.3953353850098,19.043854
2019-11-13,415.2656,122.841835,1066.7057,562.20807,943.86383,18.148962,1014.096,11.8839445,-0.13204397912597798,-4.906006328124999,479.7233692173401,141.90941835918426,18.739014
2019-11-14,344.9299,115.90065,953.7425,433.59552,837.84186,16.200459,1015.30176,12.982491,-0.18959147338867055,-3.5616756074218756,532.0675832975128,178.78119165755461,17.873077
2019-11-15,332.71564,139.49135,795.88196,365.18567,656.3906,14.464774,1017.29315,13.0612335,-0.9737678682250976,-4.219970615234374,457.53064789200437,191.82016055360413,14.944244
2019-11-16,574.1857,184.34068,1597.2097,720.684,1412.869,16.250874,1014.6794,12.912869,-0.9062174343261731,-7.289184654296875,1465.1285971562988,470.37533703160403,18.42508
2019-11-17,462.96313,64.80592,1625.8175,671.0531,1561.0116,17.67747,1014.47626,8.242607,-2.053577746459961,-9.114655361328126,1546.3646016238035,216.46126546939544,18.936005
2019-11-18,439.1464,65.106636,1546.7476,639.59674,1481.6409,18.873787,1011.9416,7.5084395,-1.608206073730468,-8.152282400390625,1209.3608597293091,179.29651394447328,20.401215
2019-11-19,326.75223,64.56827,975.56903,437.06677,911.00073,17.398533,1007.0168,16.428905,-1.784134132568358,-2.8010256699218736,784.9238094781372,155.10581548072508,20.379913
2019-11-20,989.56476,278.65985,1787.9714,831.32855,1509.3115,6.277948,1000.9023,16.28971,-6.669367097320556,-5.147674720703126,4389.379346931848,1236.0421941708862,12.100311
2019-11-21,798.895,429.81516,1637.9883,941.10394,1208.1731,4.2119064,1008.1396,16.48031,-7.098362566894531,-9.4283446796875,1102.7795059555665,593.3086735144959,6.2540283
2019-11-22,746.8515,310.08975,1739.4839,945.44196,1429.3942,5.8490014,1018.4576,15.608998,-7.064245592376709,-10.460968107421873,1575.502212368225,654.1422085398376,7.78714
2019-11-23,564.55023,63.27974,1585.4614,851.30115,1522.1816,7.602268,1019.8671,14.40474,-6.73438178100586,-10.046142451171875,1556.4676428270081,174.462538885112,9.934113
2019-11-24,425.03735,63.734573,1385.6416,516.0622,1321.907,10.024781,1017.95874,9.358161,-4.442182772888184,-8.790435599609374,1025.2718313627686,153.7400471130478,12.567535
2019-11-25,380.6672,63.60193,1274.1995,477.14972,1210.5975,11.764468,1012.1711,8.003299,-1.939750806945801,-5.2463984550781255,1003.0040325675659,167.58205067944334,12.821259
2019-11-26,655.06305,184.5373,1503.1035,833.47125,1318.5662,5.831085,1010.9834,6.6340747,-5.337523794921875,-7.031555466796874,2503.3694283887085,705.2222177320434,9.263947
2019-11-27,776.33545,316.25754,1566.6019,772.34674,1250.3444,4.0859795,1005.58575,12.569728,-6.218552538330078,-6.149292318359375,3875.981272902832,1578.9673076538393,6.5367737
2019-11-28,859.40875,612.6437,1227.8091,901.29205,615.1654,1.3339806,1003.1746,13.906461,-6.847241439697266,-7.62725801171875,3257.1491166705264,2321.9123669810915,2.052063
2019-11-29,893.38745,619.6646,1437.9867,987.5674,818.3221,-0.57189816,1006.75507,10.803006,-7.87371176236496,-9.71908534765625,3936.0322037547603,2730.080733098785,0.34661865
2019-11-30,834.15656,534.21387,1285.8267,936.5025,751.6128,0.209891,1018.2409,13.651463,-7.806344993649482,-9.69192510546875,2337.7209931634948,1497.1325998872069,2.124817
2019-12-01,492.51865,242.5669,895.4055,674.8038,652.8386,5.024597,1018.2629,18.833445,-5.0641558320312505,-7.214019552734374,1606.674873278366,791.2921419475097,7.4530334
2019-12-02,535.1707,257.91992,823.3156,494.7883,565.3957,10.182143,1018.10693,15.902149,-2.2853137886352535,-6.230713228515626,844.4403059469727,406.969162359375,11.444916
2019-12-03,164.23122,109.39572,326.93686,198.55972,217.54114,12.078141,1017.94434,13.404374,-0.9167627875366211,-3.533325013671874,320.0627123351303,213.1963221212677,12.651886
2019-12-04,392.30136,106.84244,933.69836,394.00223,826.85596,8.342087,1013.5721,21.566202,-4.226502208007812,-3.6343998749999997,1507.6958470192658,410.61774353051453,11.392578
2019-12-05,455.94138,201.90485,1162.0846,556.35516,960.17975,6.029461,1016.5901,16.55172,-6.2987680930175785,-8.594391494140623,866.3705465568207,383.6554900645325,7.9427185
2019-12-06,325.4975,63.2163,992.7747,458.1598,929.5584,8.864732,1018.93427,15.087249,-4.413099211364747,-7.791564775390626,863.6010093412781,167.7237512703514,9.62973
2019-12-07,1225.8538,571.9978,2144.461,1007.8508,1572.4631,9.504566,1018.93823,24.154474,-3.933163807373047,-5.6284794765625,3077.058672440039,1435.791818966211,9.903687
2019-12-08,630.7226,174.92017,1104.0295,868.56757,929.1094,7.295986,1017.36475,20.137709,-5.94222282446289,-5.020233152343749,2128.3595216553954,590.2642519760742,9.176819
2019-12-09,511.25894,184.90631,1312.703,655.2552,1127.7966,6.4889793,1016.52344,13.193074,-5.81846716040039,-9.115722705078124,1631.0464971466554,589.8983202927246,8.739227
2019-12-10,247.88579,79.53395,732.72235,321.8757,653.1884,8.963649,1020.35846,8.770483,-2.7787992039184566,-6.764038537109375,535.4080176515808,171.7852212772522,9.654449
2019-12-11,244.07324,80.82414,912.63715,282.31845,831.813,10.283723,1020.8879,11.258397,-2.2729191224975587,-6.95816071484375,425.12438132441406,140.77869925336,10.910217
2019-12-12,201.55396,63.32057,825.02576,284.71115,761.7052,13.334678,1020.7551,20.036543,-0.6909913037719733,-5.4020692656249985,374.0807948293457,117.52193032381896,15.263428
2019-12-13,219.58575,63.34139,812.8859,290.2002,749.54456,16.214582,1018.5607,18.623598,1.3919229432373044,-3.824249396484376,470.8294505030274,135.81478142367556,16.701569
2019-12-14,364.29684,70.23865,1149.9302,447.7095,1079.6915,10.561115,1013.3948,17.20617,-2.8163937351074217,-2.2586978671875,1017.7204296662293,196.22268914978028,14.633911
2019-12-15,548.88043,203.13274,1327.9814,644.69196,1124.8488,3.8498585,1014.39795,7.8414464,-6.140300477584839,-7.0065920449218755,2956.7859550524904,1094.2638619778443,6.983429
2019-12-16,508.59354,109.7661,1310.8296,632.2627,1201.0635,4.9375978,1021.7099,6.5248694,-4.676563748382568,-9.6854556015625,2527.807729189856,545.5586261688904,5.9642334
2019-12-17,463.11508,198.3442,849.8709,503.6785,651.52673,5.374678,1024.6461,4.117477,-3.807591865081788,-7.432861443359375,2681.14525571846,1148.288215278282,7.1129456
2019-12-18,401.95093,80.40187,1279.4458,555.8381,1199.044,6.22088,1018.8747,5.860083,-2.8932399684143064,-7.01928691015625,1428.77999308667,285.7975349124298,7.798767
2019-12-19,389.12842,122.408295,1172.2291,529.23944,1049.8208,5.846293,1018.42255,9.288578,-4.164523027435303,-8.328857138671875,1021.0684548603516,321.19794529815675,8.149933
2019-12-20,218.33263,63.191875,876.38,302.29105,813.1881,10.540637,1021.58594,7.2032037,-1.167214983703614,-7.903961373046876,666.7299827048492,192.97124180101395,11.597443
2019-12-21,168.1935,63.556824,508.81793,226.25235,445.2611,12.539071,1019.26044,5.8496213,-0.01113891693115221,-4.916381298828124,559.1055587899384,211.27436044244385,13.116669
2019-12-22,360.49454,84.154106,1171.7654,476.65817,1087.6113,9.2308655,1013.63104,10.803612,-3.219933521484375,-4.216003181640627,1618.130668789383,377.7375963852013,11.846039
2019-12-23,570.33,315.0682,1045.96,633.00757,730.8917,5.491656,1010.12665,18.93776,-6.174004173431397,-6.492827951171876,1910.0535918604369,1055.1735697262877,6.723175
2019-12-24,684.8498,331.6955,1429.2334,830.7822,1097.5378,3.103896,1010.8399,10.864352,-6.880873097366333,-9.705475068359375,1636.4739185744018,792.598659482605,3.82193
2019-12-25,732.32446,477.64127,1194.1997,760.4929,716.5585,1.3900744,1012.7493,11.320062,-7.182674627708435,-7.868957814453125,2392.7557934140136,1560.6182286616881,3.0949402
2019-12-26,672.9705,478.67957,1078.6526,742.3789,599.973,1.1060041,1009.43207,13.991557,-6.505342881080628,-6.538940248046876,2920.91104149198,2077.6250762954346,2.3181458
2019-12-27,618.98956,242.74403,1496.5464,792.3935,1253.8024,2.0831604,1013.0586,9.789905,-5.152323199609375,-9.07373017578125,2317.490548235626,908.8311623341081,3.6403198
2019-12-28,417.90195,128.7669,1099.7867,540.3899,971.01984,3.9809163,1017.31525,7.708187,-3.5453531383270267,-8.232727419921876,1026.2469514946076,316.21447671015017,4.6494446
2019-12-29,398.95566,232.96056,943.0652,443.79327,710.1046,4.4574623,1020.1924,13.316861,-3.5052170892089842,-7.1051333593749995,816.7783279385071,476.9380497157745,5.0393066
2019-12-30,454.49716,285.79153,731.09247,454.3673,445.30093,3.194313,1016.3565,14.39461,-5.547365950683593,-7.891784654296876,1928.6499345798982,1212.7508605509004,4.214142
2019-12-31,527.6574,237.71428,1173.9972,637.4159,936.2829,5.9443793,1015.82697,11.699981,-5.045476670318603,-9.04336526953125,2808.530434995117,1265.2675309069823,7.8536987
2020-01-01,253.69556,62.90987,845.1546,350.38913,782.24475,9.434804,1016.3464,10.67551,-1.617701537292481,-6.213348390625001,620.290405462793,153.8158152166977,10.43335
2020-01-02,294.14316,73.40436,963.67914,362.67825,890.2748,10.852025,1012.4868,11.437213,-0.2663609679565422,-5.521026625000001,1006.1569988256622,251.08966996915893,12.208984
2020-01-03,210.49553,63.450195,921.06946,290.41565,857.61926,11.962686,1019.5857,10.112777,-0.9409474149780266,-6.978271451171874,545.1830416707917,164.33589164902344,12.699738
2020-01-04,228.65643,63.322674,880.3663,281.55774,817.0436,11.613011,1024.5831,7.6986504,-2.119253639831543,-5.539855541015626,225.47266666219483,62.44098155218429,12.46347
2020-01-05,178.67065,62.69191,621.2087,232.17496,558.5168,11.981761,1023.8106,6.774279,0.19643397869872992,-4.022857070312501,526.6609661920166,184.79465423339082,13.015503
2020-01-06,237.68205,62.975918,897.3542,335.3135,834.3783,11.3762665,1024.3555,4.3266954,-1.1217075205078118,-8.099029523437501,1198.1535634442598,317.4611608798485,12.111938
2020-01-07,141.98474,63.129837,480.29724,191.67743,417.16742,13.206496,1021.0402,5.033233,0.8254642387084967,-5.38909826171875,559.2182052446777,248.64188830183716,13.751282
2020-01-08,371.43845,69.25646,1131.5592,434.73386,1062.3027,9.595509,1015.2172,6.8776813,-1.630282424560546,-1.6691892617187492,840.2289401744538,156.66467585075455,13.282532
2020-01-09,600.83527,191.09332,1367.0664,628.908,1175.9731,3.9316127,1014.51434,10.474706,-5.141060269973755,-6.706298804687499,2198.517944490326,699.2300932407898,5.73645
2020-01-10,419.83887,127.34671,1117.4507,560.8445,990.104,5.3893294,1019.41034,8.175147,-3.7274315665588382,-8.311523744140626,1229.3037371630858,372.87587930874633,7.4856873
2020-01-11,340.98654,98.17541,982.61414,416.48798,884.4387,8.253306,1020.09503,9.495647,-1.7150176111450204,-4.605346748046875,659.0587537919708,189.75341762386552,9.685333
2020-01-12,422.82666,218.83842,920.37274,476.02884,701.5343,7.734179,1017.0262,9.01194,-1.0959719800720222,-5.948119767578126,1060.8437609458008,549.0509453542328,8.902313
2020-01-13,467.6547,203.057,1006.9414,485.07666,803.8844,7.2258058,1016.7962,9.160262,-1.8397052405700691,-5.614624419921874,979.613262556662,425.35088318858647,8.524445
2020-01-14,387.96353,208.65729,914.65906,448.63974,706.0018,9.20408,1017.5163,7.9834924,0.03099662799072256,-4.87680086328125,736.4705510936768,396.0937951949707,10.184265
2020-01-15,374.55606,194.62395,864.2376,418.87146,669.61365,9.143364,1015.77814,8.0321455,-0.24588904736328132,-5.510192708984375,717.2624960647888,372.6984361896515,10.235748
2020-01-16,498.77518,226.34113,1068.0186,540.4351,841.6774,8.368233,1014.98486,8.091386,-1.235317272949219,-2.71902503125,1195.9238658088532,542.7029376492249,10.362793
2020-01-17,758.1613,381.92648,1233.7087,932.89996,851.7822,2.88208,1019.76514,9.484397,-6.618868921875,-9.086548169921874,2542.6513672200927,1280.8697491958374,5.137726
2020-01-18,501.90027,234.30772,777.21674,529.91986,542.909,8.319382,1021.9214,8.518271,-1.7262452861328121,-6.649474472656252,1512.5594735939696,706.1250807686065,10.813416
2020-01-19,253.73787,63.38018,905.53265,291.97733,842.15247,12.170822,1019.60675,9.3536005,-0.23628685644531267,-7.0194403808593755,1032.5399010558242,257.91406441153794,12.79361
2020-01-20,275.5168,63.700996,975.01227,383.27512,911.3113,10.798045,1017.7102,13.772362,-2.24446684161377,-3.5952761816406245,450.913051418869,104.25356668455275,12.658539
2020-01-21,546.8933,253.88672,1113.8784,596.5492,859.9917,5.104055,1018.6362,16.995285,-6.176492072174073,-6.435271757812499,1273.1501263671873,591.040156875,7.5125732
2020-01-22,474.31787,209.39412,1171.218,581.7282,961.8239,7.100399,1020.25726,19.26006,-4.150770982666016,-8.037078439453126,855.1021552792969,377.49655578326417,8.647675
2020-01-23,341.21515,63.274937,1315.2031,467.25003,1251.9282,11.019992,1019.6502,13.719208,-2.0555971253051766,-7.9767452050781245,739.4005686401429,137.11444027679636,12.325165
2020-01-24,286.16696,63.51237,1117.3541,371.43274,1053.8418,12.887378,1015.8571,13.122165,-1.6044652610473626,-6.794586787109374,601.9927537311493,133.60727223448905,13.681793
2020-01-25,320.0038,63.06277,1263.0846,440.08386,1200.0219,13.232072,1015.31757,11.957746,-0.3984621234741219,-6.198029501953126,712.2387944468536,140.3600514029766,13.7795105
2020-01-26,362.42935,63.599854,1088.6772,433.8828,1025.0774,11.478673,1017.8471,16.720198,-1.4020800187377933,-2.814880556640624,439.6984197813721,77.15918964550781,13.402679
2020-01-27,370.06265,99.2416,1220.8423,516.64996,1121.6007,10.40656,1020.4461,10.385842,-1.9741935558471688,-7.871703898437499,1266.5586717399904,339.6595366885376,11.465454
2020-01-28,342.58853,63.05951,1107.7832,495.76065,1044.7236,11.376782,1020.7749,11.35001,-2.1007060827026365,-7.867034552734374,1393.7551152442138,256.54540517387693,12.031158
2020-01-29,438.22354,62.753593,1687.4144,648.93243,1624.6609,9.784093,1016.95746,6.6026006,-2.2888330968627937,-5.064910708984375,2481.6223583965666,355.36822169508133,12.095123
2020-01-30,744.03107,63.20487,1523.9777,1077.7017,1460.7728,9.22723,1018.40936,9.73623,-3.4715229279785156,-7.9106751640625,2699.8804130615235,229.3527697579956,11.853882
2020-01-31,356.37906,63.912857,1218.2974,447.46945,1154.3845,11.868747,1021.41895,9.695114,-2.719673242492675,-8.523834017578125,893.0523861783173,160.15960558164522,13.632782
2020-02-01,292.0897,64.182304,1174.3467,416.96,1110.1644,15.62355,1022.2588,8.121529,-0.2865800849609368,-7.776458576171876,699.0368184749451,153.6027980970749,16.447784
2020-02-02,264.82846,64.22431,872.0148,346.93173,807.79047,15.322988,1014.8731,9.937341,-0.3686104435424813,-2.7406003906250014,523.1819449713043,126.87835850031053,16.5271
2020-02-03,780.78564,279.36612,1966.4001,912.99554,1687.034,2.9222462,1012.11786,5.8083725,-6.141073782272338,-3.1331788808593757,5372.026196712402,1922.1179619789734,11.707672
2020-02-04,1067.7329,479.76813,1965.995,1134.6808,1486.2268,-0.85503894,1019.37164,2.7572744,-7.498594940906525,-10.99407956640625,7113.826036027343,3196.480097020996,0.91741943
2020-02-05,695.6709,210.33792,1398.6002,899.3134,1188.2623,2.4719048,1021.51886,6.5231624,-5.235649245361328,-7.8836977890625,1985.5688518289062,600.3419512260498,6.969116
2020-02-06,384.35776,168.44562,1075.2511,466.9197,906.8055,10.125939,1019.01465,14.3705015,-0.17194963079833947,-5.8189087167968765,518.696789819519,227.31998880510253,11.400665
2020-02-07,691.8708,366.25983,1222.1057,680.52167,855.8459,12.921814,1017.21246,12.308674,0.5071709648437501,-5.158325375,821.7256645210326,435.0018882425903,14.431641
2020-02-08,445.49496,107.52079,952.11066,618.24945,844.58984,13.623681,1014.7493,9.897487,0.1111650684204104,-4.128661857421875,695.7113100206543,167.91083105108643,14.494171
2020-02-09,833.4257,120.87629,2216.671,831.49005,2095.7947,6.926243,1010.417,11.138344,-3.8775341716308596,-2.8258055371093747,2121.6862764331727,307.71976203404313,12.013824
2020-02-10,984.633,556.6122,1785.7244,1272.7727,1229.1122,4.036123,1010.39325,11.686558,-6.9845422010803215,-8.663208505859377,6036.3483097868775,3412.342489784204,8.7447815
2020-02-11,834.6674,386.76865,1566.6393,1141.7921,1179.8706,7.771759,1014.70306,5.206848,-4.192575966796875,-6.552734060546875,4392.74320037851,2035.5117515480806,10.797638
2020-02-12,458.60938,69.76941,1272.6519,647.92255,1202.8824,8.43864,1017.2957,8.43806,-3.407001359191895,-7.137695146484376,813.1424887687499,123.70543236342773,9.361725
2020-02-13,547.549,76.01686,1533.4761,675.97144,1457.4592,7.8026032,1017.43555,10.163114,-4.009750755218505,-8.323425578125,849.2394271048706,117.90088947203674,9.578857
2020-02-14,597.84454,129.28394,1459.793,760.04877,1330.509,8.804694,1016.778,9.585751,-3.6227298242797854,-8.252227921875,765.6167011361083,165.56467952509763,9.710205
2020-02-15,414.3346,79.91178,1260.2991,507.825,1180.3873,9.106358,1019.0918,8.962216,-3.2960444255371097,-8.17364583984375,676.5698186377075,130.48849909408037,10.439514
2020-02-16,328.32645,62.841118,1093.6727,433.1389,1030.8317,11.688514,1018.1198,16.80541,-1.5689562442016598,-6.610503728515624,552.7390502076569,105.79330470046615,13.155853
2020-02-17,486.79175,62.6317,1833.9076,696.34015,1771.2759,13.061845,1013.83496,13.054475,-0.14716517425537035,-6.084472248046875,909.1176162207275,116.9690751069168,14.036896
2020-02-18,662.05206,209.11798,1464.6896,867.46625,1255.5715,11.64156,1014.4089,13.642209,-1.8929623991699227,-6.254028544921876,1285.7314559953493,406.1154419141968,13.006866
2020-02-19,560.88226,142.21361,1470.4852,742.969,1328.2716,11.343139,1016.0848,11.221765,-1.7243803052368172,-6.661376828125,801.4135368974305,203.20113131316376,12.184326
2020-02-20,585.2009,124.01034,1676.4877,757.8748,1552.4773,11.039204,1018.4611,9.651933,-2.587908356201172,-8.188110345703127,1404.631569839258,297.65645822922977,12.528046
2020-02-21,685.7791,296.37378,1515.4271,844.50464,1219.0533,12.138069,1016.8189,10.882512,-2.777343847167968,-8.238098955078126,1810.6468897439881,782.5089025179932,12.735321
2020-02-22,856.4522,310.0375,1645.2231,923.14154,1335.1857,5.912342,1016.0113,14.77912,-6.2258719284667965,-5.418365617187501,2706.4932121674865,979.7562508516022,11.794067
2020-02-23,632.8387,320.79968,1349.5719,718.3806,1028.7722,5.8312745,1020.81757,15.312019,-6.115891490570068,-7.7648316015624985,2048.5004657541135,1038.4294067110106,9.745483
2020-02-24,489.2214,127.083916,1518.239,649.89197,1391.1552,12.090137,1021.6121,10.492233,-0.902719471984863,-6.834808810546875,1097.2828104155335,285.03862413996734,14.035919
2020-02-25,596.56335,83.71138,1589.1818,895.1495,1505.4703,12.708233,1020.82,7.3660073,-2.419751120361328,-8.9212949765625,2081.1680549773437,292.0351184704101,13.973999
2020-02-26,486.4663,63.68655,1425.311,639.69916,1361.6245,11.150276,1025.0614,6.8277955,-3.7268498159179693,-9.022705525390624,1326.5752837553223,173.6708212498783,13.102386
2020-02-27,344.22043,64.02399,1207.0167,463.3875,1142.9927,14.200189,1021.6797,7.996103,-1.6369243632202153,-8.288543923828126,915.6204879743957,170.30271652386475,15.153778
2020-02-28,497.98917,64.51837,1754.9171,707.2425,1690.3987,14.674252,1019.6709,9.477271,-2.8024864436035166,-8.71005255078125,1393.0379428989318,180.47890540040282,15.087585
2020-02-29,465.48624,63.444378,1330.5474,644.9352,1267.103,12.216874,1017.1326,10.754715,-2.824243877380372,-5.518249294921876,1195.1244148892486,162.89187317998466,14.838898
2020-03-01,823.8941,299.9623,1508.7515,830.9805,1208.7892,5.6155114,1014.1787,11.576672,-6.226730582611085,-5.912688701171874,3375.9958956133423,1229.1282643580628,10.102081
2020-03-02,1106.379,536.0017,2349.0955,1380.0597,1813.0938,2.4491768,1012.4868,10.865693,-7.931724211669922,-9.714691404296875,5368.546465274878,2600.8718590029785,7.3977356
2020-03-03,803.1863,63.117718,2004.204,1325.8938,1941.0863,10.072419,1013.041,6.900064,-3.740674833435058,-8.031769166015625,3558.8305349854977,279.6677022405571,14.09433
2020-03-04,500.21213,105.530914,1355.4899,640.873,1249.959,13.742105,1016.4948,11.624505,-1.6716934696655272,-6.060974619140627,773.7443259769409,163.23863745113525,14.23764
2020-03-05,500.3866,119.47899,1411.106,656.6258,1291.627,13.865971,1019.1202,11.608966,-1.1775623884277344,-7.0408328984375,697.2257238006225,166.4789282755661,14.856079
2020-03-06,536.70355,76.62893,1421.3077,696.2351,1344.6788,13.676549,1016.01434,13.9302,-2.437365042175294,-5.492065853515626,943.2602499973755,134.67587936286162,14.81015
2020-03-07,677.61255,215.40033,1356.7881,700.79,1141.3877,7.4585595,1014.65533,12.882771,-4.214649486907959,-4.586151597656251,2013.606324736084,640.0877120154419,12.373962
2020-03-08,802.8645,407.02875,1500.8442,862.7119,1093.8154,2.9067128,1015.53107,11.532661,-8.155324229537964,-11.321258236328125,2350.7185365173827,1191.7453311907716,4.187958
2020-03-09,630.30444,162.49054,1437.5885,781.7151,1275.0979,5.5044823,1018.0422,12.861648,-6.4308817307128905,-9.521667337890626,1500.8647417031495,386.91829677145387,8.535004
2020-03-10,711.7749,163.86942,1427.1268,769.99396,1263.2574,7.4645677,1016.5372,19.624235,-6.0754663387146,-8.694488113281249,3092.3010808081053,711.929527611969,8.805359
2020-03-11,881.9108,364.22546,1550.7345,1118.0277,1186.509,6.9911094,1017.1516,16.888653,-7.014836628814697,-10.039642294921876,2272.0441119411253,938.3446655440673,8.448273
2020-03-12,801.83405,367.8609,1555.2319,723.76263,1187.3711,8.321065,1012.06134,18.488565,-5.155889050964355,-7.513641142578123,1058.473379887976,485.60044726307376,9.427704
2020-03-13,674.8961,317.83655,1365.783,775.46094,1047.9464,4.571396,1009.7963,20.022238,-7.055262125976563,-8.880310115234375,2014.3659533440918,948.6483971226074,5.733307
2020-03-14,937.1883,531.33295,1454.3529,964.3887,923.01996,4.5927825,1016.4749,14.510608,-7.612577502593995,-9.583434677734376,4111.366319579346,2330.913005544678,5.2635803
2020-03-15,1013.70294,670.6856,1546.6747,1047.7065,875.9891,3.3068936,1018.6502,13.516064,-8.554475412887573,-10.3812869765625,4183.140477804322,2767.6472054884034,4.614624
2020-03-16,1046.5094,634.23035,1636.5969,1053.7573,1002.3666,2.4474373,1017.0091,13.271558,-8.526161713623047,-10.4952693203125,4816.4412552410895,2918.973502564087,3.4022217
2020-03-17,1021.3989,568.51886,1777.2571,1098.8846,1208.7383,0.72951126,1015.2767,10.35094,-8.646273739013672,-9.532012568359375,3288.8997404406737,1830.6280567211243,3.1578674
2020-03-18,964.4114,418.10284,2034.9941,1201.187,1616.8914,2.3230858,1011.07794,9.63291,-7.419909215087891,-10.1443786484375,2091.0420517723387,906.5328864430847,4.977173
2020-03-19,871.7099,291.27502,1818.2437,964.3115,1526.9686,2.2927208,1014.0064,11.869736,-7.2583342053222655,-8.630005037109376,4227.305728692321,1412.5210456695556,4.818512
2020-03-20,946.66504,558.41693,1686.4364,1052.7179,1128.0195,2.0762126,1021.91846,14.601505,-8.275751355422974,-10.355224333984374,2500.821316330078,1475.1796117963622,4.0072327
2020-03-21,905.7505,347.81763,1614.5635,879.8203,1266.7458,4.2814827,1020.44775,15.230899,-7.958674303466797,-10.471160478515625,1171.3518557143555,449.8113200632324,6.0191345
2020-03-22,690.7039,266.0924,1479.9679,800.32245,1213.8755,5.4407897,1019.36847,15.130764,-6.536182300445557,-10.354248142578125,1813.52001325506,698.6552312582642,5.974579
2020-03-23,718.8239,314.06702,1463.0109,793.6025,1148.9438,4.18779,1018.05664,15.30927,-8.129102083007812,-10.388366494140625,3205.33531585708,1400.4682939014647,5.3645935
2020-03-24,773.3317,327.2345,1336.0385,881.40607,1008.80396,3.9218419,1019.99725,12.801598,-7.983424140182494,-10.82836960546875,2368.455778837579,1002.2095427994996,4.6638794
2020-03-25,832.3731,431.5942,1566.6392,911.96936,1135.0449,2.8309085,1017.66925,11.653287,-7.9718904630889895,-10.0289304296875,3371.846072490417,1748.3376391283264,4.3204346
2020-03-26,983.736,490.35254,1997.3784,1133.3202,1507.0259,0.88251114,1016.3017,8.733338,-8.274786861083985,-10.618469302734376,4907.9416523195805,2446.4100069960937,2.8163147
2020-03-27,962.493,417.41394,1837.1309,1127.0112,1419.7169,1.0775312,1017.4344,8.727685,-8.049005781471253,-10.941558853515625,4505.85891572937,1954.1008217687988,4.3492126
2020-03-28,725.4206,193.6216,1511.0765,873.059,1317.455,3.873104,1020.3086,11.52135,-6.751185904541016,-9.858795126953124,1412.3686504439208,376.97451189212035,5.62912
2020-03-29,724.5918,172.88483,1567.4398,834.1721,1394.5549,4.5315385,1018.2178,14.380507,-7.125063513519287,-10.354522431640625,2040.6217210416014,486.8845245595398,5.5296326
2020-03-30,577.992,113.35711,1466.2993,730.0867,1352.9423,7.606073,1020.4279,11.362515,-5.057330097320557,-7.913879310546875,1678.4315595532837,329.1778223849716,12.246857
2020-03-31,290.10443,63.295208,864.47473,442.28455,801.1795,13.644828,1017.47974,13.284383,-0.8882581572875985,-5.347137626953124,662.5306363150635,144.5514439414749,15.324432
2020-04-01,418.44275,63.257366,1199.7465,532.1439,1136.4891,13.809192,1009.76465,14.428454,-1.959462296203613,-5.18658477734375,1027.866953128662,155.3860268592453,15.354553
2020-04-02,640.3042,99.41698,1498.8881,686.3635,1399.4711,9.560692,1011.4614,12.40301,-4.3938141665039065,-5.754669404296877,1594.841269907617,247.62339202025757,12.897736
2020-04-03,575.2466,117.258804,1425.7856,733.1713,1308.5269,7.845745,1013.5972,8.646165,-4.8677649133300775,-8.294921421875,1611.5545651030272,328.5007982754608,10.389893
2020-04-04,629.84644,164.62788,1404.5981,698.3271,1239.9702,8.137745,1011.3606,15.445324,-4.618577096435548,-7.3690800214843755,1601.9274900053713,418.7083040799866,10.207428
2020-04-05,819.74445,334.47678,1341.1421,838.05035,1006.6653,5.1583533,1010.5378,17.10306,-6.996816671295166,-7.566985927734375,3514.239110809052,1433.8997651404572,7.790924
2020-04-06,846.07544,512.9597,1304.6453,924.0059,791.68555,4.05748,1011.09344,18.396296,-7.539058141601563,-8.824096861328124,5495.726674460449,3331.956309175488,4.443817
2020-04-07,928.4141,309.39093,1913.0026,953.72565,1603.6116,3.2281837,1016.674,15.08285,-7.96844225366211,-10.7956545703125,2032.7915043180542,677.4210327387085,5.4451904
2020-04-08,791.1443,406.4316,1380.7839,950.11597,974.3523,2.3672764,1015.6057,14.587879,-7.807513569869995,-8.440185123046875,2175.8097652739257,1117.7706527070923,4.788849
2020-04-09,778.48517,504.0468,1218.5702,867.9027,714.5234,1.43477,1018.5937,16.137287,-7.801882011940002,-8.589507865234374,2327.184878941406,1506.7854485429689,2.1590881
2020-04-10,792.65546,437.15408,1522.6289,885.019,1085.4749,2.3713684,1016.1667,17.579079,-7.319857591796875,-9.462585673828125,2176.6561389239623,1200.4384895248108,3.7358093
2020-04-11,687.7114,111.266495,1751.449,871.2881,1640.1825,6.757529,1014.31854,16.719574,-5.680605218109131,-8.464630150390626,1515.5798155595703,245.20932366519165,10.889496
2020-04-12,593.715,223.34851,1158.6923,655.78217,935.34375,9.049977,1014.81006,17.00044,-3.9923306974487307,-6.175445605468749,2213.316660736792,832.6233253597168,10.820129
2020-04-13,802.98193,398.09595,1459.4221,920.3084,1061.3262,6.9266815,1017.21436,15.531831,-6.274624481445313,-9.19268821875,2712.0678672941895,1344.5672704578858,9.133301
2020-04-14,756.9162,168.92572,2010.0634,946.0861,1841.1377,9.571476,1019.7048,10.594764,-4.451632517333984,-9.017425640625,2117.2582531312864,472.5217611816284,12.085693
2020-04-15,793.12915,63.702854,1673.6061,1045.9976,1609.9032,12.321275,1017.6452,7.684547,-3.960648242614745,-8.597747443359374,2109.4530829987793,169.42786938300705,14.316071
2020-04-16,472.04053,63.46099,1297.9927,586.0931,1234.5317,12.784089,1011.9554,11.070666,-2.889116911560059,-6.591675087890625,1218.6673126676758,163.83727829799957,14.054535
2020-04-17,709.0042,152.89066,1642.2626,793.5341,1489.372,8.726645,1012.2469,12.56747,-4.654774530334473,-6.001525546875001,1621.1568471362305,349.58852015424804,12.200439
2020-04-18,1023.1009,500.01562,1616.0988,1034.3665,1116.0831,5.7174683,1015.5159,15.477618,-7.545660738281249,-9.908966326171875,3751.502971301239,1833.4556436984374,7.1704407
2020-04-19,727.21924,339.4488,1348.3983,853.05505,1008.9495,7.447409,1015.8369,13.925054,-6.17097184701538,-8.6763919921875,2473.5671531860353,1154.6028166653443,9.897583
2020-04-20,657.8628,219.04056,1436.3032,810.5719,1217.2627,8.478131,1015.4426,18.094526,-5.582490705749512,-8.821349779296874,2623.963443351709,873.6691337197907,9.532501
2020-04-21,696.0784,199.83795,1492.976,882.66266,1293.138,8.022548,1017.5654,14.826518,-6.493171278137208,-8.614684607421875,3048.414230052979,875.1727235559083,12.044952
2020-04-22,639.09,74.38084,1660.6661,725.5673,1586.2853,15.44001,1018.0991,14.345096,-1.4207549291992194,-6.766356757812499,2074.111400872101,241.39657087560656,18.293823
2020-04-23,469.71243,75.088165,1505.0063,656.5615,1429.9182,18.521563,1014.57745,17.760996,-0.847402423706054,-6.927124115234374,1664.4014398838776,266.07098656998596,19.592682
2020-04-24,583.81195,64.8179,1748.845,785.1801,1684.0271,19.796082,1011.80615,15.94828,-1.3047654570312517,-7.015502818359376,1904.9814892839051,211.50115649264222,22.403961
2020-04-25,482.50626,64.804214,1304.0857,668.17993,1239.2815,21.990799,1011.82275,14.181308,0.124259950195313,-5.395141892578124,1270.2865003436277,170.60901858758544,22.46286
2020-04-26,466.1831,64.601105,1292.5172,569.0281,1227.9161,20.494362,1011.7209,12.1783495,-0.737588122558595,-4.187378396484377,809.2371366098145,112.13965586781922,22.264069
2020-04-27,466.93713,64.05994,1324.9679,582.3304,1260.908,17.768433,1012.253,12.262448,-1.7156673828125015,-5.8258360390625015,879.4700680026733,120.65606406871338,19.87146
2020-04-28,479.36075,64.127045,1447.3915,656.608,1383.2644,21.187984,1012.7119,17.871279,1.1440184665527333,-3.6516418574218754,855.395239351828,114.43149846247864,23.697296
2020-04-29,657.517,296.30338,1115.441,828.5473,819.1377,22.83931,1012.78265,16.721828,2.4711376923828112,-2.142822052734374,1180.9914525936156,532.2018110649353,23.617096
2020-04-30,450.93393,137.76993,1123.2328,579.53125,985.4629,19.795029,1011.38495,16.199705,0.829940686523436,-3.016021347656249,971.477808080603,296.8071793071899,21.893494
2020-05-01,433.5658,74.79834,1131.5327,581.68646,1056.7344,17.521564,1011.0469,11.829617,-0.848251516357422,-5.225189302734375,1207.9652947106445,208.3969710894531,18.722565
2020-05-02,504.49033,72.03302,1381.1794,649.198,1309.1465,15.15453,1013.06464,11.951645,-2.6167984284667973,-7.201660080078124,1547.4408843285798,220.9494106649109,16.530243
2020-05-03,481.10376,92.89106,1147.5829,584.6933,1054.6918,15.215392,1014.50946,12.4824,-1.895449887268068,-6.611572384765626,1464.864968286255,282.83474555441666,16.57138
2020-05-04,542.4019,71.79913,1587.0049,756.4537,1515.2058,16.728796,1014.3091,8.467128,-1.004159994750978,-6.205902527343749,1413.0810398109802,187.05316271032106,20.030334
2020-05-05,666.216,64.47952,1689.3619,846.6084,1624.8824,20.146708,1013.1496,8.4381485,-0.574172465209962,-6.352356275390626,1639.701020717157,158.69798781843568,21.903168
2020-05-06,487.99756,68.54373,1285.6432,636.81793,1217.0995,21.832373,1011.7051,6.9968834,0.2700926654052722,-5.785980662109374,1515.4280088550781,212.8557592234131,23.371246
2020-05-07,525.149,64.75431,1519.9199,698.43665,1455.1656,22.667856,1009.425,7.7787843,0.45034821643066536,-5.873290888671875,1358.2170339715638,167.47705869895708,23.40384
2020-05-08,541.04407,67.06801,1334.7095,714.619,1267.6415,22.054642,1009.9954,9.057113,0.5281447236328134,-3.5727536796875015,1095.765187744995,135.83142903062438,23.332153
2020-05-09,427.7002,94.559425,1010.0841,522.04785,915.52466,21.579458,1010.58453,12.130635,1.6139602366943357,-2.389068466796875,866.0677467363282,191.47727624764713,22.279572
2020-05-10,455.57535,139.17952,940.4269,557.91705,801.2474,20.475267,1011.4296,16.104057,2.042251410278322,-1.1332089335937496,1114.684358264386,340.53913203009336,22.043518
2020-05-11,568.2497,259.21124,1080.6069,640.9802,821.3957,15.56166,1012.9289,10.638786,-0.3957401870727537,-3.0858454765625005,1802.9202995252747,822.4152437598816,18.575562
2020-05-12,650.4566,165.21645,1410.772,719.5063,1245.5555,10.493828,1013.7244,14.490086,-4.797225180175781,-4.574828880859375,2650.994235575299,673.3544452737808,15.067047
2020-05-13,764.8979,257.4255,1505.1206,917.8229,1247.6951,8.580222,1013.56976,12.949922,-6.758489870178222,-9.184539833984374,3210.49672729834,1080.48898971167,11.93692
2020-05-14,642.3226,129.93782,1482.3911,818.1213,1352.4532,11.549213,1014.1316,16.542305,-5.048894590576172,-8.51214587890625,2427.826766016388,491.1341010103226,14.342224
2020-05-15,672.5439,109.47388,1549.4816,913.624,1440.0077,13.158391,1012.1745,17.89218,-4.745521001159666,-7.7479861035156254,2499.265952285028,406.8200451002198,16.571869
2020-05-16,562.9305,81.06184,1383.9918,713.51776,1302.9299,17.359243,1009.7881,18.060152,-1.537868607055664,-5.810516388671875,1485.3888980478516,213.8955975621338,19.474152
2020-05-17,507.2328,112.536354,1119.5796,619.23773,1007.0432,16.770704,1009.667,14.990165,-1.6623537305908194,-4.005340359375001,1309.62570508761,290.5579164084282,19.258057
2020-05-18,626.6824,100.293564,1378.4719,696.38226,1278.1783,11.526703,1011.7985,18.652758,-5.2906801191406245,-5.50384551953125,2510.3492095742185,401.7535509958496,16.084167
2020-05-19,872.2243,249.09392,1802.5741,988.68555,1553.4802,6.093084,1014.28595,11.243541,-8.45186514151001,-10.253570470703124,4309.856188627063,1230.8289945743927,8.744843
2020-05-20,816.20245,119.402725,1696.5287,1070.2977,1577.126,8.903693,1016.0882,12.078239,-6.728806800842285,-8.594268949218751,2739.441761186786,400.7545069466415,13.513977
2020-05-21,708.2238,83.89346,1777.3914,895.99786,1693.4979,14.1717005,1013.25903,10.704658,-3.3966835223999006,-7.488311501953124,1639.4870000905883,194.2073100489441,17.46701
2020-05-22,635.0649,95.64727,1377.3177,772.05023,1281.6705,15.328011,1010.42596,12.090795,-2.912910440917969,-6.170104902343748,1676.50682509433,252.4990851370354,17.44635
2020-05-23,811.3103,223.58098,1734.1407,958.99634,1510.5598,12.879262,1011.2588,13.907855,-3.933463029479981,-7.557494896484375,1707.3640759961427,470.51557129086,15.021881
2020-05-24,715.5908,146.73514,1631.6478,866.87775,1484.9127,16.444443,1011.9599,13.108467,-1.3425842509765609,-5.730560349609377,1281.4979307861327,262.7769534004211,19.571442
2020-05-25,866.98065,327.747,1783.8003,1093.3932,1456.0532,20.56033,1010.884,15.183913,0.27621943725586107,-5.102752441406249,1377.4311162871093,520.7139604355468,22.434998
2020-05-26,769.46436,264.72162,1504.7583,968.49786,1240.0366,22.792404,1010.2233,17.204254,0.6332541748046872,-3.5917663457031246,1493.620956865918,513.8558460108765,25.059296
2020-05-27,548.2806,64.93194,1242.3835,706.22394,1177.4517,24.382812,1010.03546,18.9208,2.0132724999999994,-2.2969360937499985,1068.5269133053712,126.54382842574464,25.916504
2020-05-28,583.7758,105.71464,1168.1259,652.0442,1062.4113,24.926432,1010.73224,17.689074,3.7084846558837903,-0.7052615898437509,1219.008263320526,220.7474394004097,25.78717
2020-05-29,534.5748,187.26967,915.3255,644.6618,728.05585,22.072863,1011.7399,21.109268,3.0405786251220697,1.1125797929687486,1294.023531610608,453.31606485392,25.206238
2020-05-30,644.69086,312.0849,1145.2689,701.19653,833.184,13.549983,1013.076,17.655067,-3.2773569754028316,-5.208159978515624,1943.2986127161867,940.7208842925537,16.964447
2020-05-31,483.765,120.35069,1085.9188,630.47894,965.5681,14.934902,1011.46826,20.834356,-2.4658488088378903,-5.12774670703125,1430.7158737281738,355.93240791780397,18.15155
2020-06-01,693.53467,82.66636,1643.602,885.5957,1560.9357,17.773508,1011.47217,18.975906,-2.3419129281005873,-6.907074015625,1988.2709594208984,236.99337381111144,19.876709
2020-06-02,611.3942,205.26303,1224.078,726.86615,1018.81494,20.215767,1011.1663,18.940046,-0.9683190932617194,-5.181000644531249,1390.405052779547,466.7998866982208,20.97284
2020-06-03,739.7111,76.945595,2130.973,917.07263,2054.0273,23.646475,1011.5713,21.588598,0.23257483825683423,-4.97985877734375,1755.9319538688903,182.65404538787917,26.088928
2020-06-04,788.2456,352.82547,1847.687,992.31146,1494.8616,24.460001,1008.1442,23.275848,2.3070009918212904,-2.5784604687499986,2002.0985137683106,896.1564062610627,26.285645
2020-06-05,716.6932,250.54544,1409.4752,790.0357,1158.9298,16.79748,1007.00244,21.590158,-1.6705133704833983,-0.5342101386718738,2364.3973061607057,826.558678964264,22.915558
2020-06-06,793.77875,311.59293,1396.2699,934.06274,1084.677,9.661774,1009.69366,22.503454,-7.279126318359374,-9.416869951171876,3981.392260440527,1562.8708477029784,11.4263
2020-06-07,731.25946,164.299,1475.9109,935.2207,1311.6119,11.168961,1011.70557,10.589007,-5.789217428710938,-9.613982804687499,3416.0822257858276,767.5235811766814,12.877075
2020-06-08,903.87274,165.87927,2153.899,1169.2599,1988.0197,11.827062,1013.8538,5.7144847,-6.019883346862795,-9.733520232421874,5444.248779821593,999.1318302125244,16.191437
2020-06-09,907.57196,64.80275,2197.916,1276.6631,2133.1133,17.51744,1016.25323,6.973936,-4.178263204101562,-9.478546203125,3141.3781006453123,224.30170546523436,20.506592
2020-06-10,811.8968,65.13327,1994.5045,1096.7927,1929.3712,20.913834,1013.79395,9.181019,-2.6887373818359386,-7.6804206835937485,1965.800230319092,157.70353982629396,22.93805
2020-06-11,656.2576,89.03848,1523.8716,804.8875,1434.8331,21.75031,1013.2136,8.520461,-1.5961261021728532,-6.206390494140624,1604.9014610816957,217.74678803357241,22.802094
2020-06-12,467.37277,82.17486,1061.6616,572.4388,979.48676,19.373377,1014.4318,8.447417,-0.5034931536865237,-5.010711994140625,1422.209083060565,250.05699203469695,21.528656
2020-06-13,641.78656,113.71319,1412.7134,776.6459,1299.0002,14.1169615,1013.14435,11.464887,-4.184149520812987,-6.086578070312498,2368.510861107312,419.65808883638766,17.609253
2020-06-14,693.0728,129.19012,1638.0099,902.75586,1508.8198,14.667706,1010.48145,14.616814,-3.957044464111327,-7.233275849609374,1726.7359577522889,321.8669504440735,18.641754
2020-06-15,592.93536,87.54716,1386.7953,778.74615,1299.2482,18.945099,1010.94464,15.848854,-0.9983881230468761,-5.612518916015624,1263.7446050621702,186.59242553415066,20.895111
2020-06-16,624.43866,152.90411,1293.2758,748.2812,1140.3716,17.541174,1011.36426,18.201986,-1.6863000650634774,-3.707214347656251,1594.0633886561645,390.33273478699954,20.565369
2020-06-17,747.28564,223.01022,1627.3712,889.46564,1404.361,15.876251,1011.1035,15.06813,-2.9369377792968763,-7.871430185546874,1816.4552393737795,542.0793128742218,17.49881
2020-06-18,852.29,269.50558,1640.0167,1022.63763,1370.5111,17.690157,1011.74677,17.325994,-1.815491063354493,-5.0883479179687505,1509.7777461198302,477.4120836222931,20.60431
2020-06-19,944.44946,514.9838,1627.855,1087.5356,1112.8711,20.355804,1011.02783,18.801836,0.6710584433593745,-3.699676496093751,2492.363410140381,1359.0212016421508,22.511292
2020-06-20,781.7281,324.92004,1480.8306,963.48724,1155.9105,22.283453,1012.4859,21.53539,2.527007987670899,-2.2911985253906266,2316.3244275699462,962.7647336535645,24.352386
2020-06-21,643.3582,265.1194,1353.1476,826.1972,1088.0282,22.89916,1012.2901,19.20772,2.7918203851318353,-1.8806459355468768,1825.8188975522887,752.3957435791748,24.424591
2020-06-22,562.96356,150.3109,1155.9073,683.3741,1005.59644,22.88498,1011.6257,14.8478775,2.184339248046875,-2.639252646484376,1074.295821675232,286.8362721575165,24.588287
2020-06-23,557.78424,169.99568,1258.0156,693.6654,1088.0199,24.291037,1010.83905,15.148712,2.6505436058349616,-2.0779721757812517,1265.196335156128,385.5933851409607,25.42157
2020-06-24,548.90594,143.0777,1108.5405,702.3925,965.4628,24.792206,1008.19385,17.598915,3.2124998105468734,-1.1652225566406251,1246.2265061654664,324.8411154285278,26.043304
2020-06-25,455.43155,188.3975,949.91254,569.6261,761.515,23.577978,1006.8587,19.010046,3.3737791341552743,-0.32452389648437574,1045.4831077853942,432.48301796277156,25.678131
2020-06-26,648.2617,150.06387,1552.7174,767.29535,1402.6536,23.162218,1009.33203,17.74293,1.925972093872069,-3.0817569335937485,1193.2432880351562,276.21978037872924,24.731018
2020-06-27,827.60645,346.35855,1396.5977,902.095,1050.2391,24.37538,1009.3548,24.9915,2.7462295623779305,-1.2944942675781235,2064.428690754883,863.9765121151429,25.847626
2020-06-28,536.30316,221.86865,1005.18774,639.845,783.3191,21.00073,1007.3227,21.735397,1.7395345145263654,0.41030865234375113,1886.573313960553,780.4755009291504,24.940369
2020-06-29,921.3501,469.63498,1778.2578,1025.195,1308.6228,12.960343,1007.991,15.065853,-4.917569639099121,-6.95767233984375,3422.143580031738,1744.3513961526305,17.291077
2020-06-30,857.5013,226.86823,1683.9585,1019.2569,1457.0903,17.40967,1011.4383,15.204808,-1.8183601239013676,-5.265197767578126,2123.7497574458253,561.8782715363525,21.152313
2020-07-01,671.30225,246.32468,1337.3036,839.0613,1090.9789,19.968935,1010.1704,17.315956,0.7135150128173819,-3.458069267578125,1992.0496741902343,730.9538951334716,21.082
2020-07-02,595.10645,252.33331,1145.9165,697.439,893.5832,18.737524,1010.41595,14.838637,-0.27269696740722793,-4.911041089843749,1581.9533723382813,670.7699749840332,20.419983
2020-07-03,603.40607,159.42104,1325.8062,735.30646,1166.3851,18.899607,1012.33417,11.144417,-2.2519112952880853,-7.1688232675781265,1291.7315815043642,341.27795187026214,21.597626
2020-07-04,650.66724,78.57158,1509.7339,791.3127,1431.1624,21.54776,1013.1624,14.176101,-2.020902990234376,-6.830017138671874,1925.6561925854492,232.53337370559692,23.024933
2020-07-05,638.17126,64.96753,1464.1144,844.1156,1399.1469,23.150436,1011.5744,11.204753,-0.8777065986328125,-6.501952830078125,1470.5845039974608,149.70940739492187,24.768524
2020-07-06,591.6385,64.81623,1415.1571,809.3137,1350.3408,23.616,1008.8851,9.833238,-0.8315307781982426,-6.369110046875001,1136.9564761401673,124.55787568972245,24.786377
2020-07-07,551.56146,69.91422,1289.2632,730.57263,1219.349,23.24925,1009.0622,9.511167,-0.6229515880126968,-5.3069461035156245,1329.6442533601685,168.54158747655487,24.353119
2020-07-08,574.0671,118.387436,1234.1254,728.1324,1115.7379,21.440744,1008.7241,8.825326,-0.819021599975585,-4.781493193359374,1355.5730641506348,279.5541244383911,23.569977
2020-07-09,579.30273,138.71199,1253.2163,762.6412,1114.5043,21.933645,1009.0455,8.95678,-0.3022917515869139,-4.562866380859376,1162.0654122613282,278.2524519464936,25.13736
2020-07-10,596.0696,105.39987,1469.4788,751.6346,1364.0789,24.766249,1011.1975,14.4623785,0.9097027030029281,-4.6051632265624995,1071.5055852217529,189.46873841238096,27.235718
2020-07-11,635.2618,118.215294,1367.5516,775.38904,1249.3363,26.080667,1012.883,25.048819,-0.3438165042724606,-5.421844613281252,1651.5645651142397,307.33816616492845,27.875671
2020-07-12,586.6668,65.67528,1386.9668,746.8229,1321.2915,27.439375,1010.84357,27.087936,0.2041359237060547,-4.777160736328128,1527.3585841048277,170.98240026691437,28.617645
2020-07-13,490.11874,85.916374,1110.4921,616.65045,1024.5757,26.524216,1009.3195,24.32837,1.5023196982421858,-2.7419742070312516,1459.5015718683778,255.8463326800766,28.221863
2020-07-14,500.93884,147.29854,1105.015,609.6775,957.7165,22.76235,1010.8369,19.643717,0.7291830823974621,-2.3299865468749985,1581.954445950586,465.165719851294,25.216064
2020-07-15,552.97614,192.17404,1151.6124,681.1433,959.43835,21.488657,1011.38104,16.868639,0.4330649976806633,-4.425720332031251,1472.130523582727,511.6048499410583,22.78241
2020-07-16,557.00616,195.06636,1161.0807,681.29926,966.01434,22.352287,1010.3557,16.107302,1.019111292480467,-3.4056090136718744,1283.2984781410828,449.4175818219528,24.214386
2020-07-17,552.0483,222.49373,1044.1935,648.5627,821.69977,22.633148,1011.9233,16.616404,1.186556193359376,-3.3826298515624984,1348.286280975708,543.4039982386169,24.194702
2020-07-18,538.2807,172.9979,1253.1012,673.7196,1080.1033,23.884567,1012.78436,15.785645,1.4201812607421864,-3.3799745292968737,1357.0671719074278,436.1474651571197,25.833282
2020-07-19,639.4088,200.8028,1185.5671,724.5166,984.76434,24.761618,1012.05426,17.66828,1.4586756605224593,-3.434905775390625,2057.237752932373,646.0641187694092,25.895355
2020-07-20,536.9043,92.09852,1352.4087,727.7829,1260.3102,24.355654,1011.014,13.366466,1.448871762817383,-3.813691025390625,1513.31587403125,259.5884418092529,25.828949
2020-07-21,578.01996,122.818634,1202.1986,678.2805,1079.38,24.114523,1008.6359,15.691437,1.5752679339599602,-2.4311830800781244,1457.3988302375365,309.67050694421994,25.405243
2020-07-22,483.8616,139.63353,1021.7344,592.826,882.1008,22.368612,1008.71436,11.733246,1.6746502894287119,-1.2804256777343745,1288.915859971527,371.9573322853546,24.57608
2020-07-23,568.9665,231.00813,1189.1519,689.16284,958.14374,21.10296,1009.91473,12.63371,1.8026275865478532,-2.946807265625001,1369.9169514025207,556.2049115999802,22.622803
2020-07-24,654.5159,199.8337,1382.8179,775.35834,1182.9841,21.135578,1010.5921,14.859349,0.9378261555175769,-4.040130173828125,1335.076358245117,407.6191712858886,22.384247
2020-07-25,657.2205,189.32881,1347.8105,812.79584,1158.4817,21.248587,1011.0801,15.612083,0.2444816546630868,-4.5485533515625,1376.8723231752258,396.64251616277613,23.140015
2020-07-26,673.6993,126.620346,1528.5276,814.7299,1401.9072,22.617905,1011.6169,14.137277,0.035232663085938754,-5.337981425781251,1395.5146337220642,262.2840058891861,23.839539
2020-07-27,910.1766,263.9253,1329.4106,860.4861,1065.4854,23.37074,1011.14435,17.350407,0.7071338905029307,-2.8376772441406253,2532.517715693225,734.3580340749023,25.102875
2020-07-28,734.2297,352.5463,1243.6572,855.56134,891.11096,23.812988,1009.94336,14.426117,1.27269028125,-3.3750309785156247,1861.5690025024292,893.8473574583556,25.480072
2020-07-29,622.5069,165.00377,1208.8247,704.0495,1043.8209,24.83837,1009.56885,11.47934,1.8769893695068376,-1.8395999335937496,1444.6475850082336,382.9231410094772,27.481018
2020-07-30,651.68756,113.32527,1528.0553,766.61615,1414.73,26.912148,1011.43243,13.620758,2.5128245219726573,-3.9391783828125,1822.4193699699829,316.9097930220489,28.471558
2020-07-31,692.4754,226.47374,1338.4286,819.7461,1111.9548,27.260984,1010.7195,22.431885,0.20950142077636613,-4.850951925781253,2436.875648122742,796.9789811623688,28.347351
2020-08-01,551.4567,66.01041,1268.3348,664.4062,1202.3245,28.099554,1010.1429,13.312992,1.3260860618896473,-3.6190789160156243,1554.2854146766845,186.0508851911499,28.988861
2020-08-02,498.757,65.126816,1269.8794,659.12775,1204.7526,26.22782,1011.54706,12.863792,1.2123684427490247,-2.467864882812499,990.1703789031311,129.29471738138122,28.91687
2020-08-03,601.4999,83.650375,1578.2408,868.46893,1494.5905,26.580948,1011.3359,12.534368,2.216384875976562,-4.122314648437502,1490.544486804126,207.28949480481262,28.12561
2020-08-04,560.28955,97.771515,1315.1057,744.00415,1217.3342,24.599298,1011.5163,14.729451,1.2276154771728507,-1.367065300781249,1258.1244713258789,219.54493942183228,27.997742
2020-08-05,561.9287,165.35396,1226.1489,717.5771,1060.7949,21.90698,1010.99884,15.910726,0.5080085145263666,-3.4702455488281245,1414.7313901611328,416.3009123763275,23.550262
2020-08-06,620.1893,179.69095,1287.1726,745.23047,1107.4817,18.655056,1010.38354,13.182907,-1.328951000244139,-3.806060919921876,1688.3058989857789,489.16242668026734,21.626007
2020-08-07,622.7431,133.28006,1416.1028,801.85876,1282.8228,18.507414,1010.67993,14.622567,-2.2653881358642565,-6.6489863320312494,1326.3453501526183,283.86566907542414,20.923035
2020-08-08,562.126,112.69118,1241.6808,700.60443,1128.9896,20.57858,1012.616,18.210276,-1.3244341436767577,-5.122771396484374,1247.2924478041016,250.04867294161684,22.920319
2020-08-09,592.41675,112.712555,1489.6967,753.28217,1376.9841,22.627054,1012.1397,15.8726225,-0.1436057855224604,-5.197631775390626,1253.92315146792,238.57003124209595,24.176605
2020-08-10,684.51483,297.2422,1298.2535,816.20844,1001.01135,23.504496,1011.1985,12.578747,0.6300396207275405,-4.619963710937501,1694.4225500497314,735.782253528125,24.319946
2020-08-11,567.88116,97.4866,1353.1519,726.6484,1255.6653,23.067734,1010.9036,9.150672,0.10527976464843647,-4.441010312500001,1337.5268156388856,229.60956187236025,25.34668
2020-08-12,639.77264,163.43454,1480.2697,794.413,1316.8351,25.341043,1010.08136,13.793582,1.0371094722900374,-3.918335388671874,1614.099677517395,412.3334131811829,27.661652
2020-08-13,623.5789,156.33575,1564.0918,817.83276,1407.7561,26.119019,1010.06415,29.18617,0.15749555468750032,-5.1551825878906214,1453.596755763855,364.42724196014404,27.343597
2020-08-14,984.9223,486.10736,1540.6921,1042.7091,1054.5847,26.925285,1009.56915,31.773026,-0.7109206606445326,-4.879241896484373,2432.602665808557,1200.6084735328736,28.928131
2020-08-15,767.4001,99.70646,2000.4553,930.34827,1900.7489,29.487017,1008.44824,32.91215,0.5440006778564452,-4.445923955078122,2221.5966953325315,288.6467490929794,30.750946
2020-08-16,762.5007,239.5887,1595.8947,850.6971,1356.3059,29.548315,1008.7918,37.54125,1.722761048217773,-3.033752345703128,1243.081969541626,390.59426887435916,30.66867
2020-08-17,638.8661,148.81505,1517.6578,758.569,1368.8428,29.120413,1009.8813,34.929424,1.6061828265380846,-3.635681296874999,1060.9268373628418,247.12828119838255,30.391846
2020-08-18,787.30536,151.49063,1782.4727,865.0541,1630.982,29.817137,1010.3261,33.860752,1.1660387645263661,-4.908966474609372,1522.5937676339354,292.9723368062744,31.241364
2020-08-19,1084.2606,470.91742,1869.6992,1319.0054,1398.7817,29.440771,1008.9258,32.328674,0.583523102905275,-4.871918857421875,1745.0373412187867,757.906785781073,30.619171
2020-08-20,869.19684,265.61057,2100.3354,1031.9941,1834.7249,29.868505,1006.416,27.87124,1.648780477905273,-3.4768666601562472,1766.301501165747,539.7492481538452,31.427673
2020-08-21,958.44183,389.11008,1822.117,947.47046,1433.0068,29.116867,1005.9529,27.13063,1.919535065429688,-1.8645312304687494,1978.5867145699158,803.2704768945771,31.294739
2020-08-22,605.44525,65.88612,1517.3116,731.05963,1451.4255,24.830849,1008.58545,35.965366,-2.2103903061523447,-5.746856468750003,1353.0831950858153,147.2460251265442,26.48877
2020-08-23,638.4737,143.84561,1438.2104,761.59845,1294.3649,23.37623,1009.54004,39.412598,-2.6887287601318377,-6.7843624316406235,1633.99866915307,368.13347227532654,25.139008
2020-08-24,572.16724,85.666435,1292.8118,744.9211,1207.1454,24.071703,1008.73175,30.836504,-2.016731042846679,-5.908813777343749,1411.1764499629394,211.28517728693083,25.870178
2020-08-25,499.55655,85.86087,1200.9857,618.8518,1115.1249,24.470285,1008.19037,26.070908,-1.1793025843505873,-5.828613701171875,1538.3276931997223,264.39880506892393,25.742706
2020-08-26,524.35,82.86454,1258.409,682.6359,1175.5446,24.704834,1006.3977,19.430885,-1.132141015624999,-5.944854267578126,1622.537395798645,256.4142678710381,25.972626
2020-08-27,697.695,73.22348,1752.5619,827.1166,1679.3384,24.873358,1005.20746,18.038351,-1.3768042271728511,-6.7884518652343715,2228.764025809479,233.91002781440736,26.127838
2020-08-28,787.84247,332.84708,1499.4878,910.0668,1166.6407,23.79441,1007.0205,15.759147,-1.0993712944335954,-4.920104394531251,2229.8395981095277,942.0609081216278,25.476746
2020-08-29,538.52106,138.83331,1229.4182,672.4511,1090.585,22.845055,1008.8584,12.347747,0.029859626464844524,-5.136413503906251,1243.00552617171,320.4527900565491,23.738708
2020-08-30,580.5194,183.45221,1333.4341,703.7792,1149.9819,22.756998,1008.93243,9.547143,1.211857062133788,-3.3710019472656256,1181.1416249798583,373.25718550714106,24.89853
2020-08-31,557.2824,223.98575,1155.581,688.64996,931.59534,23.603256,1008.54834,10.878365,2.523271225585937,-2.595886490234374,1142.2142189068907,459.08448228776547,24.727448
2020-09-01,797.5749,308.9002,1268.8281,884.4304,959.9279,23.762589,1010.3974,15.718964,2.866006500976564,-2.327637201171875,1497.9711022069764,580.1631797243225,25.594269
2020-09-02,638.7164,237.72873,1533.1991,796.4604,1295.4703,24.845718,1012.91254,20.523287,2.630102383789062,-3.4447018554687503,1644.0261712419801,611.9026709256898,26.706848
2020-09-03,792.3208,331.23914,1674.0308,957.3738,1342.7916,26.353704,1011.7192,21.720297,2.2681584525146476,-3.416076279296874,1551.6041219002443,648.6665601174194,28.915314
2020-09-04,956.5427,247.54102,1882.6869,1115.0636,1635.1459,28.609222,1009.89777,22.66065,2.6729064121093735,-3.5099178691406223,1666.938022932202,431.38222743691404,29.921234
2020-09-05,1462.2997,686.5266,2790.3909,1616.0165,2103.8643,29.741163,1010.43976,24.667494,0.14791125378418002,-5.523803337890627,2802.705719440613,1315.8260806524659,32.26938
2020-09-06,1984.751,1264.1201,3008.8035,2197.5017,1744.6833,31.929443,1009.5493,23.568588,-1.010970640624997,-5.920776240234375,3940.9667913847657,2510.065726626172,33.09073
2020-09-07,1054.4401,448.2428,2138.9326,1356.682,1690.6898,32.04806,1006.667,22.8169,2.9747673708496087,-2.3434147128906275,1544.1274065994019,656.4090392120971,33.01352
2020-09-08,568.64026,105.66077,1527.7161,714.4706,1422.0553,26.524984,1003.4283,21.350168,2.0526343597412122,0.7492976582031261,1059.9420874052857,196.95104554678954,30.79715
2020-09-09,724.1245,157.28877,1664.8741,898.9441,1507.5853,19.50613,1007.62524,10.74973,-3.715676781494139,-5.320831380859374,2046.534887859961,444.5326119340393,23.496735
2020-09-10,590.2917,65.188545,1732.8448,720.10144,1667.6562,19.830572,1013.3459,11.392665,-3.2163178717041028,-8.027587669921875,956.4145571388794,105.6211276318039,21.426788
2020-09-11,549.9983,66.876755,1680.2826,685.3969,1613.4059,20.699678,1014.11566,11.64869,-2.7974895789794907,-7.3851621953125,932.7439717275879,113.41651577970886,22.216675
2020-09-12,715.93164,70.368614,1791.7048,912.97424,1721.3362,21.718061,1011.66626,13.497871,-2.3797115528564454,-6.903747207031252,1150.654425144336,113.09733041846084,23.659363
2020-09-13,807.5339,247.42853,1525.5254,974.64703,1278.0969,22.99079,1010.542,12.406272,-0.5661275865478501,-5.707855095703124,1370.6394389702452,419.9641764600769,24.078827
2020-09-14,646.03766,186.38316,1500.0851,792.63806,1313.7019,23.102896,1012.14154,13.243844,-0.906585263305665,-6.0630801953125015,1121.0334878484375,323.4204151878906,23.997925
2020-09-15,482.78946,70.70108,1296.9028,543.6026,1226.2018,23.05485,1014.5839,10.753745,-1.498958375366211,-6.34603923828125,899.8130969261932,131.77122413249205,24.16278
2020-09-16,626.72406,105.187775,1717.8922,688.0796,1612.7045,23.340601,1013.5715,8.633814,-1.391579032592773,-6.900543050781248,1490.106144504785,250.09563113041992,24.814148
2020-09-17,576.02783,98.36737,1397.1333,756.2834,1298.7659,24.28829,1011.51245,10.850349,-0.51554297619629,-6.4006343046875,1320.3413887514648,225.47263081900635,25.041138
2020-09-18,577.2842,65.66311,1644.5532,741.1049,1578.8901,24.365881,1010.35254,18.39344,-1.220463033813477,-6.957886474609374,1367.0762488353516,155.49789801770783,25.053864
2020-09-19,568.6662,67.580925,1394.5709,738.3241,1326.99,22.273077,1009.70575,21.028463,-2.2048229888916033,-5.613922300781251,1574.9308184426513,187.1665341456024,24.138367
2020-09-20,517.37164,88.82685,1294.3206,644.80035,1205.4937,22.213247,1009.13116,12.822205,-0.4265287008056653,-5.969146705078124,1099.0006372530029,188.68596113216248,22.926727
2020-09-21,469.3257,130.48695,1229.981,588.6557,1099.494,22.259613,1010.92426,15.672612,0.49120503710937413,-5.09079008984375,844.5941434530334,234.82309536477354,22.982483
2020-09-22,602.3885,128.195,1469.9022,723.2869,1341.7073,21.22806,1013.04346,14.820035,-0.8995822313232438,-6.181731386718749,1121.7024243967408,238.71082066136475,22.561829
2020-09-23,597.2771,113.28109,1495.6792,794.09204,1382.3981,21.13426,1014.2054,13.537969,-1.510316822387697,-6.794677853515626,975.6123038293701,185.0371043113762,23.37265
2020-09-24,569.5352,64.89853,1467.7633,755.7369,1402.8647,22.666527,1011.69257,13.73465,-0.8268752055664059,-6.626343203125,1108.4816093062743,126.31146194769286,23.553467
2020-09-25,454.71494,67.24134,1318.6003,603.47235,1251.359,21.27864,1010.5617,11.858352,-1.0262662529296875,-5.714294742187501,747.0074236320862,110.46432991589813,23.042114
2020-09-26,473.97037,107.09655,1334.8115,652.45953,1227.715,21.733664,1011.14374,13.753169,0.10770755895996231,-5.6408079960937485,656.3489037482574,148.30611365139083,23.159729
2020-09-27,562.9471,112.88606,1590.6714,736.39307,1477.7853,23.23976,1009.66095,16.634966,1.2365324451904307,-3.6446840625000014,915.5261320040894,183.5876647712616,25.694336
2020-09-28,908.5523,292.84753,1800.1864,1142.7534,1507.3389,24.43077,1011.1978,14.902869,0.8566228740234365,-5.36251846875,1427.8375587939697,460.22524517416997,25.816895
2020-09-29,956.878,141.89622,2434.5063,1296.3247,2292.61,24.501955,1013.804,13.2234,-0.8712349676513682,-7.568786492187499,1783.3635572787232,264.45645002846373,25.95227
2020-09-30,890.92523,68.7836,2526.3628,1268.8182,2457.579,25.646742,1012.82495,13.177165,-1.7591061329345692,-8.06216462109375,2075.508240472296,160.23895517638854,27.103088
2020-10-01,1048.3716,269.8319,2362.527,1488.494,2092.6953,26.351486,1011.8662,11.719063,-1.2040957939453136,-7.383422615234373,2303.0176114282226,592.7551353138427,27.319244
2020-10-02,1034.3408,353.857,2209.042,1375.8972,1855.185,26.9814,1010.94794,9.824837,0.04580153613281368,-6.431457814453125,1787.5339454970701,611.5309164339477,27.75119
2020-10-03,915.7276,421.67792,1926.6111,1151.3651,1504.9331,26.736738,1009.236,9.910965,0.7134082049560533,-5.193298722656252,1495.1218223024048,688.4796923679565,27.762634
2020-10-04,994.8325,729.5573,1667.5365,1092.292,937.9792,24.947271,1011.17505,9.456918,-0.5301836529541006,-5.783905673828123,1473.8782019912107,1080.8639626939696,26.782684
2020-10-05,446.90665,98.98373,1449.6367,625.7457,1350.653,22.762075,1013.6608,10.362293,-2.569564575805664,-6.577484435546875,533.0410652137421,118.06132533360672,24.354279
2020-10-06,555.26825,65.52559,1465.6691,638.9314,1400.1434,22.065918,1013.5039,13.332551,-2.1683580312500013,-6.608887001953125,947.4442748401794,111.80513958432769,22.959198
2020-10-07,497.4821,89.56678,1336.0587,597.11176,1246.492,20.585323,1011.53436,16.638746,-2.3384686662597645,-5.503998205078126,1040.536217860785,187.33836089755098,22.15329
2020-10-08,599.40405,298.33725,1279.1562,738.0591,980.819,18.210909,1011.6231,15.177937,-1.115829110229491,-3.901367263671876,1184.2959938884035,589.4514861916047,20.569855
2020-10-09,581.6193,279.87253,1281.6382,705.4661,1001.7656,16.627584,1011.4576,18.839418,-2.130802542602538,-6.5868226132812495,1659.5493058548338,798.5674490964599,17.672546
2020-10-10,625.38116,258.90482,1335.78,699.5204,1076.8752,17.0501,1012.1172,21.842249,-1.8870276734619154,-6.472259171874999,1679.5840673380737,695.3397831788269,17.800049
2020-10-11,602.23706,206.68402,1505.136,793.24194,1298.4519,16.129984,1012.674,22.49146,-3.40421309802246,-6.935821115234376,1088.9242814318604,373.7120542569153,19.936432
2020-10-12,533.2952,64.8654,1713.6968,732.65283,1648.8314,21.674051,1013.7962,13.948354,-0.9970927152099627,-7.577300693359376,1358.3308879682374,165.2155784056946,24.29654
2020-10-13,510.21887,65.48495,1615.8828,668.44293,1550.3978,23.192446,1013.4541,11.281235,-1.8872112449951182,-7.575042605468752,988.4517658973266,126.8645972294609,24.835754
2020-10-14,500.29965,65.598465,1664.1556,658.27515,1598.5571,24.150421,1012.9348,9.110068,-0.8390988574218738,-6.840210302734377,1105.83933721698,144.9958294310608,25.535065
2020-10-15,557.241,65.708435,1714.7053,801.6731,1648.9968,24.759758,1013.27655,11.238888,-0.6154250043945311,-6.411377402343753,807.9425403234009,95.27051543289795,25.829163
2020-10-16,519.7826,66.01294,1626.0339,686.3718,1560.021,23.667055,1012.7974,12.515883,-1.530706869995118,-6.340851226562499,1230.164108556189,156.23214387043456,25.391968
2020-10-17,464.63565,65.51486,1526.4913,634.5004,1460.9764,23.810944,1011.35455,11.950722,-0.7343973964843755,-6.235991953125001,792.9790289153594,111.81215136058044,24.416748
2020-10-18,387.40552,65.28622,1253.8811,507.86053,1188.5948,22.870346,1012.8234,12.650909,0.47431906933593737,-4.270355714843749,824.198652753662,138.89531623981475,24.519592
2020-10-19,407.07993,106.54948,1350.0746,553.9824,1243.5251,22.309671,1012.4133,12.123508,1.2740444019775374,-4.540649796875002,802.8030538955993,210.1264146383316,24.024658
2020-10-20,465.0547,151.70117,1325.911,620.69684,1174.2098,22.971437,1009.78467,11.436755,2.831781454223634,-2.9854126621093755,785.0084525460937,256.07031900527346,24.011871
2020-10-21,532.7369,274.81125,1083.4501,645.4399,808.6388,22.627808,1008.10645,11.09612,3.2410046171874995,-1.649535841796876,775.2713608233216,399.922175153183,23.617462
2020-10-22,487.88135,241.16783,1136.6691,574.62054,895.5012,19.384947,1008.09546,13.577924,1.6362168231201188,-1.0781254492187493,712.2512466807617,352.077588975296,22.537415
2020-10-23,625.75665,379.75385,1040.053,664.2976,660.29913,16.378931,1011.1088,16.593954,-1.2408279544677718,-3.493896802734376,1071.0365766968262,649.9815168174316,18.324127
2020-10-24,624.2078,416.30212,1034.953,679.85736,618.6509,15.270829,1012.72723,20.317343,-1.9772177992553708,-3.8991698652343736,1503.1613544383788,1002.5014744029297,16.346588
2020-10-25,867.6707,508.84918,1414.3135,896.1359,905.4643,10.218551,1010.76337,17.518747,-5.730268317932129,-4.202942279296874,3534.115056944403,2072.5968094790956,14.446564
2020-10-26,888.02606,463.45877,1635.2788,1042.7571,1171.8201,6.748636,1015.01385,8.0101,-7.580434231109619,-10.570557123046875,6021.932949199402,3142.8330333730773,8.538849
2020-10-27,665.3567,66.290504,1665.0559,929.5137,1598.7654,10.081843,1017.75653,8.021557,-5.412179623840332,-10.017211623046876,2393.50445249397,238.46850882777176,13.109161
2020-10-28,524.8584,69.06811,1540.5845,725.6352,1471.5164,14.006877,1017.11017,9.960852,-3.6335710545043938,-7.841491775390626,759.0164149394532,99.881849232193,17.051605
2020-10-29,483.98837,69.53641,1727.5297,676.2618,1657.9933,17.55996,1015.65656,7.397871,-1.081903588378907,-7.993011367187499,890.222900341452,127.90163114750061,18.547974
2020-10-30,564.36896,64.654175,1828.4291,791.65436,1763.7749,17.65897,1014.76276,8.429214,-2.3255021208496096,-7.83502237109375,758.9805308885742,86.94889976425782,18.919495
2020-10-31,598.9256,64.60127,1816.6024,886.334,1752.0011,18.506945,1015.00757,7.7681656,-1.7581633436279311,-8.089843513671877,967.9249767976929,104.4022587441986,19.597198
2020-11-01,551.7336,65.00225,1694.2968,786.02484,1629.2946,18.623312,1017.7407,12.640973,-2.40245400354004,-7.8748174609375,847.4311117424195,99.83972590206146,19.605103
2020-11-02,715.1389,170.97614,1543.8069,968.77924,1372.8308,18.993727,1017.4466,14.340286,-1.5246772696533206,-6.330749199218751,998.7474915929444,238.78156031347046,19.588196
2020-11-03,759.8274,351.39996,1556.5878,860.693,1205.1877,18.362501,1015.37354,13.571729,-1.2558788555908187,-6.142334267578125,784.2277296359864,362.6844704028931,19.30075
2020-11-04,729.9758,223.00162,1768.1917,963.5795,1545.1901,19.753792,1016.2219,11.155334,-0.6203801909179703,-7.270965876953124,1108.907816420923,338.7622253438019,21.633026
2020-11-05,498.8749,65.66337,1462.585,788.14825,1396.9216,20.853956,1016.1174,9.365976,-1.3104817774658208,-7.937194826171876,1476.8980141620116,194.39361750358884,21.568878
2020-11-06,647.5784,85.061,1091.2434,946.49615,1006.18243,19.362846,1006.8486,14.356476,-1.1835476254882806,-2.9375914746093734,1668.6602829769897,219.18257422699736,21.475739
2020-11-07,1025.7994,475.06613,1790.5575,1024.3442,1315.4913,4.6822295,1005.8452,13.016946,-7.45979248110962,-4.535583978515625,6562.861699084229,3039.3790468302614,13.323822
2020-11-08,1066.6522,582.37274,1940.5692,1059.4338,1358.1965,2.0484416,1008.92755,10.736745,-8.187324351516724,-10.643860203125,7121.03796434967,3887.957404253082,2.5690918
2020-11-09,925.13495,446.3389,1883.0812,1101.7781,1436.7423,1.5291519,1015.01154,7.606837,-7.433051083496094,-10.463073431640625,3305.463690471375,1594.747903572052,4.1546326
2020-11-10,679.7306,243.66927,1423.9054,824.5383,1180.2361,4.0937943,1020.2503,8.95609,-6.568992654144287,-9.570831410156249,1505.2299506265135,539.5936004690124,7.6347046
2020-11-11,406.3623,95.10302,1303.4141,527.178,1208.311,9.19637,1015.9453,9.783248,-3.270552875183105,-7.803466761718749,714.339337790039,167.18043809902497,11.102844
2020-11-12,509.42957,122.38387,1442.8192,626.3516,1320.4353,10.480622,1015.17303,11.664847,-2.9988017084350584,-8.286773923828125,704.2946779084594,169.19769926005327,11.263153
2020-11-13,478.68765,91.59928,1216.8048,594.23755,1125.2056,9.611434,1017.07184,11.693637,-3.655914017150879,-7.396026763671873,845.504086015381,161.79144418255615,11.124542
2020-11-14,365.30234,103.89688,1300.6543,506.90643,1196.7574,11.721741,1017.95294,13.274861,-1.6042822773437493,-7.070465408203123,842.9278380725098,239.73997520874022,14.691132
2020-11-15,395.3617,98.89589,1325.4001,521.92755,1226.5043,15.408951,1018.38934,11.100934,-1.3677901943359387,-7.9416502812499985,1072.4237355882567,268.2563853246002,17.671387
2020-11-16,383.4612,64.706726,1370.0619,540.5973,1305.3552,18.333725,1015.716,8.442655,0.06217497558593621,-7.2804569296874995,1534.55156764682,258.9461587930298,19.531372
2020-11-17,354.73706,64.22611,972.12445,492.20685,907.8983,16.622595,1014.69415,9.891223,-0.9510311666259774,-3.158660671875001,982.333824063916,177.85421818547823,19.510986
2020-11-18,340.36685,68.7885,1017.22394,416.8884,948.4354,12.711352,1015.63153,13.621655,-2.264194651672364,-3.8883052539062497,787.2037564168609,159.09470524891813,14.773865
2020-11-19,367.0314,68.04245,1039.6614,517.8168,971.6189,11.18604,1018.02216,13.6041,-3.194883075378417,-6.513183294921873,914.4358734913483,169.52352500871277,14.588898
2020-11-20,281.43643,63.625156,914.36597,409.7627,850.7408,15.397061,1017.8134,10.278293,-0.37450365203857494,-6.118103154296875,574.664628110855,129.9161114207096,15.729767
2020-11-21,277.32373,64.02357,948.2116,362.06793,884.18805,15.84224,1017.4216,11.578685,-0.6337746664428714,-5.819488623046876,497.6873852890625,114.89720588513184,16.343536
2020-11-22,366.72363,64.39056,1238.8779,456.68048,1174.4874,14.878765,1014.291,11.030322,-1.751729893798828,-5.543700857421875,591.7716213354491,103.90523138388137,15.556671
2020-11-23,466.0983,68.28129,1230.6727,671.73413,1162.3915,12.29893,1010.8533,10.735817,-1.1304228318481453,-3.2937627441406256,902.4027054996612,132.19790662114335,14.766937
2020-11-24,502.94882,152.08458,1469.2615,604.8126,1317.1769,9.6224785,1014.7446,11.471393,-2.474181514892578,-7.875763359375,1048.2613753860137,316.97934952332304,10.976807
2020-11-25,429.986,81.9441,1142.507,536.34174,1060.5629,9.883033,1017.24457,10.96759,-3.48572720123291,-7.425842029296874,654.7290070230468,124.77424798271484,10.903595
2020-11-26,707.65704,124.716225,2438.9038,878.2383,2314.1875,7.668457,1016.6674,7.355789,-3.9478219687500005,-7.826813210937502,2504.869717916785,441.453805057457,9.749634
2020-11-27,601.441,137.45067,1304.3853,666.20245,1166.9346,6.198626,1020.2491,3.9434967,-5.430290958587646,-10.261382755859376,2817.162175914856,643.8218169449922,8.10025
2020-11-28,363.44775,62.985588,1316.4238,504.6706,1253.4382,8.753854,1020.9909,4.445189,-3.354980202087402,-9.491211212890626,1035.4293590646485,179.44017094219055,10.193207
2020-11-29,342.31958,63.33497,1194.7029,502.21414,1131.3679,11.346612,1019.1389,4.1609693,-1.7105010233764641,-7.927032425781249,854.3317684750976,158.06596774195862,13.292664
2020-11-30,434.7545,79.1909,1334.9963,644.7994,1255.8054,13.60069,1019.4587,5.5751324,-1.4885981119995115,-7.964081111328124,1022.778057774643,186.29990088582613,14.502411
2020-12-01,300.10056,63.54992,1191.195,422.2493,1127.645,14.641458,1017.3973,5.442337,-0.48404644232177674,-7.274230656250001,800.0536759228515,169.42103400024413,15.399902
2020-12-02,373.41785,64.37691,1286.2382,464.8291,1221.8612,13.466267,1017.1872,6.5478797,-1.5664593679199221,-5.828064019531251,1153.6239512240234,198.88375149572752,15.18573
2020-12-03,414.79794,63.861504,1220.4246,510.1334,1156.5631,8.7497015,1021.3789,4.366693,-4.651054500061035,-7.447692353515624,2307.02954642684,355.1858878094597,11.521088
2020-12-04,312.0841,63.19253,1229.8284,436.45163,1166.6359,10.660741,1022.2054,2.7565126,-1.6717011476440433,-8.604309246093749,920.9136039630249,186.47172606441538,11.858948
2020-12-05,306.5117,63.69104,1205.676,422.89124,1141.985,11.682969,1021.7949,4.343077,-1.6909169066772467,-7.815430083984374,550.251468529129,114.33850537884521,12.167389
2020-12-06,339.57025,68.56747,1228.6187,472.4459,1160.0511,12.187599,1021.80316,6.132501,-1.6734508178710943,-8.0711970390625,644.7262124825805,130.1858538473892,12.949585
2020-12-07,334.69547,68.45201,1065.7339,427.0539,997.28186,11.507195,1016.3259,8.663178,-2.270624527282715,-5.729004240234374,1179.3797981488037,241.20708962310792,13.231354
2020-12-08,408.431,75.19232,1393.0394,578.9158,1317.8472,12.915844,1017.429,6.808645,-3.650213036376954,-8.572083251953124,2379.578880562201,438.0814898691773,13.627167
2020-12-09,452.67245,64.05957,1655.3483,624.72943,1591.2887,12.688157,1017.3228,8.521201,-3.214373918395996,-7.968169748046876,797.7510951027893,112.8930904076172,13.279083
2020-12-10,405.1481,67.86691,1210.1,501.11337,1142.233,11.046042,1014.00806,10.030425,-1.9433185576782233,-4.213775789062499,735.1339785771271,123.14329853370056,12.609741
2020-12-11,395.68198,255.2927,772.5444,459.52567,517.2517,9.993579,1017.19867,7.353331,0.05477141082763737,-2.7644041699218747,628.9028683900452,405.7660373799133,11.293976
2020-12-12,445.8186,161.90132,1070.438,545.38354,908.5367,8.228927,1016.67145,17.461615,-1.9339143413696291,-5.6554873769531255,1247.0193223125732,452.8614878686752,9.922089
2020-12-13,366.41885,98.6347,1054.5482,492.14804,955.9135,7.6857276,1021.02655,10.038762,-3.5375284037170402,-8.2471006328125,1346.4823299037262,362.45371986160814,8.952026
2020-12-14,623.17755,107.75266,1578.642,778.8713,1470.8893,5.81595,1018.44727,11.1491585,-5.6794720831604,-6.12731908984375,2648.0175796391904,457.86460759357067,9.326233
2020-12-15,458.7206,72.29463,1360.42,618.351,1288.1254,5.763559,1020.604,8.314275,-4.878176135406495,-10.11044314453125,2154.685484014618,339.5796703317718,7.261902
2020-12-16,339.0179,62.9627,1280.2451,487.76028,1217.2825,9.638084,1020.4339,9.648899,-2.4269515883789055,-8.341124560546874,927.6293251394318,172.28011980315932,11.102325
2020-12-17,346.93066,63.476887,1296.5831,485.32303,1233.1062,9.657566,1015.55884,12.158782,-3.1828799294433594,-4.951019462890624,847.6236698036132,155.08721847783852,11.251801
2020-12-18,474.69116,85.19473,1541.0767,633.5309,1455.882,5.986126,1018.0715,7.4371934,-4.791709053955078,-9.980773955078124,1855.4399183555909,333.00326704994814,7.532196
2020-12-19,292.52512,63.029324,1062.3827,392.21423,999.3534,9.008782,1023.70557,5.8320765,-2.6705436132202145,-7.832702974609376,944.2074501280975,203.44494763152122,11.608551
2020-12-20,254.5636,63.402065,1129.0664,375.42853,1065.6643,14.467225,1021.7952,4.4653153,0.8483780747680658,-7.355285763671876,835.8168094262695,208.17002979039003,15.483917
2020-12-21,327.99002,64.18965,1384.3619,480.61526,1320.1722,15.331078,1016.29083,6.369461,-0.054972424316405366,-7.473663312500001,965.3969713507385,188.93408707289123,15.862305
2020-12-22,345.43396,63.713852,1078.6425,475.61087,1014.9286,13.850418,1015.2983,6.7705235,-0.9971349091796871,-4.289917421875,495.48639604724116,91.3903973830902,15.718018
2020-12-23,320.1691,68.933716,1060.4641,426.3588,991.5304,10.658142,1018.80975,5.669542,-1.3420139101562505,-5.324553652343749,1284.416767087784,276.5401814163208,12.856506
2020-12-24,264.23038,122.62962,674.3917,323.00012,551.7621,9.128506,1023.7557,6.9529366,-3.4785982932128903,-4.427276435546876,1438.7996687422792,667.7485890012359,10.604279
2020-12-25,441.62778,83.215614,1186.6338,642.189,1103.4182,10.064735,1020.57666,13.155751,-2.352188087402343,-7.7843936210937485,1440.3628122214966,271.40656108232116,11.431213
2020-12-26,358.1608,63.219875,990.35754,362.0763,927.1377,10.773416,1018.8174,12.559906,-2.4686184345092776,-6.144928,851.1250447595123,150.23425136862144,11.859375
2020-12-27,662.741,63.637547,1891.0377,686.4497,1827.4001,9.158553,1015.2166,13.178449,-1.9093668765258798,-4.972839259765625,1568.5118415341797,150.61123594476317,11.073334
2020-12-28,884.8826,508.68933,1510.7502,883.9564,1002.0609,2.6351635,1011.3692,13.366829,-6.899557454391479,-4.469116662109375,4081.7122627302247,2346.439416385254,7.6368713
2020-12-29,795.02783,370.04514,1600.2592,1059.1636,1230.214,2.0156186,1016.4788,10.954736,-6.910041437301636,-10.143585369140625,3065.533825039453,1426.8505251725342,4.4290466
2020-12-30,355.48398,62.626423,1168.5656,525.6275,1105.9391,6.8592668,1022.6313,4.331165,-2.487881242034913,-8.858245392578127,1201.4525566615082,211.6626359705494,8.126923
2020-12-31,390.67758,62.566013,1472.5581,534.9742,1409.9921,7.5367393,1016.8086,7.370684,-2.3856426506347663,-5.285674857421874,1459.9316502870483,233.80431168827056,10.244171
2021-01-01,509.77914,86.35068,1379.5054,799.5214,1293.1547,6.1285605,1016.9004,7.081821,-4.262266456939697,-9.615569589843751,2341.0876687871732,396.553112321817,7.1152954
2021-01-02,313.68472,62.925495,1106.8159,410.8001,1043.8904,7.476246,1021.5925,9.455544,-3.680316119873046,-8.144287939453125,468.8038573253326,94.04256151396369,8.233612
2021-01-03,305.11496,89.6893,947.4407,366.86063,857.75134,7.475203,1021.3361,17.012432,-3.0155799627380375,-6.385070455078125,355.2264609822601,104.41970084765319,8.602509
2021-01-04,349.66663,139.13075,992.96655,413.45813,853.8358,9.734532,1019.84564,14.905136,-1.4253866437377933,-6.201660464843751,654.196046005664,260.30161714924316,10.742249
2021-01-05,237.81738,62.747334,909.1175,340.41718,846.3702,12.443821,1018.62115,7.6255074,1.202324953369141,-5.206177177734375,580.389755493164,153.13392626169204,13.849518
2021-01-06,355.93472,63.422024,1167.5518,409.23694,1104.1298,12.427218,1018.8024,8.71222,-0.44324656280517516,-6.994720359374998,875.1935459704376,155.9458583483471,12.836182
2021-01-07,174.06519,62.965225,798.8396,237.36171,735.8744,12.598683,1018.24756,8.392154,-0.15580664276123102,-5.154418875000001,457.72181191406247,165.57335623779298,13.470703
2021-01-08,287.2482,63.23192,1165.394,416.17783,1102.1621,11.625454,1018.0249,8.175973,-1.3377140510253902,-7.674468925781252,744.712328373584,163.93345273811036,11.956726
2021-01-09,310.0865,62.605328,1138.9797,426.11398,1076.3744,11.856491,1017.6823,6.200953,0.04234808886718788,-3.8339230292968765,1404.6852734620973,283.6008193442116,14.51297
2021-01-10,297.5445,63.164463,1073.4586,398.08975,1010.2941,9.346452,1020.0607,7.36845,-2.062370240661622,-7.4558108105468754,1095.3302257884095,232.52302366815377,10.317169
2021-01-11,302.7886,62.73203,1236.9166,415.80417,1174.1846,9.407269,1021.4526,7.705028,-2.1541524758300774,-8.973235630859374,925.7737366724854,191.80267669258117,9.899078
2021-01-12,239.91681,63.275677,909.41235,265.17307,846.13666,9.769559,1022.7541,8.12823,-2.0108850934448235,-7.2542117363281235,545.6285718284851,143.90411933325692,10.41452
2021-01-13,186.5608,63.21097,724.1927,244.02028,660.9817,13.205371,1022.86816,12.609596,0.20907490301513754,-4.557067927734376,427.1530734208145,144.72901051015663,16.259674
2021-01-14,284.33234,63.752556,1069.9275,355.19016,1006.1749,16.888533,1020.3875,12.087499,0.7657326385498031,-7.153686556640626,1061.3371785085876,237.97137742441177,17.793304
2021-01-15,207.98961,63.932957,822.1425,289.03693,758.20953,17.934732,1020.2258,7.82219,0.6150744371337886,-6.407226564453126,951.3407266765441,292.42819313225556,19.692596
2021-01-16,325.5988,64.25811,1350.6925,484.86514,1286.4344,19.922869,1015.084,11.058768,2.116180728637694,-3.5387568691406237,1201.9394507371217,237.20714252537536,21.639984
2021-01-17,498.75903,147.96037,1264.8931,663.4555,1116.9327,15.926326,1015.20844,12.849042,-1.4292062019653322,-7.23983766796875,1892.219801044165,561.3403041948959,16.90509
2021-01-18,388.6924,64.05098,1510.9729,579.1414,1446.9219,14.575764,1011.40155,10.638053,-1.5414102976074204,-5.899840810546873,931.0235100925842,153.41942837123108,15.785919
2021-01-19,755.43146,64.39086,1908.3309,675.8129,1843.9401,8.967308,1007.6855,10.489043,-3.1628469555664065,-3.074096283203126,4296.166272161773,366.1931796808128,13.911835
2021-01-20,764.1147,349.6534,1591.3237,1001.0554,1241.6703,7.0546227,1014.2918,17.203178,-6.960829349853515,-9.800537140625,6151.667264377442,2814.958918744385,8.827881
2021-01-21,585.9063,63.248188,1526.7518,813.40857,1463.5037,8.445645,1015.9136,15.561256,-5.039114667663574,-9.14028958984375,1419.305424095935,153.21305578825607,9.552795
2021-01-22,426.3221,63.048027,1200.5378,506.2301,1137.4899,7.0384,1014.5007,11.12131,-4.830504826812744,-5.685546892578126,1450.0020813185731,214.4382560353012,9.517548
2021-01-23,878.3291,505.6096,1815.9941,952.1986,1310.3845,1.389782,1012.6206,11.743793,-7.533718048095704,-7.440247017578125,2795.1968164681643,1609.0532694189149,3.429657
2021-01-24,710.84906,315.02957,1611.4851,898.2953,1296.4556,1.415287,1012.17474,10.422591,-6.249925982177734,-10.253753693359375,2170.0104895088016,961.6914660844666,2.8902893
2021-01-25,885.1155,393.34827,1674.5172,932.167,1281.169,-0.44338098,1009.4173,10.406352,-7.938720981683731,-7.978942693359375,6112.827534336865,2716.560915529468,2.2652893
2021-01-26,963.2337,505.51123,1759.2384,1202.061,1253.7272,-1.8434576,1012.064,6.376922,-7.596808279612732,-10.526671896484375,5255.425915552838,2758.081254053662,0.5687561
2021-01-27,689.66406,378.15732,1271.8268,724.2263,893.66943,0.38046646,1018.96405,15.353409,-6.863870138818359,-9.0239562578125,3143.0639638125,1723.4081110612792,2.4422607
2021-01-28,477.22165,114.87828,1101.0118,589.9005,986.13354,3.9526417,1014.8393,14.776531,-5.199192274459838,-9.329101201171875,2280.4291819167024,548.9520100245743,4.797394
2021-01-29,723.1785,336.63898,1486.4447,778.351,1149.8057,1.5797501,1012.479,15.04087,-7.327724938964844,-7.204864132812499,3234.600376253357,1505.7036677987671,4.131714
2021-01-30,603.9953,263.426,1498.1113,745.3645,1234.6853,2.7634404,1018.87225,11.528684,-5.2268192294403075,-8.7281191015625,873.4304766091186,380.93722275917355,5.831421
2021-01-31,320.65567,62.46285,874.35913,404.30383,811.8963,6.8492637,1020.3354,11.903119,-3.607404331939698,-7.7457884003906265,933.8418848154145,181.90984833202629,9.16684
2021-02-01,765.97577,63.51683,1865.8342,384.52753,1802.3174,10.302346,1017.99713,19.345789,-2.862487770446778,-6.563598951171876,1432.7949790148255,118.81132461577302,11.2388
2021-02-02,424.0657,63.43662,1100.8828,509.74756,1037.4462,11.016792,1017.14404,17.480585,-3.040408702636718,-7.2709041542968755,799.6068423402404,119.61437562987136,11.776642
2021-02-03,319.0062,63.33517,1028.4739,416.83923,965.13873,10.813007,1016.4837,13.63707,-2.3419636452636716,-6.197357089843749,899.0907606525269,178.5045799180832,11.873108
2021-02-04,402.1285,62.567368,1263.0824,474.98093,1200.515,7.53442,1017.2287,7.8078065,-2.9541169865722665,-6.616454560546874,1201.9287382934265,187.00866852653502,9.602325
2021-02-05,300.0162,62.78961,1073.2092,400.8503,1010.4196,9.8721895,1018.79376,6.7572556,-1.5255854782104485,-6.312378318359375,750.4736154782593,157.0646726246338,13.208649
2021-02-06,345.68033,62.923306,1316.9282,464.25604,1254.0049,13.091435,1014.9438,6.072125,0.09242343243408158,-7.052307423828125,936.1857073188354,170.4114884263626,14.161591
2021-02-07,312.37344,63.117085,1202.4854,451.94968,1139.3683,13.61719,1012.663,6.600904,-0.4652076389770503,-6.131561615234375,452.02017899053345,91.3336150005684,14.037994
2021-02-08,314.9019,63.13147,991.6609,410.54407,928.5294,12.9556055,1011.9716,6.830261,0.47454950689697206,-3.5232853203124996,506.0176040419922,101.44631223984375,13.995972
2021-02-09,382.72366,225.93834,834.9407,463.37238,609.0023,10.925933,1013.8149,10.871162,1.1023508842163086,-2.1687925976562497,468.98226702270813,276.86052547432706,11.998962
2021-02-10,569.1077,277.40494,1523.0532,706.37787,1245.6483,8.373814,1015.1944,16.266382,-2.4519983708496103,-7.340332111328124,1111.6300419185668,541.8511257455139,10.471161
2021-02-11,384.84,96.555504,1130.2087,492.76688,1033.6532,11.039117,1015.5683,13.559769,-0.8770711405639648,-6.6849057792968765,790.0418383980194,198.21974974332963,11.704376
2021-02-12,593.1074,109.946915,1471.7007,622.16864,1361.7538,7.088051,1012.7539,13.657327,-4.845085157714843,-5.715789462890626,2483.1628431640625,460.31474766082766,10.939301
2021-02-13,390.4354,62.48421,1166.5916,513.80493,1104.1073,8.196056,1011.9263,11.905314,-2.507574634033203,-4.401062193359374,1414.6933392090425,226.40364668676645,10.351227
2021-02-14,637.275,198.13863,1589.7368,791.0068,1391.5981,4.658432,1012.5871,11.035699,-5.8445229931640625,-9.902954064453125,3514.6695176322996,1092.7649173992036,5.872284
2021-02-15,350.28137,62.475132,1034.8755,496.42484,972.4003,7.5160346,1014.72675,17.862904,-3.472682396881103,-7.623565218749999,1258.2208116082152,224.41247963409765,8.570801
2021-02-16,498.90268,116.29606,1408.5686,674.16284,1292.2726,7.6789308,1013.62384,12.811302,-3.826958240570068,-8.302367712890625,2371.4128030537076,552.7850897620857,8.529144
2021-02-17,653.4135,109.89429,2098.6255,885.1503,1988.7312,6.1218123,1015.42706,7.533474,-4.213011656402587,-9.151977332031251,3074.1498398045655,517.0255868549805,7.0324097
2021-02-18,738.73364,147.31038,1577.5299,966.94025,1430.2195,4.574804,1022.98395,6.206421,-5.7810431708068855,-10.164306644531251,2964.262264523877,591.1015453451203,7.0509644
2021-02-19,351.75525,62.81981,1120.4609,491.60306,1057.6411,9.27057,1023.2844,10.714935,-3.0805811986694334,-7.48580962109375,609.6262130454468,108.8728664229477,11.931213
2021-02-20,432.8229,62.64163,1358.3683,510.04343,1295.7267,9.144296,1018.8797,8.296894,-2.6096913075561528,-4.042693767578125,1868.657237762677,270.4471743223869,12.324188
2021-02-21,572.5558,62.438675,1448.6743,790.50745,1386.2356,6.4765,1024.2549,4.887845,-4.487312965667725,-10.199066564453126,3082.0944778525636,336.1102967729889,8.536346
2021-02-22,460.9746,63.199768,1510.3925,634.98334,1447.1926,9.867795,1022.95245,4.948808,-3.09737000946045,-9.265045595703125,1794.1182504082033,245.97419251190186,12.774139
2021-02-23,615.1542,63.60789,1709.6888,835.8867,1646.0809,12.7265625,1016.9383,6.682808,-2.3730045000000004,-7.810363513671874,1080.9132985400756,111.76810331373864,14.3315735
2021-02-24,468.21655,63.157593,1472.2142,611.27966,1409.0566,13.058869,1015.57886,9.84064,-1.7954346381225594,-6.623475009765624,808.0337992824707,108.99544098605956,14.311615
2021-02-25,532.0727,76.66397,1505.467,613.7253,1428.8031,7.7777953,1019.14764,4.065843,-4.466079685211181,-5.107727027343749,3142.0959084377196,452.7305247299194,12.788147
2021-02-26,451.50357,62.81522,1380.7789,658.7156,1317.9637,10.783057,1016.55365,3.8599882,-1.60621278717041,-7.764648265624999,1322.6407000371828,184.01175940097352,12.732178
2021-02-27,484.57736,62.407715,1672.3998,661.0189,1609.9921,9.774169,1012.7248,5.5790825,-2.1505290317993158,-6.5137327734375,1653.112653244858,212.90095482299807,12.061157
2021-02-28,596.13873,104.855255,1503.6654,748.78296,1398.8102,6.2288322,1018.347,5.2794147,-5.651413755126953,-8.995818486328126,3712.409844931763,652.9783420142212,8.6215515
2021-03-01,538.0125,62.865463,1645.7732,777.31213,1582.9077,7.687617,1021.8421,4.4896293,-3.9541521748962403,-9.647002998046876,1913.90133895849,223.63475118438262,10.056427
2021-03-02,499.24905,63.205643,1601.4944,689.6365,1538.2887,9.562957,1015.23126,4.412998,-2.9394581900024406,-9.007506853515626,1543.090658392218,195.35747946980285,10.857025
2021-03-03,572.29474,135.97505,1426.8782,643.9718,1290.9031,5.953524,1010.1346,9.9904785,-4.525403887298584,-5.551483244140623,1886.8151780261658,448.3001054167953,10.6185
2021-03-04,641.9907,229.5971,1650.8359,791.42456,1421.2388,4.8265305,1019.13525,11.233604,-5.788261543457031,-8.926300265624999,964.870519352588,345.06959678837285,9.154053
2021-03-05,495.56558,63.359455,1565.1837,653.18695,1501.8242,10.462256,1020.9392,8.562982,-3.6473765684204107,-8.539275710937499,1084.571541785553,138.66552555638506,13.304321
2021-03-06,473.32602,80.35502,1238.5272,552.84796,1158.1722,10.32718,1015.5852,7.948399,-2.7303760912475585,-5.317931720703125,1470.133907497281,249.57985128827744,13.162811
2021-03-07,468.97208,153.07123,1022.66516,485.4999,869.59393,9.1875,1014.5513,10.140416,-1.7876860000000008,-5.010010123046875,913.1692021847107,298.0559786062134,10.820099
2021-03-08,828.92017,453.08005,1503.6365,890.09235,1050.5564,5.139469,1018.12946,10.536302,-6.610870353271485,-8.120757810546873,2697.2465379628907,1474.2898531511232,8.395294
2021-03-09,713.9717,170.9049,1705.2087,840.3975,1534.3038,3.828223,1019.9421,9.15857,-6.618546009963989,-9.232025123046874,3213.2143368368165,769.1538946986207,5.523224
2021-03-10,940.10693,372.40515,1577.5176,951.9683,1205.1124,0.6552035,1018.4914,11.186577,-8.293431478748321,-8.976776119140625,5239.103128085937,2075.3692199511715,3.3782654
2021-03-11,975.06885,550.6809,1764.0227,1069.6813,1213.3418,-0.9357287,1017.20233,11.334404,-8.100987728771209,-10.3711857734375,2384.8978828576173,1346.8974373045899,-0.23571777
2021-03-12,946.91095,404.1421,2111.9622,1104.4757,1707.8201,-0.5285988,1020.06024,9.312073,-8.06090178540039,-11.20889291015625,1651.750554115918,704.9680025851562,0.7675171
2021-03-13,780.5952,211.50252,1969.7966,1041.7137,1758.2941,2.3450649,1022.4927,9.770051,-6.844496121536254,-9.808807267578125,2537.5046730466306,687.5376851148147,5.7695007
2021-03-14,615.33105,218.98329,1333.274,701.99774,1114.2908,6.2343636,1021.9964,10.333859,-4.003215444091797,-7.9424748105468765,1634.832836548242,581.8023860137847,8.301544
2021-03-15,871.64575,412.87238,2037.3689,1011.0762,1624.4966,3.484975,1016.5833,12.518581,-6.230599900436401,-5.747588921875,4583.882591145631,2171.2473101887513,7.60083
2021-03-16,809.56464,386.81458,1596.8657,964.7148,1210.0511,0.90409595,1014.70795,7.342226,-6.982542652257538,-9.58993489453125,3879.4964780757145,1853.6454224655154,5.140808
2021-03-17,618.7781,272.53375,1261.1685,712.38354,988.6347,6.172422,1017.65454,9.259407,-3.7178950677795406,-7.399475230468749,1197.0903556409912,527.2448058480286,8.888489
2021-03-18,562.8527,156.54666,1400.2749,675.97925,1243.7283,9.775039,1018.3437,11.922684,-2.5152262808227537,-7.163116132812501,943.96384632005,262.54539203925475,11.850464
2021-03-19,507.4664,62.873062,1317.327,663.481,1254.454,10.952732,1018.9097,15.95369,-2.7806859138183597,-8.074645734375,1205.6526795406617,149.37555631397095,11.924072
2021-03-20,619.63635,69.54135,1505.5052,693.8536,1435.9639,7.51075,1019.4121,14.617368,-5.556916183105468,-6.29425085546875,2230.6686241955686,250.3463682115814,10.988098
2021-03-21,821.98615,62.24094,2364.7437,1055.8099,2302.5027,5.165853,1018.9495,5.93479,-5.652360976470947,-10.097015019531248,2767.252524598633,209.53686342779542,7.013855
2021-03-22,659.17664,62.371235,1794.0028,972.6494,1731.6316,8.125446,1018.19806,7.5157795,-3.5208996804199213,-8.567016710937502,2351.860498425293,222.5328320679474,10.007446
2021-03-23,755.99756,110.35239,2503.5652,956.5394,2393.213,6.0591674,1012.606,11.593171,-5.455159614898681,-7.536559326171876,3434.605016342285,501.3466721454162,9.545441
2021-03-24,804.8819,92.63403,2298.8052,1184.7026,2206.1711,6.825756,1013.8086,6.41248,-5.662352927001953,-9.630279611328124,3620.3724555752565,416.6694561262207,9.572723
2021-03-25,649.0127,63.017178,1543.9408,725.076,1480.9236,5.6663146,1010.7028,10.108796,-5.343996398101806,-7.400177121093751,2915.812002387012,283.1165616275883,9.454651
2021-03-26,1039.2286,511.65637,2003.1821,1216.8137,1491.5258,3.4600613,1012.2476,10.085057,-7.212339688278199,-9.219268671875,3914.026241424829,1927.041263332251,8.073486
2021-03-27,818.3706,176.33072,1714.3142,1068.0317,1537.9835,9.335128,1021.0474,6.461521,-3.6997881694946297,-8.7035823359375,2163.4883972816406,466.15734005944825,12.997681
2021-03-28,581.98114,63.92642,1812.9922,797.0932,1749.0658,14.172627,1021.2841,5.641255,-2.767193550964354,-7.854706154296874,1238.6397722512206,136.05561890003966,17.620392
2021-03-29,684.2193,153.91217,1372.7368,901.5491,1218.8247,16.89791,1013.7451,5.4518814,-0.6358718355712902,-5.990875388671874,1922.954208583954,432.5602276027527,17.942902
2021-03-30,575.1347,63.502693,1699.8268,721.26056,1636.3241,13.651883,1011.2509,6.4624825,-1.1830918746948242,-5.089233271484375,1278.2487287258423,141.13604373973848,16.750397
2021-03-31,726.23926,111.18674,1940.0779,952.93536,1828.8911,13.289151,1017.7391,4.414969,-3.043528808288574,-9.605468279296876,2477.01597327666,379.22946295281673,15.712189
2021-04-01,674.6753,64.47625,1968.8123,960.2789,1904.336,15.7506895,1013.9504,6.752622,-2.42296349346924,-7.982604730468751,1950.2652483466798,186.3797154483368,18.115051
2021-04-02,607.52704,73.07568,1508.1342,921.5538,1435.0585,17.401272,1012.68945,8.233357,-0.0015661799316397662,-4.54892006640625,1267.450732611902,152.45383797958985,18.472107
2021-04-03,439.12997,95.868034,1152.2732,561.07025,1056.4052,16.955067,1016.52606,7.501058,0.8111726809082036,-4.716918490234374,942.6816333597717,205.80019697071074,18.227448
2021-04-04,418.24026,75.177055,1197.9182,567.4174,1122.7412,17.692354,1015.9748,8.640992,0.8746492022705077,-5.693145427734375,1206.3288067166566,216.8328950988266,18.908112
2021-04-05,420.29184,72.16145,1304.03,531.645,1231.8685,16.872677,1012.5749,11.288587,0.9323873493652339,-3.0314635292968752,1459.1507158809816,250.52695827923586,18.786407
2021-04-06,531.2225,98.61548,1524.7247,659.10516,1426.1093,13.613799,1011.97394,11.008804,-1.6151889048461907,-6.217620626953124,1583.6810744054444,293.9925828893555,15.168182
2021-04-07,457.16647,72.05347,1286.5792,612.5073,1214.5258,16.189726,1015.3045,14.8101,-0.5415641241455091,-6.136840898437502,1100.9677307897186,173.52222101257325,17.76233
2021-04-08,545.17914,63.274048,1356.189,715.61035,1292.9149,15.566775,1014.27026,14.154103,-1.3880486780395493,-6.020995685546875,1760.4441701508179,204.31894924162597,17.444122
2021-04-09,570.45374,91.20074,1707.6079,811.6315,1616.4072,16.158552,1012.7893,8.113327,-0.27875183020019634,-6.1240847753906245,1498.8604012367798,239.62885117744673,18.31723
2021-04-10,546.1785,71.74271,1538.6666,761.3807,1466.924,17.059252,1010.9634,8.876399,-0.11245921472167808,-6.13656578515625,1323.362499360681,173.82888978695678,18.566345
2021-04-11,446.58118,87.18184,1444.4749,669.11383,1357.293,17.122381,1007.4632,9.161581,1.174871210327149,-3.5417784687499996,827.5431444625976,161.55345753931886,18.598145
2021-04-12,732.4036,235.0835,1483.7065,982.10724,1248.623,15.95155,1006.81885,11.654198,0.43347853002929604,-3.4397278417968735,1231.4961210976928,395.27987505595706,18.414337
2021-04-13,647.29626,315.99768,1206.1235,764.8093,890.12585,11.974856,1009.3848,12.326271,-1.7425636233520514,-3.2648316679687497,2236.236931390967,1091.688184109424,15.46759
2021-04-14,735.65576,359.96472,1314.3486,855.32104,954.3839,7.545273,1011.44995,7.215994,-4.496890172851563,-7.052916982421873,3341.4746346896973,1635.0214998189088,9.539093
2021-04-15,825.66235,227.83978,1789.6191,1048.628,1561.7793,7.8006797,1014.6206,9.300166,-4.832040316314698,-8.502929482421877,2175.3299160639403,600.2776962020324,11.3906555
2021-04-16,711.12286,153.56535,1819.9373,891.48724,1666.372,10.996494,1013.15967,9.49821,-3.3409847067871095,-8.04507416796875,1501.6776536361147,324.2838492654221,12.959778
2021-04-17,964.7276,118.98341,2286.939,1173.3412,2167.9556,12.619678,1013.1901,10.668938,-2.306726456359863,-7.434173271484376,1626.2052346723754,200.5658904881622,14.422272
2021-04-18,1275.0736,391.8726,2530.8845,1423.122,2139.012,13.022462,1015.97894,7.0486526,-4.651128108825684,-9.648895572265626,5081.390447290356,1561.6805318136658,16.045013
2021-04-19,902.89484,103.980515,2367.4011,1284.3132,2263.4207,16.952393,1014.7581,5.273944,-2.1238344218749994,-7.578643919921873,2787.2386172834777,320.9881082941818,18.610382
2021-04-20,516.2739,66.788216,1269.8326,659.3078,1203.0444,16.557735,1011.29095,7.6470923,-0.42318455688476675,-5.0801997949218745,1289.7198984858398,166.84571191799162,18.456085
2021-04-21,794.614,296.142,1524.1206,839.4055,1227.9786,9.1792345,1009.6545,11.1653595,-4.305040495300293,-3.6255189453125,2927.925380772949,1091.1985670908814,14.986206
2021-04-22,872.6617,405.6819,1626.905,1077.7133,1221.2231,7.6887207,1011.38873,14.676842,-5.864543296875,-8.907043050781251,2941.2890081803407,1367.3428006694091,10.720398
2021-04-23,724.8079,328.0121,1326.0288,906.8264,998.0167,10.40744,1013.1962,13.369026,-3.616439814453125,-7.071381162109375,2718.2213480769774,1230.1320449987793,12.660309
2021-04-24,657.11523,320.6204,1161.635,760.0295,841.01465,11.937512,1013.7635,13.666087,-2.270368602233887,-6.720275919921875,2232.919884627344,1089.488739444934,12.579132
2021-04-25,670.7928,242.61478,1281.7802,734.74396,1039.1654,9.187687,1011.55695,12.701093,-4.075413079833984,-6.107421962890626,2492.5225759575073,901.5046388484559,11.947113
2021-04-26,892.50275,347.4177,1696.5128,1017.3938,1349.0951,4.546476,1010.4963,16.281673,-8.027438112701416,-9.325104025390626,4081.330272358704,1588.7081104008485,7.266449
2021-04-27,1144.4608,519.3963,2201.631,1281.8218,1682.2349,4.591326,1012.66846,11.515118,-7.595387763275147,-9.793915312500001,3549.0325006098633,1610.6749388444825,8.049805
2021-04-28,895.6491,96.782974,1991.3307,1234.9055,1894.5477,11.110549,1017.0085,8.805873,-4.572396026916504,-8.231872626953123,2733.111141725128,295.33733982282564,16.965057
2021-04-29,930.7536,125.90822,1965.8362,1254.9965,1839.928,18.45784,1018.3359,8.003795,-1.4194580341796872,-7.3507693847656235,2453.965748663257,331.961600828009,21.25888
2021-04-30,763.72296,151.00055,1726.2535,874.05444,1575.2529,21.377996,1016.79816,9.643529,-1.2758215552978527,-7.047637601562499,1860.7074346803468,367.8923627349365,22.386108
2021-05-01,389.60757,64.78654,1208.6259,517.0821,1143.8394,19.745705,1012.2036,9.201327,0.4986746508789075,-4.77365074609375,904.8517086590423,150.4647565888939,22.007385
2021-05-02,630.0673,193.49048,1461.339,756.6283,1267.8485,13.868886,1008.63043,9.471266,-1.7809010060424804,-4.0177912636718744,1913.4144015470947,587.5998569639648,17.74173
2021-05-03,847.7579,282.41553,1830.6024,1010.23364,1548.1869,14.199521,1009.00995,13.253926,-2.822552935241699,-6.945129625,2483.82349763858,827.441826036084,17.958984
2021-05-04,708.2817,91.15457,1809.8019,876.5916,1718.6473,18.223452,1011.1048,10.719635,-1.0118613856201186,-6.590210039062502,1485.3642075720156,191.1636884896271,20.012085
2021-05-05,671.7295,76.33405,1618.7238,844.531,1542.3896,19.709105,1011.85645,12.9595785,-0.7891334620361334,-5.601410255859374,1455.0856479277343,165.35314634510803,21.108063
2021-05-06,729.2759,119.54248,1418.8138,895.8326,1299.2714,19.12133,1013.53033,14.224838,0.3875252612304685,-3.6969601250000004,1676.6799963830567,274.8404157019043,20.623047
2021-05-07,627.916,216.04294,1351.1871,772.39624,1135.1442,16.113077,1013.6248,12.92442,-0.09428983630371235,-4.091278240234374,1541.8527996953126,530.4951631732177,18.387604
2021-05-08,746.80695,201.0322,1758.21,921.46326,1557.1777,15.789371,1011.4013,9.985458,-1.0530714631957991,-6.260559496093752,1504.9720784402466,405.12189075949095,18.370667
2021-05-09,770.1359,184.68848,1646.3032,955.47986,1461.6147,17.167086,1011.0881,11.988259,-0.4447463524169919,-5.7299804941406265,1396.962801226831,335.0096042785156,18.583344
2021-05-10,815.611,259.22787,1830.5455,979.6552,1571.3176,14.928303,1009.8769,15.155606,-2.1465672351074225,-6.862762097656251,2009.057930334778,638.5443586317444,17.3349
2021-05-11,828.70026,215.78609,1801.0787,1076.7657,1585.2926,17.776262,1011.0371,14.70753,-0.5674577166748058,-5.014618164062501,1647.2797622045898,428.93682174851074,20.541382
2021-05-12,882.7824,236.47653,1667.9236,1094.8226,1431.447,20.194857,1012.8584,13.9719305,1.4094596436767581,-3.770691767578125,1931.312336889075,517.352904408429,21.480438
2021-05-13,706.15234,231.08862,1302.1584,764.5806,1071.0698,19.711535,1014.8377,13.089303,1.9459045001220687,-2.918701560546875,1778.1191415039061,581.8901652883301,20.633575
2021-05-14,632.75055,215.87529,1201.7158,720.75116,985.8405,18.957193,1012.7087,9.990178,1.70900537463379,-3.474823074218751,1587.1412375116577,541.4844367297637,20.277649
2021-05-15,659.27704,278.0976,1290.4905,771.3789,1012.3929,15.578816,1010.8098,11.954953,-0.09803758612060598,-1.6103205605468744,2245.470826736023,947.1891185393921,19.7742
2021-05-16,891.3787,511.45297,1507.4634,1013.5424,996.0104,8.688637,1012.2754,15.743871,-5.713211220214843,-6.2576596855468765,3991.4401594114684,2290.1981848236846,12.428497
2021-05-17,852.0516,364.40576,1584.3254,1050.1212,1219.9197,11.13937,1013.77167,20.915077,-4.88999203540039,-7.303771837890626,3484.2942488339904,1490.1643720747559,15.527191
2021-05-18,621.0058,198.0789,1433.5787,822.1209,1235.4999,16.844835,1012.51904,16.572783,-1.11574471862793,-5.740752783203124,2186.0098386045042,697.2598844791901,20.185272
2021-05-19,524.78644,126.986,1286.8055,690.89374,1159.8196,18.100172,1009.7466,10.525346,0.12638904284667873,-4.006408966796876,1479.950496163971,358.1132822651253,20.068634
2021-05-20,677.48846,181.22119,1451.463,820.2389,1270.2418,12.79198,1009.1987,11.371144,-3.197138210266113,-4.854889083984375,2655.020857020001,710.1907533958496,16.792389
2021-05-21,975.5745,239.36952,2069.6436,1133.2451,1830.274,6.8791785,1012.5623,7.1465964,-7.397513475982667,-8.486755185546876,5267.475427452692,1292.4415765196732,10.920685
2021-05-22,1159.951,366.748,1958.0656,1263.2606,1591.3176,6.5793967,1016.87164,10.536294,-7.285884275299072,-10.5487365078125,3625.654588560523,1146.3427856972535,8.6571045
2021-05-23,871.251,176.72183,1695.8864,1073.8674,1519.1646,9.501968,1018.3179,12.2943535,-5.8875351162109375,-8.9779970859375,2315.3817065009766,469.6448079796448,13.642212
2021-05-24,801.5965,77.7319,2068.3428,1045.79,1990.6108,15.396211,1015.18066,11.266891,-3.7036713295288095,-8.1065669921875,2048.731949113556,198.66832499467466,19.756958
2021-05-25,784.5627,65.03196,1697.1387,898.0195,1632.1067,18.673437,1012.94904,11.824523,-2.7244868814697263,-7.334014425781248,1799.508275291443,149.16022882465364,19.698914
2021-05-26,612.7767,64.512314,1468.062,689.6449,1403.5497,17.111387,1013.45905,13.293958,-2.4686947471923837,-5.794097701171875,1462.201812937207,153.93866397341307,19.086456
2021-05-27,702.4318,206.80087,1522.2931,862.38385,1315.4922,16.706385,1015.4321,11.424328,-0.8757783411865248,-5.8342283359375,1698.0013020060362,499.90353428202206,18.575806
2021-05-28,610.11646,142.23074,1443.0809,794.8352,1300.8502,18.092756,1013.33813,12.261459,0.002969271362303516,-5.810852498046874,1417.2529360629883,330.39092293927007,19.53299
2021-05-29,610.9463,149.43259,1422.1266,738.3705,1272.694,17.167612,1011.201,15.118812,-0.31066292419433594,-3.9299927109375012,1505.4468026435545,368.22027376284785,19.273071
2021-05-30,825.25586,182.40741,2048.1533,1095.2014,1865.7458,18.693556,1009.34595,17.947084,0.40790983190917984,-3.616882712890625,1650.39288190625,364.78855266894533,22.904144
2021-05-31,1043.5356,430.6748,1824.7205,1227.0168,1394.0457,22.61998,1010.6746,22.192316,3.0488948583984374,-1.9162289335937501,2077.127229198633,857.2456230261719,24.559143
2021-06-01,867.072,247.295,1872.6278,1125.4768,1625.3328,24.319809,1012.3172,20.537344,3.7258929599609374,-2.1116026132812493,1712.398050084326,488.38788724281306,25.469421
2021-06-02,728.83417,188.56042,1528.207,994.23334,1339.6466,25.025003,1009.9187,20.740381,3.36183543322754,-1.6293032343750014,1666.7133525952697,431.2039580683228,26.963135
2021-06-03,614.1934,142.4909,1332.097,861.3412,1189.6062,25.93923,1008.6412,19.896482,5.1075299652099595,0.09527606640624953,1405.6065788615113,326.0962229664673,27.043518
2021-06-04,523.5528,146.14946,1115.4264,645.7063,969.2769,25.074997,1010.4287,16.273932,4.818176948242186,0.5633853710937515,1426.2423161184447,398.1347171238922,26.68988
2021-06-05,532.9842,172.31438,1082.1074,634.45734,909.793,22.412476,1011.1382,15.600979,2.6766735859375004,-1.3876948417968755,1243.19969837666,401.9278330579834,24.367462
2021-06-06,485.3973,115.76674,1028.6759,586.76086,912.9092,19.746487,1009.362,15.235833,1.501306663818358,-1.8604428613281243,1450.7567857680451,346.00394176941376,21.787567
2021-06-07,653.15924,299.198,1315.7947,747.59204,1016.5967,16.069489,1009.3232,16.361433,-0.06501347460937623,-1.2431941406250004,1783.7635169102782,817.1031503100586,19.70288
2021-06-08,813.55664,392.74313,1282.5497,985.8922,889.8065,11.547069,1012.4214,16.550678,-5.207873404113769,-7.959014470703124,3204.4368147380856,1546.9366151324248,15.182343
2021-06-09,598.15497,156.25084,1261.1716,737.5797,1104.9208,14.370731,1015.70856,15.207368,-3.2276836462402336,-8.094146888671876,2277.0729618868286,594.8200385670319,15.216339
2021-06-10,717.5327,116.58142,1569.6399,888.56537,1453.0585,11.880608,1017.2575,8.419926,-5.411741395019533,-8.745330699218751,2948.6813182670903,479.0882014837647,16.049133
2021-06-11,601.716,72.47027,1467.89,805.6576,1395.4198,16.90917,1012.7596,8.956114,-2.1506458492431655,-6.469910058593751,1670.824840804901,201.23301312125778,20.65094
2021-06-12,602.58276,72.472305,1477.7311,813.85175,1405.2588,21.082567,1009.4548,10.718476,-0.09504078503417901,-5.061767175781249,1445.6198520679934,173.86392306560518,23.92157
2021-06-13,545.32855,73.12161,1238.0692,704.1139,1164.9476,22.027786,1009.0732,12.683953,-0.011497745117186042,-4.663665576171876,1285.1717636470826,172.3251631938904,23.822784
2021-06-14,605.366,64.519005,1464.5824,785.8608,1400.0634,23.45777,1009.8196,13.394174,0.045772393920898935,-4.752563701171876,1719.754080166626,183.28881484794618,26.180206
2021-06-15,830.01874,545.09235,1285.5122,913.7123,740.41986,26.534752,1008.8269,18.839254,1.2524428920898423,-3.013793677734377,2422.1818461052553,1590.7023845105896,29.16983
2021-06-16,888.11816,301.3598,1924.0549,1180.035,1622.6951,31.207352,1008.07635,20.568115,4.774659684570313,-0.005859798828126372,1409.7128037945313,478.3493784565918,32.827606
2021-06-17,1366.9108,629.95056,1793.8923,1371.4685,1163.9418,30.133928,1006.68243,26.487844,4.390698298950195,1.0551756875000002,2597.4749180561525,1197.0648144360352,32.12793
2021-06-18,1077.4648,660.4221,1593.8772,1127.1499,933.4551,29.435919,1005.72705,26.608856,4.925120807983397,0.7263493750000016,1636.8967659777345,1003.3207461683838,30.365234
2021-06-19,739.3244,227.11629,1572.148,914.99225,1345.0316,29.15272,1005.42017,25.068207,5.5608094976806655,1.1705631855468752,1580.951634898645,485.65942732248226,30.423065
2021-06-20,1079.9557,301.85632,1674.9926,955.2246,1373.1362,28.475657,1007.022,15.214843,5.171426509399414,1.6037903437499992,2966.5795266556643,829.1828989623048,30.337402
2021-06-21,649.1087,187.01346,1263.1997,733.52594,1076.1863,25.702677,1011.1307,17.782381,4.202531773071289,0.5060121152343733,1759.1410592492066,506.8227420336609,28.485443
2021-06-22,538.6504,136.3913,1081.3752,667.8639,944.98395,23.484564,1011.139,20.812777,1.3872128275146487,-3.2183223183593768,1549.424939920703,392.328827543396,24.552399
2021-06-23,527.0911,64.4916,1394.4573,679.6834,1329.9657,21.366194,1010.57666,24.628164,-0.5236892286376964,-4.272246902343749,1388.8578650504332,169.9320318807747,22.961975
2021-06-24,686.2791,284.39767,1222.5845,784.985,938.18677,19.704576,1013.06854,17.594545,-0.9172515076904304,-4.534148841796874,2131.1358851534546,883.1539205398499,21.679962
2021-06-25,627.8491,109.7272,1477.3608,795.00977,1367.6337,21.413027,1011.9871,12.069289,0.15849280969238322,-4.698089423828126,1719.6521218730468,300.53815759465334,23.78659
2021-06-26,891.42487,272.30432,2148.7607,1154.5474,1876.4564,24.837702,1008.5003,15.713738,1.2639277974853513,-3.87274197265625,1857.5235010220338,567.4193032681885,28.305603
2021-06-27,1109.0039,277.26105,2419.4448,1403.9407,2142.1838,29.645126,1004.68256,24.381079,3.305542342773439,-2.6477948144531283,1997.1733063535157,499.3114628044739,31.329315
2021-06-28,1206.3916,422.66125,2042.3264,1511.1942,1619.6652,30.65727,1003.03973,25.339386,4.672462431518554,-0.8884885332031232,2114.3307275571287,740.7592007347778,31.532928
2021-06-29,761.6486,346.3652,1501.3164,944.61426,1154.9512,28.851318,1005.0988,27.153402,4.9399883593750005,1.4930728085937517,1426.6323780322082,648.7713639577179,30.798279
2021-06-30,694.39966,203.6337,1270.1665,727.08765,1066.5328,26.154108,1008.89355,23.785475,3.3420710474853514,-0.7824400292968754,1726.2343586342283,506.2207059932922,27.809845
2021-07-01,548.2802,154.41107,1229.4808,652.9828,1075.0698,25.134466,1010.17896,20.843218,2.5332641712646478,-2.8222958124999984,1365.8292258027284,384.65578339393926,26.213867
2021-07-02,809.35297,449.02478,1276.0422,952.37244,827.01746,24.51002,1010.0942,14.77771,1.0293213023681638,-4.297759730468751,1958.3645020584227,1086.4903532049316,25.474426
2021-07-03,652.038,106.16922,1562.8794,775.7916,1456.7102,25.365852,1010.6966,19.746475,1.4458603559570307,-4.1137080703125015,1709.7307483702698,278.38986835404967,26.406128
2021-07-04,642.0845,108.26418,1316.4664,726.2555,1208.2023,25.53382,1011.44635,19.77263,2.5026511986083975,-2.369019044921874,1834.1828065558104,309.2681906547554,26.405304
2021-07-05,740.8337,360.71036,1545.1128,911.69666,1184.4025,24.656311,1011.4202,13.38561,2.0677410351562493,-2.7021481523437494,1864.6008052582213,907.8702038709137,26.254944
2021-07-06,658.8576,105.86839,1507.3334,908.7463,1401.465,24.527842,1010.88116,17.7286,1.234073567993164,-3.570373017578124,1355.8757812410827,217.86860910013274,26.085907
2021-07-07,652.13776,110.67155,1451.179,794.73706,1340.5074,26.244156,1008.1906,24.696218,1.7934108837890612,-1.9617008945312513,1325.1066186187743,224.8782529615387,28.750183
2021-07-08,885.4969,427.60938,1312.212,880.2153,884.60266,27.40227,1006.9922,32.55559,1.9256303634033216,-3.108520216796876,1909.6261044789308,922.16476061875,28.533478
2021-07-09,643.56146,65.32989,1416.1674,791.9016,1350.8375,27.431322,1009.2957,36.634815,1.267616097778319,-3.1038519921875007,1495.085756942792,151.77071631210558,28.600708
2021-07-10,484.62183,77.45783,1262.0137,711.2259,1184.5558,28.297026,1010.47943,36.73708,2.2337326805419906,-2.1755369042968766,1191.2921391799805,190.4060069048126,29.061798
2021-07-11,618.68414,108.4512,1529.3138,857.1285,1420.8627,28.7298,1009.0369,35.877953,3.1909902706298823,-2.542510857421874,1381.0535331762267,242.08946991777648,30.166046
2021-07-12,541.17487,125.32236,1253.4966,724.2518,1128.1742,28.859255,1008.26935,34.424732,4.3228628370361335,-0.1448666308593758,1095.9128182825134,253.78558086776428,30.008453
2021-07-13,566.6946,164.84674,1146.2296,706.1609,981.3829,27.176302,1009.04517,35.21164,2.8176719561767563,-0.4082339316406234,1362.765025083252,396.4170130669556,29.912445
2021-07-14,452.6217,126.98355,902.3943,582.25006,775.41077,24.221563,1011.1707,34.88387,0.4604643392333969,-2.4356376074218744,1339.2708695541505,375.7340164197876,26.044952
2021-07-15,498.08423,130.5511,1039.5059,601.07947,908.9548,23.153456,1012.16437,27.426157,-0.40373426574706883,-5.5055232734375,1394.898629082715,365.61196347804565,23.78772
2021-07-16,523.27374,152.92744,1129.2283,633.87964,976.30084,23.178085,1011.0808,27.376104,0.07259532714843786,-5.240844890624999,1392.1738215967348,406.86464352185214,24.300537
2021-07-17,581.45294,125.605644,1386.89,736.59283,1261.2844,23.905298,1010.7376,28.810242,0.025421233032226098,-4.4341739765625015,1425.621789585266,307.96325962362516,26.020874
2021-07-18,690.4217,129.90616,1741.842,888.41315,1611.9359,24.100868,1012.42285,35.76923,-1.0932697749023426,-6.304107722656248,1324.021126208789,249.12093612939452,25.71576
2021-07-19,728.1651,128.14566,1555.5455,878.7897,1427.3999,23.970459,1013.82,30.955393,-1.9865570156249994,-5.867340957031249,1882.8740243654174,331.35635760446166,25.632019
2021-07-20,893.2137,438.08978,1479.949,1059.2578,1041.8591,24.811747,1013.2681,22.853613,-0.8728924027099616,-5.082580888671874,2363.53514112641,1159.2305568841614,26.24759
2021-07-21,700.44086,95.90283,1579.3315,899.82416,1483.4287,25.43981,1009.6822,30.224745,-0.36155320080566256,-4.627319099609377,1499.8084782962037,205.3505005444336,27.075348
2021-07-22,699.7089,86.53473,1287.0394,720.6191,1200.5046,25.56907,1010.1489,33.11281,0.2670818160400401,-2.920532611328124,1734.4797620012816,214.50739180389402,26.791473
2021-07-23,565.54,151.41127,1206.5093,700.6648,1055.098,23.563248,1013.626,28.707853,0.0014136806640614452,-3.9960632167968733,1319.645010120459,353.3068127479126,24.845978
2021-07-24,574.49664,142.51689,1332.0417,754.07886,1189.5249,23.15098,1013.5518,26.610392,0.2882459957275394,-4.601990183593749,1206.8416511097412,299.38437882962035,23.977112
2021-07-25,601.05035,196.08281,1357.7175,762.33655,1161.6348,22.245483,1012.2187,34.0315,-0.19927960156249824,-4.0127262167968745,1349.1993674453126,440.1541413496094,23.533478
2021-07-26,557.6728,167.27171,1171.3304,701.6141,1004.0587,19.892061,1011.61896,38.9772,-1.5816017664794906,-3.762572294921874,957.1107227285522,287.0815164137787,21.588898
2021-07-27,767.16327,209.11528,1433.4467,894.45154,1224.3314,22.084915,1012.7561,27.54339,-0.8609978388671884,-4.651580642578125,1449.1263827382752,395.0064891389877,24.123016
2021-07-28,753.71405,242.50233,1532.9448,861.91675,1290.4425,23.543005,1013.75995,29.020472,-1.5050830103759765,-5.707061857421873,2106.7151865424803,677.8211854537353,25.181671
2021-07-29,769.7551,155.97289,1613.8943,897.4772,1457.9214,25.00387,1011.6401,25.175467,-0.2635459896240242,-4.482849341796875,2085.946101766577,422.6682230878494,26.23465
2021-07-30,846.49976,508.76428,1426.1583,952.8787,917.39404,25.222588,1010.43243,24.930655,0.48121658544921786,-3.0984799257812483,1778.5275615014407,1068.932733865735,26.128601
2021-07-31,720.4627,135.57632,1681.6407,863.4494,1546.0645,23.90592,1013.7181,20.77572,-0.2818829713134754,-5.771881757812501,1705.9593655422548,321.02660977354435,24.684448
2021-08-01,769.4699,146.35417,1619.503,927.8908,1473.1489,24.448492,1014.5579,17.273272,-0.4841479498291008,-4.8361813691406255,2048.0584308628845,389.5433617149277,26.241547
2021-08-02,1014.7502,540.74023,1558.4624,1031.8779,1017.72217,25.882715,1014.3039,13.827323,-0.008220774780273388,-5.042662275390626,3137.2067398397826,1671.7552122949219,27.528168
2021-08-03,902.0322,424.91727,1633.6571,1032.5973,1208.7399,27.367178,1011.80255,14.963252,0.9271529632568374,-3.367582636718751,2181.1400827626953,1027.4622738336489,29.229797
2021-08-04,1038.9232,489.08582,1706.1376,1095.502,1217.0518,28.690184,1009.4476,20.905682,2.224323639526368,-2.08474576171875,2440.165297559985,1148.737667927075,30.071594
2021-08-05,887.3327,544.7374,1368.5714,1040.5216,823.834,28.49106,1009.49164,19.584963,2.508846256958009,-1.76669356640625,2280.8653752776063,1400.2332288866332,29.85492
2021-08-06,522.545,85.55679,1272.8466,664.2048,1187.2898,25.861853,1010.0621,12.217999,1.8408726458740219,-1.4761052246093733,968.4011073649231,158.55724578681946,28.479645
2021-08-07,559.9666,149.00917,1184.4233,681.54956,1035.4142,24.724365,1009.97186,9.335878,2.279863234375,-2.5281070683593754,1023.9076887567627,272.4655928612366,26.556305
2021-08-08,492.66492,132.56854,1073.1306,643.08325,940.5621,25.404402,1009.6901,12.019913,3.067020779174804,-1.1061709472656247,1081.1995201080445,290.9341411732361,27.320404
2021-08-09,758.4367,328.08698,1347.6721,841.6061,1019.58514,25.719748,1009.9871,20.036951,2.796957543334962,-2.4870307910156235,1774.1019244175661,767.4466819389282,27.44394
2021-08-10,640.4744,77.00579,1697.7361,836.74115,1620.7303,25.535505,1010.48,24.933105,0.9506412947998051,-4.599243042968752,1087.4049744711974,130.741332435952,26.836731
2021-08-11,793.0952,145.95882,1662.3406,1035.0319,1516.3817,24.237625,1012.21515,33.241467,-1.4034828779296866,-4.459930433593751,1488.527257360254,273.9440016634735,26.566956
2021-08-12,899.08575,263.30835,1592.4847,1246.6407,1329.1764,23.324646,1012.0441,29.667086,-2.23684500390625,-7.596496800781253,2148.7610078576663,629.2911570654297,24.77118
2021-08-13,592.62805,70.06375,1527.4116,807.9478,1457.3479,23.293478,1013.08075,24.18132,-1.8597109879150402,-6.915649701171876,1308.267552642163,154.67059324403687,24.555206
2021-08-14,570.5931,73.452415,1450.0531,752.3897,1376.6007,23.76316,1014.9238,31.69494,-1.067457294433595,-5.028838949218748,1145.6954972675353,147.48531802680588,25.732727
2021-08-15,506.43298,92.848595,1235.7905,677.863,1142.9419,25.553522,1012.3786,35.56676,0.8713781099853506,-3.260589675781251,971.688204776538,178.14772580795744,26.929382
2021-08-16,464.58237,65.34297,1188.1085,575.8155,1122.7655,26.685038,1007.72217,33.541374,1.1449576129150394,-3.3698430175781233,1040.7406934613036,146.37897308331299,27.695282
2021-08-17,456.3975,95.76747,1008.5985,582.4347,912.83105,23.449957,1007.1274,30.755808,-0.15592310607910065,-2.2223815117187513,1311.7475477057496,275.24854539608765,26.10675
2021-08-18,606.8733,222.19365,1181.3314,693.3834,959.13776,17.938555,1008.3293,24.511236,-3.338115236206054,-4.058227103515627,2392.095094620166,875.8143526758759,21.321869
2021-08-19,797.85785,261.06427,1591.842,923.74023,1330.7778,14.594765,1010.0894,19.470139,-6.263700290527343,-8.62081901953125,2203.3868952957278,720.9625023112061,18.295105
2021-08-20,750.4119,207.78993,1603.6681,920.11,1395.8782,18.058836,1009.03424,19.961477,-3.6556740167236335,-6.433563099609376,1745.6839394515443,483.38190640638584,21.169098
2021-08-21,717.42413,303.78894,1308.9471,843.25336,1005.1582,18.439325,1007.14044,20.615799,-2.2532706673584,-4.749877011718748,2034.3359792804017,861.4273522974487,20.802063
2021-08-22,761.7678,385.7386,1416.1145,866.63776,1030.376,18.238379,1007.20874,16.605457,-2.3955114752197275,-5.9056705917968735,1870.1121229598145,946.9741116430298,21.121368
2021-08-23,654.4676,342.40884,1137.7406,729.5219,795.3318,20.622402,1008.0607,16.564762,0.08236519116210772,-3.291198943359376,1746.1708412649416,913.5736406297364,22.980133
2021-08-24,510.1783,224.0847,1014.073,599.024,789.9883,22.332418,1010.13696,13.394104,1.4610114417724596,-3.3427122753906247,1066.880299069,468.60391109413143,24.059418
2021-08-25,510.1438,135.58539,1254.5846,622.8362,1118.9993,23.941513,1011.48145,22.634407,0.7681880615234391,-4.9991149257812495,1032.3769343864992,274.3838653378235,25.097351
2021-08-26,567.6818,67.34079,1412.7054,714.66547,1345.3646,25.158274,1009.9677,21.72994,-0.5746303031005873,-5.745940925781248,1562.4044565531128,185.33894460807497,27.237976
2021-08-27,557.7629,65.924,1421.9331,708.33496,1356.0092,26.634653,1005.8128,12.217103,0.7559050914306624,-4.410187023437501,1222.9733650632384,144.54762703306045,28.447876
2021-08-28,542.9212,89.3624,1349.114,693.1582,1259.7516,27.139725,1005.0861,13.170569,1.449274731445314,-3.3924861621093747,1137.9725067708616,187.3051731701843,28.254059
2021-08-29,632.3474,109.06559,1704.6323,777.93726,1595.5668,27.45577,1006.7067,21.542051,2.0199474925537118,-4.4374693398437515,1441.9863843255616,248.7099537839699,28.822327
2021-08-30,783.1801,320.1483,1497.8263,860.37476,1177.678,27.737844,1005.74786,27.92108,2.732513467163084,-1.5282286582031261,1879.405701383429,768.2632648902375,28.093475
2021-08-31,713.1967,314.19662,1262.3989,913.23083,948.2023,24.448013,1005.5061,31.496302,2.4171203056640636,0.35968015820312615,1684.7268340017702,742.2012367341614,27.414337
2021-09-01,660.4148,338.10056,1297.2856,762.07477,959.18506,20.732922,1006.95996,26.527384,0.11011660034179727,-2.487427240234375,1909.3546020570068,977.4975612492523,24.121979
2021-09-02,861.6739,334.963,1456.1351,879.12476,1121.1721,21.597734,1010.2258,20.880598,0.613294451293946,-3.3651735117187513,2242.9510064335022,871.9141149504029,23.91925
2021-09-03,1210.684,678.9388,1639.6997,1285.1626,960.7609,22.768631,1011.3198,15.353274,1.2330779814453123,-4.763732460937501,2939.096333771851,1648.214191527649,23.933228
2021-09-04,1042.5476,521.60626,1834.3025,1104.6815,1312.6963,22.485544,1010.56854,9.59545,-1.9178757952880865,-7.151732949218751,2229.9843111328123,1115.703276310547,24.607727
2021-09-05,735.0022,96.60676,1855.0853,900.2725,1758.4785,25.47907,1009.7912,15.40588,-1.3544923365478532,-6.232696748046877,1671.6823824411622,219.72154120201876,27.513458
2021-09-06,856.0132,237.14676,1937.9889,1113.1198,1700.8422,27.652628,1010.3117,24.565287,1.6131359449462899,-2.8775638925781237,1643.2197706862792,455.23159043128965,29.36911
2021-09-07,751.70856,230.07121,1571.3036,898.82135,1341.2324,26.357254,1011.66144,27.88803,2.1097560283203123,-2.0705558691406267,1718.1177820484436,525.8546521073043,28.827484
2021-09-08,997.5093,389.05515,1568.9248,988.3877,1179.8696,26.948685,1009.7983,25.14712,2.3981626923828117,-2.5004272753906243,1780.9848843154787,694.6314672128937,28.668793
2021-09-09,808.4624,146.91483,1368.1903,1030.5441,1221.2755,26.192755,1009.50684,31.42391,0.2482717454833967,-2.2507936972656246,1649.7461145279299,299.79398143023684,28.558685
2021-09-10,691.38007,239.84657,1471.385,780.9936,1231.5385,24.156641,1010.8933,33.47909,-1.6990429935302735,-5.177887451171873,1639.7726513321777,568.853326998352,25.840363
2021-09-11,665.15485,72.224915,1583.9777,764.6954,1511.7527,23.335703,1012.4567,24.304361,-2.1408351038818374,-7.173950083984376,1621.7439624673461,176.09481428741455,24.276764
2021-09-12,692.7422,214.42719,1209.7991,741.73346,995.3719,22.905416,1011.0261,14.443265,-2.3798165113525407,-6.386474525390625,1941.2882656664062,600.8945112702942,24.383636
2021-09-13,560.883,79.18814,1342.868,679.144,1263.6799,24.515257,1009.5825,11.677304,0.10488088171386778,-5.611845996093749,1321.1332542063906,186.52390438056946,25.206604
2021-09-14,500.2599,85.22933,1264.3086,657.2722,1179.0792,23.25486,1010.0329,9.524367,0.7593819243164077,-3.4531552402343735,1179.2492763251587,200.90882863022387,25.090729
2021-09-15,503.8457,138.44846,1233.1919,631.2266,1094.7434,22.05918,1010.84155,9.754441,1.0377613060302728,-4.169860923828125,917.3928847199219,252.0843731985657,23.106903
2021-09-16,515.5906,224.42456,1030.5149,625.51715,806.09033,21.094,1009.2497,9.028762,1.6533048626708968,-2.6658323828125,1078.6742626772461,469.52176506396484,22.627808
2021-09-17,533.4475,195.20602,1251.9249,638.0221,1056.7189,20.313017,1011.3322,13.338038,1.4219148914794921,-3.5274961328125016,985.7307141966552,360.71135415937806,21.866089
2021-09-18,574.4795,245.69954,1169.307,660.6449,923.6075,19.480833,1014.9998,13.814011,0.7119860535888662,-4.0962216523437505,1194.0521776347657,510.6850179978943,20.419006
2021-09-19,508.70755,145.32018,1250.3871,665.6501,1105.0669,18.54186,1013.1254,12.856706,-0.42188941955566506,-5.54574620703125,1198.6242582967895,342.40554747626345,20.331238
2021-09-20,559.98175,93.44676,1613.7047,732.8935,1520.2579,19.158491,1010.4795,14.253974,-1.5660708653564441,-6.4172669882812485,1203.9945864475342,200.91618266709597,22.901062
2021-09-21,744.89307,121.35053,1926.9012,932.6994,1805.5507,22.522505,1015.3271,15.520092,-1.545158193481445,-7.901000986328128,1541.9819073151857,251.20427890377428,24.144989
2021-09-22,887.698,324.27863,1986.1322,977.81854,1661.8535,23.177404,1016.7684,20.450195,-2.895418596313476,-7.486267369140624,2406.5049765749754,879.1031721953185,24.179047
2021-09-23,706.8626,91.808685,1712.5585,865.77496,1620.7498,22.41939,1011.77606,23.745316,-1.9152902752685534,-4.88619954296875,1837.0342761913698,238.59757101286013,24.047668
2021-09-24,660.45013,124.96761,1635.683,917.9203,1510.7153,21.95964,1011.4468,21.575867,-0.16825249707031276,-4.951996222656248,1123.0210866535035,212.49335492772676,22.879822
2021-09-25,794.82886,395.45435,1438.3042,948.8726,1042.8499,19.774702,1013.1717,30.175829,-1.3125149278564443,-5.114043281250002,1392.1925795437744,692.663081486499,20.858887
2021-09-26,536.13776,154.36208,1282.6635,663.8581,1128.3014,18.564516,1013.4108,26.994873,-0.7388569324951177,-5.221161345703123,1221.5144968695922,351.69228641534727,19.54367
2021-09-27,484.16855,209.78375,1082.5468,615.4034,872.763,18.809511,1013.5799,23.295425,0.6584621846923824,-4.291931267578125,1142.7824926373748,495.1523601253235,19.457
2021-09-28,566.54285,212.9735,1233.404,677.4856,1020.43054,15.9101715,1011.66766,18.3412,-1.9008804912109376,-3.2923584472656238,1759.930057591101,661.5888954704086,19.046967
2021-09-29,677.2783,179.57501,1794.8285,907.5108,1615.2534,13.714394,1010.75214,13.199435,-4.195489384277344,-7.077270654296875,1757.7870891833008,466.06340189924924,18.20633
2021-09-30,731.3909,141.77594,1940.1864,940.4509,1798.4104,18.064157,1012.5418,8.664615,-2.229095514038086,-8.591674228515625,1832.795238073932,355.27685247014773,19.976166
2021-10-01,682.70966,65.1209,2055.212,965.666,1990.0911,19.454346,1012.61346,7.0698752,-2.6176442968749996,-8.345642083984377,1397.481063732147,133.30004643812177,20.870514
2021-10-02,769.1525,65.20822,2148.7834,1050.6957,2083.5752,20.110716,1013.9783,9.489907,-3.027529133911134,-8.391998103515625,988.6780416808471,83.81944337355345,21.368744
2021-10-03,809.649,65.29898,2227.0303,1090.8794,2161.7312,20.682817,1012.89404,13.894627,-3.1247135408935556,-8.64135710546875,1477.1653894355713,119.13482984000244,21.781067
2021-10-04,744.08014,157.35892,2008.3374,1068.3988,1850.9785,20.102005,1012.1328,18.67589,-3.5596789951171885,-6.73828172265625,1312.0086807838989,277.46509353931276,21.575134
2021-10-05,977.2397,366.3639,1700.469,1180.8035,1334.1051,15.674954,1012.82745,26.420073,-5.1080505856323235,-5.425903589843749,2207.9880485372923,827.7673394151611,20.802795
2021-10-06,625.3937,146.53426,1316.0897,805.1393,1169.5554,14.306903,1014.2828,24.192541,-4.6790611145629875,-7.02566510546875,1276.8480083410643,299.1747116370422,15.952942
2021-10-07,620.5793,212.28734,1121.7711,809.5596,909.48376,13.3482895,1013.69507,22.847216,-4.593397510253908,-5.7959900488281235,1595.3808809694215,545.7468031793061,15.91745
2021-10-08,788.1242,312.56677,1512.1887,846.5758,1199.622,9.89748,1014.9747,22.67431,-6.917275989013671,-9.092010115234373,2971.931580708911,1178.6556667654786,11.233307
2021-10-09,724.5578,242.61768,1959.7244,946.67834,1717.1067,10.956387,1016.3006,11.528923,-5.226287433837889,-9.2842103203125,2268.3809306014405,759.5657778392579,13.308472
2021-10-10,709.44025,86.224335,1730.1963,965.606,1643.9719,14.366475,1015.3657,9.621823,-3.416651894714356,-8.517913669921874,1912.5831532416078,232.45257197251894,16.989288
2021-10-11,589.7329,64.34108,1830.8021,776.2701,1766.461,13.472608,1008.5385,9.968556,-3.2677903873901357,-5.934875349609374,2165.069684641992,236.21357865968628,16.946442
2021-10-12,1137.1016,301.36548,1947.2771,1480.4508,1645.9116,6.015938,1010.0835,4.9388175,-7.840607194824219,-10.430511623046876,6571.594887339063,1741.6666225307129,8.624786
2021-10-13,631.644,76.89079,1714.5077,825.6207,1637.617,9.508416,1013.4345,8.083671,-5.005812824157715,-9.318511828125,1745.5687356672975,212.4902126716461,12.371826
2021-10-14,544.4753,68.72424,1698.9435,715.70905,1630.2192,12.431067,1013.76324,10.424134,-3.7873925332641605,-8.384765966796873,740.5308654663758,93.4705854737915,15.287384
2021-10-15,571.6962,64.61197,1777.1127,781.71967,1712.5007,14.508572,1017.33514,8.985539,-3.98273237524414,-10.027892966796873,1955.66360210199,221.02520504287722,16.271759
2021-10-16,575.12164,64.780846,1746.0768,785.0705,1681.2959,16.09836,1015.69867,5.824552,-3.280299938354492,-8.88439984375,1729.749484069464,194.8364066591911,18.311035
2021-10-17,496.85062,64.120186,1296.1508,628.48224,1232.0305,15.480323,1013.90485,8.851399,-2.78418216217041,-5.45471174609375,1340.7758832394195,173.03148264692152,18.42926
2021-10-18,779.7507,172.8313,1580.2251,762.34607,1407.3938,7.757547,1013.26825,13.477806,-6.6104720982971195,-5.812347429687499,3125.0496520034794,692.6655020349122,12.601685
2021-10-19,623.1652,173.5734,1503.0427,760.0803,1329.4694,7.917269,1014.4725,9.7022295,-5.302438770111085,-8.541534232421874,1244.189186316046,346.5503740089935,11.816437
2021-10-20,590.3016,167.7941,1343.0374,755.04376,1175.2433,12.049661,1015.9126,10.508428,-3.4371873173217775,-7.208007785156251,980.9512327563355,278.8368424500915,15.597595
2021-10-21,469.89877,84.35839,1305.4971,635.67065,1221.1387,15.943379,1017.1638,10.650943,-1.8205745978393537,-6.384215986328126,758.8279693201355,136.22829009959565,17.879364
2021-10-22,405.1372,79.19153,1107.549,522.63043,1028.3574,15.972192,1014.7111,9.495149,-0.9500321893920898,-3.3187551953125016,789.8665995875976,154.39397346115723,18.060425
2021-10-23,509.77905,97.217636,1227.7015,544.43146,1130.4839,11.476243,1010.752,20.806837,-4.106901980895996,-5.417296927734377,1361.1063494136963,259.57037872068025,14.650299
2021-10-24,418.86063,128.34145,1009.1596,516.92487,880.8182,11.956483,1010.08026,22.119802,-3.311088112731934,-7.0494687734375,1108.9519377868653,339.7896251043701,13.467407
2021-10-25,490.53012,72.38497,1143.5571,513.9644,1071.1721,10.361846,1010.1839,24.337234,-4.063574029846192,-5.030487083984376,2342.234236165283,345.6312905217896,13.229889
2021-10-26,493.30933,135.66338,1354.286,640.925,1218.6227,7.3345857,1015.72577,11.356433,-5.617482333343506,-9.266632296874999,1850.9826249433593,509.0326458988037,10.594971
2021-10-27,403.57217,63.433098,1400.1412,563.1814,1336.7081,14.574668,1018.92755,14.614118,-1.6131070693969711,-7.7579951347656255,1283.8579251847839,201.795591004982,17.497162
2021-10-28,442.2316,64.88538,1518.8679,625.50946,1453.9825,17.805876,1017.2176,16.573832,-2.340126221801757,-7.97943121484375,1258.6136814360048,184.66711089711762,19.558655
2021-10-29,480.735,65.23664,1504.3859,591.40845,1439.1492,18.87419,1012.8339,15.047512,-1.495242623168945,-6.9180296425781265,1017.0470212571411,138.0151920633278,19.654266
2021-10-30,344.16504,64.10801,1088.1719,456.06808,1024.0638,17.698385,1011.5506,13.568904,-0.4350317613525405,-3.162078583984375,555.5203688671875,103.47740459637451,19.456451
2021-10-31,365.0851,126.43037,938.1048,433.50568,811.67444,14.389874,1012.84424,14.948029,-0.4146495416870124,-2.935028550781251,579.8064182282592,200.78917285104674,16.587585
2021-11-01,325.80984,119.760864,726.8227,387.31415,607.0618,12.409032,1015.98975,15.203265,-2.329454132019043,-5.035919390625001,546.0712774132477,200.7243462371704,13.55835
2021-11-02,397.30014,75.25647,1272.0023,504.17783,1196.7458,13.091882,1018.3095,20.577147,-2.44791724798584,-7.359680580078123,751.3522137105743,142.320903966687,14.506805
2021-11-03,383.24536,63.78764,1354.4352,514.3276,1290.6476,16.639227,1016.91205,19.411697,-0.5537170865478522,-5.828186412109375,742.2122823142578,123.53435778110047,18.687653
2021-11-04,388.691,81.15239,1175.0645,514.50525,1093.9121,18.304302,1014.4673,13.222308,-0.09760478442382947,-5.918732105468749,622.5515419539978,129.97868228310242,19.031067
2021-11-05,324.7629,64.072845,1158.7474,436.1045,1094.6746,18.829588,1012.38885,9.253643,0.9349419364013656,-5.3970641503906265,764.5339769072754,150.8357820512207,19.420746
2021-11-06,353.4033,114.347046,962.88257,470.85577,848.5355,17.326406,1013.9995,8.239907,0.9635214788818374,-3.0243832949218756,514.2134489601746,166.3787252347412,18.854523
2021-11-07,373.17587,109.237686,976.32837,502.97733,867.0907,15.266776,1014.4919,11.000024,0.7131600848999025,-3.4443056523437505,725.1522213529419,212.26975414415892,17.044006
2021-11-08,352.35645,112.04219,953.8231,454.39294,841.78094,14.041013,1015.0076,12.309812,0.009547763977050039,-5.073333894531249,571.8703177004883,181.84314196343536,14.703308
2021-11-09,441.99454,147.74588,1110.2941,506.23642,962.5482,12.835217,1019.6635,16.950096,-1.1715865241088874,-4.540710060546875,967.7413820054443,323.4877133906982,14.719513
2021-11-10,335.413,64.19547,1159.8932,461.6625,1095.6978,14.22343,1018.92163,19.362144,-1.4771553201293948,-6.520630371093748,934.8381432224365,178.92084541444703,17.106995
2021-11-11,404.944,64.34024,1443.2231,549.942,1378.8829,17.594345,1017.94586,12.282117,-1.3914169072265636,-8.409729794921876,1560.4266389071809,247.93113402307435,18.72171
2021-11-12,395.49426,64.9039,1571.231,576.0842,1506.327,18.834002,1017.53265,11.716624,-1.8761104588623034,-9.068877880859375,1412.7014723061768,231.83606930346068,19.613922
2021-11-13,440.2479,65.09908,1458.9292,657.97925,1393.8301,19.194542,1016.6491,10.864682,-1.3675710688476563,-7.419982673828127,1203.7546728216798,177.99818309291993,20.17331
2021-11-14,403.89005,64.953476,1533.7894,582.2359,1468.8359,19.646498,1017.2246,9.755953,-0.9640882735595717,-7.487945082031249,799.9900206968872,128.65415524152223,20.70819
2021-11-15,495.0735,170.99838,1254.8998,582.9666,1083.9014,19.617285,1016.75653,8.324887,-0.8933312252197254,-5.309081945312499,757.9051287935059,261.7804320832825,20.736206
2021-11-16,275.68616,64.11519,1021.9158,413.28613,957.8006,17.255112,1014.8532,7.610203,0.5105456943359385,-1.8899224023437498,295.0250173523071,68.61274725996856,19.126038
2021-11-17,420.8082,147.35272,1258.3832,563.049,1111.0305,15.120566,1014.1248,10.354636,0.8581943681030282,-4.048309066406251,516.3872885890075,180.82127012996827,16.409607
2021-11-18,465.21402,165.0321,1076.0688,513.2656,911.03674,14.951409,1016.8204,13.339587,-0.7397146600952151,-5.6646429785156265,523.5780028831359,185.73640519978025,15.276947
2021-11-19,346.994,128.94426,981.79126,410.17206,852.847,14.5393095,1016.846,11.977364,-0.7557194983520503,-4.958465253906251,456.57205230491945,169.66387686261598,14.91449
2021-11-20,391.91037,143.23708,1238.3156,511.2491,1095.0785,13.971276,1015.95465,12.231842,0.052635283264161004,-6.187194691406251,647.1719010140899,236.53115041298676,14.634216
2021-11-21,521.1862,63.923725,1554.7101,673.2399,1490.7864,13.77382,1018.2446,8.293274,-3.289620076599121,-9.530182275390626,2276.4934522351073,279.21295037715146,14.668793
2021-11-22,596.4538,64.38613,1555.5028,816.9973,1491.1167,14.047353,1018.2723,6.1884103,-3.196753209167479,-8.80920383984375,2455.656346380981,265.08375480335997,15.595764
2021-11-23,658.2881,146.38852,1360.4302,888.4985,1214.0416,14.005134,1014.0256,12.681336,-2.9847973711547837,-5.5285031992187506,989.2016072812501,219.97627127050782,15.572571
2021-11-24,444.59448,64.03528,1467.5071,544.52563,1403.4718,10.476922,1014.93036,8.82681,-3.8988179647827153,-7.77377367578125,1152.5946567639648,166.00907693305663,12.398132
2021-11-25,480.62155,66.13278,1415.3809,636.8238,1349.248,9.294124,1022.72736,3.04311,-4.987496350402832,-10.06860341015625,3178.779755516189,437.39517689045715,10.24408
2021-11-26,437.4912,63.474556,1267.8431,586.70807,1204.3685,11.5793495,1021.325,4.7092843,-2.780239482177734,-8.536255341796874,1547.6965572570311,224.55160078871458,13.98465
2021-11-27,314.73355,64.06937,1241.0566,426.40018,1176.9873,14.655476,1016.8332,8.540057,-1.3474783835449209,-7.343231279296877,557.6835235134979,113.52596479637145,15.680939
2021-11-28,327.1212,64.0685,1364.1537,461.07297,1300.0852,16.45865,1019.2292,10.7382555,-0.7021184110107406,-7.087982501953125,483.64203191003116,94.72397178653107,17.74826
2021-11-29,373.0563,64.4119,1351.227,496.69296,1286.8152,17.498335,1018.097,9.753503,-0.21909511535644555,-6.451141685546876,634.256078893927,109.51065759425812,18.178497
2021-11-30,328.54117,64.344284,1341.5852,481.1663,1277.241,17.899672,1015.8008,9.547961,0.13156155456542962,-6.787201281249999,654.65625702323,128.2134241840393,18.265137
2021-12-01,380.04263,64.29434,1515.9425,555.34906,1451.6482,17.215239,1016.68506,8.60432,-0.8264984288330091,-6.695953564453124,978.1368170640105,165.4779164469452,18.176971
2021-12-02,501.77185,64.31377,1448.4283,694.22046,1384.1146,16.008305,1017.5854,9.005655,-0.6673794040527348,-4.541992673828126,647.4712926633911,82.98854842076568,16.907684
2021-12-03,888.5462,584.12415,1313.94,861.73303,729.8158,15.102839,1017.7923,11.474383,1.4556944699096679,-2.7357787988281252,1127.4004847737244,741.1453024452516,15.999481
2021-12-04,900.3078,667.9616,1319.8986,930.6647,651.93695,13.684182,1018.45703,11.891122,0.35901816705322354,-4.340179488281251,1263.8164378623778,937.6580552754638,14.6432495
2021-12-05,513.2834,146.71564,1161.452,758.1355,1014.7364,14.896801,1018.20386,9.325854,1.3486849948730466,-5.3879702812499985,1138.6393254573975,325.4658121906494,16.421387
2021-12-06,270.91565,71.33489,928.2001,365.8629,856.8652,16.771557,1015.3532,9.123303,1.7610658542480468,-3.9446410136718733,657.3218816095215,173.07964938415833,17.214386
2021-12-07,444.34705,244.80382,992.76465,506.2781,747.9608,10.943005,1012.637,18.221235,-1.436607391845703,0.5621646484375002,594.5165295338624,327.5365898979218,16.202515
2021-12-08,668.36786,268.0534,1370.5052,721.1487,1102.4519,8.815819,1014.89716,17.970636,-4.166991213378907,-8.4835203203125,1176.1985703174316,471.72231344399415,9.980347
2021-12-09,540.9253,156.22672,1030.3324,483.90213,874.1057,6.134117,1012.82294,20.4084,-5.509498873535156,-4.853027486328125,2216.9388769313964,640.2826467824982,9.7153015
2021-12-10,671.84094,346.1359,1527.3251,799.63947,1181.1892,3.33167,1015.7873,10.276479,-6.1514569541473385,-10.3100590625,2323.230076989514,1196.9400355622588,4.147461
2021-12-11,493.77524,139.54253,1373.0806,686.736,1233.5381,4.7186675,1020.79785,7.574465,-4.8655844928283685,-9.431824166015623,1347.8600942382782,380.9097501986435,7.12558
2021-12-12,408.97253,87.012344,1218.6278,487.5296,1131.6155,6.5045357,1015.9634,6.978241,-4.595412324951171,-8.483855615234376,596.9170073850586,126.99911084571534,7.6317444
2021-12-13,604.7385,167.77553,1094.1432,524.5924,926.3677,4.2185936,1015.7129,11.998001,-5.596839402587891,-5.819060804687499,1906.8766367248534,529.0339891330719,6.8302
2021-12-14,702.3057,388.92422,1374.9972,742.57135,986.073,4.1261063,1012.7867,19.084845,-6.979548737792969,-5.997985931640626,6016.5239226582025,3331.842272262695,6.45932
2021-12-15,735.9663,472.35043,1338.6292,839.1188,866.2787,-0.16410446,1020.1126,9.532519,-7.084710461669922,-10.21163977734375,2731.164126704736,1752.8880653013703,1.6045532
2021-12-16,409.07706,300.86703,737.62164,437.742,436.7546,4.172333,1020.0495,10.144966,-4.062060236328126,-6.613373080078125,762.4785626966919,560.7859460258667,5.186493
2021-12-17,541.08234,132.04391,1279.0913,790.11127,1147.0474,4.837372,1018.5906,9.116763,-5.374692173828125,-9.427673017578126,1540.989886922186,376.05799271272275,7.023407
2021-12-18,242.61803,62.413803,915.05914,342.59845,852.6453,9.133683,1020.67706,3.5981119,-0.675861795349121,-7.325683046875,861.6007853983688,221.64792326110077,9.973877
2021-12-19,308.16177,72.96037,963.2966,433.1202,890.3362,10.31699,1018.17334,6.507836,-0.14284610131835862,-6.014495867187499,733.5917368818665,173.68515912278747,11.196411
2021-12-20,291.00452,144.21991,873.33417,320.7636,729.11426,10.228728,1018.88135,5.6474667,-0.4197697056274414,-5.535674751953124,423.4452408778442,209.8566548104431,11.041229
2021-12-21,283.82748,73.34315,910.9347,368.30594,837.59155,11.037276,1018.1468,9.351605,-1.0813277319946284,-6.257690919921874,505.9286495196625,130.73575156903152,11.594757
2021-12-22,244.20532,63.24537,845.22797,336.35178,781.9826,10.785472,1017.1694,15.29662,-2.3484610838012703,-6.180603154296875,287.7907462961426,74.53331386554107,11.479767
2021-12-23,533.2993,97.06161,1416.7676,292.36984,1319.7059,8.643304,1013.8711,26.714571,-3.2107681288452152,-2.9520876640625,1390.3511553300293,253.04686089177935,10.705444
2021-12-24,714.32294,240.2054,1175.9614,840.02405,935.75604,5.7646623,1009.7546,19.666758,-6.223309734222411,-4.52984634375,3942.303001293469,1325.678365628,8.553223
2021-12-25,774.1233,393.81445,1234.7856,797.3289,840.9712,2.9634144,1013.9045,10.8795595,-7.011751569381714,-6.924468759765626,2713.8059344475587,1380.5759526492188,4.2530212
2021-12-26,808.2754,458.1068,1309.8403,924.789,851.7335,1.2384872,1015.3001,10.138419,-7.851497756347657,-9.75674437109375,4357.659963128906,2469.794001607178,2.5210571
2021-12-27,751.1066,587.13513,1110.0424,775.96405,522.9072,0.8837738,1016.17285,10.50039,-6.4355251962890625,-8.078766138671876,3034.152009155493,2371.7767524672363,1.8999329
2021-12-28,822.04364,571.8548,1487.3567,928.3774,915.5019,0.17819595,1010.6297,12.8036585,-7.363517746630859,-8.280395513671875,4203.8752766916505,2924.4265475895995,2.0346985
2021-12-29,647.0372,428.81998,1113.4175,709.92267,684.59753,0.999335,1010.385,12.296172,-5.995269609021759,-7.785461837890624,2515.047586794592,1666.8325981229063,2.4178162
2021-12-30,511.52246,362.8532,874.92993,584.5372,512.0767,3.503863,1010.3112,18.879456,-6.339852903762818,-7.427398466796875,2635.7378462779297,1869.6851310724976,4.7170715
2021-12-31,583.60803,276.1529,1106.0304,625.596,829.8775,5.1820397,1007.34894,15.466062,-5.198811262298584,-8.139129501953125,1572.9915508814577,744.3114960013,5.5607605
2022-01-01,524.99316,258.13144,1158.9926,570.8972,900.8611,2.7254524,1013.58856,5.964413,-4.856493576904297,-7.866820853515625,2357.533620047949,1159.1647053409943,4.919525
2022-01-02,308.68225,91.01583,851.11066,421.85306,760.09485,4.657923,1023.1792,5.9846826,-2.8135287784118654,-7.977050374999999,1026.1175258270264,302.5536421832962,6.1035156
2022-01-03,275.03857,72.785774,785.34546,335.49423,712.5597,8.251751,1020.4177,5.3248134,-0.12160905395507804,-5.403717179687501,638.2902703466798,168.91612983100893,9.605591
2022-01-04,237.73969,116.35783,656.21405,273.4324,539.8562,9.506542,1021.1543,10.562961,0.10865120581054732,-4.200103462890626,517.9430062242432,253.49878924058532,11.533051
2022-01-05,166.1577,62.342606,602.598,215.38666,540.25543,13.181165,1018.154,11.944702,2.7550667415161136,-3.29125929296875,503.0514910880966,188.7456360982132,14.207825
2022-01-06,243.18848,63.433086,1007.936,337.65384,944.50287,14.096673,1014.1521,12.645881,0.7176950117797851,-5.4403687558593745,618.3576253271484,161.29190504824905,14.928375
2022-01-07,241.09135,63.21932,813.7815,318.74905,750.5622,12.771388,1011.17645,10.17484,0.0033645538940429986,-0.8029483964843749,353.90901695478976,92.80252658737373,15.107819
2022-01-08,443.2819,165.74266,1070.834,457.46497,905.0913,8.30035,1013.9196,10.736813,-2.371227810791016,-5.5843196484375,573.8390908236726,214.5578684444443,10.00061
2022-01-09,344.81677,62.61902,1158.5654,525.7673,1095.9464,8.581917,1021.32,7.3048644,-2.003955190917969,-8.834716812500002,1157.962650828003,210.2870002532959,9.182617
2022-01-10,303.03702,64.102325,803.0833,479.10742,738.98096,8.956691,1025.6396,5.912005,-2.7376957117309573,-8.315765427734377,1317.1281247436675,278.61604600166316,9.204987
2022-01-11,266.00992,106.572,834.7569,336.5199,728.1849,10.303642,1023.7713,5.544996,-2.077785727050781,-7.591766152343752,1326.7625065050966,531.5430827943039,11.926819
2022-01-12,167.54024,63.72176,641.01385,209.28735,577.2921,13.967574,1022.31006,5.2034254,1.2415491195678712,-5.743378021484375,613.5418489882492,233.35269739725456,14.707428
2022-01-13,278.10025,63.9466,1552.5942,434.12518,1488.6476,14.001477,1020.8902,11.915859,-0.3643487584838869,-3.578216654296874,562.1361331793671,129.2580480323143,15.206329
2022-01-14,781.52515,63.474808,2054.7578,1426.2833,1991.283,12.677709,1018.81805,17.256147,-1.662445374206543,-4.824645986328125,1705.820088253662,138.54525683113098,13.941864
2022-01-15,401.35312,97.46622,757.10254,431.5949,659.63635,9.967476,1020.03973,13.088921,-3.252684608886719,-3.8435062011718752,1362.3555553068757,330.8399411611908,12.016144
2022-01-16,786.0508,323.06836,1292.8031,734.8403,969.73474,9.047947,1018.4921,19.695154,-4.735307070068359,-8.420043701171874,1802.6801265703125,740.9049451523437,10.336456
2022-01-17,1361.9398,423.86316,2385.0503,1363.961,1961.1871,8.746719,1016.65924,22.450903,-5.052757639648437,-5.499054228515625,2236.506341860925,696.0459119616577,10.351166
2022-01-18,708.77325,299.7396,1254.6948,756.1719,954.9552,6.5745544,1016.58966,21.601648,-6.092184556640625,-8.8255305859375,1256.6433561601318,531.4333835565552,7.3687744
2022-01-19,395.56503,99.25129,1194.1093,498.4127,1094.8579,8.636452,1018.91254,15.230336,-2.623176278808593,-6.968566931640623,700.1065961837768,175.6638645389557,10.256195
2022-01-20,336.19635,68.87808,1137.5905,465.8836,1068.7124,10.556815,1022.26886,8.718581,-2.056073852600097,-8.457672548828125,872.3610116872682,178.72458615147096,11.300262
2022-01-21,484.16684,63.4561,2101.07,764.1724,2037.614,11.256814,1018.03516,9.435157,-1.9206729970092766,-5.2030028261718755,1063.4022589888,139.372123534317,12.490753
2022-01-22,879.7778,326.4617,1639.0288,1299.2883,1312.5671,5.935856,1017.11914,6.571528,-5.694702134521485,-7.515808029296874,6170.687824322723,2289.7751073303375,8.559845
2022-01-23,379.03018,63.261616,1323.9916,579.2073,1260.73,8.033736,1020.3625,8.182406,-3.8365707710571293,-8.980590511718749,1602.7523965528992,267.50562647550277,10.0598755
2022-01-24,308.2165,63.164726,1168.605,424.09814,1105.4403,11.145191,1017.98773,7.5772233,-1.602382807373047,-7.192413105468749,670.8563104202271,137.48276405353548,12.265442
2022-01-25,347.66016,62.886368,1384.1724,462.99695,1321.286,10.806718,1014.11993,8.448945,-0.9012111273803711,-5.1216129941406265,555.6797599289063,100.51391030148011,12.216156
2022-01-26,483.8121,176.44391,1303.895,642.86206,1127.4512,7.756275,1018.52997,5.5186715,-2.900287822998047,-7.338897966796875,1460.6445604323883,532.6899300551696,9.787384
2022-01-27,383.087,62.838703,1301.1466,552.69305,1238.3079,7.6848664,1020.5313,5.616512,-3.2656465716247567,-8.810363310546876,1126.577132747406,184.79521620112382,9.371857
2022-01-28,310.81647,62.63257,853.75885,437.28235,791.1263,8.18884,1023.4707,4.001866,-2.9797650875854487,-6.682281968750001,1530.968873897528,308.50525227316894,9.574707
2022-01-29,303.1406,125.03741,705.3589,387.7884,580.3215,7.9393487,1021.035,6.8775773,-2.706636302337646,-7.56347648828125,998.5796459388092,411.8874601596962,8.2213745
2022-01-30,332.71964,62.586697,1281.645,489.2998,1219.0583,9.318734,1018.6491,6.989734,-2.241044830993653,-7.924377263671875,834.9076870743103,157.05148906845474,11.319855
2022-01-31,212.18878,63.015774,746.2141,285.48917,683.19836,11.5767975,1017.82196,6.9526772,0.2255374853515626,-3.7279660683593754,324.10119803278195,96.2514964624546,12.75943
2022-02-01,500.0879,127.64035,1539.2212,595.6368,1411.5808,8.755546,1011.95416,11.381569,-1.8119483838500976,-4.773895564453126,402.1809334423828,102.65098637205506,10.645721
2022-02-02,552.8837,94.13716,1467.8376,707.3016,1373.7004,4.3260117,1013.97174,5.4875393,-4.652583342285157,-6.981994953125,2971.286721582886,505.9083548038635,6.494873
2022-02-03,509.35413,89.27379,1449.6411,722.3389,1360.3673,4.3073883,1020.62305,5.699846,-4.529358694335938,-9.733886142578125,1686.102382173303,295.5208168505722,6.271454
2022-02-04,529.47455,82.57833,1457.248,659.79865,1374.6697,4.890568,1026.5726,7.3343034,-5.2223212204589835,-10.0301816015625,1832.678302181836,285.82963225896,6.2142334
2022-02-05,426.13492,62.67747,1262.145,561.7999,1199.4675,7.170115,1024.1932,4.4244986,-3.2099430059509277,-8.6625671171875,1449.7639177170959,213.23654143126143,9.348755
2022-02-06,309.5889,63.29806,1171.5886,458.79813,1108.2905,11.200858,1020.60425,4.550394,-1.2326448838500976,-8.739867431640626,1120.5097410188507,229.09766751781882,11.935883
2022-02-07,439.60156,63.64025,1416.806,630.49194,1353.1658,11.153775,1023.611,5.8692718,-2.3819877848510735,-8.51486201953125,1453.7252208554687,210.452932983799,12.357605
2022-02-08,347.16064,63.683235,1224.2358,465.22678,1160.5526,11.983552,1022.11304,8.244113,-2.035380020935058,-7.950836249999998,1009.2110951403808,185.1299348554344,14.074219
2022-02-09,398.4249,64.528725,1318.8711,513.67114,1254.3424,15.013179,1019.0623,5.646332,-0.7461821746215822,-8.194946521484376,1537.6098061781126,249.0306222570099,15.7933655
2022-02-10,465.38028,77.25374,1384.568,602.34503,1307.3142,14.50907,1017.65063,7.252485,-2.11135360357666,-8.035156033203126,2279.831440091461,378.4550171532745,16.040741
2022-02-11,435.14404,64.31415,1538.4425,644.8512,1474.1284,16.410849,1016.2038,8.507961,-0.7076533824462885,-7.193329349609375,1096.0915532250976,162.00197488414307,17.587067
2022-02-12,495.9966,64.585655,1602.2997,650.4049,1537.714,16.13296,1017.4736,5.53587,-1.0238346341552749,-7.138153113281248,1563.5242689776428,203.5925988153244,17.617859
2022-02-13,806.71075,235.73874,1740.0015,1075.3528,1504.2627,15.542975,1020.8084,5.912075,-2.137991574279784,-8.861236085937499,1751.0407165134889,511.69285673190313,16.282837
2022-02-14,542.9818,114.682335,1269.6985,740.9298,1155.0161,14.973569,1017.93243,6.8747926,-1.769408083679199,-6.107787623046875,1093.0088120513915,230.8526730951309,15.999786
2022-02-15,668.06464,114.82471,1823.0151,773.1096,1708.1904,8.156101,1010.8474,9.519904,-3.50900377319336,-2.9743346210937496,2536.710902489258,436.0013543671875,14.228088
2022-02-16,700.1722,159.43304,1402.9524,922.8693,1243.5193,3.920409,1011.8213,9.156077,-5.808416035842896,-8.984680423828124,2986.0933337726196,679.9498246941284,7.6459656
2022-02-17,501.2566,63.791153,1480.1919,684.9383,1416.4008,5.7839737,1021.02783,6.265055,-5.120532306152343,-10.144439953125001,1734.9041523084227,220.78819102185514,7.776123
2022-02-18,443.56763,63.06684,1491.4132,625.1511,1428.3463,8.698487,1023.2988,5.3288074,-3.8000507182006835,-8.910797322265626,1005.0605907213135,142.90041189865494,10.61142
2022-02-19,515.28705,68.59499,1596.3522,701.8012,1527.7572,10.894009,1019.02606,7.463159,-2.8976068635253913,-7.997253396484375,1020.403257862146,135.83604548011323,12.545319
2022-02-20,575.9194,175.60466,1305.5604,730.4841,1129.9558,11.460702,1014.23517,9.511164,-2.325987057556153,-5.331237744140626,1093.2460903595702,333.343723407666,12.813812
2022-02-21,738.40607,273.62228,1356.7042,708.53394,1083.0819,5.630979,1011.9549,10.772159,-5.383650938873291,-4.4570925488281254,3160.315201792908,1171.080117350006,9.612762
2022-02-22,920.5678,414.2631,1741.6985,994.7277,1327.4354,1.4444643,1014.2007,10.391969,-7.626838674095154,-7.7156675917968744,4967.424684230157,2235.3819965082976,4.0744934
2022-02-23,1186.5254,686.9352,2051.641,1313.1011,1364.7059,-2.0017815,1014.6696,8.770116,-9.092597963623046,-9.625580029296875,7097.139568745508,4108.8668564321415,0.09109497
2022-02-24,934.7241,298.77454,1809.8341,1207.4265,1511.0596,-0.6647415,1022.59283,4.364641,-7.264560516113281,-11.104950072265625,3202.4467207001953,1023.6277334403808,2.209076
2022-02-25,688.04175,208.02695,1635.9216,855.89185,1427.8947,2.5285835,1021.78925,6.4173493,-5.918765473388673,-9.81918330078125,1654.2108871234375,500.1447100482422,5.3727417
2022-02-26,611.8806,90.6851,1529.4182,826.34436,1438.7332,4.8952737,1023.70526,3.9993541,-5.153333314544678,-10.042358494140625,1737.466947126123,257.50506595733185,7.2864685
2022-02-27,374.71317,62.836533,1338.8506,511.24854,1276.014,8.417271,1024.5624,5.9968886,-3.090897339599609,-8.649139177734376,1222.7781276384796,205.05054209401703,11.052643
2022-02-28,480.62076,63.85715,1689.56,641.5341,1625.7029,12.091465,1020.80035,6.2360663,-2.5031250036621095,-9.115173390625,1755.4333389142853,233.23372944195444,14.74585
2022-03-01,543.1602,64.12088,1582.5104,858.90643,1518.3895,15.722884,1017.5417,4.037771,-0.8883618218383802,-7.677673722656252,1620.3904310910277,191.2895261552307,17.856384
2022-03-02,459.9326,64.251076,1391.999,645.8553,1327.7479,17.330713,1015.8632,6.4498024,0.01451327209472808,-6.184051527343751,979.8828804126099,136.88642856575623,17.85846
2022-03-03,347.87802,63.702034,919.3845,454.61047,855.6825,14.355709,1012.564,7.9003806,-1.044055924072266,-3.6354064824218746,775.5484763343201,142.0153398289261,16.93753
2022-03-04,774.6578,355.14862,1510.2184,793.7823,1155.0698,4.9048104,1012.0911,14.777011,-6.925618571380616,-5.014069005859374,2991.815711841455,1371.6240335427246,9.924469
2022-03-05,857.6694,367.26166,1713.2686,928.5772,1346.0068,2.068269,1016.9379,9.337277,-7.377070985641479,-7.5575251953125,4964.179007133423,2125.7056269996338,4.935425
2022-03-06,815.2859,355.8165,1734.113,987.1621,1378.2965,1.1418495,1020.4319,7.5134773,-7.1721374821777335,-10.622680248046874,3165.1517941552734,1381.3721567596435,4.1618958
2022-03-07,743.03394,163.8442,1977.9121,955.517,1814.0679,3.9555485,1023.3638,6.694128,-5.922087475143433,-10.575043068359374,2471.2585724269775,544.9298422313095,6.29068
2022-03-08,799.374,110.99881,1958.5681,1030.5173,1847.5693,5.888682,1021.5567,5.6075377,-5.401871111419677,-9.862029906250001,2456.5977190001954,341.1161921791443,8.505371
2022-03-09,526.5156,63.2146,1507.5864,696.9712,1444.3718,8.356629,1014.7879,10.476443,-3.978507628356933,-8.239989943359376,1084.7036394671875,130.23185449387208,10.230133
2022-03-10,776.2995,123.154366,2027.9077,904.27045,1904.7533,7.0829797,1012.94257,12.081845,-5.088471320892333,-7.007446646484375,2087.1646566334534,331.11375084737773,9.947662
2022-03-11,806.634,62.644295,1785.6677,1314.2263,1723.0234,6.885811,1022.5992,4.6898556,-4.913818147949218,-10.154449140625001,2405.1479358457764,186.78706995010072,9.437256
2022-03-12,567.62103,63.364693,1823.8097,762.5,1760.445,10.107709,1023.022,6.2063847,-3.8120440690307618,-8.861541044921875,1297.1859921642274,144.8075159574684,12.639679
2022-03-13,427.44595,64.13968,1245.8204,561.6005,1181.6808,11.779545,1017.7386,7.915346,-1.920241169677734,-6.609985123046876,1160.0450171687714,174.0685913346039,12.882599
2022-03-14,509.68222,70.12507,1549.3007,709.89813,1479.1755,12.861226,1019.3133,10.601901,-1.2688639181518546,-6.772156152343751,1431.8554606940736,197.00307067502288,15.770569
2022-03-15,440.05826,63.589397,1254.3839,584.73413,1190.7946,14.950032,1019.33575,9.742238,-1.373024765808104,-6.1147459199218765,959.3391921772247,138.62664782462426,16.094757
2022-03-16,499.48642,63.52044,1651.3276,661.2181,1587.8073,12.057336,1015.8498,12.270831,-3.6110221464233394,-7.979126222656252,1997.470417382614,254.02131689394758,13.754822
2022-03-17,642.70074,99.041084,1917.8477,836.7562,1818.8065,12.698601,1016.7456,10.103695,-3.47616923095703,-8.912231708984375,2308.752547265698,355.78199892935487,13.782623
2022-03-18,560.6147,63.500137,1731.9244,751.07623,1668.4243,12.962319,1016.1285,9.491275,-3.3271056259155287,-7.840789546875001,1074.9042650311462,121.75308686032868,15.309814
2022-03-19,460.76163,64.04487,1188.5284,613.9864,1124.4835,12.243439,1014.6833,10.453881,-2.758467279296875,-5.544555519531251,1305.092011750232,181.40496364948427,15.4747925
2022-03-20,847.60156,254.28952,2197.2283,1115.4598,1942.9387,6.0784545,1013.47217,13.3539095,-7.047766505523681,-9.288025080078125,4537.666326101563,1361.3483554438171,9.373993
2022-03-21,547.6993,62.758442,1473.2921,769.0024,1410.5337,11.157538,1016.8743,10.8699465,-3.0522275859985353,-7.909392824218749,2266.3133481381224,259.6868389143791,14.39093
2022-03-22,605.88275,108.498116,1729.7616,797.63007,1621.2634,14.881619,1017.1618,13.710752,-2.756373546569826,-7.9344172480468735,1683.4026313876402,301.4543866091194,17.27127
2022-03-23,596.3095,64.461685,1805.4526,829.36426,1740.991,16.40125,1018.45197,12.703311,-2.7123491607666033,-7.857849494140623,1496.6226750151063,161.7864853907547,17.489594
2022-03-24,600.1042,64.333534,1571.2299,813.34827,1506.8964,17.12313,1016.4598,13.331932,-2.418722201660156,-6.932892236328126,1009.8050971828675,108.25508670347214,18.719208
2022-03-25,642.75055,64.31579,1257.5507,878.5439,1193.2349,18.276829,1014.2735,12.653941,-1.3361612341308593,-5.478119560546876,1097.1415718293763,109.78368685952988,19.74295
2022-03-26,369.21167,64.472496,1016.57855,472.61365,952.1061,18.008152,1011.43506,8.703819,-0.15440899194335955,-3.0334465039062515,803.093126785254,140.2377623695343,19.598083
2022-03-27,433.82812,120.660065,981.83704,494.6666,861.177,14.328735,1009.50323,10.0373335,0.5649153515624992,-3.184051505859376,1470.335747484375,408.9426115887878,16.869781
2022-03-28,789.7705,336.28964,1392.2898,803.7328,1056.0001,6.5305266,1009.35693,16.69834,-5.480967361968995,-4.308685365234375,4734.355916821289,2015.9208810663756,10.776276
2022-03-29,778.3837,333.81433,1605.145,908.226,1271.3307,4.571116,1010.8376,15.54198,-7.906750029388428,-9.835509736328124,3034.9678164604616,1301.5633741365477,8.47702
2022-03-30,594.0042,151.20096,1478.0486,756.26697,1326.8477,9.961816,1015.6856,13.319432,-3.8346141659545907,-7.518493326171875,1544.5492338874512,393.1576910381592,13.107941
2022-03-31,652.6677,188.40498,1566.8044,751.705,1378.3994,9.376203,1011.1579,15.415296,-4.487705416687012,-6.358641972656251,1500.4149603665037,433.1233876333679,12.727478
2022-04-01,743.8056,237.20744,1707.1282,897.3252,1469.9208,10.859958,1009.8117,17.892296,-3.951343304992676,-6.758605458984373,1512.437949472534,482.3323965149841,14.895905
2022-04-02,882.4009,616.9248,1480.4106,990.1082,863.48584,13.718247,1013.0909,17.168425,-1.4674165863647453,-5.521301220703126,1894.4705669677733,1324.5067094238282,15.154999
2022-04-03,655.6059,297.76117,1383.7782,817.08325,1086.0171,10.838932,1012.8311,17.002272,-3.7381219626464848,-5.170684748046874,2146.9783848897764,975.1083669894836,13.857208
2022-04-04,502.30728,118.90522,1235.2314,708.62885,1116.3262,13.975952,1010.96686,12.887176,-0.7188458515625005,-5.33334331640625,1445.6150900838775,342.20324231877515,17.3432
2022-04-05,410.67844,81.33371,1325.2104,589.30206,1243.8767,18.175745,1010.78143,15.572026,0.9648440103759768,-5.827240244140626,1421.487020991638,281.52150811468505,19.477875
2022-04-06,575.6837,63.91415,1676.1624,761.8611,1612.2482,19.522913,1012.80493,11.193152,0.07846097912597827,-6.623931449218752,1779.7032952466066,197.58805167771226,20.80304
2022-04-07,692.87036,132.20226,1868.5807,1031.9962,1736.3784,19.531282,1016.89435,7.3613086,-1.7587795750732411,-8.481354058593752,2310.26626132229,440.80743962996064,21.49469
2022-04-08,697.73016,65.724205,2157.2002,1011.4651,2091.476,21.095005,1014.19073,7.0499854,-1.8243049645996088,-8.11679070703125,2058.4504361052796,193.9002003110481,22.6828
2022-04-09,651.6755,64.63823,1528.9816,922.0758,1464.3434,20.444645,1008.8111,10.712459,-0.9295410720214861,-5.0051267656250005,1722.619012185022,170.86271758714906,22.849365
2022-04-10,653.6468,129.17195,1596.7051,800.015,1467.5331,14.839355,1008.5555,9.123068,-1.2418245312499998,-4.048461181640626,1291.3686516383789,255.19686050412597,18.658539
2022-04-11,738.2946,311.82523,1629.1448,868.7895,1317.3196,9.385258,1008.8753,15.922046,-5.027428279052735,-5.524444535156249,2765.2928229715576,1167.9457488997193,13.304626
2022-04-12,959.33234,357.548,1877.257,1210.4762,1519.709,4.375776,1012.82355,7.3231997,-7.459955185943603,-8.324340701171874,6984.80568627948,2603.272336062592,8.945831
2022-04-13,721.5765,201.47614,1774.0106,936.36755,1572.5344,6.310829,1017.68756,4.6966176,-5.584551837402344,-9.550780794921874,3341.805388800293,933.0875602514648,10.06546
2022-04-14,551.4546,99.2976,1386.3668,682.524,1287.0692,9.039344,1015.10693,10.077106,-4.27176016607666,-8.786590443359376,1554.7971544075685,279.96434963138967,11.112946
2022-04-15,581.56464,108.35816,1448.6748,731.6394,1340.3167,9.358177,1012.52515,13.05664,-4.652926814941406,-8.20886241015625,1683.2782405339965,313.63140877511444,12.40033
2022-04-16,635.988,129.79039,1325.3113,681.605,1195.5209,9.004349,1015.1291,14.317206,-5.191353245117188,-6.395111738281251,2834.3522820160524,578.4255394143524,12.248718
2022-04-17,518.54565,121.0722,1250.1407,679.1893,1129.0686,12.904626,1017.33374,7.686035,-1.5172081073608403,-4.6171571562499985,1483.6165199472898,346.4009581960487,18.01709
2022-04-18,509.17654,107.36126,1122.976,712.04974,1015.6147,17.398819,1014.4539,11.873444,0.7742619697265631,-5.250762859375001,1264.4118895936433,266.60468651327136,18.54712
2022-04-19,642.77325,193.8054,1608.2396,764.1967,1414.4342,14.67733,1012.30426,14.124991,-1.9709699829101552,-3.3619690507812514,2255.2871406074887,680.001592985707,18.173523
2022-04-20,592.98425,123.20548,1328.4891,712.3795,1205.2837,9.903501,1012.28986,14.245238,-4.9140684430542,-7.027313570312501,2249.6021069991943,467.4041707145828,12.57019
2022-04-21,582.29224,140.10297,1285.1519,687.8528,1145.0488,8.712676,1013.9611,13.377582,-4.742966951721192,-8.72421233984375,2121.9371942425782,510.5506765959961,10.337952
2022-04-22,833.72784,256.90018,1860.3412,952.15857,1603.441,4.872565,1014.9947,13.897907,-8.032418707366944,-9.759917945312498,4875.302523210199,1502.248113465683,7.111206
2022-04-23,803.9974,103.22465,2017.1185,1083.9891,1913.8939,8.267707,1017.4504,11.568538,-5.624435128967285,-8.997619748046876,2547.537722399463,327.0765446017883,12.747833
2022-04-24,923.5664,63.616863,2309.9487,1215.888,2246.3318,12.807594,1015.7924,7.551413,-4.361551700683595,-9.677887353515626,3340.014643904297,230.06602819114113,15.177338
2022-04-25,815.34717,64.46146,2006.7168,1129.6492,1942.2554,15.280854,1014.8118,8.086817,-3.7047907748413103,-8.51852333984375,2033.30510321709,160.7533737803284,17.572327
2022-04-26,604.5556,165.18803,1413.688,742.26697,1248.5,15.941903,1011.67413,12.41753,-3.063139885681153,-6.377837837890624,1222.5599081773928,334.0507750456665,17.636566
2022-04-27,568.5122,88.33852,1353.9015,681.8618,1265.563,13.475284,1011.5599,12.009155,-2.5356833772583016,-5.93337983203125,1195.674975900879,185.7904754981232,15.430847
2022-04-28,697.7016,227.37297,1420.8699,812.42017,1193.497,10.163045,1012.597,10.32148,-4.479681070495605,-5.877227796875001,2328.1883741711426,758.7299604507446,13.227783
2022-04-29,667.26196,145.21072,1568.5714,876.20825,1423.3607,12.147999,1012.98615,8.055675,-2.6070701901855475,-5.747803201171877,1778.6773762595215,387.07890411032105,17.875519
2022-04-30,699.85223,182.68517,1424.2428,915.0268,1241.5576,17.552767,1011.3374,9.031086,-0.12507320007324196,-6.253967283203124,1444.031218666791,376.94111593737034,18.443085
2022-05-01,547.72144,63.576096,1354.6539,673.3784,1291.0779,14.45358,1007.8681,11.4579735,-2.0182850973510753,-4.8056942246093755,1203.9010265964357,139.74133888078308,17.58902
2022-05-02,629.33856,167.82059,1357.407,730.52814,1189.5864,14.030675,1011.1997,10.737289,-1.6898680656127922,-6.325409074218751,1314.387432209839,350.49698833282474,16.465149
2022-05-03,708.91766,202.9477,1670.709,848.71857,1467.7612,13.604092,1010.67065,11.565835,-2.3422573557128903,-6.7561946171875,1433.6982814638732,410.43660420217896,16.028442
2022-05-04,806.6338,211.85295,1754.7238,1005.3213,1542.8708,16.797457,1012.2104,9.604143,-0.7025642586669925,-6.365265308593749,1353.5660219730469,355.4983191678772,18.850159
2022-05-05,623.544,209.31812,1366.4958,728.38354,1157.1777,17.98123,1013.10284,9.500844,-0.9769672178955062,-5.2943723261718745,1361.4826478470459,457.03748070791016,18.936066
2022-05-06,477.1394,63.789692,1216.0432,626.0098,1152.2535,18.076658,1012.4279,15.057022,-0.8775897510986326,-6.6400145449218755,1256.5857466469727,167.99538443935396,18.428741
2022-05-07,485.24667,63.94983,1198.8685,619.6582,1134.9187,16.740385,1010.6623,17.465734,-1.5360409444580085,-5.225219654296875,1314.9999004649994,173.3015875867798,18.221954
2022-05-08,656.8658,188.94151,1460.6641,777.5592,1271.7225,11.722309,1009.0366,12.394507,-3.7620898874511717,-5.0433650917968755,2645.776552814941,761.033741630249,16.16043
2022-05-09,872.81793,257.06137,1668.7361,1030.4369,1411.6747,6.875383,1011.78204,10.091238,-6.654117099761963,-8.49984776953125,3689.003743259009,1086.4812974207398,10.111511
2022-05-10,829.2524,150.4548,1751.898,964.459,1601.4431,6.931011,1015.92804,9.048911,-6.463500800048829,-10.643982134765626,3437.800081713989,623.734761449768,8.434662
2022-05-11,913.5222,170.47382,2009.8474,1119.4452,1839.3735,4.871586,1017.99884,5.4809513,-7.744312154052734,-10.641143300781248,4280.631276905396,798.8153269775696,7.6852417
2022-05-12,754.0666,62.874546,1750.5122,1026.9491,1687.6377,9.852843,1019.9487,6.887034,-5.433854715393066,-8.45602449609375,3011.2153177797363,251.07702534483337,15.6362915
2022-05-13,628.6094,63.8187,1766.845,843.05975,1703.0262,17.022789,1015.5402,9.676534,-2.0796609985351573,-6.724639585937499,1866.0527655328124,189.44843058287773,21.212524
2022-05-14,650.7613,65.68211,1739.0717,864.16095,1673.3895,20.813734,1012.3923,7.835049,-0.7400559454345697,-6.470520378906251,1513.6319786651122,152.77268169002073,23.334412
2022-05-15,591.8414,64.640854,1509.4205,731.06635,1444.7797,21.637949,1010.57104,9.094491,-0.415701010131837,-4.195739675781251,1097.4745927004333,119.86606281047516,23.288757
2022-05-16,513.7087,72.97053,1346.744,711.6158,1273.7734,18.950108,1010.81396,15.179334,-0.0743584255371097,-4.175232232421877,1339.0845168103394,190.21228901656036,20.988312
2022-05-17,573.4157,93.79281,1401.6803,721.16986,1307.8875,16.947205,1011.5447,11.591998,-0.5465224101562498,-4.740233554687499,1477.114454816217,241.6095525756477,19.240356
2022-05-18,668.8896,145.09694,1775.863,889.2707,1630.7661,19.114355,1012.70605,14.742274,0.9188350872802751,-4.00344816015625,1162.3980641007201,252.14983799728088,22.841736
2022-05-19,637.7074,149.3204,1451.421,877.3875,1302.1006,22.06957,1010.3049,15.629865,3.3712385413818353,-1.9693298281250016,1409.4203316776857,330.0184602596558,22.887451
2022-05-20,705.68146,293.13376,1451.1265,842.4582,1157.9927,15.707942,1005.97687,14.93456,-0.7296919910278312,-1.3223270292968756,1783.6925897474364,740.9299299987915,20.98172
2022-05-21,788.6359,247.32324,1589.1443,918.12396,1341.821,10.595008,1009.9156,15.564837,-6.190139103576659,-8.971466404296876,1751.2614181964052,549.2111606573243,13.819611
2022-05-22,706.23926,125.991974,1536.9058,869.3457,1410.9138,13.784007,1013.44366,14.66286,-3.45382792755127,-6.937164513671874,2052.596899787988,366.18006166780094,17.394073
2022-05-23,674.1512,171.39308,1712.1947,871.4455,1540.8016,18.06889,1011.3505,17.665049,0.31860561791992126,-4.905486587890625,1341.4093071370605,341.0337033486694,20.749847
2022-05-24,796.30585,182.69267,1770.7168,942.2992,1588.0242,21.40655,1008.6341,17.530724,2.187994453735353,-2.8162531152343746,1410.306468882904,323.559922464769,24.077057
2022-05-25,816.66406,187.9386,1557.789,1019.7366,1369.8503,23.140177,1008.9383,16.627573,2.6052057730712903,-2.1588135878906236,1638.058569915625,376.96581280434566,24.234222
2022-05-26,597.637,246.85606,1234.8861,707.1464,988.03,21.74653,1010.83563,16.454756,2.5392645328369134,-1.477447103515626,1540.7607202113647,636.4166065490754,23.540619
2022-05-27,560.69183,255.35028,1062.8977,650.3305,807.5474,19.12203,1012.8813,15.718849,1.735588258178712,-2.2872927792968767,1463.5958720947265,666.5508476033202,20.735626
2022-05-28,640.7515,280.302,1265.633,773.5401,985.33105,15.424816,1011.3309,22.314806,-1.5269718684082036,-2.8763125351562486,2467.109948649536,1079.2574495961915,19.257751
2022-05-29,675.6287,200.42459,1310.0967,837.2634,1109.6721,12.811993,1007.44464,12.665207,-4.430643354736329,-8.091674765625001,3393.4193784643376,1006.6544951988557,15.45874
2022-05-30,712.6464,166.92104,1622.0902,863.4903,1455.1692,14.737846,1007.9915,10.531077,-2.8949466254882807,-7.896149091796875,2428.660242776758,568.8578093882325,16.269806
2022-05-31,704.0356,100.924644,1793.1549,902.59674,1692.2302,15.274841,1007.95013,9.762246,-2.713178691406249,-6.886230595703125,1316.791967942102,188.7642674903641,18.18039
2022-06-01,1108.6425,476.79318,1883.8138,1164.9738,1407.0206,19.682877,1009.726,12.140897,-0.9112664130859365,-6.001953468749999,1824.3574138210695,784.6002761044373,21.70752
2022-06-02,838.18,306.79114,1507.5358,972.5396,1200.7446,21.073824,1008.3335,12.700742,0.6362759288330082,-4.056304837890625,1695.0451966562866,620.4214475068115,21.745941
2022-06-03,529.9234,157.54288,1241.2587,720.5302,1083.7158,18.973839,1008.20233,17.06949,0.3705388061523429,-3.1077266289062493,1239.2698565975952,368.42709438461304,21.361755
2022-06-04,600.3635,171.3141,1259.9061,752.09,1088.592,16.926184,1009.78204,22.732996,-1.7678682994384758,-4.982177802734373,2009.1247627000243,573.3049899246475,19.074127
2022-06-05,613.2181,158.6773,1394.3292,795.4106,1235.6519,17.638245,1009.8171,29.552147,-1.8209213710937497,-6.344452341796874,2107.995646237854,545.4683810707154,20.562775
2022-06-06,585.079,91.039825,1447.002,769.31506,1355.9622,19.55845,1008.58856,24.392578,-1.8283043011474618,-6.074768935546874,1755.2023603088744,273.1140958646759,21.893341
2022-06-07,594.4786,84.47332,1630.9341,808.3394,1546.4608,20.94951,1007.5666,17.746172,-0.7417814256591804,-5.518920888671875,1150.7641637884888,163.51955020279388,24.09134
2022-06-08,632.8912,124.195694,1424.6931,819.52563,1300.4974,23.611145,1007.8135,14.95851,1.5816860195312508,-3.495086931640625,1477.4371061818115,289.92555773441774,25.39682
2022-06-09,706.79364,176.12856,1393.7983,882.9881,1217.6698,24.641703,1006.8747,15.94984,1.7093126519775375,-3.1362306699218756,1273.920828258673,317.45310413608246,26.676788
2022-06-10,678.8404,109.62843,1462.1838,842.05743,1352.5554,25.874504,1008.9497,21.743835,1.7384470893554678,-2.8549197421875014,1271.5510105094118,205.34745202972107,27.260864
2022-06-11,729.25323,118.84511,1350.5073,798.726,1231.6622,26.409628,1010.124,19.282747,2.158422914428712,-3.268187990234374,1858.855702718628,302.93442146654667,27.157135
2022-06-12,593.55316,95.75534,1087.852,732.7434,992.0967,24.112106,1008.65186,15.008687,1.471044323242186,-2.0351262304687516,1611.1891358422852,259.92611009575194,26.091614
2022-06-13,611.6775,122.62176,1400.3221,749.0006,1277.7004,18.767366,1008.39594,16.570772,-1.8519995906982416,-3.744567595703124,1814.0226946040527,363.6534849194626,22.89914
2022-06-14,742.2166,139.53394,1701.176,947.59576,1561.6421,18.712229,1009.07837,11.380006,-2.0194242249755874,-6.151793953125001,1720.8544543895264,323.5141737192383,22.291748
2022-06-15,730.8423,137.53375,1625.502,906.36816,1487.9683,23.00286,1007.5957,13.461861,0.6983951156005865,-3.7092280683593764,1412.836314404541,265.87498267700806,26.150055
2022-06-16,804.7967,335.64383,1444.2196,907.12714,1108.5758,25.216461,1007.1956,13.530876,2.676513181640626,-2.5142511328125003,1952.499226759424,814.2979759538331,25.991089
2022-06-17,578.3916,208.17244,1104.954,658.47736,896.78156,19.492695,1007.7453,13.689957,0.41879285473632777,-0.30746490234374946,1699.1036438126953,611.5347278004547,24.63385
2022-06-18,719.65155,253.14171,1534.2382,859.73596,1281.0964,13.126601,1010.31366,10.395767,-4.577108780822755,-7.0453188359375005,2277.287243154199,801.0493174866943,16.364868
2022-06-19,770.07074,172.56299,1679.5758,957.6232,1507.0128,13.871421,1012.70386,9.286362,-5.109641139709474,-8.058594560546876,2274.4480548934753,509.6746737479004,18.696075
2022-06-20,787.82196,72.97583,2030.6392,1008.1651,1957.6633,19.303537,1011.46173,8.209976,-2.672222631225587,-7.2133793984375,1809.614044089508,167.62427758825683,23.535767
2022-06-21,726.76685,65.19101,1781.2762,935.3285,1716.0852,22.109507,1010.0372,10.324208,-1.9100153929443344,-5.780669781250001,2100.700380860156,188.4328919791992,23.476074
2022-06-22,711.7918,87.98514,1601.7393,807.7107,1513.7542,21.242693,1011.5703,24.241943,-2.2465040526123055,-6.407745857421876,1583.3514823012633,195.71930556011657,22.728546
2022-06-23,927.9157,272.18338,1611.9473,1103.8094,1339.7639,21.79365,1010.4323,24.619276,-2.781978326538084,-7.314666982421876,2302.5511075953186,675.4020180097503,22.960968
2022-06-24,934.4007,65.12798,1953.7573,973.37036,1888.6294,22.675367,1009.5755,12.025144,-1.8633996446533203,-6.725616630859374,2649.551572986603,184.67446655988692,24.133453
2022-06-25,818.5372,171.17197,1802.0173,1071.0259,1630.8453,23.316132,1009.92535,10.325939,-1.2108554082031233,-6.395477431640625,1740.3840452944214,363.9479920512024,24.982758
2022-06-26,1052.6127,421.35403,1886.5519,1313.4159,1465.1979,25.16868,1011.2009,11.845379,0.15726619104004058,-5.112060574218752,1873.6491858027466,750.0096335141693,26.894836
2022-06-27,1188.8319,602.18243,1999.9922,1272.2257,1397.8098,26.107178,1013.1114,18.18312,-0.013330265625000948,-5.908508318359374,2324.2729017853517,1177.320614176465,27.380524
2022-06-28,861.4714,278.2451,1616.5472,1003.92365,1338.3021,26.66889,1012.99054,22.536858,-0.04155000061034997,-4.681487988281248,2021.6515732472044,652.9695981289977,27.338562
2022-06-29,615.46234,65.07847,1350.8062,746.1692,1285.7277,25.266363,1013.06525,22.257477,0.18644714392089767,-4.603515435546875,1638.7985924730835,173.28517949753572,26.479279
2022-06-30,594.3404,106.08105,1333.1255,744.55096,1227.0444,22.895136,1013.41046,24.23818,-0.9807281204833984,-4.7915657031249985,1557.3385423142395,277.9620990259361,24.576904
2022-07-01,567.69904,93.94774,1227.5525,705.58386,1133.6047,22.150011,1012.7077,21.529404,-1.0546989373779283,-4.703246917968752,1715.1173960046203,283.83243717618257,23.494934
2022-07-02,578.58795,123.43452,1245.662,699.04614,1122.2274,20.762379,1011.26,20.31094,-1.2321343073730482,-5.5250854687499995,1929.9634294274902,411.7336057128601,21.58252
2022-07-03,612.70233,142.49835,1237.671,730.0553,1095.1726,19.375772,1010.57404,12.439725,-0.8110025238037117,-4.408356582031249,1758.0350713777161,408.87244526705933,21.028503
2022-07-04,690.53174,193.31366,1439.2598,861.0196,1245.946,17.38917,1010.9808,20.208342,-2.5723853070068365,-7.105041468749999,1887.9308976480468,528.5243397109863,19.316895
2022-07-05,676.9987,139.13335,1464.2318,852.2455,1325.0985,17.846071,1011.7952,25.430756,-3.1518397567138656,-7.867218214843749,1881.2115423671873,386.61706501367183,19.26178
2022-07-06,611.5262,122.33093,1260.8745,779.52094,1138.5436,18.04547,1011.7281,20.566408,-3.3658217159423813,-6.535644966796873,2112.581046244995,422.6049780754395,20.115509
2022-07-07,604.1429,96.337326,1329.9823,750.3324,1233.645,21.081007,1011.8086,12.867152,-1.065722996215822,-5.530670320312499,1620.731213145166,258.44368217464597,23.167847
2022-07-08,604.27203,127.71528,1278.4257,711.6612,1150.7103,22.23172,1013.6475,12.402652,0.15911697070312414,-4.924346499999999,1457.8654999398193,308.12562578129575,23.085938
2022-07-09,628.7837,130.81776,1334.1355,743.38226,1203.3177,21.10275,1015.20215,10.327012,-1.8639192218017584,-6.702056882812499,1386.5164558950196,288.4632432101593,23.838745
2022-07-10,741.41455,97.29761,1372.791,881.2963,1275.4934,22.946142,1014.40533,13.7983885,-1.4095418033447267,-5.698913589843752,1836.7448202070314,241.0404223417969,25.115295
2022-07-11,568.168,85.56724,1314.1248,749.35565,1228.5575,25.221395,1010.8957,14.170563,1.278432492553712,-2.2724003417968746,1193.872674625763,179.79960462704545,27.437775
2022-07-12,502.68555,150.16022,1068.8198,643.41705,918.6596,25.34315,1009.69684,19.58632,3.298395185180663,-0.5628056015624985,1244.5820541992186,371.77657652893066,26.995483
2022-07-13,522.7431,152.36107,1154.8715,635.2121,1002.5104,25.035019,1010.15204,20.096266,2.8908629208984387,-1.3090815507812508,1304.46808974718,380.2061684243927,27.22821
2022-07-14,606.88257,161.78198,1267.1348,764.31836,1105.3528,26.617853,1010.3123,32.430683,3.50905016467285,-1.459960685546875,1321.0087512034424,352.15283105607915,27.303497
2022-07-15,673.15247,140.58574,1500.2559,803.709,1359.6702,26.142294,1011.0359,33.297497,1.814887930053711,-2.4466555058593755,1301.0395345442505,271.71794488761446,28.104156
2022-07-16,672.6635,113.19524,1544.9341,835.71783,1431.7389,27.877237,1009.8924,28.089014,2.188102319946289,-2.4896852167968753,1346.2429250067382,226.54459904572755,29.205353
2022-07-17,659.77936,97.005714,1287.3191,809.07715,1190.3134,27.456467,1008.0598,32.190556,1.8996986748046858,-1.7142329511718764,1613.2992157113647,237.1993623495224,28.9263
2022-07-18,851.00665,327.41214,1490.2122,885.7896,1162.8,25.109797,1010.4095,33.73634,-0.3239364759521486,-5.038452109375001,1812.1757764705078,697.2076503293946,26.261963
2022-07-19,629.9974,82.360954,1424.378,808.7684,1342.0171,24.330412,1012.76996,28.278448,-1.2501540889892588,-5.8782046562499985,1613.323613040686,210.91337442006682,25.899902
2022-07-20,528.35455,65.06607,1239.9722,694.1796,1174.9061,24.756506,1013.3911,28.69787,-0.7683560338134754,-5.078765779296877,1418.8676215335695,174.73141891204835,25.876251
2022-07-21,578.6084,78.72159,1482.2643,793.6796,1403.5427,25.833765,1011.8332,25.278051,0.1971230299072282,-5.264099138671874,1403.0591155493164,190.89083760496518,27.196808
2022-07-22,595.55585,107.48771,1520.8668,825.4465,1413.3792,26.512299,1008.8964,24.178381,1.9890155839843757,-3.483520976562499,1358.5579381033447,245.19661937094423,27.583374
2022-07-23,669.0147,190.06757,1581.5806,868.25977,1391.513,27.019648,1007.992,23.571135,2.609506598266602,-3.2468258789062503,1548.0388897752807,439.7989753586548,27.904724
2022-07-24,663.64606,182.61714,1413.9008,844.36035,1231.2836,26.432732,1008.90985,22.506287,3.156247628417969,-1.705138916015624,1636.2492179238893,450.2507806909943,27.488861
2022-07-25,672.5929,202.51088,1453.9355,886.68256,1251.4247,24.953245,1010.35864,22.614733,2.5177821629638686,-2.3197627910156235,1558.0248533903323,469.10543580836185,26.56894
2022-07-26,640.2752,206.26474,1327.0924,830.7684,1120.8276,24.150488,1011.05634,22.808403,1.6418208997802743,-3.2769162578124984,1530.8287434017454,493.15667547178344,25.176636
2022-07-27,637.0612,139.0448,1313.0045,873.10114,1173.9597,24.263474,1011.6553,23.463755,1.250360510742187,-3.7239071855468744,1570.0984028707155,342.68922961047366,25.09256
2022-07-28,594.0533,112.91302,1484.3357,827.6108,1371.4227,24.667566,1010.11383,28.879898,1.0778082994384768,-3.3928828007812513,1163.568899473297,221.16210591093062,26.67743
2022-07-29,656.9522,111.58426,1513.4495,841.89154,1401.8652,24.773085,1009.06866,33.474926,0.2919236405029295,-3.7507939277343745,1263.9596929153747,214.6853359318329,26.603424
2022-07-30,513.8664,148.50305,1256.783,681.6664,1108.2799,22.573874,1011.0485,41.838757,-0.3843874801025393,-2.1520689648437497,1092.9016324983031,315.83934964138183,25.593811
2022-07-31,477.06186,76.10675,898.469,645.6445,822.36224,21.75003,1013.1675,45.775097,-1.6821694824218767,-4.295898115234376,782.6514182806915,124.85813961088256,22.889557
2022-08-01,590.5591,93.2899,1450.5197,702.5699,1357.2297,22.070002,1014.04297,41.592716,-2.446453397827149,-6.374145466796875,1417.4299673459473,223.90969234248502,23.451447
2022-08-02,684.0295,106.37323,1607.5706,874.4109,1501.1973,22.782211,1013.32916,36.162888,-1.9119626962890628,-6.4754033164062506,1821.8424753092286,283.31420543422854,24.4682
2022-08-03,549.0596,86.41155,1399.2833,800.5707,1312.8718,23.312029,1011.67523,40.70647,-1.2754631151123057,-5.142578302734375,1326.7248695428711,208.80130649280167,24.160065
2022-08-04,542.5429,149.70883,1164.2311,669.76,1014.5222,23.10058,1010.7204,45.38921,-0.3069607845458968,-3.362762595703124,1243.3355445663149,343.08496019313054,23.96164
2022-08-05,653.8907,167.0456,1342.9135,765.1076,1175.8679,21.277708,1011.4191,38.206566,-2.955575946411134,-6.546600189453127,1885.954720726959,481.7937186088562,23.18283
2022-08-06,674.7111,71.47049,1736.0105,869.0344,1664.54,23.652746,1011.00946,21.943373,-1.494094799438475,-6.866058437500001,2109.64253833078,223.46924525764464,25.266602
2022-08-07,780.021,86.21669,1729.3856,951.03784,1643.169,25.099451,1010.5662,20.32687,-1.2325489349365242,-6.235718164062497,2143.163848279297,236.88656355108643,26.603882
2022-08-08,681.9561,70.70618,1523.3754,854.7508,1452.6692,25.441874,1011.41034,30.788675,-0.8690684495849617,-4.500122208984376,1475.5649509271118,152.98866574035642,26.415436
2022-08-09,637.8757,70.52018,1520.8628,796.08826,1450.3427,23.511774,1011.4904,33.069035,-2.57134993688965,-6.446502871093749,1503.2389846622316,166.1901968653656,25.021057
2022-08-10,674.81793,70.451065,1537.5321,809.6426,1467.081,22.088724,1013.0115,31.229086,-3.9450838636474614,-7.968139646484374,1516.0189061217222,158.27253768389738,23.682037
2022-08-11,698.06256,65.38164,1566.0659,891.06055,1500.6843,23.956467,1013.30206,23.000427,-2.760793325195312,-6.534910537109376,1694.6194654191895,158.72072489935303,25.9357
2022-08-12,692.16943,86.04563,1764.6272,923.56305,1678.5815,25.387564,1011.38727,25.286636,-1.0514462945556637,-5.591491384765625,1435.1015351931153,178.40172035644915,26.868256
2022-08-13,759.82104,81.01174,1852.6869,976.5701,1771.6752,25.514246,1011.2163,26.73725,-1.1434210130615234,-6.016815619140623,1455.4979212493408,155.18446394609757,26.80014
2022-08-14,664.1155,80.951546,1663.0544,898.823,1582.1029,25.553549,1010.55304,24.550203,-1.1685521871337876,-6.301483527343748,1228.1364018710449,149.70218779261322,26.311584
2022-08-15,698.065,92.781586,1837.0812,946.9775,1744.2996,25.84302,1008.5506,21.188341,-0.43022051452636845,-4.931639941406253,1225.5304573881592,162.8883538843872,27.69281
2022-08-16,740.47833,98.106255,1795.1187,993.559,1697.0125,26.493113,1007.4224,23.84406,0.17942056408691442,-4.800841859374998,1215.367450318451,161.02449356027603,27.625244
2022-08-17,796.76056,106.98178,1703.5155,1026.648,1596.5337,25.742096,1009.0407,28.576271,-0.5728540527343746,-5.003204019531253,1702.2394948310853,228.56127952085876,26.99823
2022-08-18,650.285,106.55074,1704.2645,888.60785,1597.7137,25.318909,1010.1523,26.195816,-0.14823930859375167,-4.556396474609375,1513.215538561725,247.9439734384941,26.522614
2022-08-19,1019.9357,524.61755,1873.2213,1267.4954,1348.6038,26.69715,1007.5176,25.303911,1.2948612767333998,-3.5679628085937516,1613.2627381948607,829.8032183076904,28.232971
2022-08-20,901.6509,270.27948,1587.565,980.42487,1317.2854,26.63577,1006.89667,26.37674,2.1804237977294925,-1.5222774980468756,2308.4577037806152,691.984849492511,28.048615
2022-08-21,602.58136,228.34782,1245.6501,730.77576,1017.3023,25.592096,1012.25244,26.922403,2.704156328735351,-2.2912899218749985,1636.905394641101,620.3042609934356,26.710205
2022-08-22,590.4722,170.00803,1359.4745,759.7482,1189.4664,26.077896,1012.90204,24.897787,2.549242118164063,-2.151305806640625,1296.6002535028078,373.31552432281495,27.945648
2022-08-23,999.58954,489.9509,1794.2991,1068.5619,1304.3481,28.227747,1007.69824,23.794281,2.7994609635009766,-2.2167970917968773,1778.858747279663,871.9113252173217,29.832306
2022-08-24,731.28564,312.84885,1538.4393,872.34705,1225.5905,26.999191,1007.6999,24.975367,2.235344284179689,-0.7702636386718744,1883.7377051748047,805.8754776033325,29.39212
2022-08-25,785.7039,437.66183,1453.0656,935.625,1015.4037,24.096954,1011.0715,31.61145,-0.8415836542968762,-5.873413414062501,2117.650729312756,1179.598168862982,25.27185
2022-08-26,660.80194,113.48157,1688.5139,899.34674,1575.0323,24.696146,1011.3625,25.322218,-0.4905509886474597,-5.294220083984374,1496.3538141542176,256.9734827860474,26.292389
2022-08-27,775.48755,163.193,1356.9866,1025.7577,1193.7936,24.059824,1009.0643,22.17768,0.2688339898681633,-3.119873023437499,1977.2067844111816,416.0818490766846,26.166626
2022-08-28,579.04785,174.34494,1339.0542,717.5988,1164.7092,21.076448,1008.12823,25.757263,-1.168461559448243,-4.764740859374999,1537.2191772656251,462.839789128418,22.95337
2022-08-29,666.5291,230.66699,1314.4459,777.91187,1083.7789,22.341726,1009.12427,25.082367,-0.6327456968994127,-4.400787044921874,1675.5655436444702,579.866139649414,24.358429
2022-08-30,604.7487,114.236115,1470.2158,755.17523,1355.9797,25.460775,1010.91364,20.864029,-0.07428362463378946,-4.73114099609375,1633.6452070609132,308.5930987432251,27.784729
2022-08-31,1332.0332,632.5311,2285.845,1420.7787,1653.3138,28.35283,1009.71844,19.655863,-0.06312911315917802,-5.382568876953123,4178.989366603906,1984.440666691162,30.804901
2022-09-01,1536.5244,696.5569,2299.5288,1560.1698,1602.9719,30.47889,1006.1828,24.682205,0.2637044653320295,-4.541475273437499,4264.03041280664,1933.0247627094725,30.897095
2022-09-02,1245.6697,608.2676,2145.2546,1331.8948,1536.987,28.948267,1006.1514,27.724104,0.296656983032225,-4.750579416015626,2485.9324016655764,1213.8949100003906,30.496674
2022-09-03,1240.2938,410.85052,2053.4053,1663.7378,1642.5547,28.315247,1007.87616,30.783857,-1.0915474179687514,-5.956266611328125,2269.355065888733,751.7297131843567,29.635223
2022-09-04,947.1324,98.73128,2191.5803,1103.8209,2092.849,26.513891,1009.522,38.517857,-3.352966779907227,-7.332031310546874,1795.3080000435305,187.14707156950075,28.246857
2022-09-05,1266.5157,614.6785,2008.4657,1527.1726,1393.7871,28.307653,1006.9455,34.76619,-0.43296257287597584,-5.573393144531252,2800.215782794153,1359.0296993633606,29.965027
2022-09-06,1358.8373,586.0547,2357.4062,1186.464,1771.3516,29.064047,1007.2427,26.567804,-0.42403614025878866,-5.021483888671874,2700.485133067688,1164.6957245976562,30.06009
2022-09-07,986.16876,370.77454,2037.5265,1207.9961,1666.752,27.56308,1010.84406,27.209045,-1.2286011660156255,-5.7531735957031245,1918.4469517669922,721.2875786542969,29.36789
2022-09-08,834.43646,66.30429,1980.176,1133.3424,1913.8717,25.575384,1009.3892,31.841171,-3.0862308599853527,-5.882507351562502,1763.0000279603516,140.08791771572265,27.78064
2022-09-09,597.92865,66.60806,1718.8416,843.0756,1652.2335,25.216925,1000.76776,36.788902,-3.0229343326416007,-3.3707577109375,1907.1188408311461,212.44924696510316,27.726196
2022-09-10,836.0179,223.58447,1698.4344,945.0578,1474.85,17.976923,1006.4725,47.030468,-6.850689011108397,-7.039856042968751,2937.5540753676455,785.6189346657716,21.367981
2022-09-11,766.08276,197.1252,1785.4893,880.9179,1588.364,18.459114,1012.8835,44.512005,-6.039100925292967,-9.616119470703126,1446.3985017120362,372.18118600808566,19.713593
2022-09-12,698.0147,64.94329,1752.0631,868.3808,1687.1199,17.812378,1013.0783,40.787952,-6.084877070312501,-8.382476882812501,1814.9955771444213,168.86719406489408,19.19812
2022-09-13,679.5742,117.99198,1590.6138,846.155,1472.6218,17.531813,1009.9673,34.365505,-5.29221333215332,-8.3922116640625,1942.388933296875,337.2498731886291,18.62732
2022-09-14,635.5014,150.36185,1348.962,755.3377,1198.6002,17.271696,1009.9814,21.18727,-4.322780909301759,-7.811004720703124,1579.3113567639768,373.6705710603454,18.037811
2022-09-15,673.88965,200.99638,1424.9844,798.9457,1223.988,16.079632,1011.8997,14.733127,-4.450992194580078,-8.475860613281249,1561.3786619030273,465.70156598335416,17.703796
2022-09-16,629.6457,183.96814,1498.0781,786.6978,1314.11,17.014807,1011.4422,16.461184,-3.780223252563477,-7.806366382812499,1332.2765102404176,389.2608726169678,18.924683
2022-09-17,598.2741,168.45038,1271.4115,720.4568,1102.9612,17.190054,1008.54706,16.462835,-3.1685830601806657,-6.36080890625,1509.3611602444275,424.9765364001404,18.770996
2022-09-18,746.82245,349.71524,1253.6877,784.8858,903.97253,14.865872,1007.084,16.11059,-4.472845616882324,-5.823028953125,2559.11706768103,1198.3601219514771,17.869873
2022-09-19,672.7986,277.20975,1441.3735,767.5018,1164.1638,14.517937,1009.2656,14.352273,-4.267650293457031,-9.131927732421875,1592.4362036552736,656.1233155626221,16.152374
2022-09-20,708.1587,256.8989,1580.6462,759.32227,1323.7473,14.521693,1010.8846,18.422262,-5.435572770324708,-9.835449638671875,1985.3897415378908,720.2403041274171,16.01712
2022-09-21,674.66003,197.46042,1413.0608,780.1597,1215.6003,13.860156,1011.6058,13.113521,-6.155777940734865,-9.512970357421874,2383.5835483953247,697.6304829552276,16.517609
2022-09-22,642.55536,138.33876,1521.277,792.2453,1382.9382,17.169367,1011.9868,10.099728,-4.026981163452149,-7.879761201171874,1595.8038398119993,343.5681018757721,21.125519
2022-09-23,590.11444,70.22255,1568.6587,757.4599,1498.4362,20.820368,1011.2798,13.984154,-2.2441221868896477,-7.924591279296877,1122.5391170574646,133.58012137708283,22.180939
2022-09-24,614.3897,70.37369,1545.9269,805.89154,1475.5532,21.293646,1013.4837,26.967459,-3.456497141235353,-7.534454339843752,1085.5455171965332,124.34101691711426,23.322327
2022-09-25,1100.433,771.3492,1729.0651,1153.9532,957.7159,23.580679,1013.4915,25.656622,-1.8417070601806635,-5.922149496093748,2708.1972646134764,1898.3125520756835,25.808167
2022-09-26,1109.0585,653.55383,1998.5347,1214.365,1344.9808,25.504175,1011.0054,24.665445,-0.7593948138427749,-5.698822142578123,2089.538582162732,1231.3380984520143,26.615204
2022-09-27,1098.9884,553.2939,2310.8843,1337.3289,1757.5903,25.94396,1009.42255,21.716585,-0.4160708101806634,-5.869050019531251,1596.2752707795776,803.6566557728088,26.68573
2022-09-28,1400.9889,899.89795,2118.951,1582.481,1219.053,25.92871,1010.3906,20.905571,-0.3973540624999998,-5.344542099609377,2551.0347544227907,1638.6075276203615,26.794098
2022-09-29,1076.5063,769.73364,1527.8085,1113.4949,758.0748,24.246695,1013.0005,17.335238,-0.08465543518066454,-3.9139399980468745,2124.248445703125,1518.9000022265625,25.697052
2022-09-30,530.3166,158.98204,1193.8687,683.54224,1034.8866,21.834198,1010.42755,13.9268465,0.3694859980468763,-3.294006294921875,1217.5538575012208,365.0068665664673,23.682648
2022-10-01,600.0169,271.99915,1227.8853,724.0211,955.8861,20.290127,1008.59375,14.547631,0.9161508005371104,-4.481475783203123,1364.4062250149598,618.5114505306518,21.200897
2022-10-02,679.41113,321.82166,1302.795,758.4365,980.9734,20.115763,1010.9563,19.292122,0.6739957105712904,-4.590301251953125,1420.5938502325196,672.9031101691772,21.049042
2022-10-03,719.27734,240.21889,1556.0195,898.0522,1315.8007,20.73842,1012.6919,21.673714,-0.14989651354980538,-4.835754267578125,1573.465223203125,525.4941900411987,22.55075
2022-10-04,1081.5619,528.14734,1890.8038,1134.3505,1362.6565,22.66572,1011.46027,18.679941,0.29496798596191454,-4.878174326171877,1812.1424531766356,884.9037890976318,24.01419
2022-10-05,1251.4991,775.3981,1908.6052,1439.7567,1133.2072,23.145887,1012.1629,18.248922,0.7605823748779308,-4.507171365234374,1742.4282195137696,1079.5656438282226,24.19815
2022-10-06,1378.4868,887.02985,2138.2927,1522.7898,1251.263,23.195135,1013.7202,19.26764,1.07636111657715,-3.9288328339843765,1551.62434700083,998.440528764093,24.09317
2022-10-07,1512.7802,741.8637,2095.3682,1733.6824,1353.5044,22.19007,1014.9583,21.10893,0.172363198608398,-5.1043093847656245,1645.4877311997682,806.9431830193176,23.805756
2022-10-08,1609.892,954.251,2012.7192,1754.4938,1058.4683,21.109167,1015.45874,24.07464,-0.9740529010009773,-6.343963542968751,2167.5921921522827,1284.8234586891601,21.891418
2022-10-09,1137.2471,723.81195,2007.2904,1323.7926,1283.4785,20.765062,1014.85455,24.598886,-1.4371166678466807,-5.891723255859375,1373.9957536689453,874.4929511410522,21.795563
2022-10-10,1187.4989,598.04474,1720.6553,1395.3118,1122.6106,20.813675,1013.4502,23.749832,-0.09173507324218733,-4.375732419921874,1571.006184059546,791.1855597251588,21.743195
2022-10-11,972.62256,362.14752,1796.4431,1150.4972,1434.2957,18.777557,1013.2669,26.9302,-1.4407006269531237,-5.169677685546876,1292.4791159506349,481.24331983383183,20.350372
2022-10-12,1025.4937,589.4685,1731.3674,1157.6837,1141.8989,18.383696,1015.9128,28.105835,-1.8953013975830082,-6.919525146484375,1995.8355382188965,1147.2349828456788,19.12735
2022-10-13,1225.8408,760.0387,1811.4227,1233.8612,1051.384,19.473433,1014.6629,22.796316,-0.6828424591064461,-5.284881640624999,1925.9986827826172,1194.1465022704833,20.398193
2022-10-14,1246.5784,762.6787,1774.5642,1435.1019,1011.8855,19.697054,1010.2004,19.8347,0.25842090930175843,-5.132506689453123,1412.9053318842775,864.4404907660157,20.471893
2022-10-15,974.21063,626.86975,1443.1686,1013.89526,816.2988,15.975879,1009.4954,27.851898,-2.3789912844848615,-2.538024416015624,1927.0356851108459,1239.9786452406129,19.652924
2022-10-16,737.9349,275.5717,1498.518,794.6399,1222.9463,13.205449,1012.8665,28.298029,-5.348734895690917,-7.842163091796873,1910.5815040281677,713.480529779538,15.988556
2022-10-17,805.728,302.08188,1780.681,1038.0039,1478.5991,17.525774,1014.92487,21.074938,-2.125888997924804,-6.89407306640625,1489.985544731592,558.6222860035614,19.581482
2022-10-18,849.62646,64.97283,2049.4548,1276.7007,1984.482,18.99791,1014.25366,20.570711,-3.0429784541015614,-8.526275845703125,1212.910343420166,92.75396059649124,20.254608
2022-10-19,1054.7543,197.8534,2395.8918,1468.305,2198.0386,19.23572,1015.0345,18.780355,-4.315298319213866,-9.733031982421874,1990.828332512561,373.4444617639771,20.335968
2022-10-20,843.53265,70.08269,2078.6455,1202.3328,2008.5629,18.798683,1013.6551,19.649742,-5.108590833496095,-8.211181294921875,774.1960916960596,64.3220418540686,20.135773
2022-10-21,837.7344,352.86078,1691.4092,1073.1544,1338.5483,18.526564,1011.13135,17.846212,-2.7836763555908206,-6.299163703125,1403.83605965625,591.3075792429931,19.451904
2022-10-22,695.7578,305.62265,1213.0844,888.5284,907.4617,15.16047,1008.25934,16.71002,-2.1183709911499022,-4.270264076171873,2292.012975771875,1006.8030387018189,18.658722
2022-10-23,880.88525,369.4628,1718.5806,1063.71,1349.1178,8.705922,1007.8991,13.167622,-6.904880873229981,-10.5581971875,3182.645293268262,1334.8719748579285,10.145508
2022-10-24,588.5926,78.64802,1570.3771,782.80005,1491.729,8.993501,1017.09174,8.492429,-6.536490290466309,-10.499908695312499,1910.5800239510743,255.29259858065186,11.661987
2022-10-25,445.9552,72.528145,1362.4655,575.2934,1289.9373,12.918012,1017.9554,10.442233,-4.263554334655762,-8.379425021484376,809.6315321680297,131.67482519208755,15.316803
2022-10-26,512.8474,98.088486,1536.2704,652.28314,1438.1819,13.519951,1013.54266,13.749531,-3.003673133300783,-7.100860998046876,825.313134539209,157.85146555965272,15.290802
2022-10-27,564.3466,134.16125,1655.1112,699.675,1520.95,11.875446,1013.84845,11.209331,-3.5937836804199215,-8.547393810546875,1260.9773262793578,299.770203064917,13.567169
2022-10-28,635.9511,104.23299,1610.5033,797.88824,1506.2703,12.783307,1018.10333,11.2394905,-3.8822869244995104,-9.104400310546875,1157.5923625253358,189.7304792480179,13.934357
2022-10-29,657.858,225.576,1650.3843,799.16736,1424.8082,13.804661,1018.38916,10.411316,-3.9382992028808594,-8.4957886875,969.4570700378113,332.42167992596285,15.99707
2022-10-30,531.093,64.132385,1756.5532,773.0066,1692.4209,15.896317,1015.3796,8.871464,-2.390323471679686,-8.041259894531251,1255.1516726654297,151.56642614233397,17.703308
2022-10-31,480.27148,64.71719,1455.2937,594.44293,1390.5765,16.81196,1012.1203,8.619073,-2.160266779663086,-6.857360875000001,941.7692524800782,126.90460505250854,17.658203
2022-11-01,433.7863,89.373856,1157.1237,515.039,1067.7498,13.9622965,1010.7155,11.986351,-2.521428514099121,-3.7364194980468746,1169.1420977699888,240.88068370994566,16.548615
2022-11-02,818.02716,426.922,1725.5236,961.9156,1298.6016,7.407369,1014.60077,14.220409,-6.782689863189697,-7.578796232421876,3120.9903950564576,1628.820553152466,10.503937
2022-11-03,835.9924,250.1139,2009.7999,957.6051,1759.686,3.255212,1017.03424,9.723903,-8.102350931442261,-8.86505125390625,4795.716715154077,1434.7923330376282,6.8441772
2022-11-04,636.54065,166.99039,1485.6704,885.94904,1318.68,5.9199357,1022.21747,10.877017,-6.033014296722412,-9.090087730468749,1864.6847245561523,489.1823075306396,10.130676
2022-11-05,351.59058,98.86926,1008.5085,435.24905,909.6392,13.038611,1017.20245,9.36354,-1.0567105879516596,-6.634033410156249,821.538037295044,231.02115223875734,14.61908
2022-11-06,435.55835,95.725426,1233.7133,508.2907,1137.9878,12.79802,1011.0379,17.50509,-1.3190676371459968,-4.724242669921875,739.4781605513183,162.51981346026457,14.942413
2022-11-07,486.39453,140.65953,1009.33765,497.24564,868.6781,8.730442,1012.12787,19.429728,-5.328734952880859,-5.717712111328126,1999.8200648937498,578.3242483602783,11.471161
2022-11-08,868.05927,266.39328,1672.2909,777.5574,1405.8976,6.72901,1011.138,18.907957,-6.467206894866944,-7.6202091796875,5883.67705314093,1805.6048610603334,8.355591
2022-11-09,913.65674,491.7539,1569.9198,1011.31366,1078.1659,2.9662209,1014.83673,12.774338,-8.42178814428711,-9.91647298046875,4624.349323494141,2488.945517953125,5.18927
2022-11-10,591.18317,192.6341,1585.3251,791.9351,1392.6909,5.7406707,1019.6027,6.838589,-4.964276319000245,-9.724700283203124,1727.0244484375612,562.7423262396607,8.02121
2022-11-11,448.8649,75.64838,1414.7162,592.87103,1339.0679,7.3159776,1018.1258,5.2323875,-4.338039426605224,-9.8918151640625,1265.2582218522948,213.23728046689453,8.369507
2022-11-12,426.1876,68.46186,1310.2251,518.8303,1241.7632,7.895102,1016.05865,6.9722953,-4.21484597592163,-9.371093630859374,1011.8476330067597,162.54103364289932,8.820953
2022-11-13,659.1978,132.84431,2219.2607,857.17554,2086.4165,5.646309,1015.3086,8.541264,-5.5303431010742194,-8.205048080078125,2269.123348883148,457.2832754243088,8.702118
2022-11-14,555.3618,67.969086,1518.8663,872.365,1450.8972,7.7994256,1018.12714,6.882567,-3.7314303980407715,-9.172974021484375,1578.821447006836,193.22727464508057,9.410553
2022-11-15,461.93735,92.30154,1555.2252,584.7348,1462.9237,7.938063,1019.2093,7.2962,-4.175110355316162,-9.000550048828124,1347.820928973114,269.3134544088669,9.41745
2022-11-16,532.20355,179.20178,1311.1293,732.50464,1131.9275,8.019242,1022.83984,4.393497,-4.945472713317871,-10.053070523437501,3519.1740092205873,1184.9643839395387,9.174438
2022-11-17,374.87265,63.28226,1244.0863,512.8083,1180.8041,10.056966,1022.2951,3.975029,-2.8025701720581058,-8.982391017578124,1259.1833615539856,212.56277290189743,11.367157
2022-11-18,387.8138,63.48747,1500.778,571.56055,1437.2905,11.291943,1015.1624,7.547877,-2.0932884035644523,-7.310729927734375,624.8286668430451,102.28823519844704,11.915924
2022-11-19,421.6426,62.798996,1395.0736,607.2151,1332.2747,8.531131,1016.9211,5.498932,-3.78831520928955,-7.975829404296874,2113.189690922699,314.73619640785216,10.538361
2022-11-20,527.12085,161.66179,1406.834,671.8618,1245.1722,9.6319895,1020.238,3.9559097,-3.0866955209350593,-9.666778638671875,2179.4329686894775,668.4065577280594,11.220245
2022-11-21,334.75632,63.31408,1109.8594,511.23767,1046.5453,10.780322,1019.1307,4.7038245,-2.014644925109863,-8.296875083984375,1021.4766981909485,193.19682212273713,11.261139
2022-11-22,423.44888,96.60148,1307.5173,546.6148,1210.9159,10.6384535,1017.38257,6.0203037,-3.5119405164184574,-8.735016162109375,879.1980234639587,200.57162133766937,11.535309
2022-11-23,273.50427,63.39449,1071.3806,380.7638,1007.98615,12.782025,1016.4223,7.3236976,-0.9617516627807614,-6.556152333984375,515.1086476076661,119.39502571300507,14.210358
2022-11-24,335.63263,66.984344,1138.3722,437.09882,1071.3878,12.645986,1019.4373,6.7454925,-1.6615603966674808,-5.388915886718749,1426.2363891410218,284.64309258587343,15.241516
2022-11-25,328.21262,63.40787,1109.7805,457.38553,1046.3727,10.827704,1023.22626,4.9647403,-2.698301570373536,-8.789642423828123,1050.5751716654115,202.9621409382347,11.442841
2022-11-26,273.76016,63.28214,1056.8463,360.02786,993.56415,12.385564,1018.8548,9.061564,-1.6051471495971672,-7.102172867187502,440.7958288220489,101.89394465926704,13.087036
2022-11-27,361.8292,63.235126,1279.4662,476.83875,1216.2311,12.2073145,1016.50635,8.576306,-0.9902095087280269,-6.775787544921876,876.247437685495,153.1374986253025,13.178741
2022-11-28,513.5596,127.992935,1202.0864,593.7889,1074.0935,9.584411,1012.43146,10.854009,-3.0952043325805665,-3.8916323164062483,1238.7073783403318,308.7193820324478,12.186951
2022-11-29,703.6394,357.98428,1474.9805,781.48456,1116.9962,5.309269,1011.1697,10.879415,-6.025884048583984,-9.280975683593748,1898.5138930207277,965.8898172237031,6.8130493
2022-11-30,616.1836,221.03275,1317.6088,621.19934,1096.576,6.0307693,1014.12646,11.526649,-4.84283865185547,-8.807037404296874,1241.799541098047,445.4489936788239,6.5539856
2022-12-01,867.3226,579.0837,1168.3153,837.144,589.2316,3.3396657,1014.1014,13.479935,-6.896677348678589,-6.607208703125,2499.9636394956055,1669.1461642543945,6.1394043
2022-12-02,766.98334,451.89795,1114.0863,702.0269,662.18835,5.11137,1017.0869,21.211245,-6.157831913330078,-6.495361792968749,2732.334037953949,1609.8604599597168,7.325012
2022-12-03,725.78485,210.04013,1252.766,958.06647,1042.7258,9.067548,1017.44147,21.066313,-4.268077201843262,-9.17645221484375,1255.3709687614928,363.3008898697357,9.871155
2022-12-04,357.34738,75.27242,878.6413,417.6032,803.3689,8.722932,1017.66846,20.824036,-4.293674138122558,-6.25921583203125,642.4826475368103,135.33392987390593,9.446472
2022-12-05,554.51263,211.67682,1331.9828,625.9636,1120.3059,5.3352623,1016.1141,12.074506,-6.535918701416016,-6.631500669921875,1660.0815146800537,633.7110325957275,8.458038
2022-12-06,562.77997,176.07784,1467.4188,685.2033,1291.341,3.6035626,1015.88525,12.664307,-6.931174406539917,-9.674652392578125,1086.0519385815123,339.79474202643587,4.5800476
2022-12-07,811.0208,474.14636,1494.4327,914.0982,1020.2864,2.5923195,1020.17206,10.580554,-7.576577511474609,-10.004669232421875,1672.594986312561,977.8476898109132,4.035187
2022-12-08,623.6757,301.44223,1477.6914,713.81506,1176.2491,3.2830684,1024.3772,8.562228,-6.507145581497193,-9.701843685546875,1015.0462673533631,490.6040121407318,5.2878723
2022-12-09,446.81943,197.3595,1184.653,532.6487,987.29346,6.2812157,1020.6784,10.295117,-3.988688332275391,-8.308105130859374,906.9430821617615,400.5954521096924,7.485016
2022-12-10,451.69617,162.86812,1129.8146,489.41208,966.9465,6.0654845,1017.80786,12.007851,-4.4246024762268075,-7.27706865234375,810.6068496543579,292.28056804683683,7.1533813
2022-12-11,693.13605,241.59448,1297.2041,686.1464,1055.6096,4.416504,1013.7881,17.150347,-7.0252690937499995,-5.798309554687499,4820.2961151238405,1680.1275153464358,6.1934814
2022-12-12,782.88837,497.70004,1311.182,819.6602,813.48193,0.2009557,1011.85565,10.914317,-7.021429696145439,-8.1901241015625,2522.461385308173,1603.5864021484222,1.5345459
2022-12-13,747.17316,439.48517,1522.9581,826.1394,1083.4729,0.6505483,1015.2039,7.4646926,-6.522014720714569,-9.79852257421875,1702.8001524749754,1001.5823040618895,2.6760864
2022-12-14,474.48413,208.98038,1225.2827,574.9774,1016.30237,3.1562195,1020.0488,8.222672,-5.186905517578126,-8.944213423828124,919.4452897157227,404.95774454886475,5.2240906
2022-12-15,330.26822,142.59837,1008.0292,365.1462,865.4308,6.8212256,1019.3575,11.233413,-2.5396703568420413,-6.841705435546874,607.7647618040558,262.41176554922333,7.8230286
2022-12-16,276.1992,62.54819,1079.25,400.12305,1016.7018,6.9230537,1019.188,8.378514,-3.803398258544922,-8.509796052734375,910.7240123222351,206.2429650855446,7.445221
2022-12-17,217.97102,62.29528,773.13995,258.3609,710.84467,6.9612794,1017.48517,4.7376494,-2.245076607757568,-7.56307964453125,861.7741186293365,246.2917296689804,7.6134644
2022-12-18,345.40463,62.673557,1335.6136,451.29608,1272.9401,6.5582213,1014.3071,6.165972,-3.569289659820557,-8.821899873046876,792.0250152627777,143.7126792230381,6.93338
2022-12-19,306.62857,75.94169,1056.5826,378.11047,980.6409,6.49785,1019.7476,5.653547,-3.398208058746338,-8.268066529296874,508.2406272290497,125.87428283383713,7.7864075
2022-12-20,319.36594,67.890045,1140.8695,427.76218,1072.9795,8.644834,1022.897,7.30303,-2.4658224352416998,-8.157195558593749,643.7380932927399,136.8443007350311,9.580627
2022-12-21,299.69016,62.88201,1326.678,424.32092,1263.796,10.40672,1020.14014,9.903284,-1.6402798385620123,-8.28222684765625,880.287594404538,184.70494819278488,11.698181
2022-12-22,232.48665,63.06347,893.8794,292.33206,830.8159,11.470984,1016.486,13.447591,-1.3062605410766608,-5.991089324218748,544.7309572285919,147.76170593419647,12.086243
2022-12-23,253.68335,63.186104,961.67676,318.04565,898.49066,12.018344,1017.60645,14.037274,-1.4996890745239266,-6.348449357421874,334.5566628364502,83.32959993028794,12.611359
2022-12-24,226.41524,63.41365,972.3718,310.992,908.9582,14.137469,1020.96063,12.453644,0.3157652916870113,-6.588042695312499,605.7337337475998,169.6519533410202,15.193237
2022-12-25,151.15729,64.037,634.0691,208.14557,570.0321,17.034174,1021.39606,10.823036,1.4553629654541016,-5.285064816406251,467.1631155058716,197.91123604201965,17.476013
2022-12-26,196.70996,64.31288,806.22003,254.53223,741.90717,17.437723,1018.3322,10.025427,1.4001541597900378,-5.464263669921873,481.66603646416013,157.4771839894516,18.067413
2022-12-27,210.23515,63.56459,488.21545,211.24168,424.65088,13.843319,1015.35596,17.388977,-0.3685950607910158,-1.4344180878906236,407.00417719922336,123.0576972652237,17.22641
2022-12-28,521.94,113.578514,1035.9564,678.0352,922.3779,7.1529374,1011.1966,18.199661,-4.660210587738037,-7.1564328417968746,1293.5395662506105,281.4850388472748,8.633087
2022-12-29,428.80728,140.43488,898.26245,411.0342,757.8276,6.3705597,1013.59644,15.799895,-3.6745563076171877,-4.594696167968751,697.3763143333374,228.39154113854983,8.069153
2022-12-30,720.10376,451.8632,1016.9665,771.31116,565.1033,7.42182,1015.98456,24.095938,-3.6416478362731937,-5.776428404296874,1353.4832634313964,849.3071398697205,8.069611
2022-12-31,539.48926,364.27274,789.05225,432.2707,424.7795,7.398893,1014.5339,19.984747,-4.287820120513915,-4.9659123125,1719.6555655091797,1161.1420024754577,8.06543
2023-01-01,652.1027,323.6008,1290.5498,756.5945,966.949,4.3556023,1007.34393,15.438046,-6.885298735595702,-6.298797447265626,4971.800700516357,2467.216632057495,6.3907166
2023-01-02,443.34848,186.26553,1039.9521,489.65607,853.68665,3.2082481,1012.09283,9.340099,-4.869402861572265,-7.596100160156251,1435.1776854909942,602.9661746988738,4.091736
2023-01-03,597.7668,291.98145,854.09106,497.91946,562.1096,3.820961,1015.1473,14.358944,-5.793656001464845,-6.665497103515625,2237.946606382001,1093.1334785129884,6.399994
2023-01-04,611.20013,411.7716,1015.59894,627.98676,603.82733,7.219229,1016.8123,17.389303,-4.919767778656006,-5.945648253906249,2863.4099199555785,1929.1077284294677,8.07074
2023-01-05,701.07275,355.66165,1190.8916,894.44653,835.23,5.0950685,1016.2507,18.048353,-6.871857545257569,-6.62179538671875,4649.750765424316,2358.867931462921,6.7649536
2023-01-06,364.79843,108.095184,1018.8782,423.81213,910.78296,5.4979806,1021.08575,9.822719,-4.51041540536499,-8.1470339140625,964.6355436658021,285.83581486621705,7.467163
2023-01-07,178.62549,62.769638,585.1306,227.2067,522.36096,8.766316,1020.26556,8.864238,-1.3103025861206063,-6.542908029296875,459.6178142871094,161.51135051905518,9.122345
2023-01-08,462.18173,63.03026,1079.414,420.4537,1016.38367,8.25983,1019.465,12.384754,-3.505415525146484,-6.573547685546874,721.4603688395233,98.38950816899872,9.428497
2023-01-09,983.82446,508.458,1350.4458,955.0238,841.9878,7.397602,1018.42596,23.734612,-4.414114918701172,-5.547454544921875,4484.919258352051,2317.886164978516,8.069366
2023-01-10,754.665,424.5582,964.3397,752.20294,539.7815,6.9114914,1015.98975,19.925322,-5.806546605957031,-4.732910298828125,5979.212130240601,3363.775444117615,8.507294
2023-01-11,300.66592,83.82214,939.1532,389.7524,855.33105,3.6929271,1020.39014,15.825206,-6.346409877883911,-8.050049083984375,533.0884706275604,148.618831515979,5.651764
2023-01-12,130.32425,62.8628,487.7814,160.71268,424.9186,9.2364645,1021.4807,15.225331,-1.8559664995727534,-6.025939974609376,410.3095170608368,197.91562582922288,10.999176
2023-01-13,143.17357,63.431004,384.56613,175.93155,321.13513,10.569844,1019.6757,11.264924,-1.3110157540893557,-3.5603029433593747,295.6396747557373,130.97893299685668,11.167633
2023-01-14,478.2358,62.924484,1364.2739,295.48645,1301.3495,7.172602,1015.1883,19.908482,-3.51722882333374,-2.91659519140625,1276.057002356842,167.8988214282379,9.282654
2023-01-15,372.9149,243.68935,606.8381,432.19043,363.14874,4.0914483,1009.55304,17.797216,-6.523075692962646,-5.373169335937501,1989.9096340576173,1300.3497461059571,6.4195557
2023-01-16,796.0716,311.22244,1333.3243,764.2517,1022.1019,3.934742,1006.13525,15.924773,-6.4947430261230465,-5.372375828125,5346.447873696472,2090.1820623578797,7.012451
2023-01-17,721.83496,383.14612,1521.4445,819.1355,1138.2983,1.0501137,1010.7644,10.352707,-7.404827322021484,-9.881438861328125,3674.642564855176,1950.480526097156,2.2250671
2023-01-18,531.1082,209.92982,1349.7944,693.49805,1139.8646,2.3614693,1017.84375,7.838557,-5.360633731201172,-9.17272991015625,1396.1127999275025,551.838038030008,4.001892
2023-01-19,449.8624,132.45464,1349.8965,552.6446,1217.4419,3.758068,1019.4424,10.218015,-5.086055915283204,-8.056335263671874,912.9406250260162,268.80045729816436,4.1792297
2023-01-20,575.355,227.2765,1358.8978,771.4224,1131.6213,1.6504402,1020.2471,6.7313,-5.921830783935547,-10.008941798828126,2113.0292542711913,834.6880085418182,3.0463562
2023-01-21,318.7568,99.44164,1077.3175,424.675,977.87585,4.3282523,1024.6527,5.498356,-3.63488868447876,-8.543212529296875,906.6175730524628,282.83487375828173,6.1145325
2023-01-22,327.08322,62.487297,1333.577,481.54803,1271.0897,6.9996047,1018.5993,6.45269,-1.7304672980041502,-4.8345943105468745,665.5147260720886,127.14261588256072,8.574982
2023-01-23,855.88947,457.89465,1489.8447,995.4982,1031.9501,1.7801157,1015.73315,5.2839203,-6.006664276390076,-8.506225427734375,5158.284557980884,2759.644808208838,4.5487366
2023-01-24,364.14658,66.440186,1076.2198,545.1518,1009.77966,5.6080384,1022.8392,5.2771726,-3.565123074554444,-8.2417296953125,966.2225189543153,176.29165748803712,7.8963623
2023-01-25,311.56192,62.90075,1228.4916,452.11072,1165.5908,8.537875,1024.6525,6.8103027,-2.2979888245239266,-7.970122984374999,803.782085054535,162.27430913825225,9.123291
2023-01-26,520.2444,171.07686,1278.8353,649.5205,1107.7584,5.8747888,1026.1184,6.3472886,-4.633771238861083,-7.494201652343749,2692.0669982958984,885.2577336373902,7.9190063
2023-01-27,299.17313,62.84173,1003.6825,435.75998,940.84076,9.071416,1022.1868,5.85945,-1.9407290988159183,-6.251281701171877,706.2567425420837,148.35020385114896,11.523956
2023-01-28,358.77554,67.584404,1149.2036,436.65244,1081.6193,9.04629,1013.5947,7.8742676,-0.7523216023559574,-2.865814484375001,572.8104842927307,107.90327243166962,11.6154785
2023-01-29,794.10223,291.58508,1411.2278,741.5712,1119.6427,3.2009099,1012.0485,10.613927,-6.139200147018432,-4.79467764453125,2530.5147661838378,929.1755225756835,6.9572144
2023-01-30,878.66266,578.5296,1226.2489,895.14294,647.7193,0.6710739,1012.769,13.005951,-7.269069686425781,-8.4662475625,2561.407177470758,1686.4832713832338,1.6396484
2023-01-31,562.46356,155.84012,1360.9602,799.9283,1205.1201,2.4590175,1017.8641,6.865166,-5.4691340848175045,-9.905273765625,3173.5141919803164,879.2762071190339,3.1931152
2023-02-01,391.14307,67.818085,1340.4761,583.2352,1272.658,5.071894,1020.46533,4.379997,-3.345334831146241,-9.130614763671876,1452.6227001028808,251.86203667688292,7.343292
2023-02-02,261.6826,62.906425,953.55176,349.05594,890.6453,7.5384674,1023.31366,7.51975,-3.3129265927734384,-8.077727960937501,602.0270897341155,144.72255390346908,8.40979
2023-02-03,239.56932,63.14523,947.1403,352.68652,883.9951,8.47332,1022.5664,8.1406765,-3.857248992675782,-7.798248054687502,377.68271103523256,99.54889607048416,8.966919
2023-02-04,303.87955,63.123047,1114.7712,381.40604,1051.6482,10.292445,1019.7751,9.032774,-2.4642738171997074,-7.953185951171875,589.6857366215515,122.49182528789063,10.95755
2023-02-05,448.49133,62.92964,1139.2362,485.5594,1076.3065,7.0867524,1020.6457,13.015225,-4.5440845852966305,-3.9687804687499995,1712.0539961990357,240.22525445423128,10.73877
2023-02-06,545.9223,185.87567,1442.9891,701.9153,1257.1135,3.8871548,1022.0261,7.665504,-5.840850182418823,-9.596099990234375,2830.4799372495727,963.7220471087036,5.719635
2023-02-07,451.98087,62.552227,1344.6373,692.532,1282.0851,6.2011666,1023.8608,5.9546294,-4.10414137020874,-9.690277472656248,1695.9753496154879,234.71576607032662,7.6259155
2023-02-08,397.80435,63.275276,1491.1177,550.6106,1427.8424,9.062411,1023.62354,8.684476,-3.7449536917114266,-8.269164906250001,757.8978455728912,120.55221437410354,11.411621
2023-02-09,351.18466,63.62852,1203.7817,492.41864,1140.1532,11.444734,1022.9727,8.662585,-2.1555473803100593,-7.808654998046876,1093.458431472592,198.11555083985712,12.322052
2023-02-10,369.64096,63.223537,1113.0903,580.6893,1049.8668,10.801799,1021.2288,6.310653,-1.6977691795043945,-8.221802626953124,1310.9278597971038,224.22162434649925,11.246307
2023-02-11,529.3309,63.9646,1325.7831,574.84705,1261.8185,7.536648,1013.84015,7.9319863,-3.6661072033691404,-4.74243124609375,1030.0503508933105,124.47178468066406,11.062073
2023-02-12,832.14374,505.40396,1415.1189,926.3371,909.71497,1.8648847,1013.0892,11.253044,-6.949703265846253,-7.74075291796875,1411.5483634715881,857.3063785712127,4.948059
2023-02-13,684.0589,292.6406,1180.0162,823.00934,887.3756,5.6989465,1011.32477,12.770001,-3.880136024017334,-7.561218255859375,1333.8097814583984,570.6042096454102,6.7955627
2023-02-14,909.7092,509.14627,1760.0847,971.7713,1250.9385,3.1345253,1011.75714,10.032966,-6.742938700927734,-5.947876220703124,4743.004222701782,2654.565696876297,6.045624
2023-02-15,919.7652,356.59317,1751.2308,1184.5911,1394.6377,-0.74133044,1017.1834,4.541493,-7.474822844812775,-10.510925529296875,5122.096781592249,1985.8380526959536,1.9895325
2023-02-16,864.979,224.21454,1486.5435,1187.7189,1262.3289,2.0023396,1024.4592,3.2552662,-5.498256898483277,-10.3108518203125,3064.5851467006837,794.3829173723756,3.0506592
2023-02-17,344.83,64.57141,936.40875,507.81937,871.83734,3.282748,1019.8333,4.5891814,-5.152479016067504,-8.486388810546876,1182.6851292360534,221.46463676110838,4.739044
2023-02-18,457.42123,86.74042,1169.1321,620.9185,1082.3916,5.6054153,1015.8725,7.8390937,-4.021407655761719,-8.492828361328124,1195.7705552148377,226.75300014715577,7.0766296
2023-02-19,436.20337,62.56452,1483.8746,654.09674,1421.31,6.9664283,1015.9751,8.766529,-4.041672720123291,-8.751983845703126,738.6748550650634,105.94791864207839,7.676483
2023-02-20,679.18665,95.74107,1767.8337,955.52826,1672.0927,8.205655,1018.5568,12.856636,-3.6608369020385734,-8.377411267578125,1200.7956049033448,169.2693181735565,10.535126
2023-02-21,410.12695,62.905037,916.46063,600.8589,853.5556,10.237298,1011.3768,15.140676,-2.025506988220215,-5.10656764453125,1018.531832373047,156.2218284797287,10.910339
2023-02-22,998.2593,519.9585,2006.9479,1108.6555,1486.9894,-0.44397736,1007.01855,7.808407,-7.422752355957031,-4.558472048828126,8632.2963636792,4496.262581237793,6.964325
2023-02-23,1084.5377,543.71967,1638.6498,958.6682,1094.9302,-2.338586,1013.7371,9.888968,-8.135896091995239,-8.93280031015625,6001.480350745605,3008.7684638566893,-1.5137329
2023-02-24,732.1807,534.0849,1074.667,730.4109,540.5821,-0.10439682,1015.7324,13.516906,-7.193196820068359,-7.064483724609374,5123.45973766972,3737.277406178717,2.7062073
2023-02-25,862.5249,361.5694,1685.1923,1010.39044,1323.6228,0.8073438,1011.64667,15.745636,-6.879758219005585,-5.887481236328124,5978.214437213379,2506.06026928949,3.5785828
2023-02-26,924.552,526.86487,1419.0822,1059.0928,892.2173,-1.796669,1016.5109,9.563375,-8.011374006347657,-10.72192380078125,3524.8280652590333,2008.6572415402588,-0.3225708
2023-02-27,671.36444,401.7118,1227.8423,779.4391,826.1305,-0.13990021,1019.8028,12.084109,-7.5697417075195315,-8.988464373046876,2414.8354570889283,1444.919956599243,1.2693176
2023-02-28,789.6514,389.14368,1390.1509,810.1318,1001.0072,0.4732984,1017.3394,12.561713,-7.872331599359512,-10.148071529296875,3583.876437817077,1766.1499798675536,1.2082825
2023-03-01,976.0207,382.36642,2182.007,1019.73724,1799.6406,0.002357483,1009.8107,12.770907,-7.871633017089843,-7.996917343750001,7733.996739020203,3029.8749895155943,1.5063477
2023-03-02,682.44604,172.62901,1352.2877,960.49225,1179.6587,1.9271253,1014.4534,6.5409694,-5.066430165260315,-8.356109513671875,3141.501694761523,794.662583413269,6.1284485
2023-03-03,488.16153,159.00691,1283.1582,596.71625,1124.1512,5.4699035,1015.3974,8.257525,-3.409204530914307,-7.9425968671875005,532.56079697583,173.4689089127197,7.024536
2023-03-04,495.53336,130.5368,1243.1041,581.3928,1112.5674,4.6567597,1012.627,8.914763,-4.357068261077881,-5.880371421874999,1287.603484831476,339.1893644452515,7.0305176
2023-03-05,849.7128,585.08075,1234.6989,923.1422,649.6181,0.52266437,1015.88696,9.394666,-7.496572631847382,-7.82864411328125,3810.2393599488832,2623.589550382599,2.758484
2023-03-06,743.572,284.48145,1477.9528,754.3152,1193.4713,0.6674678,1019.2031,10.77552,-8.385954227039337,-11.061218244140624,2834.2740691496097,1084.3581526828125,1.6888123
2023-03-07,716.614,334.0033,1386.2263,825.01215,1052.223,1.0687002,1019.2422,8.0659685,-7.850527805641175,-9.82775885546875,2265.417334156421,1055.8778390568239,4.206848
2023-03-08,611.1951,236.53717,1183.0413,689.42084,946.5041,3.355114,1018.68896,8.707608,-5.574542016845703,-8.37783778515625,1900.7777359287109,735.6154615966797,5.01947
2023-03-09,408.283,114.968994,1082.1724,500.08606,967.20337,7.5803313,1017.98267,12.522857,-2.6908416744689934,-7.261444423828124,884.1459184771454,248.9679206200928,9.286591
2023-03-10,457.66666,135.13606,1033.478,482.0343,898.342,8.535194,1015.5612,26.302328,-1.828198603027344,-4.63470492578125,1625.4426729380616,479.94740215809327,9.378601
2023-03-11,887.72974,380.89877,1275.9153,909.8844,895.0165,9.306995,1014.9583,24.823656,-3.2464666081542966,-6.097381123046874,3104.6833948875733,1332.128516002945,9.820099
2023-03-12,600.83417,261.08054,1268.685,696.25604,1007.6045,8.821107,1017.8899,17.142855,-4.337180089294433,-7.504638791015626,1707.9272389744751,742.1458081856018,10.022064
2023-03-13,424.9913,62.92362,1291.7554,519.90875,1228.8318,9.11399,1018.6779,18.825157,-3.4551411699829107,-7.440887009765625,969.7151921353912,143.57467615984154,9.92099
2023-03-14,283.16403,62.781826,745.85767,323.7421,683.07587,8.456798,1015.9971,24.406906,-3.2976384002075196,-5.899658576171875,926.3159136442565,205.378501366024,9.525909
2023-03-15,577.85925,239.92459,965.17883,576.1484,725.2543,8.067535,1012.5561,23.27295,-4.439982599609374,-5.645232820312501,2947.2987138034787,1223.7053141729828,8.722534
2023-03-16,720.407,284.97906,1610.4469,861.081,1325.4678,6.233401,1015.2259,10.926091,-5.047327178314209,-7.8161623046875,1433.0038166252198,566.8685863460632,7.8223877
2023-03-17,935.6328,438.81143,1908.8385,1057.579,1470.0271,7.04917,1016.56415,9.870208,-4.8847779827575675,-7.9328912011718735,1305.8046136085939,612.4218652916474,9.469269
2023-03-18,748.2344,251.88176,1836.5112,874.00354,1584.6295,8.728911,1016.49786,8.535591,-4.465383600158692,-9.038940701171875,2103.2655034453123,708.0324477278824,9.539581
2023-03-19,708.59064,120.94906,1633.597,602.5046,1512.648,7.9072747,1014.9888,16.438305,-5.162290276947022,-5.754058478515624,2084.671387173047,355.8317431662598,9.8316345
2023-03-20,820.01855,457.52713,1125.1235,880.84,667.59644,5.648655,1012.00684,18.4626,-5.82448106225586,-7.035339271484375,2367.546746848828,1320.9662907444213,6.6253967
2023-03-21,817.0467,426.25403,1643.493,934.4266,1217.239,3.0575535,1007.35596,18.671103,-6.66093747026062,-7.093139525390624,5296.14322852179,2763.00290805188,4.9930115
2023-03-22,972.83966,522.16614,1713.0594,1080.8815,1190.8933,0.8086815,1012.3372,12.980461,-8.23783251196289,-8.675353890625,6350.275481410645,3408.4741356376953,2.597412
2023-03-23,797.55884,372.569,1537.0331,929.7344,1164.4641,1.3606186,1021.0452,12.58324,-8.064534408691406,-10.478637654296875,2769.719742584619,1293.8377288632385,3.0813293
2023-03-24,620.06616,197.84924,1326.969,739.1569,1129.1198,2.8133888,1022.7845,7.6324134,-6.997561175537109,-10.36715737109375,3339.906393667236,1065.6894257508543,4.4663696
2023-03-25,761.7712,154.11565,2131.046,932.1295,1976.9303,3.9509888,1019.90814,7.210036,-5.40942123046875,-10.05337561328125,2941.6771437200746,595.1373414654678,5.2975464
2023-03-26,666.4419,134.13118,1598.604,819.89294,1464.4728,3.856332,1018.4858,6.0489764,-5.453992936325074,-9.8059696953125,3005.621288345947,604.9252497101211,4.9901123
2023-03-27,536.5896,62.32204,1535.1375,683.0981,1472.8154,4.591484,1020.0993,6.2986054,-5.1045769301757815,-9.610657212890626,2425.5778941954345,281.7180280951137,7.021332
2023-03-28,624.8315,173.61223,1298.1858,724.8358,1124.5736,7.4182944,1018.04877,9.73138,-4.567304570220948,-8.909484367187499,1567.6283330902222,435.5725600740326,8.251099
2023-03-29,732.35077,149.85654,1482.5442,727.0279,1332.6876,4.4125113,1013.97723,14.052998,-5.853413651275634,-6.144317902343751,3403.3636498287965,696.4098514197693,8.1026
2023-03-30,972.9224,510.45724,1823.9032,1063.1105,1313.4459,0.28876495,1012.85626,11.495964,-8.256732046386718,-9.824371333984375,3735.5274756144777,1959.8963038492066,1.7962952
2023-03-31,547.24176,143.50111,1339.2985,721.3533,1195.7974,3.717429,1019.53516,8.136295,-5.492765077346801,-8.241119390625,1141.1610536904298,299.2422987937012,7.081787
2023-04-01,599.4511,98.94523,1371.2566,627.06683,1272.3114,8.48064,1019.24835,8.584271,-4.030703588623046,-8.075836310546876,1519.3548183237854,250.78427092657702,10.543732
2023-04-02,417.65878,74.376755,1102.8215,488.45773,1028.4448,10.098258,1016.855,10.12191,-1.8198859815063475,-6.449829087890624,1022.1211785217012,182.01953204976655,10.69516
2023-04-03,844.64716,212.01013,2240.378,984.1147,2028.3678,4.587326,1012.9379,10.177777,-6.0629569501953124,-5.710113810546876,5326.983095159577,1337.096065012024,9.254669
2023-04-04,1102.8716,371.5763,2314.3584,1436.9445,1942.7821,-0.40068182,1018.5982,5.632338,-8.36342582349205,-10.275329599609375,7004.458733354492,2359.9219162390136,3.1144104
2023-04-05,632.9094,62.08503,1757.9232,802.3399,1695.8381,3.595913,1019.63214,9.8158455,-6.18405056665039,-9.48352058984375,1800.2150968832764,176.59147323805465,7.0840454
2023-04-06,609.54266,62.91836,1665.0459,830.61774,1602.1276,7.2150283,1018.2176,8.550463,-5.0051647140197755,-9.016541445312502,1509.9194659329223,155.8572758201027,10.025269
2023-04-07,489.71457,63.21228,1316.4298,632.0723,1253.2175,9.730166,1016.26483,10.666751,-4.074789064758301,-7.697021556640625,1042.4474698496888,134.55895697912598,10.543304
2023-04-08,490.8414,62.758694,1268.9305,608.6768,1206.1719,9.930411,1015.9422,17.058697,-3.6085216611938478,-7.2662657265625015,1089.4172356221407,139.2922491381817,11.55603
2023-04-09,515.67365,67.9031,1587.3203,712.1775,1519.4172,13.914815,1017.26953,20.994825,-0.935133050964355,-5.191955068359373,991.0180528503845,130.49570724223707,17.04068
2023-04-10,774.44867,319.47354,1252.98,935.1013,933.5065,17.994352,1015.96387,14.590543,0.7427783406982407,-4.191253742187499,1270.3899534757447,524.0579437169861,18.417114
2023-04-11,425.7654,74.43734,1095.2972,496.3295,1020.8599,16.664864,1014.11554,10.470868,0.7747885864257817,-3.3688054199218733,684.9114034767791,119.74430402125626,17.60257
2023-04-12,396.269,92.8263,997.547,478.46375,904.7207,13.7754545,1010.7027,14.0503,0.20812852117919967,-2.1779484589843747,665.0228571470886,155.78208326147004,16.208405
2023-04-13,660.54803,284.39758,1305.4332,737.01575,1021.03564,6.7153726,1007.36163,12.871849,-5.231794437591553,-4.20843551953125,2070.693377215137,891.5327284658204,10.8966675
2023-04-14,708.3408,301.5695,1440.3606,859.4695,1138.7911,5.0661926,1010.4219,11.735641,-6.358979373046875,-8.18286143359375,1854.5683731411134,789.5651636690827,9.004456
2023-04-15,632.8039,131.12076,1411.6224,701.9789,1280.5017,10.935855,1016.1359,10.871387,-2.3628930881958006,-6.226806287109376,1208.4914148527344,250.40666138769532,14.033356
2023-04-16,504.6649,159.78206,1022.66797,566.27594,862.8859,13.504486,1017.4085,11.666875,-0.5912199160156248,-4.6094054765625,942.6991203204193,298.4681721104202,14.122437
2023-04-17,572.9062,279.18677,1099.1649,687.5886,819.97815,12.076736,1013.06006,10.581314,-0.9287345498046875,-3.5431823085937495,1185.8848742230223,577.9015328012695,14.068909
2023-04-18,620.6047,232.16724,1252.4467,691.7452,1020.2794,8.480512,1012.6504,11.088994,-3.9711823346557615,-5.408447187499998,2383.1725324060367,891.5411091297608,11.223633
2023-04-19,564.0164,87.44382,1434.798,721.61646,1347.3541,6.3373275,1015.44696,8.319098,-5.2877405196838385,-8.851746093749998,2105.647571173401,326.45478951815795,8.807129
2023-04-20,537.1053,69.3362,1595.9536,705.076,1526.6174,11.269034,1018.22906,9.989079,-2.8724646143188473,-7.9154354296874985,1560.8028235556396,201.48774325568237,14.570435
2023-04-21,559.793,63.836716,1576.1992,750.51953,1512.3625,15.604215,1018.63116,13.351925,-2.342155331726076,-7.315520802734376,1515.7016532110106,172.84498086109008,18.277252
2023-04-22,600.716,135.34789,1622.4525,757.5693,1487.1046,18.016811,1012.2912,16.010414,-0.7044846291503895,-5.47882043359375,1410.4557056668457,317.7910955392212,19.02008
2023-04-23,589.909,67.87887,1327.7877,763.7311,1259.9088,16.94723,1007.70703,16.730452,-0.9899746146240247,-3.0901492597656244,1029.3907860993468,118.44857732457504,19.104584
2023-04-24,473.29483,87.196434,1265.6389,561.35645,1178.4425,16.169008,1008.56793,12.4433365,0.28785825500488293,-4.4844965937499985,896.0159308683777,165.07552796325226,17.674316
2023-04-25,521.98895,114.73112,1504.1077,671.83997,1389.3766,16.257364,1009.9197,11.541284,0.7866312730712899,-5.158081138671875,807.899005642334,177.57302156130982,17.274933
2023-04-26,803.4334,406.62735,1641.7845,924.97015,1235.1572,17.985762,1012.78046,10.493741,1.4668746424560553,-4.7312015644531265,1313.6459244269165,664.8520634299622,18.614471
2023-04-27,649.6917,138.73091,1520.4867,796.58575,1381.7557,18.91895,1012.0959,9.966389,0.7662941271972663,-3.8934325761718753,974.472403060016,208.08245217192535,20.02591
2023-04-28,599.43585,157.92987,1485.9866,792.9148,1328.0566,20.194223,1011.84283,12.66599,2.7442094039306646,-1.8176270136718742,854.2102958020569,225.0538085507263,21.933136
2023-04-29,923.0786,637.2338,1366.9429,943.59534,729.70905,22.18099,1013.53046,13.77364,4.417791219116211,-1.2011107656249997,1513.6578485083007,1044.9315667191772,22.599365
2023-04-30,594.2027,385.90515,962.7108,689.7413,576.80566,20.321789,1011.3034,12.448827,4.045377787841797,0.7879939570312509,1188.4742636004821,771.8550291414184,21.992981
2023-05-01,694.7422,378.78763,1339.6962,781.29144,960.90857,10.703481,1008.5906,11.489112,-2.17351127947998,0.5515140800781246,2075.433071684375,1131.5684937541625,18.063507
2023-05-02,944.6404,621.92395,1434.8136,1032.8253,812.88965,3.4994328,1010.5994,12.012142,-8.051783197799683,-9.06188980078125,4077.386227597412,2684.4333574141847,5.786804
2023-05-03,934.9246,463.42188,1547.8218,999.8412,1084.3999,2.6888733,1012.18195,12.294476,-8.419434708984374,-10.874634248046876,3043.7265741531373,1508.709304921875,3.8806458
2023-05-04,1008.93335,454.773,1527.3777,999.3205,1072.6047,3.1006825,1011.78174,15.213317,-8.397227502975463,-10.592468083984375,4736.41440427417,2134.9214368577273,3.979889
2023-05-05,978.38544,527.3412,1710.3262,1067.4618,1182.985,3.6064873,1016.2199,15.421399,-8.524497725830079,-10.7799376484375,3342.3374357002076,1801.4906216176025,5.5631104
2023-05-06,771.8786,248.64056,1455.4165,937.65173,1206.7759,5.867878,1017.48505,15.063381,-7.268864039794922,-9.814178283203123,2817.8823888725096,907.7073329676269,7.8805847
2023-05-07,644.677,164.83922,1389.5684,747.8275,1224.7291,7.6423135,1017.2702,16.95955,-6.2962275196228035,-9.140380830078126,2094.160779149707,535.4616721985291,10.112274
2023-05-08,583.5599,113.26457,1350.8752,712.858,1237.6107,9.996445,1015.66534,14.315731,-4.769942297851562,-8.044647525390626,1908.222118930664,370.3715264431152,12.071136
2023-05-09,538.1758,92.169754,1208.8948,613.1565,1116.725,10.175086,1014.3094,10.514021,-3.8050469785766605,-6.573028609375001,1795.6591213773438,307.5304859532074,12.00415
2023-05-10,757.33356,340.3119,1389.9242,870.2867,1049.6123,6.284105,1014.6296,14.062245,-7.103366175933838,-9.249298466796876,3632.3938659225405,1632.2356362311402,9.513947
2023-05-11,683.10455,216.70834,1507.435,845.51733,1290.7267,9.885306,1014.5008,15.212471,-4.750026641662597,-7.031036123046874,1674.1337170419617,531.1028054430451,13.991974
2023-05-12,753.66925,182.75604,1720.8198,913.5657,1538.0637,16.292048,1013.0594,16.7791,-0.005374499389649401,-3.655212087890625,1356.9322709020935,329.04032051651,19.82016
2023-05-13,1104.7072,433.26068,1916.6144,1317.7158,1483.3538,21.090065,1010.7202,17.440752,2.761442002441406,-2.5491637636718742,1698.4695729155274,666.1313651008301,22.296417
2023-05-14,1035.5636,661.2603,1496.4072,1127.196,835.1469,20.772116,1010.2601,18.37824,2.8052307073974596,-0.8014525566406263,2178.8461085699705,1391.3046633388915,22.37143
2023-05-15,1227.7134,627.04724,2130.3293,1047.343,1503.2821,20.867641,1015.33026,16.308187,2.9987564489746106,-1.1631468613281264,2114.9011770728025,1080.1730854303344,21.350067
2023-05-16,724.79803,508.8012,1140.9218,747.8259,632.12054,20.469522,1014.7165,17.466867,2.310686476196288,-2.3105465410156256,1369.0844164479674,961.0840155506286,21.166595
2023-05-17,787.3011,298.69547,1531.2118,801.20404,1232.5164,21.813026,1011.6711,16.699026,2.8843474282226573,-0.5788876679687505,1412.446413156854,535.8703875348724,23.49884
2023-05-18,967.4045,596.8368,1493.0665,1185.7373,896.22974,22.29994,1009.4795,17.213121,3.5361371092529303,0.15035984765625088,1589.2926139596252,980.5084893463502,23.551819
2023-05-19,537.8934,154.65309,1164.9995,701.3916,1010.34644,20.51455,1012.96136,18.802145,2.891838255371095,-0.8053593027343737,1013.3593763516236,291.3572997229767,22.11319
2023-05-20,844.47485,456.77692,1122.5323,914.90765,665.75543,18.94442,1015.58124,23.241083,1.5728498608398453,-2.1602477070312496,1525.7579816988282,825.283338290332,20.2453
2023-05-21,787.1802,400.49155,1303.897,893.2617,903.4054,19.604145,1014.44305,27.489527,1.620043050048828,-3.0429384785156266,1411.8999027802734,718.3285264917114,20.206635
2023-05-22,609.179,234.9685,1208.791,744.4827,973.8225,20.172424,1011.6807,25.81698,2.0821633164062483,-1.9382321425781264,1215.724795011511,468.92133685532224,21.255829
2023-05-23,526.9605,188.01083,992.80176,580.9642,804.7909,18.697878,1010.76263,20.439796,1.9566958839111344,-0.020751919921874418,1384.0005473705933,493.788607959845,21.110382
2023-05-24,633.3041,328.24768,1091.9377,698.5699,763.69006,14.853364,1010.81494,13.656716,-0.1875190092163077,-3.7880852636718743,1718.4052563615235,890.666206321289,16.038605
2023-05-25,818.2617,493.19574,1263.7264,870.54517,770.5307,11.775744,1009.8934,12.643615,-3.0262735618286136,-3.9905698496093756,2658.9961149609376,1602.6725017803467,15.266754
2023-05-26,915.9659,629.1645,1274.3997,983.67035,645.23517,9.297587,1011.2233,13.776492,-5.697953605285644,-7.6094363378906245,3589.064652360718,2465.279631754321,11.488129
2023-05-27,724.0766,246.69412,1483.7897,906.85815,1237.0956,11.863236,1012.0965,17.008465,-4.24107457269287,-6.369049396484375,2509.1498072926574,854.8715843280853,15.826569
2023-05-28,698.13947,308.66437,1283.4434,807.2637,974.779,14.777355,1011.5073,16.759148,-1.4867208059082024,-5.389038230468749,2114.0987380819643,934.6942589528137,15.966614
2023-05-29,723.54913,344.0515,1190.1555,821.20135,846.104,12.231445,1012.2669,15.831988,-3.8706186874999986,-5.0030215820312485,2388.0056837759585,1135.5095768162842,14.856628
2023-05-30,765.7742,293.81738,1363.9409,833.86035,1070.1235,9.840461,1012.6258,16.519152,-5.556050222717285,-6.929382603515624,2779.9639327456057,1066.6352550332033,12.345306
2023-05-31,870.2391,427.5526,1341.0696,967.4451,913.51697,8.230956,1011.07916,19.787834,-7.078159922424316,-9.191650072265624,3694.3511032933347,1815.0523354924317,10.818451
2023-06-01,712.10394,300.55945,1283.7083,844.9693,983.1488,11.609071,1010.195,19.705648,-4.2301102221069335,-7.368072560546874,2644.3210846259763,1116.095050626953,13.133575
2023-06-02,715.6296,278.01312,1329.4551,848.08746,1051.4419,13.1117735,1012.11615,15.528961,-3.48226850909424,-5.814330789062499,2380.029685482788,924.6117060006592,16.687866
2023-06-03,732.347,212.31651,1359.0072,783.32916,1146.6907,18.414997,1011.56104,14.636577,1.009451100830077,-2.8664246875000003,1909.850938006311,553.6895761241913,20.700195
2023-06-04,807.34644,417.74478,1319.3807,905.37164,901.636,19.885235,1009.66376,15.589046,2.1777988327636706,-2.4973451132812485,1683.9300940598143,871.3149377044372,20.602234
2023-06-05,701.982,280.8285,1327.28,762.6176,1046.4515,16.79663,1009.0965,13.947482,1.1216848593749997,-0.5964049511718734,1960.4946126176148,784.2975294254151,20.20755
2023-06-06,923.4512,636.9935,1411.8549,977.04877,774.8613,8.51252,1009.9029,15.266431,-5.8588181635742185,-7.2616877480468744,2890.687422035742,1993.986517057361,11.060333
2023-06-07,837.98346,350.12778,1533.5139,900.19727,1183.3861,9.05915,1011.90314,23.491592,-6.043847257873535,-8.35046302734375,2264.9726714617127,946.3550117675445,11.350647
2023-06-08,704.5984,217.85413,1408.063,856.314,1190.2089,12.265159,1013.67755,21.344147,-4.565882346740722,-7.385315394531251,2082.1131813083493,643.7666542968017,14.929871
2023-06-09,705.5671,223.62239,1348.1537,860.4612,1124.5312,13.787553,1014.1351,20.393805,-3.4014751664428715,-6.634796046875,2354.2915622621886,746.1690381474899,15.458252
2023-06-10,593.7414,272.69696,1127.347,707.4094,854.6501,14.27386,1011.40265,21.437956,-2.343503022277833,-4.70999100390625,1671.359105813147,767.6314175618775,15.293396
2023-06-11,746.966,339.35428,1379.2026,823.56287,1039.8484,10.949184,1010.14276,22.99681,-4.819178582275391,-4.639038906250001,2777.2948948811527,1261.753414613916,14.192871
2023-06-12,774.77277,279.63562,1486.9998,899.77673,1207.3641,10.084117,1013.9204,24.322771,-6.038451064270021,-7.978271921874999,2825.8120522304994,1019.9089850875855,12.94458
2023-06-13,680.6252,132.34831,1406.816,813.77466,1274.4678,13.519974,1014.6579,25.946451,-3.791356245117189,-6.581024605468748,2018.80480585979,392.5588057981018,16.00763
2023-06-14,625.0947,231.67009,1252.4517,768.2795,1020.78156,15.555581,1011.95044,26.595665,-1.8937089071655286,-5.067016658203126,1886.5201948879883,699.1745158607773,17.0466
2023-06-15,675.253,327.86966,1280.8801,798.8871,953.0105,15.807687,1010.3365,27.553757,-1.7896431942749018,-5.106171572265627,1897.4430097264099,921.3050544349823,18.154388
2023-06-16,707.26495,231.11852,1413.6162,847.29456,1182.4977,16.158503,1011.565,29.373487,-2.3647914212646484,-4.885040318359376,1758.1043691278687,574.5095511345978,18.521149
2023-06-17,694.9572,215.50325,1451.5831,811.82056,1236.0798,19.978886,1012.6289,28.366934,-0.49869434936523405,-4.576964882812501,1829.5997506021913,567.351031880397,21.932495
2023-06-18,522.7072,111.44095,1103.1372,637.3471,991.6963,19.558155,1010.6944,18.717827,0.3512730598144529,-3.0460816230468737,1366.555966586029,291.34913177691953,21.562286
2023-06-19,588.76166,180.64261,1208.7026,707.0674,1028.06,16.45116,1010.7351,21.428602,-0.9066405690917954,-3.5285340097656253,1618.9186956086608,496.71321581988826,19.030365
2023-06-20,597.3828,153.6641,1357.3071,767.66595,1203.6431,14.61089,1013.30493,14.24984,-2.991562611511231,-7.685211271484373,1590.1566416132812,409.03416197529606,16.344147
2023-06-21,595.08606,84.25149,1387.2362,699.8931,1302.9847,15.221919,1013.075,10.168754,-3.171253940246583,-7.889465078124999,1387.3809018863524,196.42353094138642,16.68042
2023-06-22,536.61334,105.98523,1104.1094,625.8974,998.12415,14.394493,1012.0493,10.673081,-2.487012896972658,-5.789184646484376,1785.1620697402038,352.58312966363525,16.697662
2023-06-23,737.5163,272.64804,1343.6974,799.3201,1071.0493,11.241573,1014.2165,10.016228,-4.510619166259765,-7.350830443359374,2402.8446877445986,888.2934514144134,15.269196
2023-06-24,588.854,183.0988,1166.6157,714.3042,983.5169,15.605821,1014.2265,12.072719,-1.9802063441772475,-5.34368940625,1643.2626373510254,510.9575821359543,17.716309
2023-06-25,585.8438,219.36064,1100.899,668.4441,881.5384,16.44887,1014.7046,11.670143,-0.8834152947998035,-5.06024160546875,1644.2020568984374,615.6473980425782,18.304504
2023-06-26,590.40466,171.28372,1274.102,719.08655,1102.8184,16.550367,1012.6716,14.337789,-1.6784126446533207,-5.854553056640626,1654.7061898654176,480.0508068637848,18.269867
2023-06-27,547.2226,104.19504,1282.3069,694.8486,1178.1118,17.407446,1009.7075,12.298954,-1.304808092407228,-5.950622792968751,1206.8920462413025,229.80074932707217,19.028137
2023-06-28,577.44806,115.27455,1306.7645,700.8785,1191.49,17.099512,1009.96924,13.821431,-0.9669798997802737,-4.640838822265625,1413.8061002010315,282.2346726984695,18.947357
2023-06-29,725.4899,161.17096,1735.1445,903.51276,1573.9736,19.297453,1010.22705,18.009888,-0.16771507336425628,-3.5711662304687515,1266.47072038974,281.3523564338684,23.841614
2023-06-30,1129.8632,565.3354,1873.6088,1240.0387,1308.2734,25.378504,1009.88544,18.51439,3.2808317994384772,-1.5447998847656237,1579.5802197153441,790.3546455379944,28.032318
2023-07-01,1529.2108,910.255,1799.876,1624.4042,889.621,27.723593,1009.39716,18.08093,4.46095675817871,-0.6227723300781243,2291.638015259033,1364.0859400952636,28.854462
2023-07-02,1054.7787,609.09436,1487.6925,1076.1395,878.59814,28.154364,1009.7556,19.149338,5.428874632202149,0.062255537109376036,1987.2243519396238,1147.5460786084227,28.65805
2023-07-03,617.26526,199.63142,1177.897,684.7947,978.26556,27.271204,1009.71466,13.563485,4.2418399947509755,-0.4269709609374992,1593.3719969347655,515.3167396047363,28.25354
2023-07-04,625.8386,104.13788,1099.9641,847.86505,995.82623,23.78058,1009.9839,8.26235,2.6385055206298844,0.5926202832031251,1537.881884986084,255.89944573919678,27.38504
2023-07-05,530.7762,112.032555,1201.1687,681.24536,1089.1361,21.132795,1010.9868,8.277818,0.993575333862303,-4.765503554687498,1225.1257517892395,258.59104426283795,22.240356
2023-07-06,536.04974,190.12106,1064.7866,678.9461,874.6655,21.059736,1010.46655,10.528304,1.3662152518310542,-3.1707453652343744,1227.2870137965026,435.28257352486264,22.213776
2023-07-07,565.66046,162.75629,1182.7197,718.3026,1019.96344,20.00964,1008.5257,10.756462,1.027587739990235,-3.6005248671874988,1421.4832444654542,409.000363539917,21.868286
2023-07-08,568.08325,141.79372,1265.7675,716.3827,1123.9738,20.321573,1007.6202,12.286621,0.576763257446288,-5.167266775390626,1262.0785777771728,315.0151168077713,21.426605
2023-07-09,581.93945,162.44595,1128.1877,679.53754,965.7418,19.84308,1009.1497,12.647067,0.14362352062988393,-3.9575806347656233,1242.1512757378905,346.7413098259094,21.3331
2023-07-10,558.49884,187.17514,1143.7313,696.01324,956.55615,20.574251,1010.1123,8.859832,-0.3312988250732438,-4.080566306640623,1155.7087990842285,387.3239138319092,23.95346
2023-07-11,585.6872,98.683136,1146.3531,616.80347,1047.67,23.095055,1011.16376,14.936505,0.16776862646484503,-5.108124648437499,1302.6025254212402,219.47705752873537,24.016235
2023-07-12,520.38745,70.07947,1236.5979,633.1295,1166.5184,21.949457,1012.226,29.874525,-2.1775568314208975,-6.6699827617187495,1384.9043657502198,186.50211616427,23.259094
2023-07-13,525.197,64.916725,1236.1007,670.13226,1171.184,22.570505,1011.3542,26.022318,-1.8555108577880866,-5.598296230468751,1473.0165148174804,182.0714976188507,24.810364
2023-07-14,520.30566,65.024254,1433.6395,706.28754,1368.6152,25.661844,1009.1926,14.565606,0.99027425354004,-2.3835444492187534,917.1351455497071,114.61729639642869,29.86554
2023-07-15,725.17804,150.48592,1533.0507,908.1463,1382.5647,30.441,1008.0214,17.941809,4.606587984741211,-0.7984006308593763,1530.4286428370729,317.58815606629946,31.102203
2023-07-16,650.6047,116.85086,1222.6748,880.5902,1105.824,30.343542,1008.5872,29.299614,4.528389098999025,-0.8740843535156237,1200.6885210158753,215.6478308811859,30.661713
2023-07-17,483.91245,65.26676,1038.5631,625.3388,973.2963,27.595438,1009.9868,33.911892,2.54550200354004,-0.45425388671874956,1082.6626363883363,146.0220440642929,29.944641
2023-07-18,496.57187,65.384384,1219.31,625.65894,1153.9257,25.466873,1011.11554,31.54273,-0.3162598310546869,-4.414916621093749,1136.222778036841,149.60820630098877,26.603088
2023-07-19,526.7808,72.60312,1228.1914,667.569,1155.5883,24.931921,1012.3631,31.699213,-0.5683989947509751,-4.841431046875002,1360.18754023421,187.466690964328,26.661377
2023-07-20,511.66748,65.447975,1214.0676,666.471,1148.6196,26.704292,1011.77216,22.825377,0.2807602973632797,-3.489196830078125,1094.6181206459962,140.01386115580598,28.5029
2023-07-21,528.28906,65.65746,1308.3444,670.37555,1242.6869,28.21579,1010.02875,16.549871,1.9231247949218755,-2.2327882812499986,1085.6602794039063,134.92934979243088,29.218262
2023-07-22,509.4965,65.6231,1336.6345,674.6901,1271.0115,29.340792,1008.6385,17.00126,3.854036702270509,-0.7255247226562496,1010.5859831662414,130.1633800330307,29.93451
2023-07-23,760.7723,313.9718,1240.1416,920.0107,926.1698,28.601313,1009.2122,23.592516,3.095889637329101,-0.5822147187499986,1816.633135021234,749.7270801729858,30.156738
2023-07-24,747.5699,229.59253,1327.3273,953.003,1097.7347,26.052042,1012.6392,28.287165,0.6070040074462888,-3.8529661347656265,1477.759293974579,453.84719300236816,27.559662
2023-07-25,619.39813,65.71015,1385.8367,763.29706,1320.1265,27.267572,1012.40625,21.733109,0.7298424029541017,-4.051270791015625,1255.9926769359681,133.24462085662157,28.28769
2023-07-26,560.0529,65.53725,1336.1654,743.50275,1270.6282,26.863302,1011.2094,25.353289,-0.14312776916504077,-4.820312921875001,1147.4436980219116,134.27356303157043,28.16333
2023-07-27,581.7135,65.51935,1436.8121,738.0719,1371.2927,27.576044,1010.384,20.85551,0.7800640826416014,-3.825196650390623,1226.829294365613,138.1798007378357,29.194183
2023-07-28,665.30786,92.556694,1420.6423,857.35846,1328.0857,27.809298,1010.17255,23.129105,1.580177561645506,-3.287109441406251,1427.845144126465,198.63980844056704,28.934998
2023-07-29,602.8847,105.12173,1524.2612,812.6027,1419.1395,27.84651,1011.272,26.87294,2.0209999334716784,-3.533874203125002,1155.8770825666504,201.54400034072876,29.131592
2023-07-30,682.444,73.815155,1477.0376,839.6713,1403.2224,27.990591,1010.1282,29.899836,1.3193630491943367,-2.639708583984376,1425.084274690796,154.14132343826296,29.081451
2023-07-31,658.4307,65.329865,1612.8357,867.8561,1547.5059,25.615639,1011.2756,30.966583,-0.8651292670898449,-4.129516697265622,1235.2702949749512,122.56420898649903,27.88681
2023-08-01,624.9687,70.2279,1464.2515,852.1197,1394.0236,22.98026,1013.14966,32.22862,-2.2443241510009777,-5.270203525390624,1382.6129183630676,155.3645810207863,24.477386
2023-08-02,548.2647,80.575134,1234.0946,698.0189,1153.5195,23.1285,1013.3571,24.19954,-1.3038520152587907,-5.588929091796874,1432.4764266158447,210.5223597825928,23.94168
2023-08-03,575.0262,113.091255,1385.5798,724.4317,1272.4885,21.615402,1012.91974,9.368273,-1.277158778320313,-6.302123619140627,1457.9461132474976,286.73643132759855,23.11264
2023-08-04,609.61597,98.14658,1478.8915,780.6267,1380.7449,21.965673,1011.3601,10.072299,-0.8229215533447274,-4.84292560546875,1317.9191876474854,212.18155809079514,25.44513
2023-08-05,621.98096,182.15169,1322.1831,823.11346,1140.0314,25.774271,1009.12036,10.511359,1.71896401135254,-3.9112550546875013,1498.6715127097168,438.89695037316136,27.732544
2023-08-06,594.35034,101.29735,1400.5415,767.99744,1299.2441,25.827347,1010.05743,8.808861,0.8030108017578108,-4.674072443359378,1100.2595102483153,187.52133663740082,27.612946
2023-08-07,476.6578,104.07411,1119.9244,597.0712,1015.85034,24.494278,1012.95135,8.431533,0.5630089541015622,-3.1548458046875005,1203.1770132880708,262.70330094748687,26.67395
2023-08-08,491.7462,120.39457,1118.144,599.7946,997.74945,21.288265,1013.82794,18.727411,-1.1506597717285167,-5.486266994140625,1593.8099696961915,390.2136320265381,23.263031
2023-08-09,541.24396,156.01628,1208.0181,658.27264,1052.0018,19.92432,1012.21747,38.14053,-2.4938777790527347,-7.339782228515624,1573.7845270487976,453.6512709206009,20.601166
2023-08-10,681.0304,186.70998,1498.3716,786.7636,1311.6616,18.40564,1011.8802,38.116104,-3.5033323515624986,-6.843841546875002,1840.399310751306,504.5603159104538,19.76294
2023-08-11,774.87274,261.69275,1505.2993,915.5428,1243.6066,17.18799,1012.47797,32.687122,-4.830219811401367,-7.218170419921876,1738.3405202042238,587.0784775232911,20.00882
2023-08-12,721.5449,152.90604,1419.683,855.4412,1266.777,19.700006,1013.42725,23.477936,-3.1623535150146473,-6.912933830078124,1592.6942463066407,337.51545743026736,21.799774
2023-08-13,1162.2664,578.7727,1757.0009,1287.9791,1178.2281,22.439844,1012.2,21.97193,-1.050481868530273,-4.372375955078127,2452.116668750757,1221.0782739062745,24.735321
2023-08-14,1219.6075,474.25256,1764.0005,1252.4237,1289.7479,24.409723,1011.499,25.16136,0.6318912818603515,-4.359985787109373,2355.7729546350097,916.0580944672363,25.541168
2023-08-15,979.7585,612.69806,1654.2806,1088.3612,1041.5825,25.30355,1012.33954,22.713057,0.23854672021484546,-3.955383601562499,2089.7399990456665,1306.8319003700562,27.307983
2023-08-16,862.20966,368.14197,1768.7502,1047.4979,1400.6083,26.234488,1011.5983,26.567177,-0.031206466430663937,-4.962462974609373,1718.8692679692992,733.9142057003173,27.264801
2023-08-17,1713.3546,977.39386,2114.861,1763.4435,1137.4673,26.436716,1009.0385,18.218098,-0.015132920288085216,-4.745819253906252,4347.070555972803,2479.8135975142336,27.03949
2023-08-18,710.7327,89.125175,1440.4668,900.1168,1351.3417,24.609465,1008.8411,14.6853485,0.303953645385743,-3.348572236328124,1696.5689129076538,212.7480504487076,26.734833
2023-08-19,660.2852,94.8923,1299.622,756.6951,1204.7296,21.981384,1008.62775,21.592432,-1.0068607226562492,-3.542328376953126,1582.9967004119508,227.49896461419067,24.812714
2023-08-20,513.86224,101.3731,1345.536,698.94434,1244.163,17.897303,1004.6189,47.307087,-4.834072372436523,-5.553618759765627,1696.1801315108642,334.61699256935117,19.065521
2023-08-21,782.18085,363.09195,1507.2638,869.8643,1144.1719,14.520886,1009.2414,34.472897,-6.1031965787963856,-6.01666173828125,3919.5799511423766,1819.4870542903107,18.779968
2023-08-22,687.13605,71.0221,1532.603,809.97943,1461.5809,17.06407,1013.36505,22.724182,-4.559612252075194,-7.117186982421874,1306.9267152877442,135.08341368652955,20.382843
2023-08-23,715.5452,109.16692,1483.8785,832.87836,1374.7117,21.117323,1011.0811,17.982399,-2.181576078247069,-6.014282060546876,1488.1148292080568,227.03375218236695,23.328888
2023-08-24,693.5317,123.34054,1180.4092,838.7705,1057.0686,22.055838,1011.11395,22.149817,-0.5982553687744137,-4.221497167968749,1684.450292520654,299.5695974273132,23.194153
2023-08-25,723.16425,316.2889,1258.5265,868.4127,942.23755,22.31665,1011.6604,14.017143,-0.16377260937499827,-4.018279992187502,1504.3246727471558,657.9434945635682,25.085083
2023-08-26,681.6687,219.5395,1229.6274,690.0298,1010.08795,23.394815,1011.4597,9.250031,0.28123644494628763,-4.831359748046875,1549.9510259765623,499.1801448999023,25.075958
2023-08-27,931.8986,285.8942,1689.5532,1077.93,1403.659,25.75946,1010.9842,12.806427,0.3507234492187514,-5.063995583984372,2119.7636991298828,650.3155215952148,27.112701
2023-08-28,1161.8359,169.50952,1743.4038,1442.139,1573.8943,26.902311,1009.3304,15.238926,0.34937332507324115,-5.4068299433593765,3028.5484435937497,441.8591135771484,28.323883
2023-08-29,710.1503,250.87909,1423.4386,850.30914,1172.5596,27.628815,1008.33673,13.302249,0.45789469726562615,-4.4547102246093715,1489.1204754398439,526.0705702054687,29.08902
2023-08-30,608.9277,110.65295,1104.5776,744.2927,993.9247,28.200338,1007.4505,13.636949,1.731710363647462,-2.9464108652343732,1334.3543539660216,242.4758265533821,29.049713
2023-08-31,353.02512,70.338875,943.4622,452.11795,873.12335,26.255735,1006.84894,19.888695,2.270118397338866,-1.8893124843750009,912.9180075385133,181.89534553224183,27.240479
2023-09-01,442.07938,121.78163,1098.741,518.60626,976.95935,21.4496,1008.1901,29.468462,0.13440921972656383,-1.1435240917968734,1565.7944882772156,431.33658249080503,24.59793
2023-09-02,651.1503,293.96814,1145.7319,703.1611,851.7638,15.8796425,1012.8281,34.801895,-5.0824295134277335,-7.692687919921877,2622.048500750537,1183.749258514746,17.251007
2023-09-03,619.71564,111.94687,1278.4847,671.8896,1166.5378,14.732932,1014.5793,21.827133,-5.8071239092407225,-8.023254261718751,1723.327057935742,311.3057935571289,16.438782
2023-09-04,733.95026,189.26375,1684.1805,909.56036,1494.9167,14.03109,1012.1636,19.519987,-5.986694217285155,-8.414306154296874,1909.950678640686,492.5189699588165,17.886017
2023-09-05,666.7718,146.19235,1421.262,798.33453,1275.0696,17.891447,1010.18634,20.352766,-2.6685409327392584,-6.571410921875,1371.8874910489014,300.7917589547974,19.178955
2023-09-06,718.7497,372.86816,1213.7621,776.398,840.8939,18.791912,1011.73047,15.564346,-1.7025049211425767,-5.093017142578127,1414.6879274590149,733.9023501944336,21.755829
2023-09-07,486.82132,164.67465,1053.0084,587.116,888.33374,21.996819,1011.7575,13.3447485,0.6060195424804675,-4.939818603515626,989.940589343454,334.8623316046051,22.798431
2023-09-08,481.6399,70.390884,1240.9813,618.55597,1170.5905,22.76753,1013.008,23.01816,-1.2583885587158186,-7.243529736328124,814.0547421584472,118.97277225801086,23.63327
2023-09-09,509.2424,65.61094,1381.9115,655.81635,1316.3005,23.424425,1013.55206,34.428215,-2.3323098748779287,-6.5119020488281265,1458.694659942581,187.9386441109459,24.933075
2023-09-10,760.8361,156.27144,1671.9077,924.8111,1515.6362,23.685156,1011.89716,39.164326,-2.2045021314697273,-5.7964476953125015,2226.3670253130495,457.2832026131439,25.005737
2023-09-11,838.25903,289.63483,1496.0093,871.73083,1206.3745,22.552368,1010.972,35.69171,-2.7842158359374984,-6.199767777343752,1583.0060799572752,546.9594402322388,23.495178
2023-09-12,542.7812,70.36917,1384.6791,676.3171,1314.3099,21.292517,1010.8366,25.116667,-2.236373291625977,-5.360474248046874,1077.4147980583741,139.68204473096924,22.786896
2023-09-13,614.1486,141.66974,1309.6129,728.62085,1167.9431,19.497183,1011.467,16.384617,-1.4305321539306632,-5.2580878808593745,1254.728171151349,289.4364755855652,20.895172
2023-09-14,639.70197,203.32355,1487.5347,784.7681,1284.2112,19.58454,1011.5993,18.297012,-0.7673495865478515,-4.742522982421875,1018.478390862445,323.71424595438845,21.601593
2023-09-15,1005.1994,654.9884,1726.0239,1121.6323,1071.0355,21.387785,1012.14453,24.116411,0.7751349578857436,-3.9438166464843754,1646.6346306490357,1072.9479002772216,22.900787
2023-09-16,1326.5868,718.21747,1717.0005,1329.6384,998.783,22.14646,1012.35455,25.426865,1.3501435794677725,-3.3357851582031266,2634.894146601477,1426.5384025630187,22.898163
2023-09-17,927.66284,656.3399,1365.2699,1004.4082,708.93,19.988756,1012.9339,21.417374,-0.060426820190429,-4.043579306640623,2466.4185712480958,1745.0401776120482,21.20346
2023-09-18,774.66095,373.93088,1252.497,867.4465,878.56604,16.591103,1012.93536,16.844307,-3.0194153999023428,-4.825652490234376,2762.629499130432,1333.5285246022888,19.571198
2023-09-19,639.2766,202.43326,1354.3966,727.17444,1151.9634,16.606611,1011.5405,15.593108,-2.874188748168944,-6.419921691406248,1717.7237887447511,543.9342169496613,18.899841
2023-09-20,792.7314,284.94275,1489.1057,808.8672,1204.163,14.490098,1010.16876,15.685944,-4.370835000427245,-4.807525521484376,2380.6804755456787,855.7219415083496,18.87149
2023-09-21,665.3114,244.89955,1228.4878,770.268,983.58826,13.367776,1010.07306,17.625349,-5.105679082946779,-7.208527101562499,2762.71224729126,1016.9478361491394,15.003296
2023-09-22,628.71906,365.75504,1131.6471,729.02875,765.8921,16.382072,1012.209,12.659669,-1.5922605512695327,-5.1307682109375,1513.099420997754,880.2401131879394,18.718384
2023-09-23,517.5151,149.54047,1262.1018,618.2662,1112.5613,17.337646,1013.7554,14.496589,-1.3790035156250013,-6.035034056640626,935.454506388324,270.30768700023805,18.769867
2023-09-24,523.02496,145.81645,1197.069,637.7384,1051.2526,19.316025,1013.6816,10.095403,-0.1476172197265626,-5.050292216796876,920.1708936965942,256.5385294612885,20.814728
2023-09-25,510.53256,106.27971,1272.4106,599.624,1166.131,19.22205,1014.43536,9.110164,-0.2923312868652346,-5.899413828124999,1100.8022443216005,229.15862902950136,20.465576
2023-09-26,451.19263,76.00378,1224.9297,621.2579,1148.9259,19.923462,1014.2767,7.5686717,-0.19997408593750166,-6.049408050781249,1117.5282012437744,188.24856307948227,22.126648
2023-09-27,380.09286,64.424774,1155.9423,545.5436,1091.5175,21.731613,1011.1157,12.127294,1.0945641591796864,-4.928527580078125,767.9737187562592,130.1695926351532,22.64743
2023-09-28,403.95264,64.701454,1128.9078,529.1469,1064.2064,20.616158,1008.7373,15.257462,0.6112495317382809,-2.983581185546875,664.589462357666,106.44788702200852,22.28006
2023-09-29,545.51605,200.56726,1256.3604,645.2294,1055.7931,17.835188,1008.22284,15.792354,-0.37925708801269664,-3.0699155917968746,987.0255959674988,362.8949491963257,20.152618
2023-09-30,765.0066,391.8095,1499.504,884.4843,1107.6946,11.699406,1008.6037,20.411827,-5.461273329833983,-4.296753457031251,3312.2360353908693,1696.4109715564575,16.655457
2023-10-01,1004.4052,377.3707,1848.0533,1056.174,1470.6826,6.898309,1010.59766,14.825054,-8.340678769195558,-9.563996279296877,3569.1773249131775,1340.9955646030853,9.415314
2023-10-02,791.6683,220.15294,1755.4927,993.82263,1535.3397,9.378564,1013.7946,18.225355,-6.71225211907959,-9.100677486328124,1471.9684550833983,409.33581898325195,13.3246765
2023-10-03,625.39874,72.57172,1702.0415,817.3041,1629.4697,14.105567,1013.81085,20.615541,-4.363813021545411,-8.426177050781249,1422.6699430529663,165.08763523614502,17.236023
2023-10-04,634.80994,64.86871,1901.6367,838.8068,1836.7681,17.713015,1012.26935,17.761312,-3.9641323973388687,-8.121673902343751,1306.0862759264894,133.46378405037842,20.6026
2023-10-05,806.86005,65.50621,1898.4214,1133.4819,1832.9152,20.139887,1013.1701,14.813347,-3.227886143920898,-7.831634845703125,1553.7081824173279,126.14025869817353,22.442108
2023-10-06,715.11774,65.64891,1800.4634,1071.135,1734.8145,22.05371,1012.2515,13.644448,-2.1481320625,-7.059661904296874,1254.7952817007751,115.19214100199127,23.889923
2023-10-07,695.7956,65.559135,1745.0581,1005.3055,1679.499,23.241522,1010.75507,14.682209,-0.9211121646728522,-6.1173709160156235,968.3982872451171,91.24426064968262,24.520111
2023-10-08,769.32965,149.72035,1643.7715,1058.9689,1494.0511,23.361265,1010.39325,16.548315,-0.9431188175048817,-5.127501947265625,1044.1724378565002,203.2079030704971,24.55478
2023-10-09,750.26776,360.1103,1315.4253,823.57733,955.315,22.45743,1008.8874,16.233458,-0.0695071141357424,-3.91259776171875,1757.1150925175782,843.3725386503907,23.43097
2023-10-10,565.0359,105.1567,1168.6942,813.0598,1063.5375,18.52711,1006.4577,18.945503,-0.447429853881836,-2.1449586972656256,1379.3583224628173,256.7071798463661,22.26181
2023-10-11,508.36856,111.50065,1247.0172,631.5146,1135.5166,13.266656,1003.501,15.910663,-4.9786390780639636,-6.999084800781251,2166.0130441221313,475.07237406678775,16.33368
2023-10-12,613.31915,89.95794,1736.019,779.6172,1646.0612,14.4773,1005.52997,10.456098,-3.345483309753419,-8.14334119140625,1693.2612689132018,248.35730873089065,16.767029
2023-10-13,749.43097,222.24326,1484.9429,899.21967,1262.6996,15.969363,1009.91144,12.085767,-3.0191277874145506,-7.174346462890625,951.3216019602233,282.11378850760804,16.7518
2023-10-14,589.89777,124.93844,1495.7607,748.6504,1370.8223,16.634176,1013.7312,13.596191,-3.3386187457275405,-7.463378904296874,773.2930292828675,163.78096183137743,19.624298
2023-10-15,444.47128,64.98817,1533.3676,603.51154,1468.3794,20.345793,1015.14764,12.244611,-1.443775229614257,-6.862548404296874,847.4874405104371,123.91499128094789,23.022736
2023-10-16,486.38266,65.13933,1555.2605,686.7895,1490.1212,22.60087,1013.8789,11.359668,-0.25753786755371166,-6.19476321484375,818.4294870299316,109.60906133566894,23.121155
2023-10-17,503.13855,64.75061,1547.8446,722.6558,1483.094,22.700935,1011.21356,12.4794235,0.457842363769533,-5.766327125,736.2557718453492,94.75125811837158,23.326172
2023-10-18,592.85693,65.22869,1709.7583,778.7361,1644.5297,23.194717,1010.5538,11.634872,0.3453234072265623,-6.047820621093749,1117.4096341542968,122.94225424301146,24.431213
2023-10-19,918.18,427.28607,2007.5093,1109.3597,1580.2231,24.09789,1012.1567,12.997329,-0.20989914611816474,-5.868010996093751,1343.385199109967,625.160414287323,24.925354
2023-10-20,852.0462,335.79227,1854.4216,1074.6621,1518.6294,24.031448,1011.3579,20.854464,-0.5908836357421876,-5.724303736328125,2132.604250789337,840.4614827464874,24.94577
2023-10-21,1135.7638,219.21681,1785.1351,1429.2544,1565.9183,21.197418,1009.0577,20.658928,-1.8076017871093732,-3.5745543027343736,4055.1355929575193,782.692582909729,24.17569
2023-10-22,508.94092,184.24431,1271.7554,626.6274,1087.5111,17.27865,1008.1015,14.1576605,-1.3961427161865245,-4.3476561074218765,1328.6762773725586,481.00090455345156,19.75589
2023-10-23,771.80756,248.09808,1787.9271,860.9285,1539.8291,11.215259,1006.7281,18.476244,-6.174581401672363,-8.08511353515625,2523.0774914398194,811.0450398529052,13.585876
2023-10-24,723.7204,197.91911,1594.2391,830.0963,1396.3201,15.424998,1008.1176,18.59447,-2.304560716613768,-6.712096794921877,1151.3070741645813,314.8531887981033,17.581085
2023-10-25,732.85077,328.52048,1302.3716,906.40424,973.8511,14.099709,1011.86566,18.09007,-2.9771674428710924,-3.7439572324218737,1902.1454637788636,852.6889266433503,17.660187
2023-10-26,586.40314,206.2462,1290.0497,725.5577,1083.8035,11.909119,1013.5726,19.568014,-5.14514934765625,-8.092529060546877,1790.872307654901,629.8748859085098,14.110138
2023-10-27,553.0396,175.87259,1303.084,628.6954,1127.2114,12.135375,1013.9827,14.067996,-3.7517569771118158,-7.649688279296875,968.3047235460022,307.93139431628725,13.852814
2023-10-28,482.01907,110.13544,1451.0529,645.4947,1340.9175,12.929073,1013.86084,11.257436,-2.6143746662597653,-9.0454403671875,1434.0564397883027,327.6642800734192,13.235474
2023-10-29,525.65454,107.1064,1527.6044,690.6276,1420.4979,10.8063965,1016.25854,4.981144,-4.939780515624999,-8.89178512890625,3298.8961452586423,672.1769926682281,12.775818
2023-10-30,578.05524,149.28757,1522.3257,770.34937,1373.0381,11.14276,1018.1821,2.8082228,-4.830550723205567,-9.663603876953125,2759.0382226687498,712.5445418906249,13.945526
2023-10-31,461.1211,64.206184,1605.5024,658.8352,1541.2963,14.71877,1017.2818,3.7415993,-2.523182972839354,-9.707550011718752,1718.7791680992189,239.32163087663727,15.973938
2023-11-01,449.8893,64.47234,1532.3678,664.9855,1467.8955,15.426498,1015.78326,5.892487,-3.003481586914063,-9.037475515625001,1204.3574692862915,172.59300496947938,17.025146
2023-11-02,486.53354,64.60539,1491.0796,670.59717,1426.4742,16.439083,1015.82684,7.413822,-2.9420849006347645,-8.1039732421875,898.1482593151276,119.26253001530304,18.237427
2023-11-03,392.7244,64.51054,1396.775,527.813,1332.2645,18.016796,1015.7576,7.9141755,-1.9800398879394514,-7.240601064453124,537.1687034165985,88.23755656332017,19.387909
2023-11-04,482.01657,64.5701,1248.0048,702.0161,1183.4347,19.204088,1015.2398,7.9446692,-0.8480467889404295,-5.894836169921874,631.4047855995055,84.58188345923462,20.40335
2023-11-05,391.4506,64.386116,1282.1558,541.81537,1217.7697,19.687143,1013.29614,12.273919,-0.10777667419433712,-5.913543306640626,668.5302425591644,109.96040532496872,20.45346
2023-11-06,417.8821,64.23193,1217.8286,532.7602,1153.5967,17.494822,1011.83856,12.239385,-0.6911884515380855,-3.9091487167968744,862.3664709872955,132.55285281049805,19.963165
2023-11-07,621.73456,101.06447,1636.4741,702.2837,1535.4097,10.864474,1013.57806,14.486649,-5.333142703430177,-5.622681082031249,1940.519541736554,315.4361830417832,14.926941
2023-11-08,643.70703,86.315796,1935.6747,881.60504,1849.3589,8.83672,1017.54193,8.128998,-6.25331353338623,-10.543304173828126,2942.4024130457033,394.5518594729858,11.040497
2023-11-09,716.23944,153.14032,1656.957,840.21967,1503.8167,10.069569,1018.45123,3.8030071,-5.362784365966798,-10.102447984375,3149.731700423096,673.4492578977051,11.967041
2023-11-10,405.1338,63.723186,1468.004,537.24365,1404.2809,12.422605,1016.7669,5.437514,-2.973064439147949,-8.368560986328124,946.8296706083985,148.9261209656868,13.348114
2023-11-11,515.4875,63.929,1606.9475,610.33325,1543.0186,13.783357,1016.7024,6.7183404,-2.373746333435058,-8.394897609375,1013.1964307169433,125.65316718431396,15.8479
2023-11-12,437.5144,64.443146,1606.3546,590.67377,1541.9115,15.125027,1015.91595,5.627556,-2.020303297119142,-8.73992922265625,1186.5476834868896,174.77108080926817,16.114197
2023-11-13,376.06216,64.3123,1006.6581,517.41144,942.34576,13.653684,1015.1342,8.503161,-2.9398463375854504,-4.640044296875001,910.2296999486542,155.66300621823885,16.110596
2023-11-14,443.99203,66.45414,1467.6913,580.0097,1401.2372,13.330417,1015.0545,8.579099,-3.322714320617674,-8.109557892578124,700.8330356593049,104.89660354816209,15.415985
2023-11-15,449.07217,64.51409,1006.23157,394.17517,941.71747,13.529775,1013.0283,15.069756,-2.8509683341674794,-4.795196138671876,1408.3488519949067,202.32459710409012,15.603058
2023-11-16,900.8674,323.29193,1658.147,1083.5763,1334.855,9.447872,1014.75934,19.53581,-5.780155838134766,-9.3496090390625,2696.3762174181516,967.6415229208374,10.855835
2023-11-17,713.8066,132.51596,1658.8751,827.595,1526.3591,9.980854,1015.11053,15.54393,-5.719715965576173,-10.061066416015624,1991.6450590651184,369.7426808728058,10.840424
2023-11-18,605.97455,143.33365,1115.6062,739.2887,972.2726,8.931362,1015.27545,20.375816,-6.023371847900391,-8.163116390625,1823.4898848307616,431.31755160825196,10.386475
2023-11-19,447.7189,101.76584,1090.6688,525.4339,988.90295,8.845886,1017.571,14.623096,-6.048447769531251,-8.783691732421875,1737.5352757350463,394.93917601031495,10.246124
2023-11-20,402.9878,93.9403,1150.7601,501.93878,1056.8198,11.076546,1018.1662,5.282184,-2.7871292846679694,-7.550506388671874,2633.140252812158,613.8101192516488,12.130402
2023-11-21,387.72,74.38988,1351.261,559.1767,1276.8711,12.138059,1022.7542,5.4987435,-3.34037933758545,-9.861999306640627,1884.8428217942658,361.63526730129246,13.250336
2023-11-22,332.158,63.792324,1375.066,474.97214,1311.2737,13.85075,1020.4551,7.2514043,-2.230513030517578,-9.057129279296873,1032.9570727355897,198.38370418001173,14.602814
2023-11-23,339.93155,64.11081,1206.0067,458.8617,1141.8959,13.622097,1010.6452,10.015357,-2.674798984619141,-5.685852332031249,553.3562464242463,104.36253092945252,14.62616
2023-11-24,703.2612,180.25056,1695.8567,773.4168,1515.6061,8.061944,1009.8746,11.662385,-5.346751992126466,-5.692657671875001,886.2082398979979,227.1411086692947,12.073486
2023-11-25,754.46924,338.2782,1735.9291,967.2809,1397.6509,5.980353,1015.8664,9.163358,-6.564930121429443,-10.258300974609377,1516.232383370508,679.8267347937012,7.358551
2023-11-26,439.48575,103.53166,1247.4147,567.00195,1143.883,6.020677,1017.7544,6.847297,-5.705823410308838,-9.971648785156251,1829.2923177875887,430.9347337373703,6.941345
2023-11-27,542.54803,63.12654,1419.4272,725.1616,1356.3007,6.797934,1017.5654,6.649279,-6.128101944671631,-9.900177,1940.9187178744628,225.82974678695066,8.46875
2023-11-28,615.5335,82.888596,1583.7106,749.3074,1500.822,8.159535,1019.85645,10.138301,-5.81011459197998,-10.16708416015625,1008.0960354479859,135.75160972110902,9.201111
2023-11-29,600.6213,87.69367,1415.1342,616.0424,1327.4404,6.6854157,1016.16943,13.403984,-6.328890255218505,-7.161346441406248,1607.415995601471,234.69067248739242,9.138123
2023-11-30,502.69077,233.24289,1215.478,611.87756,982.2351,5.737555,1012.916,17.238714,-6.180593972991943,-9.197510173828125,1301.593170182074,603.9246645244323,6.415497
2023-12-01,519.9355,133.04047,1354.0464,643.9288,1221.0059,5.269179,1014.5678,12.02124,-6.349329132659912,-9.864105021484374,1998.8544359692016,511.4644672017212,7.144928
2023-12-02,386.20523,63.02695,1264.812,492.76337,1201.785,8.963821,1019.11053,10.012918,-2.624881588867188,-7.972137841796876,826.1886515305206,134.83025961431466,9.914337
2023-12-03,326.9984,128.03331,973.8382,400.6884,845.8049,10.659579,1020.54803,14.007809,-1.483054722961425,-6.7313536171875015,549.1913495898925,215.0309709852356,12.481567
2023-12-04,301.36603,63.509678,1222.9104,434.3495,1159.4008,14.130356,1018.9482,15.275703,-0.8511171650390619,-7.570403953124998,681.5630798583373,143.63215380591964,14.651123
2023-12-05,481.32968,64.12641,1375.7487,641.3504,1311.6222,14.44789,1018.69196,16.878838,-2.719218718322754,-8.524902732421875,1285.1114060233247,171.21234353802566,15.402374
2023-12-06,322.77237,64.23172,1021.00684,432.06232,956.77515,14.632389,1017.39355,14.344348,-2.238778931396485,-6.302887300781251,778.3431038144531,154.8903221816406,15.341492
2023-12-07,384.27097,75.429214,1065.6455,432.39914,990.2163,10.784016,1016.4649,11.359328,-3.1377413444824214,-4.800537548828125,1109.028678639801,217.69316330583192,13.534637
2023-12-08,352.17432,73.68111,1040.3152,432.19284,966.6341,9.483173,1016.14825,6.4493523,-2.4833766296386717,-7.518401978515627,1310.8396448481444,274.25087823097226,10.698822
2023-12-09,377.2788,70.87908,1119.4423,462.9193,1048.5632,8.874482,1020.1206,7.295112,-3.4478018451538084,-7.0741573359375,1988.0637776825683,373.49602406835254,10.982056
2023-12-10,335.69995,63.01823,904.222,373.40222,841.20374,12.242326,1021.7585,7.525389,-1.2478162172241216,-7.129211093750001,1412.94330238501,265.24039194830704,14.291504
2023-12-11,253.72377,63.829754,645.0126,396.78787,581.1828,15.646968,1014.3117,8.755919,0.7817208878784179,-4.350433816406252,439.9563831161118,110.68063364613533,16.132263
2023-12-12,360.59195,63.49842,1315.4595,477.46774,1251.961,13.141231,1010.4432,8.952923,-0.7527504168090822,-4.197815273437499,570.430285074762,100.44989158631135,15.31897
2023-12-13,786.4011,281.9437,1533.1576,782.6994,1251.2139,10.396191,1014.8604,8.959357,-2.2658263566894536,-6.545624169921876,1355.4485251343751,485.9608594792969,12.059601
2023-12-14,381.41898,63.22836,1323.2253,537.2413,1259.997,9.6386,1019.1976,8.174805,-3.3859656505737306,-8.960296904296875,754.3633560037781,125.05187282260513,11.061798
2023-12-15,404.11417,63.449726,1314.4861,541.64557,1251.0364,11.841891,1020.39264,6.484381,-2.4479027112426763,-9.014709919921874,1320.0106765073028,207.2540951852665,12.797882
2023-12-16,448.16333,64.046715,1245.9928,654.1262,1181.946,13.283463,1017.90753,6.795309,-1.9130334755859373,-7.797485630859374,1093.972783741992,156.33890181992797,14.992828
2023-12-17,274.5237,63.98576,1005.4312,363.99316,941.44543,15.156152,1015.7715,10.7146635,-0.5314122284545899,-6.764953880859377,743.1570193046906,173.21442329646723,16.020172
2023-12-18,562.5259,64.294846,1501.8386,608.8105,1437.5438,13.921174,1013.76654,16.90122,-2.5058029506225594,-5.246642919921875,854.3067584854003,97.64443410580292,15.454132
2023-12-19,898.52264,472.84625,1427.9421,1070.4171,955.0959,9.403863,1012.06006,21.707922,-5.209197046813966,-5.147430601562501,1943.1118246694946,1022.5598102184448,11.761108
2023-12-20,556.58813,182.18675,1161.3783,636.21246,979.1915,7.7899756,1011.18195,20.251738,-5.7930253568420405,-7.508148314453125,1799.8017599865723,589.1250944626313,8.212128
2023-12-21,457.98642,157.53,1182.5248,596.6443,1024.9948,7.4309373,1014.1546,21.413134,-6.42190570980835,-8.69183408203125,1944.7216286516418,668.9106546065979,7.848816
2023-12-22,895.1845,476.90347,1359.3881,1039.7771,882.4846,7.3899727,1012.7884,21.99306,-6.375603313232421,-6.565368525390625,2763.029867222516,1471.9854127834076,8.618011
2023-12-23,469.93457,67.579254,1313.7937,708.9014,1246.2145,7.7830315,1013.6911,17.297487,-5.047588536376953,-8.738647830078126,791.5398387337891,113.82791416340943,8.518524
2023-12-24,621.5703,254.69043,1255.6178,614.77106,1000.92737,7.033844,1018.1316,12.321301,-5.903947005859376,-8.976623138671876,851.3373214664063,348.8381987569336,8.243683
2023-12-25,345.89774,103.94458,1024.7391,376.64963,920.79456,10.626176,1019.80304,9.841894,-1.2591591195678706,-6.098480138671874,679.7802636784332,204.27851003928222,12.056183
2023-12-26,269.30106,107.966385,964.644,330.53317,856.6776,12.147194,1019.23016,11.951798,-0.7044130913085933,-5.940765300781251,382.2280102358856,153.2403069449997,12.778992
2023-12-27,214.17683,68.62697,686.007,228.5728,617.38007,12.55458,1019.1194,11.474584,-1.343391265197754,-4.220855925781251,271.5811088787903,87.02056060552368,13.066101
2023-12-28,348.5901,139.33116,1080.2621,412.35175,940.9309,11.731677,1019.57684,10.916411,-0.8624099446411133,-6.3350217011718755,456.3409572900391,182.39909230794677,12.445831
2023-12-29,189.04932,82.30865,503.333,241.30411,421.02435,12.125603,1018.32764,12.144012,-0.7038262778320306,-3.467987396484375,366.0651901048828,159.37815137930602,12.920319
2023-12-30,703.32465,181.95367,1204.6204,546.2239,1022.6667,6.5132117,1017.15765,15.213036,-4.673352272857667,-3.5203860664062496,2232.2337051913573,577.4902485000488,10.612732
2023-12-31,378.18686,199.27669,838.77893,461.74414,639.50226,4.790526,1018.67303,13.085252,-5.489645086761474,-8.1613463515625,769.3334633691009,405.38220870324244,5.1712646
2024-01-01,756.63086,188.10513,1663.6349,969.57697,1475.5298,5.062641,1018.08624,14.361051,-6.4588968562011715,-10.229095482421876,1540.481286926758,382.977291843454,6.5000305
2024-01-02,460.13794,74.67286,1213.9403,630.44196,1139.2675,6.88693,1021.15204,11.831615,-4.623153011138916,-9.220824326171876,955.9664781799316,155.13771870700836,7.4360657
2024-01-03,671.8745,122.31995,1409.3159,618.7709,1286.996,4.593586,1019.3672,12.9296,-6.460163031982422,-5.95636012109375,2692.1971372099606,490.13529086059566,7.501526
2024-01-04,575.62085,304.21863,1340.9172,715.73346,1036.6986,4.285666,1018.7278,8.841537,-5.26081601107788,-9.246582423828125,2986.842480263184,1578.5618637761231,5.8334656
2024-01-05,429.20474,115.87971,1443.7651,583.9206,1327.8854,6.5713525,1020.7114,9.302987,-3.474138518157959,-8.913452322265623,1311.7685825847473,354.1604842990494,7.5957947
2024-01-06,362.0066,62.64302,1067.6768,516.5978,1005.03375,7.2233186,1020.2837,5.0738792,-2.8099194231872566,-7.823455964843751,1318.2683624172364,228.11825556193543,7.828186
2024-01-07,710.32367,227.27153,1497.5917,752.14154,1270.3202,2.3849576,1014.2968,8.068213,-6.814710448043824,-5.272796591796874,4896.26389470044,1566.5835664194947,6.5276184
2024-01-08,643.48016,261.16498,1591.281,821.8693,1330.116,1.0492464,1020.77325,5.6604958,-5.770552569602966,-10.54037490625,3115.721299823914,1264.556906133728,2.583496
2024-01-09,354.90836,139.8069,968.74066,428.23264,828.9338,5.9513154,1022.9016,8.177307,-3.16393759701538,-7.251312400390624,833.6153117030183,328.3810332049942,8.151215
2024-01-10,388.03116,124.41842,1119.015,472.64444,994.5966,6.822586,1015.0755,9.007403,-1.8544989404296874,-5.442657468749999,1229.1483735738832,394.1144773687729,8.723145
2024-01-11,737.41016,190.29721,1996.9282,813.15845,1806.631,2.2577858,1014.0625,8.17267,-6.8480762028808595,-9.12667894140625,4501.6972772656245,1161.7149940081786,4.364685
2024-01-12,413.90146,115.20768,1111.1011,561.65497,995.8934,5.4373145,1019.6094,8.081311,-2.9530119896545415,-6.016601250000001,926.2602236600525,257.8205245664688,8.761719
2024-01-13,324.08337,144.257,913.357,423.32333,769.1,9.629146,1017.21875,14.992832,0.07011062225341824,-5.852692314453126,689.4398676122314,306.8856274740875,10.399628
2024-01-14,362.5837,148.05768,942.91046,406.3634,794.8528,9.283057,1015.4834,13.746871,-0.6809247871704098,-5.194336044921876,690.2030009467803,281.83796205932003,10.374054
2024-01-15,324.31845,94.89586,1044.4807,401.53955,949.58484,10.7488365,1015.8911,11.278,-0.35309348266601503,-6.362334886718749,541.1600050153289,158.34388471611786,11.538391
2024-01-16,309.5856,84.38147,1066.8723,392.85635,982.49084,12.327668,1016.7155,16.064232,-0.3719388099975589,-6.2452084375000005,542.665852440741,147.91043876765139,13.032227
2024-01-17,339.58786,67.1712,786.104,372.21927,718.9328,11.05115,1015.41583,22.435156,-0.9041096780395517,-1.7378840644531248,587.1348114161224,116.13651899570922,13.278534
2024-01-18,448.86975,108.53404,959.9401,469.89706,851.40607,9.960462,1016.13776,14.952659,-1.8993253834838875,-6.242035216796875,757.0747193059692,183.05617492571258,11.470978
2024-01-19,317.16562,80.46186,925.49146,438.79636,845.0296,10.98072,1015.6435,13.917484,-2.1896074336547855,-5.1168514453124985,566.6732459540375,143.7595408748787,12.056519
2024-01-20,528.0996,69.119415,974.8154,479.91534,905.69604,7.668209,1012.7581,21.570013,-4.807773924072265,-5.1838072890625,1531.6186212615235,200.46328696162416,9.023804
2024-01-21,760.2309,461.3704,1212.0479,792.7959,750.6775,5.8318686,1011.11523,19.97381,-6.417375351470946,-8.096130365234375,2047.5095740213562,1242.59655776857,7.0419006
2024-01-22,579.8338,169.5219,974.37946,526.0989,804.85754,6.890508,1009.2888,21.568438,-5.65080782510376,-6.458496154296874,2154.042679150781,629.7621818794922,7.917267
2024-01-23,519.13416,102.523705,1291.1986,743.87634,1188.6749,6.78097,1010.29425,16.88663,-5.600011903411865,-9.402649361328123,1932.0252462902833,381.55529448554995,7.7172546
2024-01-24,343.08142,104.99599,837.99646,407.98358,733.0005,8.165463,1017.2026,15.381516,-3.5275665524291995,-5.992706328124999,724.2366455625,221.6440085234375,8.817139
2024-01-25,692.9326,101.64414,1234.7053,587.2698,1133.0612,7.452616,1018.5267,17.015802,-4.899778785247802,-8.692291494140626,1650.217641966797,242.06532124403384,8.3645935
2024-01-26,360.10437,74.60894,1262.3463,476.92044,1187.7374,8.852216,1021.0442,11.048877,-3.194139233093262,-8.949493837890625,1132.003932055664,234.53648607476805,10.605316
2024-01-27,287.43088,63.689156,1137.991,392.41788,1074.3018,12.5398035,1022.47577,15.888969,-1.8649214950561515,-8.424804529296875,889.627079579834,197.1242544800415,13.145782
2024-01-28,317.45447,64.02884,1180.3317,428.96085,1116.3029,13.188642,1019.894,14.525645,-2.3406834518432618,-7.636199896484374,857.1397294215454,172.88042035126648,13.725006
2024-01-29,443.52548,64.04204,1574.4009,611.1368,1510.3589,12.639863,1019.2573,14.907359,-3.872136985778809,-8.827575166015624,618.1705597827392,89.25958946793213,13.484955
2024-01-30,350.52084,63.865208,1252.8403,462.79443,1188.9751,13.082955,1016.88403,10.330375,-2.684775639587402,-7.604644888671874,588.3676732209534,107.20111038757553,13.966339
2024-01-31,345.24045,68.73439,995.73956,446.1094,927.0052,11.487281,1014.3594,13.321122,-2.8845521543579107,-3.6295780410156233,1011.9134936521058,201.46323347724305,13.955658
2024-02-01,508.34012,174.3975,1170.8578,563.5643,996.46027,6.0782967,1008.43726,18.404007,-5.7471453386230476,-5.981720398437499,2853.03654760083,978.7983329412841,8.129517
2024-02-02,725.472,337.41968,1362.8782,751.3894,1025.4585,2.9573746,1010.3527,13.198712,-7.5356414272460945,-9.036163138671874,3790.4518302895513,1762.9530315839845,4.540558
2024-02-03,726.90546,307.5397,1329.8351,702.18695,1022.2954,2.6971245,1014.982,11.699173,-7.194622518798829,-10.051940978515624,2408.917434128723,1019.166586884613,3.714447
2024-02-04,688.3039,357.39365,1311.1772,698.4934,953.78357,3.553524,1013.2609,19.664688,-6.789707982666016,-8.032562515625,3789.2106758594973,1967.5027724502563,5.6970215
2024-02-05,744.2337,472.3918,1104.5571,779.0759,632.1653,5.54703,1011.188,23.162298,-6.385577027923585,-6.500336031250001,4733.229232482147,3004.3502974481967,6.706543
2024-02-06,526.2497,263.8874,1062.0708,550.2318,798.1834,3.300082,1006.696,18.579042,-5.728666531692506,-6.674804697265625,1035.4546882827758,519.2277315942994,4.4493103
2024-02-07,830.7246,476.5358,1560.0101,890.6578,1083.4744,1.6331062,1009.5117,12.953647,-7.547652768310547,-9.880676203125,3891.7443410736328,2232.4552214153287,2.2253418
2024-02-08,906.1167,486.7563,1646.009,993.16406,1159.2527,0.2514852,1014.1714,11.297828,-8.269122801263808,-9.0682677265625,5585.462357465088,3000.4511764607237,2.7122803
2024-02-09,968.5037,558.84015,1761.4147,1121.1527,1202.5745,1.1146749,1017.4861,10.985046,-7.731946574195861,-10.31906091796875,2219.9456397166446,1280.9395795386658,2.510559
2024-02-10,671.6457,213.86047,1602.9974,853.82135,1389.137,2.1082218,1016.67206,8.985199,-6.453184230667114,-10.22509766796875,2707.890991874524,862.2267036014405,3.8425903
2024-02-11,544.8354,62.450882,1365.3439,786.13947,1302.893,3.8806965,1020.74414,5.6969323,-5.273156464889526,-9.759765482421875,1379.8365377126038,158.16154861988983,5.7969055
2024-02-12,465.55917,99.99368,1344.1814,610.91003,1244.1877,5.446813,1019.9244,7.930266,-4.8771808934631355,-8.771056923828127,758.5580014725524,162.9245271814758,7.669403
2024-02-13,429.43384,92.66203,1156.6337,529.09546,1063.9717,7.1538453,1015.52783,9.6706915,-4.234440689788819,-7.726806326171875,656.7224324401856,141.7057306400299,7.9516907
2024-02-14,531.1276,158.46173,1127.296,549.9983,968.8343,6.406967,1017.429,12.576011,-4.650463836914062,-7.409057855468751,1223.3453015081177,364.9846196822144,7.659973
2024-02-15,564.18604,188.79156,1261.4619,627.0129,1072.6704,7.216948,1020.25244,14.355347,-4.37979746762085,-8.268036216796876,1427.7793931235353,477.7727366900025,8.267853
2024-02-16,322.99197,63.00981,984.7648,400.40555,921.75494,9.232104,1018.54755,14.968877,-2.5099926985473626,-6.257171400390625,589.9418687600952,115.08684083433228,10.838715
2024-02-17,391.03723,123.50614,989.4374,451.5704,865.9312,10.91952,1016.9212,13.740147,-1.5099956218872066,-5.083740255859375,563.2739596523926,177.90580502667544,11.623688
2024-02-18,640.304,253.27083,1273.9341,614.7736,1020.66327,5.962995,1016.52563,15.080437,-5.9197379476623535,-6.48162820703125,1291.8119438397096,510.97333879264227,9.221863
2024-02-19,695.0803,154.99178,1126.417,684.8923,971.42523,6.7639174,1015.9056,21.914276,-5.545110553863525,-6.615447984375001,3046.9971956635745,679.431556627533,7.404541
2024-02-20,855.05206,467.1474,1500.387,848.70685,1033.2395,6.2788253,1018.8113,22.291824,-6.259294716949462,-8.189789201171875,2815.0344662223815,1537.9601879859924,6.625519
2024-02-21,610.3652,131.71066,1340.3779,733.40936,1208.6672,4.916992,1018.6208,17.160528,-7.222553812499999,-9.71560701953125,1389.0762027593446,299.7486675101166,6.263855
2024-02-22,516.4084,64.66077,1631.842,661.9434,1567.1813,5.988054,1021.4214,11.41789,-5.933508201324463,-8.890106056640626,869.8117423755493,108.91127170026856,8.722992
2024-02-23,399.61548,63.41136,1263.0729,585.019,1199.6615,9.283134,1019.3728,10.078816,-4.250408539550781,-7.867553935546876,989.4991954705811,157.01466723288118,11.127716
2024-02-24,472.36264,215.74431,1082.5862,625.48315,866.84186,11.122925,1016.31635,12.51747,-3.3410751953125004,-7.958801117187502,719.5272894491608,328.6329277936722,11.45813
2024-02-25,270.0496,63.54854,750.691,366.96945,687.14246,10.993686,1016.1123,12.19957,-2.963504777648925,-5.311737031250001,348.4369668776092,81.9947914582077,11.440918
2024-02-26,323.63318,109.283676,960.865,390.60364,851.5813,10.345738,1015.4816,14.730527,-2.3573405890502936,-4.187683560546876,536.926861472168,181.30817574920655,11.852325
2024-02-27,749.8693,117.65583,1634.6995,1001.75116,1517.0436,6.572992,1014.0046,17.365648,-5.961382152008056,-9.26684602734375,1345.6926923392577,211.14157646862793,8.116272
2024-02-28,519.636,63.06817,1660.3948,721.5751,1597.3267,9.502147,1016.0505,12.260869,-3.450528279113769,-8.154906591796873,1156.488704381421,140.3629205008217,10.886993
2024-02-29,596.2937,211.84924,1177.5614,699.4681,965.71216,8.2438545,1018.0119,13.487222,-4.276371477294921,-5.2808838144531265,1811.485166622168,643.5784258623535,10.829315
2024-03-01,831.4824,415.96472,1375.5818,838.97424,959.61707,4.538513,1019.0501,12.54532,-7.13652281640625,-8.220153701171874,3087.195951199609,1544.427844566577,6.7270813
2024-03-02,816.3293,421.47498,1530.6461,864.99164,1109.1711,4.389351,1016.01514,16.30063,-7.551549108886718,-8.524657955078125,5699.25049290672,2942.5521140442993,4.938446
2024-03-03,786.73224,439.5151,1403.9155,865.4052,964.4004,2.8266575,1015.9196,14.744266,-7.90669446635437,-10.117828109375,4617.991341667035,2579.8827796142486,4.230713
2024-03-04,645.62256,314.49237,1302.4165,758.5668,987.92413,3.9384525,1016.71075,11.915881,-6.827096517776489,-9.43853717578125,2701.442123373779,1315.9127204039978,6.093445
2024-03-05,560.6475,167.65025,1369.9492,651.66907,1202.299,6.775251,1016.7774,10.395573,-4.672610088287353,-8.250305771484374,1368.7824084114807,409.3065758495346,8.367584
2024-03-06,697.20624,357.25592,1190.0366,724.6455,832.7807,5.3039794,1013.56476,13.120282,-6.412270603179932,-6.358428878906251,2192.937421061218,1123.684548840393,8.326599
2024-03-07,673.92584,287.46356,1495.4841,841.51306,1208.0205,4.011369,1010.58954,15.471336,-7.157510771636963,-10.046051013671875,2220.565769517242,947.1839566535339,5.636261
2024-03-08,650.0948,137.96542,1769.0752,842.65955,1631.1097,6.464784,1017.55585,11.943267,-5.548417854644775,-9.011718732421876,1577.9685769879152,334.88209301116945,9.339874
2024-03-09,642.6011,65.05086,1536.5073,938.253,1471.4564,8.956248,1019.2181,7.4903736,-4.460229716613769,-9.002014421875,1054.7267828980957,106.77056801609345,9.593018
2024-03-10,479.80215,160.08499,1060.063,554.59174,899.978,8.199467,1017.71484,8.338377,-4.772196294677734,-7.157165238281252,860.0449301928314,286.9522031067352,9.506531
2024-03-11,548.97003,128.85448,1378.9099,614.22565,1250.0554,6.915325,1016.2747,12.203216,-5.104586835205078,-8.062011708984375,1618.0254331278993,379.7836107426041,8.313873
2024-03-12,633.68304,300.62805,1200.1577,698.51276,899.52966,6.115158,1017.61774,16.242865,-6.283732918945313,-8.696685244140625,2411.549009887622,1144.0723985427246,7.9778748
2024-03-13,553.5235,132.69986,1430.8512,703.00726,1298.1514,7.762694,1015.6865,12.896483,-5.017340118011475,-8.793640416015624,1987.3419859187013,476.43867558386233,9.043549
2024-03-14,861.2181,91.94107,2494.576,980.2816,2402.6348,6.3660264,1012.07635,8.792634,-5.583891598480225,-6.9151005078125,5419.416801435315,578.5607558528137,9.0477295
2024-03-15,1503.4569,797.6061,2500.0503,1981.1438,1702.4442,5.828846,1009.55707,11.332885,-6.179090022216798,-8.942443251953126,3740.970640438721,1984.6401359001466,7.2521667
2024-03-16,751.639,192.25754,1632.8328,919.4703,1440.5752,5.4224563,1015.1433,15.853496,-6.61539073550415,-9.156585796875,1265.7617661231627,323.762135917923,6.680908
2024-03-17,630.53076,106.56607,1727.7511,814.3832,1621.185,7.707209,1017.5092,17.86199,-5.20673088973999,-8.483337833984375,872.4305466391114,147.44957872552186,9.03067
2024-03-18,875.51434,300.3817,2170.6074,1033.1757,1870.2257,10.476498,1017.05444,17.004202,-4.0209153498535155,-9.252411111328126,1513.4379077523438,519.2480009734375,11.049286
2024-03-19,1119.5709,755.08075,1999.4015,1215.7584,1244.3208,11.381059,1017.03564,17.522257,-3.946022307067871,-7.921722486328125,1045.6388814115905,705.2181993829254,12.5903015
2024-03-20,896.39435,322.12402,1746.896,1157.868,1424.772,12.333454,1015.14325,16.430422,-2.7310778679199217,-7.474487488281252,1199.434530926056,431.02310690771486,12.9088745
2024-03-21,592.596,121.71005,1213.9927,769.1289,1092.2826,12.091157,1016.7737,13.6319,-2.195784040466309,-6.514251800781249,1100.6394107239928,226.05430778407288,12.693054
2024-03-22,394.42383,85.26102,1009.21985,479.62308,923.95886,11.757777,1016.78253,11.56784,-2.369019785949707,-6.197998205078125,744.6092374570312,160.95919214639892,12.34079
2024-03-23,551.0949,105.56186,1379.4302,613.1499,1273.8683,7.771576,1012.7317,15.596599,-4.744324072265625,-4.395111835937499,2195.383400037982,420.5242130664276,12.114868
2024-03-24,791.04083,377.734,1459.9034,897.2404,1082.1694,2.788039,1009.2774,12.549947,-7.4698690309600835,-8.790984671875,5466.597074073357,2610.383108350232,4.3234863
2024-03-25,669.1352,160.70445,1625.7936,818.0973,1465.0891,4.8574243,1011.23145,10.559702,-6.047520740814209,-9.769714666015624,3174.6329646241456,762.4433118303527,6.8052673
2024-03-26,671.0815,175.29614,1744.067,809.6756,1568.7709,5.829229,1014.74176,11.287372,-5.975439121978759,-9.139312296875001,1863.7778227371216,486.8455943786621,8.157471
2024-03-27,477.27188,120.38083,1165.2279,596.8254,1044.847,8.606979,1018.4831,11.676633,-3.7610126298828117,-7.558196513671874,939.0029306689147,236.84184124175414,10.8003235
2024-03-28,484.20615,67.89514,1288.5916,562.35065,1220.6964,8.82198,1017.3051,13.891856,-3.6889820236206052,-6.415863400390624,1170.654837753485,164.14863089406737,11.01059
2024-03-29,622.1977,149.02437,1271.0807,656.32355,1122.0563,5.006958,1012.88214,12.219268,-6.4327429921874995,-7.228209996093749,2317.8759273620726,555.1611646884246,8.222229
2024-03-30,797.5876,290.2578,1406.9268,825.80176,1116.669,3.382866,1007.5246,16.727036,-7.575444094238282,-8.230468794921874,4362.2676349972535,1587.5150069703125,4.72171
2024-03-31,731.2751,248.58746,1386.0875,777.3808,1137.5,2.5194588,1007.86444,15.631047,-7.583656229248048,-9.34350598046875,2774.0781424249876,943.0118191660766,3.53302
2024-04-01,790.11115,148.61224,1813.3807,1007.64136,1664.7686,4.6379776,1012.02057,14.70345,-7.203070399902344,-9.125854662109376,1222.4242505504637,229.92614610549316,8.918121
2024-04-02,781.70526,238.17429,1724.1594,985.6147,1485.9851,9.933017,1021.3182,11.8163185,-3.9484382229614265,-8.484131513671876,1669.6716271463013,508.72479332962035,12.7846985
2024-04-03,656.1341,94.94213,1488.0503,810.8362,1393.1082,12.305409,1021.2283,10.214875,-3.56781356854248,-7.8337397636718755,1377.2324844409607,199.28454893896867,12.921417
2024-04-04,720.02783,254.31766,1351.2152,829.7379,1096.8976,8.237194,1012.4995,11.055799,-3.7896759387207037,-5.97540283203125,2925.081818419043,1033.1544460883972,12.102722
2024-04-05,1071.6146,638.6363,1644.685,1092.7316,1006.04877,-0.26844788,1012.8261,10.348772,-8.626570875976563,-9.046570134765625,6528.189488766236,3890.520558302185,2.5127869
2024-04-06,880.5713,385.6986,1792.4331,1030.6483,1406.7345,1.5351015,1020.19794,7.2541366,-7.255708467063904,-9.901855263671875,3014.253728223144,1320.2718312258667,5.7417297
2024-04-07,588.096,132.09346,1457.1858,790.7793,1325.0923,5.447824,1019.1623,8.329526,-5.114424998687744,-9.368530248046874,1241.1166397259522,278.76977397225954,6.8025208
2024-04-08,741.86896,156.22363,2156.5703,977.5149,2000.3467,6.0568314,1014.1521,9.067509,-5.520156640136719,-8.646483998046875,2515.812061603833,529.7826465894532,10.181427
2024-04-09,1259.3044,765.9337,1927.73,1492.4766,1161.7963,10.842744,1016.6297,6.822124,-3.5674571264038093,-8.610747490234374,4599.03712550061,2797.224780159851,13.6805725
2024-04-10,504.7109,63.84849,1524.291,699.1962,1460.4425,15.103969,1016.5356,10.072558,-1.6994673796997084,-6.169463947265626,1044.5430309068483,132.13999555745394,17.289154
2024-04-11,732.3538,123.30455,1699.5321,952.74805,1576.2275,17.495562,1012.7951,12.663709,-0.46190440026855484,-5.6372068574218765,1253.9039151716004,211.11661307194976,18.369171
2024-04-12,586.79816,175.64066,1042.0542,710.59204,866.4136,15.702934,1009.2946,11.881999,0.6785952651367193,-3.1419369687499987,1723.5991157571227,515.9083665563079,18.168457
2024-04-13,912.9777,445.53497,1779.219,1007.32544,1333.6841,6.3873696,1014.09283,12.768098,-5.969911367279053,-5.182220125000001,4513.856808081543,2202.7712428637697,10.607422
2024-04-14,767.88605,291.13464,1397.7817,870.8451,1106.6471,2.5009167,1018.5411,12.712457,-7.326721280563355,-8.194274892578125,3010.99944616272,1141.5837721130372,4.6737976
2024-04-15,699.70087,187.31961,1586.5939,834.7508,1399.2743,4.6114426,1017.81854,12.293056,-6.842575434082031,-8.18490593359375,1803.4060051168394,482.79675887503964,10.324768
2024-04-16,533.394,63.031975,1608.9124,695.9857,1545.8804,12.741694,1015.9456,11.40273,-2.542992549621582,-6.821075425781249,1307.7832057963196,154.54272236623305,16.042664
2024-04-17,493.64697,63.534954,1140.8632,679.65643,1077.3282,16.00606,1014.195,10.988444,-0.614200353393553,-5.823760078125002,952.9421878733887,122.6486568186802,16.89917
2024-04-18,315.5047,63.737564,1008.26843,463.36,944.5309,16.27004,1012.8452,9.849433,0.15977451208496163,-4.482086517578125,477.10980365054934,96.38467102046204,16.65622
2024-04-19,488.08804,127.547226,1217.1743,605.3144,1089.6271,14.505718,1012.2212,13.226953,0.07231523120117167,-3.9548342949218735,1005.6474281806275,262.7959064639588,15.917023
2024-04-20,559.57965,213.52158,1409.3663,733.8652,1195.8447,15.373479,1013.28094,16.500372,0.2901438894653321,-3.9720768984375,1262.505533890265,481.7404828612519,18.29358
2024-04-21,1130.3624,755.1084,1662.4603,1201.0383,907.3519,19.81646,1013.4124,18.153664,2.626539655761718,-2.9005741796874993,1926.1208458313965,1286.693535333203,21.01184
2024-04-22,593.3227,290.97385,999.86536,734.69586,708.8915,18.871723,1010.66486,12.850002,2.462065175048828,-0.8421017363281251,1234.2039375087709,605.2710797981354,20.47702
2024-04-23,600.8113,275.0852,1126.5544,643.9004,851.46924,12.764679,1012.5848,12.136478,-1.2254230449218753,-2.0761409472656247,1817.9038271156007,832.3386466373291,16.632904
2024-04-24,652.5819,254.5829,1289.3296,742.5063,1034.7467,10.228841,1015.3213,13.2024765,-3.479816172058106,-6.057983767578126,2408.1839297894408,939.4720300481339,12.214813
2024-04-25,755.6728,281.22858,1417.7075,845.2316,1136.479,6.8993683,1015.83545,15.791959,-6.340872713867187,-8.206940164062502,3455.164438175592,1285.8620678889586,8.650757
2024-04-26,799.5616,364.1511,1489.5675,959.114,1125.4164,6.7185135,1013.24976,16.152868,-6.841916511230469,-9.229980341796875,4280.77196754657,1949.62817014151,8.937775
2024-04-27,676.9369,127.56158,1519.9839,868.5346,1392.4224,8.148795,1012.83575,11.50665,-5.664067872131348,-8.532348294921874,3150.2168639906617,593.6249548722038,11.135773
2024-04-28,616.85834,71.58085,1580.0365,842.6312,1508.4557,11.53914,1014.3079,13.897034,-3.4713022523803705,-7.279113585937498,1014.0315840705688,117.6692232057724,14.712524
2024-04-29,536.67474,65.80303,1328.9734,696.44025,1263.1704,13.684327,1012.0728,12.593976,-2.6149818744506845,-6.993346953124998,1300.538772183124,159.46230999908067,15.401123
2024-04-30,511.5795,66.870834,1370.4272,646.9897,1303.5564,15.339301,1009.1733,11.149386,-1.2527528906860361,-5.9601133359375,1120.4059619393677,146.45325259620972,17.06018
2024-05-01,595.5964,105.39465,1625.8958,731.7317,1520.5011,14.579014,1009.29645,11.502797,-1.0862681755371089,-5.904266070312499,1008.3494863789733,178.43400176798096,16.812378
2024-05-02,661.1601,192.38983,1475.0065,761.15393,1282.6167,16.384634,1010.07416,10.172465,0.5065930179443363,-4.412353162109376,1065.3716913780763,310.01066416186524,17.410309
2024-05-03,637.15356,198.6309,1362.7668,806.7625,1164.136,14.856976,1009.60724,12.396256,-0.5920564445800789,-4.579285025390625,1189.4582807430174,370.810410746994,17.125824
2024-05-04,550.2,224.55289,1107.2314,608.59125,882.6786,12.598587,1009.89746,16.222406,-2.1201679638671873,-4.735076750000001,1868.747463961029,762.691073658371,14.957031
2024-05-05,815.11163,334.01306,1733.0217,867.23346,1399.0087,5.530815,1011.5844,15.058116,-7.2139308754882805,-7.179260630859375,4286.1098970353205,1756.344321743225,9.633453
2024-05-06,587.98627,92.67282,1410.6105,782.57574,1317.9376,8.8082285,1014.2432,8.856362,-4.525076507263183,-7.43289145703125,1926.070848607324,303.5690271411621,13.983582
2024-05-07,459.62875,71.63443,1219.3668,608.17426,1147.7324,14.28297,1011.6966,11.283076,-0.7276925715332023,-6.632812496093749,1050.5883801799773,163.73714461372376,15.0581665
2024-05-08,661.0637,85.289665,1783.1777,796.04156,1697.8881,13.027233,1010.04376,10.062869,-2.0091518762207023,-6.688567892578124,1240.1976497980713,160.00884490846175,14.728485
2024-05-09,1032.4132,209.29156,1875.5938,993.07056,1666.3022,13.855881,1011.5168,12.132027,-2.239899262695314,-6.986449990234377,1775.2582566732176,359.88165962274167,14.969635
2024-05-10,1439.32,682.0651,2215.8105,1547.462,1533.7454,15.766197,1013.2251,13.312963,-0.7257627954101551,-6.096954373046874,2231.271634851892,1057.3552943308412,16.378693
2024-05-11,1206.0441,686.56647,1916.1693,1372.782,1229.6028,16.764265,1012.3037,15.869388,-0.11272793957519411,-5.632598455078124,2979.500511323486,1696.144606699829,17.836884
2024-05-13,867.41034,552.5752,1233.9869,920.1783,681.41174,17.692911,1011.2734,14.337098,1.05003014807129,-1.9583743242187488,1904.8513208417357,1213.4667329853517,19.539368
2024-05-14,784.4664,252.70697,1515.8693,830.8781,1263.1624,16.185928,1010.7321,14.6104,0.0802613447265621,-4.557830666015626,1550.7044080132935,499.5418896455933,17.367767
2024-05-16,706.7321,255.9834,1307.8059,756.80566,1051.8225,18.059847,1011.112,20.89156,1.330091878051757,-2.6590272558593746,2194.5624490969662,794.8861252081055,20.389313
2024-05-19,582.65845,251.52878,1111.2552,653.1261,859.72644,16.252619,1013.9871,11.246497,1.0994367896728523,-4.044006169921875,1750.2409509032227,755.5643787291871,16.9971
2024-05-22,928.60156,433.48947,1427.5923,1041.2911,994.1028,15.637241,1012.24976,15.25307,-0.38475863647460784,-4.16079694140625,2288.482463246875,1068.3086195888307,17.177185
2024-05-23,610.4201,245.10515,1256.4292,731.2922,1011.32404,15.528993,1010.7985,14.583726,-0.09679834710693314,-4.570557197265625,1813.0357954131407,727.9976591697281,16.613373
2024-05-24,618.5334,179.12843,1223.8427,754.33746,1044.7142,13.458524,1010.3438,17.304749,-2.2774922496948236,-3.935241623046874,2223.1245321488527,643.8210502111024,15.687286
2024-05-25,672.65375,233.99313,1260.5536,762.24005,1026.5604,10.174255,1011.8616,15.804959,-4.5311926289062505,-7.375487763671874,2806.272891754718,976.2059453428619,12.530792
2024-05-26,636.7237,210.46405,1265.4,824.20154,1054.936,13.195773,1013.32184,15.014862,-2.451270875305175,-5.1672668671875,1943.3147783406678,642.3475413208313,16.477661
2024-05-27,568.3161,160.3823,1195.5546,718.357,1035.1722,16.797579,1013.82324,15.657046,-0.02598918835449382,-3.6442867460937514,1495.0075616305908,421.9003145990356,18.83551
2024-05-28,538.45856,166.60736,1063.4252,638.04486,896.8178,17.877607,1014.1011,13.037536,1.1822973455810555,-3.1700441093749987,1220.9799243044129,377.7899712680969,19.011963
2024-05-29,518.82196,134.29755,1217.1643,720.7643,1082.8667,17.567713,1013.873,13.747264,0.5948697838134756,-4.8573000683593754,1112.650011720581,288.0104890545654,18.837555
2024-05-30,545.9034,136.93797,1225.3003,681.999,1088.3623,19.430586,1011.8975,14.069655,1.5595058612060555,-1.9255369257812482,967.0743908979492,242.58726246496582,22.237976
2024-05-31,568.14886,148.61353,1181.4784,646.39624,1032.8649,20.300138,1009.9704,12.704563,2.3130074735107407,-1.6517949042968745,1162.8818693927492,304.18079652509766,22.155548
2024-06-01,554.5678,199.88205,1161.2134,696.456,961.3313,19.783144,1010.00885,12.838443,2.611923997192381,-1.6712638574218737,1391.5994657763367,501.57212218528747,21.822296
2024-06-02,550.9068,196.73904,1215.9353,697.91223,1019.1963,17.215485,1009.91943,18.060362,0.23457361914062602,-2.8549497578124985,1536.1048873953614,548.5715690855714,19.981323
2024-06-03,508.11377,141.57758,1150.2028,644.68066,1008.6252,18.494053,1008.84937,27.37223,0.38724088696288916,-4.0470576347656255,1462.826515085449,407.59263785064695,20.67685
2024-06-04,600.1584,104.40523,1628.7593,791.26117,1524.354,20.505602,1007.8791,24.334747,0.8934318829345713,-3.0316166953125006,1041.5584949790345,181.19242234318085,24.599487
2024-06-05,771.9089,270.636,1500.7452,927.16675,1230.1093,25.661459,1008.64716,25.653273,4.35192296911621,-0.32049546679687424,1298.8562500506287,455.3869685113525,26.998322
2024-06-06,690.44366,352.30475,1183.6238,804.4498,831.31903,26.038496,1008.62646,24.801603,5.249693017456053,0.27850258789062465,1427.9870483887573,728.6425291792358,26.750153
2024-06-07,453.67593,112.012344,1030.5945,584.7045,918.58215,23.753565,1008.56635,25.534613,3.737662834594726,1.3950196191406263,1171.2686325645172,289.1855962017471,26.371735
2024-06-08,482.99844,176.07095,1023.48956,616.28455,847.4186,21.208624,1009.3545,19.556929,2.417463886108397,0.06573438281250077,1356.1235689771088,494.35763787298276,23.372192
2024-06-09,562.3903,197.11247,1116.43,670.7569,919.31757,18.888353,1010.6342,16.259466,0.8013973477783196,-2.2191470234375004,1446.4798252626708,506.97745814232786,20.963501
2024-06-10,589.0828,144.14705,1316.1959,740.7847,1172.0488,20.200243,1010.4966,17.52993,1.35571499621582,-2.425506164062501,1160.0155952268615,283.85282641930087,23.150757
2024-06-11,766.5171,366.25635,1423.8187,906.28784,1057.5624,24.144602,1009.67914,19.106611,4.031636821899415,-1.0234374628906266,1444.6402720555177,690.2764161827637,25.392426
2024-06-12,675.37646,347.04416,1235.8318,816.56506,888.7876,22.87429,1010.6626,18.60069,3.5056724663085923,-0.16781609375000173,1811.6700817341798,930.9319357605835,24.791504
2024-06-13,514.5851,105.68791,1214.176,633.67584,1108.4882,19.890333,1011.7739,12.24162,0.773857175659181,-3.10861174609375,1102.7898984182373,226.4961919285675,21.444885
2024-06-14,525.0371,111.99008,1326.8181,731.0156,1214.828,22.635263,1011.31396,16.53621,2.1587434429931633,-2.386901931640626,1071.5664028074218,228.56443277614136,26.20932
2024-06-15,458.866,76.16536,1234.9268,625.3963,1158.7614,25.699814,1008.0192,12.947183,3.104883842773436,-2.9606017597656233,1446.3541125561067,240.07462219391633,26.253021
2024-06-16,495.3856,87.766624,1295.8572,654.07806,1208.0906,21.365427,1005.2482,12.469081,0.5275940172119142,-2.1764222617187485,1296.6511231978911,229.72547963142472,24.766907
2024-06-17,524.9661,125.03175,1220.1133,658.3735,1095.0815,18.74528,1004.2146,17.167814,-0.3234606878662092,-4.1844482226562505,1571.001710405182,374.1671874231156,20.832947
2024-06-18,680.2561,159.48268,1623.0933,864.1472,1463.6106,17.974817,1005.4748,11.52499,-1.153299723999023,-5.8172001386718755,1692.4733761126952,396.79201790772703,20.259308
2024-06-19,651.3852,186.39621,1310.0568,826.4082,1123.6605,19.035791,1007.9401,16.247248,0.002584397094725688,-4.526520312500001,1402.9379254381713,401.45572025824583,20.25293
2024-06-20,593.54004,132.95628,1281.3573,728.3355,1148.401,19.625193,1007.83185,18.520485,-0.09168435778808615,-4.894164716796876,1340.0245437626952,300.1729816101288,20.72879
2024-06-21,596.38336,119.2436,1345.9863,740.0322,1226.7427,20.798044,1005.6577,14.414838,-0.4137687952880853,-4.760619630859374,1162.194979377716,232.37454443157728,23.992828
2024-06-22,560.8381,180.05055,1149.6779,658.3217,969.6273,24.762482,1006.54395,13.080211,1.2135716894531257,-3.5968932460937495,1234.4492429914305,396.3055977862976,25.905823
2024-06-23,469.97574,82.85352,1284.6621,487.89093,1201.8086,24.907173,1009.49365,25.921824,0.024065156738281246,-4.341827468750001,1260.5448161174163,222.22546968719405,25.80127
2024-06-24,536.49,64.79653,1462.2817,636.07074,1397.4852,23.945923,1010.0381,38.062008,-0.6551571484374996,-5.3733520761718765,1321.6951304714355,159.63254105046846,25.893097
2024-06-25,586.95135,98.84493,1187.3798,680.9726,1088.5348,24.031733,1009.6718,39.01809,-0.218117440795897,-3.0389707578125,1648.226904190979,277.5679377849197,25.762573
2024-06-26,488.67123,105.86511,1077.1454,631.37085,971.2803,24.030363,1010.91895,33.00867,1.0856210828857407,-2.3015439042968744,1253.2815291151062,271.50931047770996,26.218048
2024-06-27,502.756,117.50169,1088.6243,646.25885,971.12256,24.113266,1008.4881,28.966173,1.5013489912109392,-2.585235267578124,1185.6429169083283,277.1027050408615,25.957
2024-06-28,504.267,130.43925,1013.18695,630.60406,882.7477,22.912878,1006.44366,14.407013,1.1998650364990233,-2.0836489667968756,1314.9657054360198,340.1435097563553,25.021759
2024-06-29,491.23373,145.31229,1036.2932,608.5471,890.98096,23.559626,1008.15216,10.990471,2.484491625610353,-2.633880310546875,1046.6093306283874,309.59843392300417,25.184357
2024-06-30,576.08813,107.22795,1275.5742,725.9615,1168.3463,24.490622,1010.18555,9.850652,1.2008415667724606,-4.672272052734375,1256.5656286856934,233.886014296048,25.898346
2024-07-01,603.84503,143.01753,1353.1265,743.4146,1210.1089,23.75235,1009.39307,12.070584,0.45730385351562575,-3.9847717714843753,1336.6655653435548,316.5822366386231,25.57071
2024-07-02,668.7105,186.24693,1487.5907,837.3059,1301.3438,24.060148,1007.55493,10.951645,1.0737682391357417,-2.711456312500001,1042.2868404861695,290.29411733905334,27.37793
2024-07-03,791.19354,327.27225,1396.7008,876.46075,1069.4286,27.989996,1008.22797,14.653483,3.2589989564209,-1.720306609375001,1574.8790538395692,651.4388446380158,29.31665
2024-07-04,860.4521,413.2926,1544.4714,1100.777,1131.1788,29.08637,1010.6276,21.036058,3.8941954681396496,-0.5139465917968735,2228.487958790845,1070.387999169287,30.777618
2024-07-05,1007.7845,118.16242,2438.3113,1173.9052,2320.149,31.187544,1008.7363,20.499367,4.924628869018555,-1.027069523437497,2180.451379953662,255.6572564583435,33.76819
2024-07-06,1479.4784,942.6964,2104.373,1524.7098,1161.6766,33.26862,1006.82184,18.523056,5.962648537353516,0.7476810703125025,2262.0465665035276,1441.334452296179,33.734497
2024-07-07,856.6409,419.03015,1578.041,1081.8181,1159.0109,31.55586,1009.23456,17.254213,6.5595075194091805,2.634369277343751,1811.609076591278,886.1575472776489,33.46576
2024-07-08,1025.7789,553.8425,1380.8439,1025.3667,827.00134,31.205133,1007.8724,14.587924,6.07980343811035,0.7020264277343742,2440.6696604337158,1317.7758067595214,32.21689
2024-07-09,762.39264,117.38693,1367.2589,802.3484,1249.872,30.670942,1006.7923,13.124677,5.5715923065185535,0.37994409960937503,1511.3471169446839,232.7047674600067,31.893402
2024-07-10,629.8886,141.59077,1438.0864,698.83685,1296.4956,29.71383,1007.82074,14.489865,3.476851947875975,-0.6209413417968754,1307.84773791568,293.98717646268767,31.281525
2024-07-11,627.4932,112.533295,1447.1864,737.42126,1334.6531,30.780304,1008.35205,20.147585,4.682061955078126,0.7376101582031254,1322.5696040152955,237.18680780546265,32.133087
2024-07-12,782.5137,115.23816,1569.2096,1011.6337,1453.9714,30.761553,1008.1281,24.451918,5.828593810668945,1.4155887949218737,1431.5171303443358,210.81471783079834,32.137665
2024-07-13,768.24835,144.4657,1481.3912,1096.0221,1336.9255,28.524649,1009.90985,29.383804,4.3365626663818375,2.032866957031249,1635.5325978872863,307.5546574501831,30.883606
2024-07-14,748.29266,265.72125,1229.227,891.345,963.5058,26.404184,1013.612,29.844696,3.007242341430665,-0.8826594667968735,1694.993779968347,601.898016669397,27.545197
2024-07-15,686.6518,139.32532,1589.6548,818.5719,1450.3295,25.086473,1013.98755,28.299326,1.3746494649658203,-3.7451784199218743,1643.7624096497682,333.5281743715576,26.243195
2024-07-16,659.28357,149.5931,1357.0991,913.3322,1207.506,25.02836,1012.2666,27.970236,1.5120393668212877,-2.5415648730468767,1901.4026246568237,431.43301994525297,26.355255
2024-07-17,711.69366,123.205284,1484.4545,849.9531,1361.2491,26.210535,1011.6272,27.304688,2.4531710494384775,-2.194305128906251,1903.6985655631836,329.55994176866454,28.010193
2024-07-18,985.2549,506.02045,1520.8197,1040.2919,1014.79926,27.062952,1011.31396,30.533117,2.2347300416259763,-2.2066345,2135.1554135153324,1096.6018186095155,27.929688
2024-07-19,771.6216,147.04071,1343.1583,964.0289,1196.1177,26.957474,1012.12726,23.840149,1.960851754882814,-3.0668335644531233,1692.9688473263184,322.61324446621705,27.583221
2024-07-20,629.9285,95.95863,1287.3044,787.01715,1191.3458,25.897675,1010.61523,25.507507,-0.5776194394531267,-4.377015615234377,1529.2530457909425,232.95505116567995,27.694244
2024-07-21,507.14102,65.97647,1156.4514,623.7815,1090.475,27.634155,1009.03094,31.269531,1.2530952734374985,-2.5814212070312514,1189.9359148839417,154.8046183482971,28.315613
2024-07-22,581.73944,91.49429,1433.645,727.9016,1342.1508,27.616272,1008.29736,30.989853,1.7281669726562505,-3.149720156249998,1322.6735087135742,208.02625594750975,28.92334
2024-07-23,719.82196,106.63996,1514.3892,975.19244,1407.7491,28.137054,1008.76984,36.10238,1.9785704433593736,-2.5304264921875017,1728.257975584473,256.03742822552493,28.999146
2024-07-24,720.0542,246.22737,1425.2075,844.8567,1178.9801,28.376642,1012.76776,34.871914,1.5659222271728517,-2.9479067656249995,1794.1950509033204,613.5370522270202,29.33374
2024-07-25,662.6607,88.83553,1325.7885,810.8108,1236.9529,27.899649,1013.7016,32.717216,0.820150666381835,-3.3092046582031216,1740.5803929188232,233.34020846980283,29.187225
2024-07-26,617.98145,97.913536,1353.6404,788.7893,1255.7268,26.680155,1010.3538,22.426493,0.511264800415038,-2.4996337832031266,1477.9678853054688,234.1705611850647,28.607147
2024-07-27,641.9998,201.4487,1126.2373,813.3526,924.7886,24.152605,1008.8633,14.539283,0.6217670567626961,-2.481200919921875,1835.3834877282716,575.9123410707276,26.422882
2024-07-28,461.63583,85.32425,1021.1824,572.3037,935.85815,21.630152,1009.5676,9.66374,-0.36526125134277265,-4.8857426718750006,1321.9161837808472,244.3300492119751,22.776611
2024-07-29,494.59384,104.098564,1168.2334,614.074,1064.1349,21.7073,1011.48773,9.656613,-0.2943498138427749,-5.369323435546875,1293.6186006764833,272.2715642045517,23.229279
2024-07-30,544.9509,93.52741,1288.6405,691.22034,1195.113,22.365982,1011.2386,9.1097,-0.25909194433593896,-4.727080916015623,1202.0890501282713,206.3089952296829,24.426361
2024-07-31,606.91693,72.30608,1291.6382,702.9926,1219.3322,23.524328,1010.1867,9.597556,0.1335732318115248,-3.909026914062501,1142.4987276595277,136.11353443160476,25.764038
2024-08-01,618.44196,85.85944,1339.2179,686.813,1253.3584,25.709396,1011.6377,26.547556,1.2258553623046886,-2.85882608203125,1105.1080927223938,153.4242060654457,26.255066
2024-08-02,826.118,187.3072,1646.9978,905.6721,1459.6906,25.374067,1014.1504,35.01526,-0.5147476934814463,-4.784668337890626,1407.5042102696104,319.1259432795486,26.660004
2024-08-03,666.3421,135.89194,1468.96,829.17285,1333.068,26.057611,1012.34717,25.109604,-0.6790235345458981,-5.447448951171872,1455.5469596118835,296.84015988150935,27.379425
2024-08-04,575.0205,65.46742,1339.512,761.82227,1274.0446,26.7789,1009.3374,23.478287,0.18924914648437507,-3.232482619140626,1235.636383340039,140.68007670566712,28.89389
2024-08-05,653.2369,65.93246,1648.4274,765.383,1582.4949,28.18837,1008.61035,24.30931,0.7157767509765627,-4.312286328124998,1487.390778303534,150.12521778087844,29.426514
2024-08-06,656.4873,147.84308,1541.9897,800.2326,1394.1467,28.914759,1010.1821,27.314482,1.2533606822509782,-2.644927552734373,1431.9651654064453,322.48321789168705,29.999908
2024-08-07,574.11005,65.30081,1389.2379,793.0016,1323.9371,27.112356,1011.74347,27.504326,0.9426941859130871,-1.74951155078125,1526.917604354291,173.67569108758852,29.63446
2024-08-08,612.78326,70.082016,1466.3575,847.23834,1396.2755,25.748795,1010.2114,27.57763,0.6633625556640617,-4.592895373046876,1280.703540862915,146.46987161727904,26.988068
2024-08-09,631.6548,99.990265,1546.3694,841.6982,1446.3792,26.254232,1008.9053,26.393913,1.1892774066162097,-3.4405818261718757,1160.4935417956542,183.70486439292907,28.365753
2024-08-10,689.56476,116.48001,1605.9281,919.0861,1489.4481,27.609991,1009.02856,27.007517,1.6064710736083967,-4.343261832031253,1388.0777226441285,234.47153648322143,28.508972
2024-08-11,585.7414,90.76402,1390.5493,760.90405,1299.7853,26.502327,1010.8252,24.387472,0.5107899653320302,-3.296265312500001,1205.0445984818114,186.72864263424682,28.268555
2024-08-12,557.4987,70.24551,1351.8019,722.6688,1281.5564,23.642847,1011.2122,27.209589,-1.4992069388427751,-5.0941765234375005,1367.9396224872437,172.36203098503876,25.627563
2024-08-13,594.3035,85.34127,1441.2845,771.99786,1355.9432,23.346994,1010.7693,20.942152,-1.1335215999755874,-6.175934039062501,1416.0477289296143,203.3427475030609,24.27771
2024-08-14,630.90326,89.17235,1492.6421,823.74506,1403.4697,22.22322,1011.66705,13.515793,-1.9455661748046857,-7.240814220703125,1433.8612820180788,202.66304758435365,23.420624
2024-08-15,642.524,82.02344,1484.795,831.78,1402.7716,22.251892,1011.10516,12.749866,-2.2295629101562504,-7.0128475859375,1494.3490057950805,190.7658621234375,24.212524
2024-08-16,607.58276,65.670746,1338.2344,720.50806,1272.5636,23.12149,1009.41064,11.802464,-1.9648055214843758,-7.105255419921875,1310.1146731207032,141.60409556782227,24.16507
2024-08-17,559.10065,114.813805,1188.2046,666.63776,1073.3907,22.506424,1010.21893,20.065023,-0.9994960498046872,-4.485564570312501,1446.7212303376466,297.0906393836975,24.210815
2024-08-18,628.8432,178.96571,1346.9497,787.1767,1167.984,21.927605,1010.60986,13.46003,-0.7902963247070325,-5.427398076171876,1204.2859800299377,342.73392706002045,24.783722
2024-08-19,569.94464,106.54782,1434.2313,731.79065,1327.6835,24.60814,1011.6702,10.704007,0.02113694543457001,-5.601074654296873,1384.012530465332,258.73305718237305,26.48758
2024-08-20,608.14166,65.33769,1463.8765,808.60876,1398.5388,25.83177,1011.63226,10.458731,-0.2301480567626939,-6.112946621093748,1736.5406117059938,186.57093086054994,27.337463
2024-08-21,561.1228,82.69966,1363.967,712.6276,1281.2673,24.972628,1011.5251,12.768147,-0.7320923602294904,-4.703766064453124,1337.438108134912,197.11492377986144,26.966034
2024-08-22,511.38248,86.05596,1167.8402,601.7986,1081.7843,21.079638,1011.3113,13.229222,-1.8234594725341786,-4.647003673828124,1391.7253139611175,234.2009466891426,24.563934
2024-08-23,590.7483,147.7032,1294.7828,710.172,1147.0796,17.413633,1011.5975,11.272424,-3.047346653442382,-6.568511566406251,1714.8028722216795,428.74753540081787,19.651794
2024-08-24,654.60236,161.44281,1435.6039,782.10645,1274.1611,16.568731,1013.5273,11.960121,-3.2617526920166,-8.200531232421874,1816.841572872589,448.08272730243533,17.941437
2024-08-25,719.0196,152.94926,1712.784,873.3877,1559.8348,16.036882,1015.0801,16.545898,-4.809204599487305,-8.979980529296874,1485.2514490389406,315.9414836600647,18.942657
2024-08-26,831.3659,248.94249,1861.3442,1019.6818,1612.4017,19.700903,1015.6927,13.3059435,-3.1159170611572264,-7.804534832031251,1474.2804483762695,441.4554923160401,22.899597
2024-08-27,745.4627,228.23676,1527.6602,924.54614,1299.4233,22.458069,1013.57684,12.477257,-0.9402251523437499,-5.438140404296874,1388.0517850401795,424.9769069720032,23.960236
2024-08-28,580.2645,148.69891,1255.0461,670.47736,1106.3472,22.718828,1011.9643,10.303492,0.5614432012939439,-4.52694661328125,1236.612931246472,316.8951246070495,23.531921
2024-08-29,630.6092,178.59111,1289.963,815.473,1111.372,22.677698,1012.53687,10.387656,1.2317601353759748,-3.4272456679687515,1285.4463889416504,364.04369091400144,24.670715
2024-08-30,776.5712,209.72873,1611.3406,822.2748,1401.6118,25.6568,1013.1468,15.10155,3.3962613164062496,-1.9471129960937503,1694.0350750415832,457.50835308771053,26.628479
2024-08-31,1088.4213,596.67035,1755.1796,1033.755,1158.5093,26.297707,1012.51447,23.589731,2.471886604003906,-3.062591025390624,2103.2780951775635,1153.0128233517212,26.797699
2024-09-01,909.6474,292.4403,1779.6268,1084.4089,1487.1865,26.86322,1010.67975,21.894615,1.7813322148437507,-2.971863275390625,1645.1066011268676,528.8812792168213,27.793793
2024-09-02,1010.04156,530.2555,1666.0488,1215.3536,1135.7933,26.826426,1010.0227,24.488352,1.6022225523681648,-4.045593681640625,2047.861090993518,1075.0939668500243,27.556976
2024-09-03,1127.0074,513.3945,2170.2815,1279.0045,1656.887,25.956856,1010.12177,23.784235,-0.2990662260742205,-6.038179199218753,2477.8090438160402,1128.7356312792358,26.91632
2024-09-04,1329.6407,670.3619,2088.2195,1473.5721,1417.8577,26.239447,1010.722,21.426325,-1.3757553599853516,-5.939239890624997,3838.588005712329,1935.2919710855592,28.331787
2024-09-05,1568.9813,583.28625,2740.817,1626.111,2157.5308,28.607038,1010.7259,22.426453,-1.3855475020751946,-5.803557675781249,4055.8029135454103,1507.7898359530275,30.929382
2024-09-06,1987.2671,1048.7275,3354.9497,2124.3884,2306.2222,30.195618,1009.01056,24.22267,-1.1605453242187487,-5.728698591796878,4765.585320017285,2514.911352578711,31.199493
2024-09-07,1717.2646,1129.2411,2424.2766,1794.7935,1295.0355,29.900167,1007.8726,23.533356,-0.025482534790040035,-4.290283281249998,3260.914871276758,2144.3165811945555,31.093262
2024-09-08,1247.1084,448.19543,2262.5664,1378.1893,1814.371,27.82968,1006.687,27.270386,-2.035854510864258,-6.1222533144531255,2364.4402027167966,849.750755828369,29.415253
2024-09-09,950.80664,177.26398,2341.1475,1186.8142,2163.8835,27.238983,1007.8237,25.430801,-2.442243845703125,-6.57784849609375,2772.2304110953123,516.8417709502442,28.386292
2024-09-10,865.44525,231.42122,1810.28,1004.5453,1578.8588,26.158033,1008.73663,15.851837,-1.1936146290283212,-4.519866396484375,3486.412443161316,932.2713547985993,28.185944
2024-09-11,470.21152,93.92929,1215.6735,577.8979,1121.7441,22.612564,1006.7962,10.7156725,0.9605100869140628,-3.045959664062501,1283.4413961400758,256.37981130218503,25.03357
2024-09-12,585.93304,156.97714,1509.2472,721.7567,1352.27,19.118135,1004.31866,13.712459,-0.9986345477294911,-5.487213289062499,1058.0824033226256,283.47053235070496,21.164429
2024-09-13,652.2205,163.74435,1431.8766,777.87506,1268.1322,19.970722,1005.88727,16.406769,-0.4143408015136707,-4.8686216386718755,1083.3928093879151,271.993061434021,22.470245
2024-09-14,716.97675,403.0291,1293.9009,833.67993,890.87177,20.725275,1008.97687,15.91494,0.3348880396728511,-4.360534947265624,1518.6791351228576,853.6844600335876,22.007904
2024-09-15,637.697,300.75507,1222.047,756.3775,921.29193,18.269384,1009.3391,16.69037,-0.9909596158447265,-2.7862244980468738,1961.9831037812257,925.3239984313171,21.15799
2024-09-16,869.18945,416.2287,1615.5977,949.98596,1199.3689,11.878221,1009.6785,17.059158,-5.940022441833495,-4.485137841796874,4151.463517919921,1988.011073625305,16.976837
2024-09-17,812.9595,296.14368,1585.4426,993.4305,1289.299,9.577492,1012.25433,13.216843,-7.433462239746095,-8.902557259765626,2674.9653445538574,974.4324274217163,14.479584
2024-09-18,699.90314,195.66771,1597.5342,847.26056,1401.8665,13.289593,1010.42645,18.677607,-4.770006257080077,-8.803313910156248,1697.0371492752624,474.4304662022354,15.251892
2024-09-19,754.45264,266.5732,1583.3983,866.82056,1316.8251,12.435637,1009.7507,20.717924,-5.84778852593994,-8.167754900390626,1968.5404533056642,695.5508210855103,14.846527
2024-09-20,856.22266,299.91718,1817.3875,1019.97815,1517.4702,11.903937,1010.2732,22.154915,-6.227572660217284,-7.902984726562501,2720.1882124015624,952.8259489205811,15.77478
2024-09-21,738.4671,228.9962,1491.9181,901.90796,1262.9219,18.249392,1010.59845,22.254425,-0.977096444213867,-4.5666810175781265,1681.2721128080748,521.3569092975234,21.570282
2024-09-22,719.48895,159.89081,1679.5223,959.87524,1519.6316,22.1816,1010.81244,19.007809,1.2673725706787096,-3.8366696972656236,1210.603621736902,269.0303870067261,23.76181
2024-09-23,1214.2716,475.60828,1968.9152,1220.4528,1493.3069,24.081594,1008.97614,19.049444,1.2273544671630852,-3.8186645937500003,1964.741851500183,769.5539289055786,25.689941
2024-09-24,1511.6836,1132.068,1859.6958,1513.9581,727.6278,25.606857,1007.68756,16.064322,2.3656772998046876,-2.5620120292968735,2440.778086789453,1827.8472835814332,26.23172
2024-09-25,1090.7894,650.2024,1307.3102,1110.4814,657.1078,23.628725,1008.0096,15.290527,2.5217480518798823,-0.7284547167968753,2135.714543391809,1273.0657901757568,25.619415
2024-09-26,568.77655,128.57338,1295.5636,636.9497,1166.9902,23.071192,1008.3796,10.15338,2.5554537877197276,-2.777374742187501,1081.67381903537,244.51510593460847,24.74524
2024-09-27,826.33575,360.7344,1319.3414,940.2676,958.60706,25.089773,1008.6136,11.199657,3.500789178100586,-1.6195683457031258,1558.2845467469788,680.2644646665192,26.559296
2024-09-28,467.10718,109.42435,1068.7124,609.5629,959.2881,24.384558,1008.1224,9.698425,3.2039677239990247,-1.1774898183593763,795.2282963197265,186.2898733481201,26.341461
2024-09-29,482.71597,100.73496,1460.2064,638.76263,1359.4714,22.084808,1009.89795,9.251342,0.9640863496093743,-5.6518253437500015,830.270990672699,173.26403470204926,23.131348
2024-09-30,637.1709,152.45448,1787.8656,861.65326,1635.4111,24.228767,1009.1525,10.513228,1.5806633950195312,-3.866760208984374,1293.8690459652344,309.5812081150452,26.96231
2024-10-01,1894.5822,1060.0891,2326.9326,1974.103,1266.8435,27.698608,1010.94727,18.743744,2.3624323984375017,-3.6887827832031235,2404.877815031726,1345.6184949920655,29.419647
2024-10-02,1545.2006,902.69763,2555.5635,1815.2516,1652.8658,29.46895,1008.8594,20.37294,3.257518271606447,-3.851196646484375,2480.8567408594117,1449.302802925525,30.119537
2024-10-03,1196.9335,583.4439,2188.956,1447.7053,1605.5122,29.020035,1006.2072,19.693176,2.670034790039061,-2.9370725039062506,1861.201625125122,907.2406919174194,30.035583
2024-10-04,1547.8099,1015.0345,2136.4348,1505.0742,1121.4004,28.311966,1008.9235,18.913912,3.544615942382812,-1.5831912246093758,2599.515986973376,1704.730218141632,29.292145
2024-10-05,1391.4486,714.41724,2369.324,1588.0188,1654.9067,27.894709,1011.6455,22.281004,2.5665836334228516,-3.7271425097656277,2222.848752911902,1141.2864645131103,28.647552
2024-10-06,2031.7914,1510.1434,2707.663,2105.4114,1197.5197,28.165945,1011.4831,16.888115,2.4539150531005873,-3.550262714843747,3510.1392487699586,2608.9360263512576,28.644592
2024-10-07,1685.0787,936.70593,2064.2542,1823.2329,1127.5482,27.200188,1010.1362,16.662588,1.8341506831054701,-2.3044432656250002,3044.222969904358,1692.2305505944214,28.529053
2024-10-08,898.19293,402.90817,1882.0178,1019.49,1479.1096,23.601557,1008.667,15.402374,-0.5678922220458986,-3.4689941386718743,1353.8256379797547,607.2942619740143,26.040558
2024-10-09,717.3916,290.799,1696.2925,898.7073,1405.4934,21.916946,1010.49005,12.708801,-0.8640975888671889,-5.861907982421876,998.6296985139649,404.8005695644348,23.273468
2024-10-10,631.2818,176.60522,1330.3716,803.9924,1153.7664,21.227303,1012.6237,11.121254,-0.4466244487304678,-4.747497212890625,988.4592737805908,276.5279661987305,23.099457
2024-10-11,443.63297,64.92909,1171.9009,588.27203,1106.9718,20.225534,1014.08105,11.677695,-1.8053965609130849,-5.7838748359375,774.3368076579437,113.33014021800385,21.474243
2024-10-12,391.84164,64.919525,1219.103,530.9231,1154.1835,20.207636,1014.8701,9.50192,-0.9395521204833983,-5.948455574218752,740.0191594422089,122.60486635536805,20.816711
2024-10-13,418.56186,76.43078,1208.9727,525.123,1132.5419,18.947989,1013.5805,11.677495,-0.3559114898681628,-4.998077167968749,728.6465480534667,133.05326729290772,20.537903
2024-10-14,460.90027,117.45804,1352.6141,607.448,1235.1561,18.180147,1014.19775,15.252248,-0.16852282897949067,-5.281646441406249,581.3888628502808,148.163930456131,19.622498
2024-10-15,830.4358,352.23328,1632.7261,935.55896,1280.4928,20.658573,1014.3826,15.158853,2.1583921506347643,-3.633636460937499,1120.2074746275634,475.14130925946046,22.292603
2024-10-16,1137.0795,605.6907,1338.7838,1225.8418,733.09314,20.213894,1012.3921,17.760548,2.257348890380861,-0.7014160097656266,1947.639630190979,1037.4535759533935,22.35849
2024-10-17,612.1464,241.10027,1298.3442,728.5474,1057.244,13.687836,1009.3447,19.265518,-3.7163033066406257,-3.8939517578124985,1781.6694276597534,701.7291217737641,18.215698
2024-10-18,764.6309,144.99104,1966.8748,1009.8537,1821.8837,10.000991,1010.56104,10.31864,-6.680099132385255,-9.549255501953127,2793.1684609142458,529.6469157421723,13.1232605
2024-10-19,654.541,64.100655,1885.5278,923.3395,1821.4271,12.553802,1016.33563,9.571061,-5.097504463439943,-9.694305343749999,1922.2212331054686,188.2473922804779,15.146973
2024-10-20,692.77295,147.87805,1893.6945,839.6262,1745.8164,15.099135,1017.45166,13.771548,-4.622269601135255,-8.793334589843749,895.6077241470704,191.1747933222168,17.53717
2024-10-21,616.9047,64.86788,1591.6212,688.7186,1526.7533,16.704393,1016.8022,12.680795,-4.03145761315918,-8.191101058593748,1010.8534800642761,106.29181699002,18.479065
2024-10-22,546.86945,64.762,1578.4531,696.0693,1513.6912,18.391527,1015.1643,11.301727,-2.9862288240966812,-7.257781904296873,924.7437095388123,109.51106070475387,21.108673
2024-10-23,482.3387,65.16254,1387.7083,639.42914,1322.5457,21.00328,1014.63116,10.331261,-1.4540193603515625,-6.659638066406249,967.7808929566957,130.74434203531496,22.050232
2024-10-24,385.65942,64.53085,1329.7793,532.791,1265.2484,20.574022,1012.403,9.190705,-0.24539570690917856,-5.334869003906249,502.36347497927244,84.05847670220031,21.996521
2024-10-25,412.43674,64.6293,1349.8064,561.62494,1285.1771,20.812164,1012.1165,9.906828,-0.1471616933593758,-5.1694335292968745,657.3972267555816,103.0148886542694,21.723907
2024-10-26,403.50732,73.79412,1238.0571,497.0966,1164.2631,21.34289,1014.73193,10.263038,0.30245978576660093,-4.759460433593748,559.6785393433594,102.35498405150756,22.39508
2024-10-27,427.59375,64.810776,1306.7319,553.90485,1241.9211,20.889542,1014.0403,13.860127,-0.36421037402343615,-4.792969138671875,697.32099924375,105.69358161226502,22.415558
2024-10-28,515.508,64.60604,1384.7327,575.4257,1320.1266,14.482341,1012.0451,20.451208,-3.6237921873168943,-3.634490644531251,1911.280432742981,239.5312254438858,19.41034
2024-10-29,782.72675,210.73131,2021.6562,940.75854,1810.9249,6.7995973,1012.0417,11.129292,-7.519349736663818,-9.753784201171875,3638.888578234344,979.6876802823471,9.375519
2024-10-30,768.57745,276.35162,1574.172,925.5271,1297.8203,8.095802,1017.1753,10.788788,-6.037334692871093,-9.776153796875,1637.9927302870972,588.9607458890991,10.212158
2024-10-31,511.3674,95.68418,1380.7844,636.7942,1285.1002,9.941982,1016.9045,9.448428,-5.428851730712891,-9.110687451171874,1206.2604715699463,225.7086495907898,11.543488
2024-11-01,479.0806,111.73473,1409.7266,596.30255,1297.9918,10.185567,1013.3806,11.585706,-4.263294097839356,-8.523162294921875,869.1086385141418,202.69996906853484,12.182648
2024-11-02,511.7212,104.49229,1269.8625,603.17737,1165.3702,9.594055,1011.8447,16.532036,-4.42290882421875,-5.916870576171874,1354.3417740234377,276.5534656243897,11.963409
2024-11-03,708.91254,154.87294,1987.1107,967.21344,1832.2378,7.3595147,1010.85516,11.905678,-6.301019286712647,-9.57083106640625,3559.0397404720766,777.5274380628891,10.518982
2024-11-04,760.17267,199.54175,1630.8789,1097.6943,1431.3372,9.922967,1015.37787,8.406337,-5.334146042907715,-9.725066777343748,3426.27799757193,899.3818500706788,12.401428
2024-11-05,396.77988,63.786106,1316.4191,530.516,1252.6329,13.7994995,1014.60156,10.146454,-2.34890148828125,-7.765807929687501,799.0776521293976,128.45926646107293,14.937622
2024-11-06,623.7488,67.31796,1490.6183,563.42926,1423.3003,10.088299,1011.6655,11.493068,-4.947587202392578,-4.531035890624999,4041.5452855224607,436.18296916198733,14.644287
2024-11-07,653.41974,63.80687,1741.3922,789.47406,1677.5853,8.567586,1018.1118,5.180408,-5.367214054870605,-10.493255806640626,2717.589486429767,265.37441011547696,10.320648
2024-11-08,530.12103,63.540398,1526.6528,734.8468,1463.1124,10.977779,1019.4504,6.930805,-4.2643026115722655,-8.399444824218751,844.2808290012817,101.19564455545807,14.000305
2024-11-09,415.04623,63.773647,1429.5134,538.2675,1365.7397,13.6023855,1014.46484,8.789475,-2.6476144790649414,-7.850280107421874,708.1470286331329,108.80985088583259,15.22464
2024-11-10,422.3951,69.05823,1397.689,531.80225,1328.6307,14.817304,1013.61017,9.1078615,-2.441582342468262,-7.637359388671875,566.7172141006714,92.65373886840821,16.005402
2024-11-11,355.79395,68.72085,1110.5463,447.51416,1041.8254,14.018337,1014.84033,8.195971,-1.9132837502441404,-4.519042810546875,776.9879056268554,150.07357075286635,16.020294
2024-11-12,491.77408,118.31419,1528.9811,633.5279,1410.6669,8.52449,1016.20435,8.446471,-4.642788643554688,-8.334472292968751,1881.9614177548615,452.7744701443772,11.426575
2024-11-13,459.89624,63.71787,1276.2527,539.39813,1212.5348,11.773728,1016.92804,6.8578587,-2.9430026293334954,-8.414306732421874,1297.4007741474609,179.75274655956116,14.417999
2024-11-14,460.43277,63.629646,1210.5923,597.5783,1146.9626,13.602073,1014.2641,8.491527,-2.1537912842407234,-6.7541503320312515,1018.2190300025972,140.71308774979784,14.548035
2024-11-15,797.3994,232.68883,1665.9497,833.8897,1433.2609,5.410029,1011.33887,10.545754,-6.69826606552124,-5.051849830078126,4028.9405984519535,1175.6836629760437,11.752899
2024-11-16,784.5329,285.76596,1939.832,944.6012,1654.066,3.415273,1012.85693,9.282176,-6.994899048873901,-10.035644455078124,3240.148327181702,1180.2234194721987,6.1650085
2024-11-17,597.47266,80.48738,1394.9841,821.551,1314.4967,6.5208855,1014.0781,8.048138,-4.703845032470703,-8.735840138671875,1879.3633248855467,253.17481955077972,9.728058
2024-11-18,369.40744,67.76146,1121.3195,455.30136,1053.558,8.677802,1013.1263,10.730237,-2.870469914123536,-5.8400265136718765,765.4271031842925,140.40447456122587,10.5190735
2024-11-19,487.1791,147.04462,1342.7019,608.36224,1195.6572,6.9815216,1016.43146,8.94691,-3.9360773935546867,-7.976623982421874,1334.730691011429,402.85997442855836,9.742218
2024-11-20,359.28003,63.42083,1122.6412,470.74042,1059.2205,10.823714,1019.0791,6.8678136,-2.416328743713379,-7.564086876953127,806.2699424499024,142.32438377171326,12.570526
2024-11-21,325.34122,68.752365,1179.3785,435.54984,1110.6262,13.844953,1019.19507,4.6851544,-1.593057416687012,-6.529907119140624,461.48285204156497,97.52234231246948,15.901703
2024-11-22,300.7461,63.806023,1015.0329,417.4914,951.22687,15.581734,1015.78143,5.6724,-0.4316362963867171,-5.579498023437498,482.01415526914064,102.26369267963945,16.260376
2024-11-23,304.27512,68.16742,912.0067,363.11496,843.8393,11.899344,1013.8316,16.080368,-0.7449235557250979,-0.7632138574218743,667.2374774907593,149.48267079089354,15.416046
2024-11-24,621.55743,242.36273,1155.6665,721.19196,913.3038,6.813896,1014.8179,17.953506,-5.8179098208007805,-7.349640060546875,1523.7960338860107,594.1709477381104,8.766388
2024-11-25,387.78647,62.880634,1114.8363,442.7586,1051.9557,8.977101,1018.5196,22.606703,-3.985583674011231,-8.509429687499999,722.0014773043335,117.07451020412141,10.74707
2024-11-26,527.69434,146.81976,992.4226,452.1716,845.60284,10.701959,1018.209,26.298769,-3.587654343688964,-5.940185134765624,1199.142635176758,333.636019433899,11.419037
2024-11-27,594.2646,63.22534,1283.7395,923.62463,1220.5142,10.310108,1016.3084,23.938257,-3.956183815185547,-7.849579292968748,962.7300845434022,102.42733614577638,10.78595
2024-11-28,594.7774,185.37479,1391.4055,647.92896,1206.0308,9.289599,1016.7768,14.21508,-4.264415581359863,-9.308014181640626,1787.7966737828613,557.2041301865479,10.330414
2024-11-29,415.48373,115.67768,974.53125,544.17834,858.8536,10.634922,1016.4922,10.528329,-2.616134972412109,-4.426727478515627,1504.1715247398622,418.78672850058746,12.5972595
2024-11-30,457.08585,87.93795,1136.3453,647.21674,1048.4073,14.239942,1016.6338,12.956958,-0.7459014030151359,-7.281769707031248,1576.593435370749,303.31806624713823,15.3078
2024-12-01,701.1088,257.69888,1325.2124,789.14764,1067.5135,13.885353,1017.59454,14.640567,-2.096977911621094,-6.622131576171874,1087.5676524865905,399.7453163152863,15.166534
2024-12-02,342.50427,68.64086,1220.1177,485.01944,1151.4768,13.717788,1018.3247,11.160125,-1.4325082573852548,-6.60922197265625,435.7042745548096,87.31895971598054,14.493103
2024-12-03,335.96158,68.65313,1162.8862,489.04736,1094.2332,13.318017,1017.74005,11.920421,-1.1198559940795896,-5.50802562890625,438.1662307211823,89.53846198803635,14.174255
2024-12-04,495.52487,253.93376,1120.1947,609.16925,866.2609,13.40729,1019.41064,13.333325,-0.5958445413208011,-5.093993769531249,441.2174270784851,226.1036878474823,14.595886
2024-12-05,573.07367,288.3678,1493.1818,706.5482,1204.814,14.974613,1019.09576,11.5071335,0.879258189697266,-5.822723449218749,971.6366069649109,488.922670167981,15.30304
2024-12-06,438.56064,80.06493,1604.2444,616.3144,1524.1794,14.52721,1018.17285,9.145936,-0.9618482644042974,-8.649993408203127,1016.8059101191711,185.63110941617583,15.175507
2024-12-07,352.8116,64.43683,1390.7239,481.16495,1326.2871,14.502339,1018.1074,6.2686844,-1.5965006369018546,-8.129913734374998,917.8211760365997,167.62907825341185,15.049072
2024-12-08,251.74219,64.08428,878.9185,318.4276,814.8342,13.780655,1016.3823,10.763837,-1.6583510927734366,-4.896057623046875,341.97723619453126,87.054799327137,14.859161
2024-12-09,394.72925,84.292,1408.5822,520.92834,1324.2902,13.190093,1016.6113,7.9256206,1.031730040466309,-3.782318605468749,688.8373134885499,147.09696580566484,14.882629
2024-12-10,321.50937,62.785233,1112.1913,454.4343,1049.406,10.107877,1022.8963,3.1141055,-2.3079132223510737,-8.309143142578126,1503.1460007049866,293.5384792228241,10.740204
2024-12-11,199.63414,63.092163,643.5931,246.70717,580.5009,12.818768,1021.0524,3.8804023,0.28960154760742185,-5.804382683593751,701.4794719638,221.69483257387694,14.031799
2024-12-12,399.04166,92.06178,1247.0181,534.9749,1154.9563,11.246826,1013.4929,8.095563,-1.1709018281250003,-1.5086363671874992,994.0582570757447,229.33639608999636,13.969849
2024-12-13,477.25186,230.40831,1137.4375,557.32465,907.0292,5.177179,1017.5358,12.562892,-5.2704801402893064,-7.750609873046876,1069.2100626689576,516.1947041863465,8.355255
2024-12-14,371.17703,94.943954,1034.444,421.22617,939.5,10.059573,1020.1558,15.017441,-2.154602826477051,-5.250060812499999,783.5553465466095,200.42684928619232,11.854492
2024-12-15,497.6029,103.26254,1235.2861,609.8204,1132.0236,7.7413926,1020.597,8.871695,-3.569767387542724,-7.388641257812498,1112.183943608142,230.8003847593109,10.348511
2024-12-16,333.91074,63.322674,1065.5886,476.11,1002.2659,12.389695,1018.8842,7.465336,-0.6290698324584962,-6.370452880859375,789.0803212000275,149.6408182781315,14.332672
2024-12-17,389.0122,63.036995,1186.9719,496.48596,1123.9349,13.098511,1018.2836,13.787305,-0.8455512578125006,-6.655060154296876,946.4822601953125,153.37153015441896,14.573517
2024-12-18,315.05563,63.89129,1217.1503,452.07147,1153.259,14.672523,1019.23566,11.531186,-1.5245234551391604,-7.981719798828124,1236.0901548059203,250.67126120609436,15.499481
2024-12-19,295.9542,64.20316,1137.806,410.40634,1073.6029,15.936152,1018.0184,11.4791,-0.578995541809082,-6.308532248046873,587.0516299443511,127.3527202851219,16.474396
2024-12-20,338.27988,64.21603,1000.7369,411.51175,936.5209,15.632668,1018.46796,8.994862,-0.5014594584960932,-4.610870203125,443.22505176419065,84.13787973595733,16.662842
2024-12-21,294.4987,63.541214,888.9592,379.01163,825.418,14.245793,1019.07416,8.218208,-0.5604536574096688,-4.999359025390625,580.1448921840363,125.17241085660554,14.953949
2024-12-22,241.05334,63.428352,763.40594,286.17627,699.9776,14.345244,1018.0237,17.079191,-0.23422859234619153,-3.007263679687501,437.4219077811279,115.09880075063325,15.800903
2024-12-23,253.75859,63.11988,1091.4888,359.1139,1028.3689,15.072945,1018.14716,19.85725,0.7961626411132805,-5.1984253359375,483.4549036714096,120.25451334723282,16.232056
2024-12-24,270.01395,63.774307,988.25366,376.8743,924.4794,14.2761755,1016.5241,17.233103,0.06113449896240297,-0.5166321699218734,609.4601703239776,143.94775032368318,16.46585
2024-12-25,477.49472,177.00612,1327.6157,597.1944,1150.6096,5.987909,1016.7303,10.378415,-4.889376159820557,-9.271941927734375,1686.077787454956,625.0248899553833,7.009674
2024-12-26,282.78287,62.646954,1038.2476,428.51865,975.6006,10.255277,1016.70245,17.247128,-1.670150320007325,-5.2622988476562504,837.6932307369507,185.58029847851103,13.213806
2024-12-27,355.83463,67.24169,1004.1526,364.02716,936.9109,10.306469,1015.7241,19.222147,-1.7492150363769525,-3.748931777343749,848.953522586023,160.4258464174469,12.557678
2024-12-28,248.26665,67.43338,883.5185,339.11108,816.0851,14.422809,1016.5332,11.490413,1.9263406471557616,-3.2013248261718736,552.2330342081223,149.99574253559877,15.725128
2024-12-29,248.0586,69.37979,856.98535,330.49396,787.6056,14.859925,1017.26416,9.958141,2.283317270080566,-3.1916196152343765,519.6003240355469,145.32760778457336,15.600494
2024-12-30,324.89194,87.23477,972.6578,446.40256,885.423,13.434045,1015.9239,9.595071,1.0974318379516603,-4.065521185546874,740.3224853426208,198.77951899893188,15.045685
2024-12-31,365.85977,118.59863,1097.9049,470.17117,979.3063,14.397664,1015.1289,8.306403,2.5639900701293943,-3.1747742050781262,613.1465134264954,198.76013660253906,15.231415
2025-01-01,288.43768,63.863693,1033.7925,392.88925,969.9288,13.955627,1016.8828,8.2767935,1.1742694414062491,-5.138946873046876,554.7693291151245,122.8328347066864,15.449005
2025-01-02,323.29962,68.772385,1127.9863,449.01602,1059.214,15.063201,1017.3284,8.143447,0.24394595062255853,-6.555511763671873,760.2081527063232,161.7116878493469,16.171417
2025-01-03,304.6054,63.57997,743.5347,421.4672,679.9548,14.653839,1016.1277,6.7705083,0.17844011132812554,-1.093292802734375,597.7469909103394,124.76711040657042,16.230377
2025-01-04,387.7491,86.973114,1253.3922,441.4819,1166.4191,8.653762,1017.2217,10.682012,-2.6214161362915043,-5.095398398437499,729.7756298390503,163.6905323690796,12.160767
2025-01-05,352.89066,63.12941,1274.8824,448.25647,1211.753,10.923397,1019.09357,13.778382,-2.4007999357910155,-8.334014966796875,1115.1835232366639,199.49770992448427,12.568634
2025-01-06,273.85672,63.568638,1039.5577,375.8363,975.9891,13.211341,1017.56024,12.209142,-1.5498200957641597,-6.211425720703126,570.5672487793853,132.4421865908924,13.756561
2025-01-07,580.9954,169.04674,1749.0522,749.85956,1580.0055,8.810109,1014.17413,11.129139,-4.15784386151123,-4.346222044921873,3255.96126872807,947.3562256694046,13.030304
2025-01-08,769.97217,311.42307,1437.6836,1070.7501,1126.2605,6.0673523,1018.999,6.1891704,-6.516575705078125,-9.408050482421874,7475.181626092286,3023.4131461629945,7.6406555
2025-01-09,430.8441,63.189774,1341.1979,631.1523,1278.008,9.521169,1019.2021,5.3681107,-2.6238532911987313,-8.604400869140626,1857.5017257401,272.4306015414734,10.671234
2025-01-10,684.94073,102.78802,1307.3013,924.9031,1204.5133,8.230044,1023.60846,5.547259,-4.593380635070801,-9.158965759765625,2315.4154415166627,347.4708836585312,9.940521
2025-01-11,434.02646,62.64974,1460.8236,547.1567,1398.1738,10.242087,1018.0953,8.008858,-1.9860996358032228,-6.502777031250002,1225.0040896246949,176.8237491064224,12.034668
2025-01-12,619.357,69.22574,1668.5273,946.6248,1599.3016,6.5824547,1017.6882,3.9823723,-4.439159318603515,-7.352264677734375,2766.421190923462,309.20382214898683,9.26358
2025-01-13,687.8431,120.50301,1609.7173,915.6547,1489.2142,4.271093,1021.2327,5.3929496,-5.3583541083068855,-9.46847501953125,2791.862541197235,489.1055245910682,5.96698
2025-01-14,497.5686,62.405132,1348.8745,726.5463,1286.4694,4.8092217,1024.8013,5.215776,-4.854619255462646,-9.87933352734375,1829.088458145703,229.4045613026306,6.9053345
2025-01-15,438.1664,62.924988,1553.4755,616.2766,1490.5505,7.0735116,1023.5854,5.866244,-3.8258323995056145,-9.839751849609375,1520.5845433313264,218.37083156000367,7.954254
2025-01-16,649.30585,77.89886,1722.6313,852.82635,1644.7325,7.177957,1021.54785,5.721901,-3.9480109420471194,-9.80151298828125,1503.5720325670716,180.3873220000557,7.979187
2025-01-17,604.32135,210.07037,1305.4132,712.2089,1095.3428,5.76327,1020.6958,9.595878,-4.823369098724365,-7.548522962890624,1764.133676562378,613.2370142830811,7.7361755
2025-01-18,506.74008,220.63466,1223.3978,588.2438,1002.7632,7.728006,1020.8858,8.804709,-2.1641531139221186,-7.153320183593749,652.3986670721923,284.0544146660034,9.320862
2025-01-19,498.72958,223.90042,1043.067,545.0396,819.1666,9.528355,1021.728,7.469692,-0.28995235522461016,-5.308959921874999,680.3351290639434,305.4306920658783,9.97583
2025-01-20,614.76,252.5556,1549.3795,711.2005,1296.824,7.1099305,1019.28534,6.573721,-2.317272484710694,-6.037597623046874,2429.3055113381592,998.0068784688293,9.765411
2025-01-21,479.73703,62.18837,1200.1786,772.7405,1137.9902,5.940435,1028.3799,2.136982,-3.959163067291259,-9.2733762734375,2271.5205839647765,294.4574905212738,9.06897
2025-01-22,295.16006,63.140694,1121.6925,434.56827,1058.5518,12.213475,1024.1172,4.1903343,-0.9595737726440436,-8.711578369140625,1157.4347745025634,247.59865332229614,13.147797
2025-01-23,443.31284,64.170654,1226.1837,507.2507,1162.0131,11.869743,1024.2098,3.7957134,-1.782337652832032,-7.009155736328125,2204.4535367649078,319.10022546496583,13.78952
2025-01-24,380.9126,63.228325,1213.24,525.5205,1150.0117,11.041287,1019.8724,4.459508,-1.447635577819824,-8.007385449218749,1145.4941527079102,190.14250747498016,11.662415
2025-01-25,471.60156,63.1808,1214.137,550.38727,1150.9562,7.758568,1010.4808,9.671031,-3.244410189941407,-3.3839420546875,1657.3907777109375,222.04183760486757,11.685669
2025-01-26,1124.1049,791.9016,1826.7642,1146.3391,1034.8625,0.98417026,1015.08014,11.275097,-8.330594741954803,-8.0130617109375,4003.760807565613,2820.5417058697512,3.1480713
2025-01-27,1034.98,519.7421,1608.1382,1193.6593,1088.396,0.57450104,1018.14996,12.936633,-8.182479962402343,-9.93078592578125,1912.8268163507814,960.5757559086915,2.206726
2025-01-28,645.02386,175.12726,1648.1779,813.0491,1473.0505,3.4244804,1018.1254,10.435721,-4.927067561767577,-8.874115107421876,1461.5904072689088,396.829225666687,5.365265
2025-01-29,612.5861,213.76582,1316.9316,641.9111,1103.1658,4.2993636,1018.08466,8.966321,-4.647933386871339,-8.7369078671875,1025.0296966106323,357.69063271008605,5.899536
2025-01-30,576.249,209.26015,1027.7118,561.65375,818.45166,5.6443696,1020.25397,9.361232,-3.6650853977966307,-6.200774951171875,1192.3188712661133,432.9809027642136,6.816925
2025-01-31,661.43414,345.13583,863.60266,763.5117,518.4668,10.220779,1021.7508,8.226471,0.07359941894531197,-4.222565138671875,937.2955046614686,489.0800828070221,12.087433
2025-02-01,383.00302,79.80149,1030.1554,449.00827,950.3539,12.960851,1019.7761,21.296839,0.6743827156372078,-5.975860212890623,883.5702369613374,184.0983444289528,13.708832
2025-02-02,251.85017,63.048897,870.4095,341.36386,807.3606,14.775231,1017.0433,16.200941,0.6503203613891593,-4.389587617187502,410.8305710712387,102.84850658306503,16.419067
2025-02-03,231.41853,63.795452,817.419,330.05197,753.62354,16.057041,1013.4017,11.583552,0.8839371682128903,-3.8369443867187485,408.2219687996979,112.53508822237778,16.499329
2025-02-04,351.0922,62.910347,1045.6665,409.5609,982.75616,10.8937,1012.1546,12.636661,-1.5664863540039065,-0.9393313007812516,915.4368376528839,164.03226887039568,15.278992
2025-02-05,806.77277,388.58154,1347.6057,637.74713,959.0242,7.4579926,1015.58124,17.52907,-4.257335446289062,-5.504424576171875,3139.384215376099,1512.0822288779298,8.775909
2025-02-06,1002.9295,774.7174,1303.3612,1048.9991,528.6438,7.4450455,1014.8144,16.342665,-5.241568528808594,-5.691711470703124,3894.9765218018492,3008.6921353463745,9.010468
2025-02-07,978.87256,611.0012,1380.9961,1083.8169,769.9949,8.123596,1016.79736,19.32741,-5.259916808593751,-7.825164857421875,4982.3742035844725,3109.9418342702634,8.494171
2025-02-08,443.04092,175.38518,1046.1265,538.91754,870.7413,8.78352,1017.8086,8.825198,-2.5753242551269526,-6.603668164062501,1298.8339250098572,514.1651848613068,10.853882
2025-02-09,429.50134,75.62943,1139.33,473.02585,1063.7006,10.812431,1016.7458,7.717175,-0.9530996645507805,-6.032348912109374,1438.1374427774049,253.2367377671715,12.070465
2025-02-10,501.44247,74.863945,1327.1078,568.7301,1252.2439,8.481776,1015.5135,8.4499655,-3.0181967625122077,-3.8531190546875003,874.2310565445191,130.52022731758728,11.373169
2025-02-11,771.0938,368.55637,1283.549,787.44434,914.99255,3.1242511,1013.60724,9.160286,-6.767404872756957,-8.101837169921875,2855.4885380545775,1364.8254772430726,6.215851
2025-02-12,471.76328,109.08279,812.48755,434.52762,703.4048,3.2222989,1011.8289,17.700338,-5.545924139450074,-7.0406796835937495,1654.098282371704,382.46650256802366,4.8442993
2025-02-13,827.6213,321.26053,1300.1715,889.35864,978.911,5.817885,1012.8392,23.984262,-5.244658077972412,-6.299774476562501,4086.6835431961,1586.3416660228118,6.4818115
2025-02-14,542.0146,132.14435,1288.8441,722.1023,1156.6997,4.459282,1016.5998,14.15054,-7.1835050786132815,-8.344665748046875,3419.646781186963,833.7174040835449,6.3884583
2025-02-15,505.09256,123.35029,1271.1285,670.4133,1147.7782,6.3601594,1020.8218,9.12984,-4.370985602874756,-8.014099082031251,1697.5336119213594,414.5601761804375,9.801941
2025-02-16,327.85318,63.35083,1202.0208,449.83353,1138.6699,11.853642,1018.36884,10.140795,-1.853861536315918,-6.686401029296874,707.4650331588593,136.70295072692872,13.82547
2025-02-17,328.68018,62.902927,1073.271,404.20557,1010.36804,12.504895,1013.28986,11.485767,-0.9921977897338863,-4.5180974003906265,706.9650923715819,135.2992275032997,14.13559
2025-02-18,486.03415,83.2189,1471.2715,586.51843,1388.0526,9.828621,1014.6904,11.9326105,-2.1805850893554695,-7.3528741113281235,1084.8755606733946,185.75269609728392,11.361786
2025-02-19,444.2203,73.268524,1347.3248,682.62915,1274.0563,11.706661,1017.49896,14.678902,-2.2071537756347652,-6.6138301210937485,816.0843212499451,134.60279270265502,13.939026
2025-02-20,583.9438,63.09704,1411.8627,817.5348,1348.7656,12.196708,1014.979,9.772798,-1.6469892744750982,-6.165466542968751,1461.3456034896851,157.90317763500215,14.203918
2025-02-21,637.43945,187.66327,1680.3446,757.62854,1492.6814,11.266793,1016.6316,8.424348,-2.8128767489624025,-8.2149961171875,1707.3857822957032,502.6573047091675,12.348755
2025-02-22,523.1031,63.910297,1531.1217,648.15045,1467.2114,11.544387,1020.5168,8.353007,-3.1343621362915037,-8.061584806640624,771.6845007332397,94.28081583093795,13.695648
2025-02-23,403.85672,63.590576,1365.8873,519.78674,1302.2968,14.208892,1021.2973,9.1426325,-1.946885131408692,-7.202819509765625,682.1878654246002,107.41611387067871,16.022552
2025-02-24,398.12857,63.72998,1435.3733,533.1575,1371.6433,16.1296,1018.5273,13.808258,-0.3439734750976555,-6.089751927734376,793.0689673331208,126.9496176269043,17.5253
2025-02-25,366.66202,63.20314,1264.0618,542.85297,1200.8586,17.430187,1014.5932,11.708122,1.3232462253417978,-5.641295972656248,1103.897237210907,190.2836086735077,17.789978
2025-02-26,527.00604,63.578213,1762.5729,745.9613,1698.9946,17.121695,1013.1375,7.0762353,0.7378275648193373,-6.164886970703126,1595.4358533503785,192.47399824255598,18.11203
2025-02-27,516.1779,136.03473,1280.0721,658.8334,1144.0374,15.185295,1016.53564,4.723324,-1.4228268950195329,-4.747009060546876,2124.093809904663,559.7886233096924,17.578888
2025-02-28,509.30112,64.08865,1381.0095,643.872,1316.9209,12.960789,1014.1717,8.505349,-1.833811773193359,-5.1852726035156245,1190.8470567551758,149.8519872225586,14.439056
2025-03-01,674.59357,172.87587,1534.294,750.73706,1361.4181,9.865391,1012.70575,14.559212,-2.9492142224121096,-7.226318150390625,1558.8315884632264,399.4766328582687,10.826996
2025-03-02,794.6392,322.65552,1923.7604,891.2865,1601.1049,6.8489532,1016.7212,12.351722,-5.246810752929688,-3.4152531484375004,3952.3752074751405,1604.8234648156983,11.539673
2025-03-03,752.13934,339.29428,1471.5524,858.8154,1132.258,1.5414823,1017.31934,9.647571,-8.09355467063141,-10.425811427734375,5027.644075822345,2267.998472812149,4.3299866
2025-03-04,519.18396,83.08054,1413.5983,689.5122,1330.5177,6.1363564,1019.3101,12.974917,-4.821846646240234,-7.650482652343751,1276.9872042477418,204.34527869948198,10.465881
2025-03-05,321.7535,115.11133,720.9676,376.19388,605.85626,8.587054,1015.2591,22.630045,-2.2644167473754884,-5.2697753105468745,654.3773326607484,234.1116464261719,10.621857
2025-03-06,798.7053,294.31424,1479.0962,813.2842,1184.782,1.640049,1011.65936,13.295606,-7.482433019287109,-6.87085001953125,4654.506941737281,1715.1352728289276,4.56073
2025-03-07,815.6299,187.76007,2123.4514,1081.1497,1935.6914,1.7992477,1013.9282,9.39693,-6.5195122583007805,-10.450287048828125,3248.347798910156,747.7779144209472,4.183075
2025-03-08,577.2248,74.70882,1533.0531,791.98834,1458.3442,5.3142877,1022.34766,6.048204,-4.860432337493897,-8.651794388671874,1189.1652115977356,153.91079311293183,9.239777
2025-03-09,619.8086,139.59753,1534.9912,726.67633,1395.3937,8.507038,1022.2337,5.9549956,-4.186247883544922,-9.663818169921875,1295.1723052410157,291.7075722612427,9.825226
2025-03-10,610.9718,104.26125,1425.1509,625.19653,1320.8896,9.501809,1015.217,6.734319,-3.7248728798217776,-8.912140222656252,1309.0584068974608,223.38849326251218,9.926697
2025-03-11,485.99832,79.62867,1440.2642,614.89044,1360.6355,5.3786798,1010.1201,15.180432,-5.450709247650147,-6.849700955078125,1744.1759024315827,285.7754867607216,8.625946
2025-03-12,787.40594,412.86572,1352.4482,880.1487,939.5825,5.0027223,1012.403,16.166779,-6.425565236663818,-9.12155179296875,3306.3959092084046,1733.664249572998,5.309387
2025-03-13,802.92694,260.96127,1667.9553,874.066,1406.994,2.3439167,1011.89014,15.170982,-7.571339845413208,-7.8065188261718745,5662.980283066101,1840.5392438921815,4.240753
2025-03-14,733.06976,274.93646,1748.1514,783.7469,1473.2148,0.7557373,1014.5911,12.896247,-6.5434302953125,-6.524841574218749,3518.5640580264285,1319.6309593355104,3.3948364
2025-03-15,630.941,135.83255,1407.3445,828.5275,1271.512,3.6991043,1015.53094,10.747737,-6.039748690917969,-9.153839375,2563.9397137946776,551.9794736522217,7.4628906
2025-03-16,387.4435,84.950386,1032.161,499.98392,947.21063,9.556075,1018.1838,9.356632,-1.9538749038696288,-6.171997287109374,871.3569714129334,191.0526536670456,11.908356
2025-03-17,472.9125,67.81778,1385.1444,637.77045,1317.3267,9.224004,1017.5611,12.155583,-3.0860472081909176,-5.579345744140625,1483.7606233372496,212.7779442210388,10.798187
2025-03-18,648.76086,187.15164,1555.0574,806.9976,1367.9058,3.7551677,1021.6319,7.030208,-6.739086277297973,-10.176269777343752,3442.2985465565184,993.0189384159851,6.963928
2025-03-19,603.4145,62.63372,1784.9934,793.5887,1722.3597,8.4347315,1024.4664,8.9213705,-4.314069516540528,-9.68258654296875,2001.6268137319275,207.76652918142014,11.266418
2025-03-20,603.1911,76.126656,1480.981,807.7367,1404.8542,10.791691,1020.1182,8.710219,-3.980285173583985,-8.274474634765625,1069.5784604248047,134.98778567199707,11.708099
2025-03-21,470.0707,62.909527,1451.147,633.1184,1388.2374,12.824707,1016.11035,14.229003,-1.6272729687500007,-7.1450803027343746,1255.9805177755431,168.08777599500655,14.722565
2025-03-22,438.72916,63.04356,1340.6909,581.8383,1277.6473,13.446442,1014.258,18.375357,-1.5594343496093757,-6.294952388671874,797.9694082875885,114.6648941546215,14.442902
2025-03-23,555.9021,63.23609,1715.6857,734.496,1652.4496,13.480485,1014.06476,22.151224,-2.0799400375366215,-6.0090942265625,811.8819527801513,92.35482575375747,16.845093
2025-03-24,738.82275,81.867065,1668.1517,950.544,1586.2847,17.685816,1015.86395,14.245412,-0.545570188842774,-6.123687683593751,1144.3148355754884,126.79860903161621,19.922424
2025-03-25,969.2896,597.77203,1477.5825,1017.4885,879.8105,19.375322,1014.4367,12.016293,1.338180341918946,-3.4092714511718754,1792.7243030761658,1105.5936630638612,19.840363
2025-03-26,491.63828,243.92107,1051.483,582.85895,807.56195,16.039492,1014.34845,13.686984,2.225645653442383,-0.19110101367187582,1143.125459210376,567.1494572388794,18.886261
2025-03-27,602.53125,326.16992,1123.6884,691.66156,797.51843,11.611833,1015.08356,15.156151,-2.3160693812866207,-5.108551023437499,2180.29548,1180.2654325,13.807251
2025-03-28,663.0656,181.66124,1524.7352,792.61816,1343.074,7.301679,1013.8469,13.631195,-6.339051865631104,-7.990722931640626,2799.3874277320556,766.9530443113098,10.14682
2025-03-29,698.33624,260.28503,1351.9958,788.4194,1091.7108,6.2374535,1013.2077,10.287757,-6.723076539306641,-9.177490107421875,2688.3702287006104,1002.0137780388184,8.709015
2025-03-30,559.5423,161.4686,1113.9425,614.4052,952.4739,7.071247,1014.8029,16.617777,-5.231791899169922,-8.030089916015626,2126.904931027423,613.7665689622162,8.941986
2025-03-31,1005.75366,307.67615,1686.4985,719.92566,1378.8224,8.134236,1016.61566,18.715757,-5.096114164245606,-8.290740671875,4513.947551302442,1380.8888247174318,8.870361
2025-04-01,706.08075,140.97542,1755.2142,856.99646,1614.2388,4.412163,1014.62897,11.812358,-7.411278219238282,-8.4156792578125,4360.273303129358,870.568065088852,7.7235107
2025-04-02,811.1309,232.10097,1940.1359,969.5738,1708.0349,2.5305088,1010.86914,9.370678,-7.930146243362426,-10.384247232421876,4893.608810867981,1400.281151334549,4.941437
2025-04-03,886.5959,149.31654,2299.4023,1141.915,2150.0857,3.409654,1012.2204,9.937866,-7.115638097946167,-10.756713410156252,2443.7793874811646,411.57047655608824,5.3222046
2025-04-04,850.92065,62.43919,2459.0984,1156.9496,2396.6592,6.5321136,1016.68866,9.8894615,-5.456057447906494,-9.206604078125,1683.568468279248,123.53754816979293,9.58667
2025-04-05,1270.0394,301.53244,2253.4236,1702.6561,1951.8911,9.614155,1021.5722,7.712378,-4.818508184326172,-9.801361048828124,4569.049397350464,1084.7825531761168,12.22995
2025-04-06,908.4294,96.20533,1915.2671,1283.3821,1819.0618,12.894172,1021.52716,6.4441104,-3.344668285217285,-8.902709150390624,2400.8534942281494,254.25741057701111,14.311371
2025-04-07,491.53622,63.65971,1330.1095,638.36127,1266.4498,14.229088,1017.8283,10.711909,-2.1707131704101563,-7.009277392578124,1173.5039043102722,151.98252834179306,15.814423
2025-04-08,475.4878,63.403522,1276.824,639.7631,1213.4204,15.526188,1014.9942,14.703781,-1.337797103271484,-6.312683388671875,963.1417969986329,128.42933823219454,17.427277
2025-04-09,523.6184,63.685993,1480.9695,697.75836,1417.2834,17.542318,1015.15204,12.196762,-0.6439566558837875,-6.095519601562501,974.6153939449463,118.53928046401406,19.495483
2025-04-10,540.8218,64.171524,1440.6265,702.2162,1376.455,19.22153,1017.2679,10.066981,-0.26307908569335936,-4.967223677734374,781.2423137500489,92.69876329729462,21.04483
2025-04-11,527.30524,142.07921,1187.5613,624.0722,1045.482,19.688658,1015.2249,11.122848,0.060561760620117866,-4.148285240234376,1087.6693481497803,293.0659306378479,21.153229
2025-04-12,446.17685,63.704773,1211.7913,590.8876,1148.0864,17.257975,1012.49725,10.786159,-0.3470423753662111,-3.7196040527343754,888.3482353006623,126.83764904024048,19.38272
2025-04-13,565.77185,88.099266,1393.6406,714.5756,1305.5414,15.06226,1011.90314,11.006626,-0.6344153259277352,-4.394500146484376,977.6563037858276,152.2359281849785,16.9711
2025-04-14,617.06854,172.95526,1534.1647,760.7873,1361.2095,15.905476,1012.86084,9.851788,0.5569376164550786,-5.142486957031249,1115.6343164601747,312.6959346613464,16.725769
2025-04-15,595.8232,237.02599,1124.1415,726.8697,887.1155,13.846122,1014.7363,10.869987,0.29196778802490186,-3.575653359375,1168.9058172789184,465.0054954490509,15.039307
2025-04-16,852.26776,439.11118,1433.1653,890.16406,994.0541,8.03736,1013.0772,13.001384,-5.144918808654785,-3.799163544921875,2753.465944584412,1418.6593964111023,13.069366
2025-04-17,879.1724,486.41565,1544.4656,947.61523,1058.0499,4.4408326,1013.0044,15.922093,-8.312225385101318,-9.97784445703125,3741.6303578890993,2070.114473637085,5.4054565
2025-04-18,875.2547,267.20462,1604.3937,1022.4469,1337.1891,5.4923134,1013.53754,16.609913,-7.235314614990234,-9.102142748046877,3447.0238112503785,1052.33446809245,7.3728333
2025-04-19,981.6799,304.67413,1780.433,990.42114,1475.7588,8.778103,1017.76044,10.856151,-5.123929125244141,-8.749236564453124,2027.619523860901,629.2919306932984,12.411346
2025-04-20,637.6015,65.7947,1529.0342,800.1117,1463.2395,12.114765,1016.9866,12.071485,-3.676550832763672,-7.923522851562499,1281.3432329090942,132.22301737105255,14.225952
2025-04-21,574.2492,76.95624,1409.9556,714.7998,1332.9993,13.998519,1013.8924,12.033169,-2.25985605621338,-6.647247490234374,1370.3863540468383,183.64810421793212,15.1493225
2025-04-22,560.78876,119.77457,1265.0181,662.4407,1145.2435,14.219681,1012.2388,10.739159,-0.5464792138671868,-5.017761638671875,1264.4317211116945,270.0602668601685,15.438995
2025-04-23,617.2705,263.716,1250.8585,727.2454,987.1425,12.775977,1011.7876,14.310841,-0.9511568652954097,-4.4156192890625015,1699.040467741699,725.8797498459777,14.945679
2025-04-24,698.5074,394.23535,1226.5427,818.46893,832.3074,10.793965,1012.78156,11.072868,-3.058779660339356,-5.752318525390624,2422.1246508996583,1367.0394664882813,12.618011
2025-04-25,929.8689,423.89328,1512.3914,913.8795,1088.498,6.306394,1012.7554,12.056663,-6.706941899810792,-4.733093521484374,3705.6701943789553,1689.2797461459047,11.6527405
2025-04-26,1172.1947,631.484,2089.2593,1291.8492,1457.7753,2.2455952,1013.08057,13.09525,-8.986678783248902,-10.50027446875,5865.036337579834,3159.6087675197755,3.6450195
2025-04-27,956.1792,392.95276,1726.5564,1124.511,1333.6036,2.7090251,1015.9062,13.650397,-8.454014855422974,-10.560760919921876,4066.02257801416,1670.978400946948,5.391632
2025-04-28,895.72284,285.88846,1924.1691,1111.611,1638.2806,6.521746,1016.67554,16.086222,-7.212122841400147,-8.77496371484375,2520.858762760437,804.5841788237609,11.738342
2025-04-29,895.5501,321.88724,1978.7087,1073.8632,1656.8215,13.391206,1016.06146,17.129375,-2.3928712123413085,-7.102263953125,1861.15391063053,668.9538467451233,15.885498
2025-04-30,624.6772,202.47818,1447.7975,829.83344,1245.3193,14.615425,1014.21954,16.90566,-0.5967888901367182,-4.7106936230468754,1504.056872296179,487.51371956643675,15.952911
2025-05-01,818.4737,241.21234,1577.6503,838.8818,1336.438,13.267105,1012.79474,20.50552,-1.3609648974609367,-5.5140992636718735,1357.150845895581,399.96585780109865,14.24173
2025-05-02,777.40186,392.0606,1687.5989,917.5244,1295.5383,15.580647,1012.4694,22.565649,-0.41464253143310614,-4.2562259277343735,2077.940586057715,1047.9504822891724,18.49405
2025-05-03,804.4887,402.63077,1411.9253,1042.4342,1009.29456,15.083771,1011.95197,19.01351,0.2462697519531254,-1.7307438320312514,1918.067610217346,959.9550950572204,18.540222
2025-05-04,766.9133,329.81137,1490.4565,840.2713,1160.6451,7.684133,1007.62256,19.706705,-5.956833947174072,-5.6210020878906235,2955.453670048071,1270.9939808997283,11.32016
2025-05-05,771.9392,282.9409,1607.6632,902.6932,1324.7223,7.782889,1007.7419,24.419165,-5.8576511106872555,-7.987365650390625,1695.796826236084,621.5648244936218,9.991058
2025-05-06,691.0703,216.74681,1472.4272,833.27734,1255.6804,10.162751,1011.4593,20.726427,-4.613321302185058,-8.113190041015624,2065.5905051640625,647.8503656553193,11.565033
2025-05-07,906.5933,258.82498,1955.0189,1037.1846,1696.194,11.972134,1015.2446,17.036879,-4.304316363525391,-7.731902654296874,1865.3164868408205,532.5326068860352,15.659454
2025-05-08,758.04706,120.144135,1801.1042,998.6137,1680.9601,16.053965,1016.2597,17.253006,-2.655761385131836,-6.734802228515626,1311.714319905713,207.89577641574706,19.33554
2025-05-09,1096.9729,527.22626,2040.7944,1281.0741,1513.5681,20.294504,1014.5407,17.011843,-1.821605834350585,-6.226653605468751,1778.4848663247071,854.7740053070069,23.25763
2025-05-10,1192.837,617.7107,1968.1783,1336.2379,1350.4677,22.920664,1011.29047,15.921773,-1.5976791663818375,-6.195617988281249,2699.563412706201,1397.9689906649414,24.182312
2025-05-11,809.67,175.34799,1641.9755,977.6241,1466.6274,22.136948,1010.02997,12.773811,-1.3735373681640617,-4.70315552734375,2183.737673378473,472.9260365830658,23.967834
2025-05-12,493.22574,64.503204,1178.6172,570.0974,1114.114,16.419178,1010.2243,10.804459,-1.4749719909667967,-3.0465087011718737,1679.6857273539154,219.66637838486022,21.570831
2025-05-13,896.7625,303.36057,1756.5303,971.58295,1453.1697,7.397003,1012.94794,11.543948,-7.3381758261718755,-7.7728267558593735,4084.5667165004884,1381.7442754226074,11.865875
2025-05-14,875.3938,208.36331,1781.8232,1101.8038,1573.46,8.723912,1015.1893,11.652743,-6.741712760925292,-9.247375287109374,3060.64178994541,728.5012303502564,12.470856
2025-05-15,736.4012,112.719086,1709.467,906.31226,1596.7479,12.486497,1013.9598,14.329854,-4.026613074645997,-7.627349619140624,1566.8582520794007,239.8350700720917,15.253265
2025-05-16,667.02734,133.73914,1421.0852,845.6506,1287.3461,14.671191,1012.47015,16.065874,-1.957213784484864,-6.49093636328125,1671.6845851132814,335.1731435621338,15.567078
2025-05-17,710.9528,326.82224,1477.6522,819.1611,1150.83,11.578594,1012.19995,19.070045,-3.4533957922363285,-4.26864595703125,2829.783753590051,1300.840541637677,14.663269
2025-05-18,860.39453,215.83392,1630.4711,1102.4623,1414.6372,9.135781,1012.7006,15.572743,-6.493770711853028,-8.883850693359374,3287.0908453359375,824.5818490880127,12.984039
2025-05-19,721.3794,123.26655,1752.6948,917.6873,1629.4282,15.5178,1012.9952,14.267502,-2.564293668884279,-6.835235154296875,1835.9974852990722,313.7282186779518,19.276642
2025-05-20,683.54034,64.431725,1640.439,887.4179,1576.0072,18.844748,1011.88153,11.90213,-2.2454914566650395,-7.128204744140625,1421.442173575592,133.98765904780197,21.001312
2025-05-21,615.2527,64.377304,1470.4543,786.81195,1406.077,19.878958,1010.6509,9.512761,-1.8480022515869123,-6.781067499999999,1304.161330748291,136.4616401155792,21.632812
2025-05-22,546.6401,69.8528,1361.7144,717.4921,1291.8616,20.062819,1010.7238,9.7716,-1.1085934727783204,-5.817627451171877,1189.3051336220701,151.97621891284177,21.543488
2025-05-23,507.26904,105.246796,1147.5723,635.6062,1042.3254,18.887339,1010.72534,10.444282,0.04846563830566453,-3.9943852597656253,1205.4691824743163,250.10745377427367,21.073334
2025-05-24,686.341,212.8518,1375.7349,785.15704,1162.883,15.056156,1012.05634,13.446286,-2.270282841552735,-5.207947046874999,2288.22926507525,709.6381108715576,17.614502
2025-05-25,722.30566,272.6478,1421.0227,875.34357,1148.3749,15.115924,1012.9917,16.753336,-2.4100921184692368,-5.831328964843749,2102.974305431836,793.8070255775939,18.218811
2025-05-26,607.58466,216.5584,1235.1196,755.96216,1018.5612,16.100489,1013.17523,15.044002,-1.4355083372802717,-5.100311515624998,1996.533203979828,711.6144604510728,17.868896
2025-05-27,680.19543,211.65036,1555.0365,808.8029,1343.3861,15.623473,1012.4678,15.7706,-2.383000832580567,-6.2838441875000015,1695.9586888901733,527.7163723653473,18.879883
2025-05-28,706.45734,286.2879,1460.2491,827.95935,1173.9612,18.81291,1012.05695,18.690603,0.9215130799560534,-3.5413209199218763,1972.8391937217773,799.4821007209961,20.407257
2025-05-29,781.49243,273.92078,1798.7162,950.9755,1524.7954,18.934278,1011.825,19.657358,0.7991444881591789,-4.855285548828125,1973.896162762915,691.8700008868043,21.519012
2025-05-30,1021.55096,398.5047,1947.997,1298.1315,1549.4922,23.015366,1011.4424,22.057493,0.766549600585936,-5.2892457929687495,1612.3254305681335,628.9644706507141,25.012512
2025-05-31,833.0303,408.23007,1661.666,1082.7183,1253.4359,23.28195,1011.71796,20.024395,0.4795819969482409,-4.001129154296876,2005.5745302685546,982.840433346405,24.823517
2025-06-01,470.4374,79.81483,1167.4468,604.19604,1087.632,19.200945,1011.03204,29.80147,-1.998159099487303,-3.878813857421875,1271.3567199788085,215.69950602194825,21.134796
2025-06-02,637.62103,200.1088,1233.027,791.60767,1032.9182,16.966982,1011.42236,30.916212,-2.3407271121826163,-5.475952583984373,2089.6594699905395,655.8115516777038,19.034576
2025-06-03,630.80225,212.50795,1423.8505,782.89496,1211.3425,16.57794,1011.92993,27.867956,-1.977959012817383,-5.9336238749999985,1516.2675593647461,510.80812160755926,18.423828
2025-06-04,714.9035,237.03885,1439.8784,856.5439,1202.8396,18.067595,1009.741,27.812887,-0.6857564718017564,-4.916047080078126,2036.705534100482,675.3055943862701,19.967743
2025-06-05,696.0306,323.87833,1298.6372,844.96265,974.7589,18.40644,1009.8746,23.385504,-0.15344626513671855,-3.4351801972656233,2159.431529200928,1004.8309530897217,20.988373
2025-06-06,797.30365,370.62457,1555.0854,930.1282,1184.4609,20.399193,1010.6638,20.93763,1.5250418100585925,-2.528045287109375,2163.2270411562013,1005.5705853051269,22.48648
2025-06-07,966.987,489.3146,1371.4948,965.55176,882.1802,21.82118,1011.96484,22.703379,2.2974583436279303,-2.220825271484376,2948.5273791372374,1492.0133493880705,23.016022
2025-06-08,935.803,450.6519,1324.0034,977.01996,873.35156,22.18042,1012.20245,17.834234,2.503352921874999,-1.2103572636718738,2708.7580828365235,1304.4486571813231,24.788605
2025-06-09,859.5544,371.14874,1482.9556,1024.8986,1111.8069,23.431654,1010.3393,15.013911,2.980784976440429,-0.9444882519531248,1687.3792601347595,728.596937779303,26.002167
2025-06-10,680.8112,235.32726,1386.2163,879.86615,1150.889,25.670809,1010.2513,19.350275,4.140512792114258,-0.6678465078124987,1361.634010314148,470.65851106138615,27.157104
2025-06-11,617.62695,150.26233,1113.2837,652.8663,963.02136,24.82028,1010.1053,15.774944,3.4805370750732436,-0.4744564042968733,1443.3424323144532,351.15047112717286,26.960236
2025-06-12,542.0094,139.76028,1215.4797,725.15436,1075.7195,22.726492,1008.19696,12.56364,2.2237239281005863,-1.5875858066406252,1137.3891635658692,293.282428630188,25.586273
2025-06-13,516.7042,140.56586,1236.9183,702.246,1096.3525,22.223658,1008.20514,12.056816,1.9852786080322282,-3.4177849121093757,1065.5748352994385,289.8823601588745,24.164215
2025-06-14,521.47845,148.37418,1154.2323,658.55896,1005.85815,23.43109,1009.5552,10.976611,2.4683264012451183,-2.3814700644531257,1003.4703520067627,285.51340009246826,25.872284
2025-06-15,532.5898,85.315125,1344.147,725.42206,1258.8318,25.657318,1009.4629,9.758618,2.3642061152343743,-3.9612430156250014,1185.2608261921205,189.86596860718385,27.298584
2025-06-16,552.9097,80.32146,1312.7389,723.9009,1232.4175,26.341385,1009.2685,9.655076,2.2438908876953114,-3.943786093749999,1451.1205409083618,210.804964865744,27.260254
2025-06-17,583.0981,72.59584,1568.748,769.04626,1496.1522,24.34023,1008.4897,9.215373,0.5158959417724596,-4.717712306640625,1528.1969267922912,190.26085562602387,26.406586
2025-06-18,580.6359,65.07628,1466.064,799.4731,1400.9877,25.443167,1006.53595,10.449174,1.3437537327880875,-3.1676627832031237,998.9019494831238,111.95452918672943,28.263397
2025-06-19,649.7707,221.82033,1254.4175,819.9803,1032.5972,24.954813,1007.072,12.013316,2.5903730035400407,-0.9552614042968735,1498.2866131128783,511.4887948050934,27.835236
2025-06-20,608.247,141.81085,1210.2168,772.13025,1068.406,21.445612,1007.57355,12.333931,1.2896939537353518,-1.8611446210937501,1682.2813060999513,392.2185259744629,23.790588
2025-06-21,706.633,238.49474,1397.2792,819.8629,1158.7844,16.00029,1007.5949,14.04799,-2.528395083007812,-3.71054065625,2245.694781980286,757.9413738984283,20.165527
2025-06-22,787.5441,150.47325,1727.4186,1030.3112,1576.9453,15.001118,1010.04956,9.03036,-3.7912312937011734,-7.734801994140625,2160.793881897858,412.8551901515579,18.200531
2025-06-23,745.5837,182.497,1494.3323,892.4224,1311.8353,16.275383,1011.2282,12.429047,-2.8177640043945296,-6.125183037109377,2033.9655482449584,497.8550481291107,18.084137
2025-06-24,772.63617,284.22934,1480.0664,969.5696,1195.837,16.316786,1012.64923,13.826274,-2.1405431876220717,-6.529968234375001,2026.9440029531434,745.6510297558319,17.88501
2025-06-25,812.64307,182.75945,1689.058,1051.5753,1506.2986,19.818827,1012.7933,16.432478,-0.2510433245849626,-4.30706771484375,1708.9433482264646,384.3329883622101,23.019592
2025-06-26,962.5835,550.0911,1507.9045,1144.7761,957.8134,22.650467,1011.0921,16.772966,1.4921989189453129,-3.2037651464843755,2161.518299943115,1235.2508007922668,23.924225
2025-06-27,706.0762,318.89737,1235.4587,828.24316,916.5614,22.50714,1010.3032,11.937904,1.0130372059326156,-3.8999021191406236,1694.7530474650391,765.4305726791962,23.651703
2025-06-28,641.4012,152.8763,1296.372,729.03925,1143.4956,21.58316,1012.2586,8.310899,-0.6748255996093739,-6.358215072265626,1448.6597347510988,345.2842641294251,22.959076
2025-06-29,689.26385,97.22281,1545.8872,810.3656,1448.6644,22.362696,1012.01056,8.258696,-1.0517773060302744,-6.4332887675781265,1750.2936808510315,246.88436324340515,23.183563
2025-06-30,757.6955,350.7478,1313.4604,852.4479,962.71265,21.676208,1010.084,9.641147,-1.221343503906251,-5.8013912089843735,2158.8462365488344,999.3600045171142,23.05606
2025-07-01,648.10614,97.21381,1558.3339,724.8106,1461.12,22.246176,1008.7461,9.44119,0.2562447659912124,-3.8272396113281246,1691.9987100913393,253.7943051844292,23.682098
2025-07-02,864.4777,271.81067,1756.725,918.0473,1484.9143,22.330946,1008.2143,12.625806,1.1433639686279307,-4.170257599609375,1963.3559852686158,617.3219853431397,23.567535
2025-07-03,843.15283,203.61931,1608.9288,971.4602,1405.3096,22.65915,1009.12646,16.52318,1.478811169921876,-3.6535337519531232,1956.369033837207,472.45824796159366,23.72873
2025-07-04,612.481,199.32498,1242.8737,752.4205,1043.5487,21.621567,1012.4585,17.352707,0.7239627724609363,-3.761047433593749,1507.5185779265078,490.60477643918153,23.129456
2025-07-05,602.9738,100.20993,1278.6864,763.18774,1178.4764,20.649977,1014.5129,9.531021,-1.2735152696533198,-6.625640697265624,1481.6742924312744,246.24365740240478,22.38681
2025-07-06,576.9709,106.011406,1276.0931,755.8975,1170.0818,22.52208,1012.2747,9.098988,0.013101467773438458,-4.074951238281251,1283.4578891184083,235.8198282505188,24.584656
2025-07-07,500.03232,149.11676,1045.738,608.80664,896.6213,23.12493,1011.3322,10.861961,1.7702314281005869,-3.4445497011718764,1183.5484951689455,352.9510209824219,24.336456
2025-07-08,508.58997,132.59872,1110.8658,618.19714,978.2671,23.265915,1014.3132,16.542007,0.8478719169921867,-4.176299679687499,1292.830505497583,337.06460482943726,25.285278
2025-07-09,507.58475,72.01077,1184.7385,678.11176,1112.7278,25.663383,1013.83276,24.402191,0.7833834838867197,-3.4501032890625005,1433.8803656420014,203.42382950398866,28.211304
2025-07-10,576.046,80.20037,1410.2732,753.10767,1330.0729,26.494772,1010.4983,15.49498,1.3151679573974597,-3.7015687031250017,1502.1315897913819,209.13521869016265,28.139404
2025-07-11,525.83234,80.43937,1256.9037,688.38446,1176.4644,25.758745,1009.368,12.600356,2.0461231934814457,-2.007019455078126,1112.6521795607664,170.2083216735626,27.383759
2025-07-12,509.89798,155.0349,1084.4769,652.6162,929.442,24.702085,1011.19464,13.864732,3.0060274949951165,-1.9626150878906259,1174.6500383062562,357.1533027420868,25.992035
2025-07-13,540.8667,138.56207,1242.703,695.7883,1104.1409,25.140574,1012.1125,17.468027,2.970834501586914,-1.6134953281250013,1142.1281425856932,292.5963883815246,27.207764
2025-07-14,529.2099,159.43533,1122.8523,696.4062,963.417,26.506678,1010.8011,21.410528,4.047059627563478,-0.8304439843750018,1205.9554759069824,363.31881399748534,27.607666
2025-07-15,488.81107,171.23541,897.1697,625.28217,725.93427,24.598938,1010.15497,17.065092,3.4141409882812503,0.864288652343749,1259.8742031121124,441.346553179303,27.596619
2025-07-16,496.67728,204.54153,995.64087,596.5559,791.09937,22.203302,1010.5835,17.96566,1.7139953834228514,-3.1138911621093754,1326.81225316214,546.4075506045227,23.894684
2025-07-17,569.1724,185.67125,1230.9152,708.386,1045.2439,21.73995,1010.88525,26.663588,0.2334141800537104,-5.031890960937499,1414.7983267716859,461.5251226929673,23.019165
2025-07-18,655.8968,191.75179,1473.4529,807.6123,1281.701,22.384819,1011.9571,32.565228,0.3183000307617192,-4.201507781250001,1571.3874275952026,459.3959741923065,23.601074
2025-07-19,749.77484,253.45306,1580.8813,954.55176,1327.4282,23.966879,1012.50446,28.724604,1.4886688909912102,-3.1467593437499985,1800.0279484703372,608.4794709381104,25.787598
2025-07-20,678.01074,276.6988,1450.1532,832.90454,1173.4543,23.31141,1012.4536,24.040812,1.829043903930664,-1.859863357421876,1881.324341707129,767.7756993904479,25.251984
2025-07-21,698.44556,380.96188,1189.2631,802.0607,808.30115,21.101864,1011.8472,17.955101,0.7781178610839845,-1.6367492636718737,2039.5556647635499,1112.4603202863923,23.944855
2025-07-22,685.8181,240.73894,1260.2172,810.8721,1019.4782,18.348436,1011.9888,16.245314,-1.9624596444091793,-5.227875222656252,2108.335808908667,740.0774505629013,20.692322
2025-07-23,626.60614,210.25711,1240.8796,755.7488,1030.6226,18.612688,1014.104,15.256401,-1.5713919354248063,-6.054840742187501,1911.3339521920166,641.3463393187866,20.43274
2025-07-24,563.0671,117.49334,1259.9158,700.6939,1142.4225,19.152388,1015.74756,11.574742,-1.8421823809814448,-7.050079138671876,1734.7184493321533,361.9779451973419,20.165558
2025-07-25,573.2617,151.78888,1297.644,716.1272,1145.8552,17.888706,1014.1113,13.019261,-2.108825792724609,-5.958618621093748,1819.4009597695313,481.7430221137573,19.384338
2025-07-26,681.7363,200.3581,1391.0768,802.3283,1190.7188,16.784693,1012.6572,14.886689,-2.4212512357177722,-7.084167158203126,1943.4421122578126,571.1656250554199,18.304413
2025-07-27,653.33844,164.71999,1242.7374,822.9182,1078.0175,18.181757,1012.498,17.500273,-2.212403026733398,-5.186553548828126,1739.4227823008425,438.54406654554754,21.347137
2025-07-28,551.66644,129.91978,1195.6177,688.95013,1065.6979,20.00036,1013.5828,15.078378,-0.8070315111083985,-4.4248963886718755,1410.9922959334108,332.29466365498354,22.489777
2025-07-29,552.3151,111.99171,1279.2087,714.5389,1167.217,21.673803,1014.1028,13.908526,-0.14791867053222774,-4.7782898144531245,1246.9922339419556,252.84983609493256,23.56369
2025-07-30,581.1147,91.61625,1300.9845,741.3974,1209.3683,21.63201,1013.2795,14.128666,-0.8478544937744132,-5.768432669921875,1389.5351685283447,219.0686337563324,23.161163
2025-07-31,621.0836,85.21725,1289.4813,776.1693,1204.264,22.67367,1012.137,12.069046,-0.39285318493652355,-5.121856759765624,1348.6650033099731,185.0467720587578,24.096771
2025-08-01,550.19525,114.08625,1197.8622,697.7067,1083.7759,23.027298,1013.96674,10.767024,0.43267997363281196,-4.59851158203125,1200.0310830480714,248.83356617511902,23.981628
2025-08-02,553.2719,144.00914,1263.7697,728.4776,1119.7605,23.449295,1015.5113,10.492166,1.0657100439453124,-4.131531029296877,1077.3169025476561,280.41091080253904,25.716095
2025-08-03,517.75366,106.1731,1240.5317,671.24854,1134.3586,23.978403,1012.895,9.459686,0.9236750914306633,-4.571411748046874,1150.8591640857178,236.00082025849076,25.607208
2025-08-04,572.24,101.353584,1280.6754,717.1283,1179.3218,22.679642,1010.8752,11.209244,-0.043030276367186815,-4.1782529023437505,1302.5599616190184,230.7058631258461,25.1026
2025-08-05,558.9988,71.66256,1311.2296,675.6003,1239.567,22.55976,1011.1086,13.163411,-0.7521058599853525,-6.025237751953124,1131.2316869939698,145.02170861616898,24.50998
2025-08-06,535.5723,64.99132,1366.6608,689.23737,1301.6694,24.05371,1013.04443,15.384213,-0.8439940624999984,-6.088714734375003,1103.4384328015685,133.90146247828216,26.174072
2025-08-07,596.27094,71.30223,1463.4922,715.9681,1392.19,25.728745,1012.1419,16.470003,-0.6001814931640617,-6.003112365234372,1424.6413452493348,170.35897623622284,27.6044
2025-08-08,652.5781,138.40651,1195.3208,770.315,1056.9143,26.796515,1009.48944,16.251604,0.5471705111083978,-4.072448712890626,1564.6380837578124,331.8470039833267,27.41977
2025-08-09,484.5735,80.67387,1229.634,617.54333,1148.9602,26.937449,1009.6433,20.377687,1.9881175015869132,-2.482909673828125,1246.8196946594237,207.57587476444243,28.345184
2025-08-10,532.9245,88.28708,1319.3378,675.4809,1231.0507,27.723251,1010.7778,23.484444,3.0556793427734377,-1.7494807695312495,1198.84798198938,198.60746957764894,28.877136
2025-08-11,589.72064,106.78197,1462.8018,776.2146,1356.0198,27.87207,1010.85724,22.783194,2.6596903125000004,-3.198516269531247,1116.0937286946532,202.09345812630005,29.056824
2025-08-12,526.06226,129.07478,1216.7029,680.2466,1087.628,27.224524,1009.62286,21.754114,2.892400544311524,-1.4229430078124992,1042.2211267210694,255.71966931690216,29.008667
2025-08-13,531.52716,148.64914,1332.8033,701.87476,1184.1542,26.118195,1010.23126,17.348295,2.7010135800781256,-2.036285859374999,1230.7584755472292,344.1991336487732,28.156494
2025-08-14,499.78256,144.16205,1140.0132,649.0266,995.85114,25.403872,1009.8693,14.479562,2.950220536254882,-1.4139712031250014,1203.1813882656097,347.0571135452088,26.772217
2025-08-15,575.1523,187.87518,1206.5905,712.3506,1018.7153,22.407198,1009.91797,13.366761,1.3379859522705075,-1.6543893066406241,1294.554598421875,422.870063334375,25.20346
2025-08-16,679.0472,257.88098,1441.2325,830.1054,1183.3516,21.152924,1012.72314,14.785586,0.21916758398437608,-5.319762703125001,1329.6930083265565,504.9760134773804,22.68628
2025-08-17,636.67267,187.52444,1370.0952,802.13556,1182.5708,20.298378,1013.029,15.85365,-1.0439510092773432,-5.642730607421875,1443.0676268533325,425.0385930229797,22.435577
2025-08-18,590.5413,103.21718,1363.3444,724.8336,1260.1272,21.501291,1011.5435,12.074952,-0.8578037249755859,-5.7033988964843765,1238.309461672687,216.43668960897372,24.084381
2025-08-19,608.76764,88.77887,1337.1646,764.4262,1248.3857,22.183266,1012.8545,13.091792,-1.220680313964845,-6.489746013671876,1186.1832578894532,172.98555644882813,23.948761
2025-08-20,623.99054,73.94434,1553.6755,792.12134,1479.7312,24.017488,1011.8218,17.05053,-0.9046815203857435,-5.386320263671877,1368.4895640475768,162.16922545731734,27.61673
2025-08-21,682.4146,82.45579,1471.9589,858.126,1389.503,27.352594,1009.1882,24.512062,0.24118837561035278,-4.3679203730468785,1460.4672430277406,176.46746536249162,28.534943
2025-08-22,636.3049,65.71325,1652.5055,872.4646,1586.7922,27.879553,1007.99176,29.436941,0.1265928411865218,-4.919251064453128,1286.1789425765992,132.82783345241546,29.325409
2025-08-23,639.06537,104.49043,1549.4838,807.5151,1444.9933,26.603699,1009.42596,30.523264,0.1154687304687485,-5.248504527343748,1263.73035782016,206.62633031238556,27.23346
2025-08-24,671.57416,74.11786,1501.5035,766.22906,1427.3857,26.138159,1009.59735,27.85444,-0.3530882017822279,-4.931577919921878,1392.1086906663147,153.63919874592895,27.204132
2025-08-25,713.18915,135.45685,1525.4401,919.5209,1389.9832,25.074036,1009.42267,24.747972,-0.13753735546875134,-4.244354853515624,1610.8311184216918,305.9470363815307,26.732025
2025-08-26,973.68774,526.4804,1331.3531,1013.2017,804.87274,22.0268,1011.65094,25.80346,-1.4737568443603521,-3.3591615878906254,2321.533504034424,1255.2709152218629,24.843597
2025-08-27,766.0747,127.4077,1720.6417,886.48224,1593.234,22.23989,1014.1253,17.875078,-1.4853358551025373,-7.973419091796874,1670.5729850253906,277.8369512233277,22.81668
2025-08-28,1195.7634,689.7081,1842.7769,1362.9242,1153.0687,20.461617,1014.94653,22.573221,-3.555536483886719,-7.6708072109375,2305.8342630653074,1329.989361199768,22.202759
2025-08-29,825.24023,65.12501,2015.4316,1100.003,1950.3066,20.685106,1014.02344,23.288933,-4.182309722534178,-7.9963381328125,1700.6557351921874,134.20966782266234,23.131714
2025-08-30,1136.3998,77.243645,1924.5206,1584.1417,1847.277,23.421408,1011.9428,23.106903,-2.289545300415039,-6.497892529296877,2146.973513115747,145.9346104575455,25.598907
2025-08-31,1214.7021,853.93335,1782.5901,1348.8004,928.65674,25.330566,1010.37506,20.945072,-1.0033875937499985,-5.185119246093748,2268.7119570092773,1594.9002833656007,27.343323
2025-09-01,976.28516,375.9313,1756.426,1094.3241,1380.4948,26.591064,1010.5944,21.509813,0.26313045312500094,-4.754822089843749,2079.275528933594,800.6521024112244,27.794983
2025-09-02,608.12964,140.48099,1390.9609,778.8475,1250.48,25.245459,1011.3182,30.252111,-0.6640663970947251,-3.0048219199218735,1353.0649114279051,312.56476068192444,27.360382
2025-09-03,887.2583,86.34724,1993.222,1105.5214,1906.8748,23.338217,1012.054,26.54869,-3.1466622183837885,-7.676117031250001,1760.2605788146973,171.30708904199602,24.753418
2025-09-04,920.53296,400.94385,1740.3416,1104.519,1339.3977,23.85549,1010.44293,20.215414,-1.83566426916504,-5.984344464843751,2038.4049869444334,887.839952465039,25.054749
2025-09-05,712.3423,80.34546,1472.96,824.54944,1392.6145,23.624548,1008.52124,15.20972,-0.6037640416259755,-5.019469794921875,1786.9492312663085,201.55093858618162,24.84671
2025-09-06,601.51135,140.44455,1395.2405,726.2866,1254.7959,22.567217,1010.7214,12.62576,-1.131672126831056,-6.440154972656249,1478.7915997631837,345.2773073126221,23.539978
2025-09-07,624.29395,85.756645,1433.6597,725.6541,1347.9031,22.015287,1014.1579,18.286308,-2.425402600708008,-7.5895695175781235,1516.3127281673828,208.289530311882,22.81247
2025-09-08,591.85895,65.6038,1290.5736,688.8076,1224.9698,20.907953,1014.44824,15.785062,-3.1537837376708993,-6.940613169921875,1768.526974591443,196.02996065933687,22.293976
2025-09-09,517.66046,97.62888,1219.4777,626.60443,1121.8488,19.21991,1011.36816,13.939458,-2.1612003320312496,-5.5021052871093765,1486.6789147174684,280.3822450755844,21.345856
2025-09-10,633.60065,136.70653,1483.284,740.4683,1346.5775,15.119355,1009.9554,16.307741,-4.77291979827881,-7.419861244140623,2037.8049019323485,439.6795262513855,17.696625
2025-09-11,714.28467,182.51294,1529.2639,858.37775,1346.751,13.972755,1011.98883,18.668146,-5.996625567871092,-9.209686134765626,2427.846229293701,620.3596013178955,16.153412
2025-09-12,785.5903,169.26836,1722.0269,920.61914,1552.7585,14.393443,1011.4688,21.56827,-6.00129189239502,-9.631714142578126,2284.122095733484,492.1517068893646,16.068329
2025-09-13,697.2932,188.247,1667.3208,904.1295,1479.0739,17.165777,1010.7612,21.20531,-3.747304793579101,-7.129668808593749,1870.3524438386964,504.93568386864473,20.248596
2025-09-14,963.2404,551.8836,1606.0483,1079.7046,1054.1648,20.771812,1009.81274,20.39289,-0.6364955610351579,-5.037536896484376,1848.9641586882385,1059.354433913031,22.943756
2025-09-15,1034.8959,602.9231,1577.1022,1141.744,974.1791,22.152899,1009.39435,15.394923,-0.449070211547852,-6.384124763671874,1978.471501227173,1152.6436545183105,23.062042
2025-09-16,643.2282,71.38007,1632.8324,776.07776,1561.4523,21.973166,1011.30707,20.397478,-2.9863754879150406,-8.04672267578125,1359.756585108136,150.89438472194138,22.866882
2025-09-17,649.8323,87.79822,1635.1671,724.2444,1547.3689,22.687784,1010.8796,34.217102,-2.4226498050537124,-5.9150393730468735,1633.9749887657472,220.76479936883547,23.878693
2025-09-18,775.79083,135.06837,1493.1067,785.09467,1358.0383,18.814138,1008.6289,43.389812,-3.9677315875244155,-3.4845888906250018,1827.6745285238587,318.2056523219864,22.581787
2025-09-19,735.9593,169.20338,1409.3452,748.09546,1240.1418,15.634586,1010.15936,36.47025,-6.119523665771485,-8.880645826171875,1815.7750974759156,417.46234630536804,17.350128
2025-09-20,661.2536,100.88391,1448.7023,818.4578,1347.8184,17.820251,1012.3879,23.070974,-4.28998753515625,-7.991454902343751,1422.7183338811524,217.05649652285157,19.930725
2025-09-21,618.36206,92.42371,1329.6835,684.9502,1237.2598,19.301325,1011.3626,18.414719,-2.4183151556396467,-6.860473816406252,1356.210593070459,202.70651701756745,19.976013
2025-09-22,733.41583,95.288055,1735.5258,918.0453,1640.2377,18.922472,1009.84515,24.653885,-3.52042999987793,-7.4321903027343765,1369.5258661427001,177.9337871446167,20.628815
2025-09-23,826.1379,224.98676,1765.8518,1042.9235,1540.865,21.202002,1009.00604,31.833374,-3.259576428344726,-7.661651773437502,1411.0137553742677,384.26927865063476,22.967407
2025-09-24,893.0359,135.60976,1779.712,798.65094,1644.1023,19.97962,1012.09235,30.839272,-3.528864020141601,-6.5398558925781245,2269.885579498291,344.6878614337616,21.884735
2025-09-25,848.17944,291.6517,1478.016,907.72797,1186.3643,17.004156,1013.0244,24.953089,-4.663909887329101,-6.231628066406252,2723.2449041711184,936.4044600248689,19.862732
2025-09-26,662.9475,155.5229,1677.0034,828.8854,1521.4805,15.617287,1010.403,30.229074,-4.848356317871094,-7.537200791015625,1633.3407722806153,383.1704553890106,18.209564
2025-09-27,915.58057,322.58997,1661.944,957.41156,1339.354,16.125338,1009.65967,34.23263,-4.091394399291993,-6.4298099628906265,2325.495349394824,819.3505768925537,18.118988
2025-09-28,746.789,326.28336,1533.7612,867.90546,1207.4779,15.544865,1012.5358,32.3346,-4.491521345458985,-7.587249630859375,1874.7982549662597,819.127577823413,17.852203
2025-09-29,592.79694,122.00471,1348.5533,749.05835,1226.5486,17.50604,1013.39813,25.76278,-2.682542426879884,-7.065216021484375,1428.2452202883912,293.94996754099276,18.035553
2025-09-30,762.7972,375.59982,1398.8331,835.3931,1023.2333,14.85216,1013.2713,18.428442,-4.208306546203612,-7.40844767578125,2231.12057568031,1098.5993591634826,17.054382
2025-10-01,575.3794,119.206825,1429.7075,733.0972,1310.5007,14.957069,1014.05536,21.031494,-4.737900603027345,-8.166931923828123,1654.32767056958,342.7428083395119,17.216278
2025-10-02,554.27277,139.13309,1330.0009,698.1352,1190.8678,16.911184,1013.8195,19.112679,-2.8528996890869145,-8.049102597656251,1235.5549194903565,310.14796470635986,17.577087
2025-10-03,633.16907,108.26093,1564.1992,752.8808,1455.9382,13.6866,1013.81915,18.214113,-5.371040268554687,-5.901702394531249,2199.8400587535157,376.1345102107666,17.289246
2025-10-04,686.3572,93.532265,1747.2946,907.8645,1653.7623,11.884472,1012.291,13.774629,-6.0941471066894515,-8.591064947265625,2090.8184353734864,284.92305420674285,15.726654
2025-10-05,638.2834,104.24267,1717.014,782.25604,1612.7714,15.603574,1008.549,16.953804,-3.3961512008667007,-8.010620033203125,1239.7754159668884,202.47667424450304,17.353241
2025-10-06,861.6714,288.3941,1751.5411,1019.5009,1463.147,17.324669,1008.63446,16.324697,-1.8836881157226557,-6.527068822265626,1297.101856580664,434.1289887260498,19.103607
2025-10-07,945.3013,554.1703,1578.062,1032.8389,1023.8917,19.284674,1010.08545,14.323361,-0.09642430920410305,-5.151245298828126,1287.9433918065918,755.0396719870728,20.351044
2025-10-08,572.08954,201.72552,1085.6849,625.10254,883.9594,18.479704,1010.6108,10.4484,0.025134903198242853,-3.8326110566406264,1173.2825877816467,413.713291225177,20.316742
2025-10-09,509.11716,180.76334,1182.2725,619.2164,1001.50916,18.738977,1010.88135,14.335835,0.2268574322509771,-5.46359212109375,1044.0496594385102,370.6924761640412,20.4859
2025-10-10,559.3624,126.47362,1345.4004,643.4266,1218.9268,19.661676,1010.5742,26.664968,-1.8660275931396484,-6.894042544921874,1227.149988231079,277.46250171318053,20.866241
2025-10-11,471.2145,74.111725,1240.7769,624.82153,1166.6652,18.563534,1007.90106,18.229399,-2.0901562170410166,-4.697021041015624,1000.9629053324708,157.4295488789551,20.658783
2025-10-12,580.3067,80.825424,1599.2153,716.2952,1518.3899,15.616092,1006.8101,7.941751,-2.5173282717895518,-7.135742029296875,1603.7636295216978,223.37304617145537,17.684845
2025-10-13,620.52875,125.94289,1357.5513,709.9495,1231.6084,12.229149,1005.15533,11.375767,-4.185030135253907,-4.8166501171875,1937.506445670581,393.2374689399231,17.380005
2025-10-14,924.80963,465.56332,1568.9557,1005.5129,1103.3923,6.9811425,1009.2685,20.35306,-7.688059479095459,-8.123260033203124,6131.922793804583,3086.9037923829255,8.571991
2025-10-15,773.1722,335.77505,1540.1509,837.28534,1204.3759,5.87301,1014.98114,14.788071,-7.655225841461181,-10.16580233984375,1520.3632236294616,660.2669599598969,9.087952
2025-10-16,602.7982,116.479034,1786.4241,807.2795,1669.9451,11.128102,1013.6243,11.936843,-4.384315697448731,-8.6274111484375,1476.908981187195,285.38394273292545,14.352173
2025-10-17,669.6856,69.43124,1811.6685,839.826,1742.2372,13.755353,1012.4991,12.103298,-4.415540026062011,-8.9772028984375,1228.0028340676574,127.31609265858077,15.824829
2025-10-18,564.3835,64.40664,1603.3741,801.5576,1538.9675,15.850067,1013.5872,12.932811,-3.8164728613281262,-8.626068533203124,961.1431541552369,109.68428740323029,17.704803
2025-10-19,496.98203,64.74161,1368.6069,609.63885,1303.8654,17.22644,1014.7715,10.629607,-3.4714795703125,-7.7904057578125006,805.5720303584382,104.94147815669861,18.075073
2025-10-20,419.23254,64.33823,1315.3225,545.1721,1250.9843,17.115091,1015.2168,9.850681,-2.6015206761474623,-7.071197841796874,557.4652521953125,85.55234100585938,19.461212
2025-10-21,398.6333,70.0879,1242.8405,498.7554,1172.7526,19.461983,1015.5195,13.07132,-0.6476952729492176,-5.534607017578125,579.5423409683593,101.89541252147826,20.148407
2025-10-22,1136.109,345.28165,1737.5397,1406.8741,1392.258,14.006516,1015.24384,17.97082,-3.4003385433959963,-2.8246469042968734,3648.8669795914307,1108.9488681631897,19.077423
2025-10-23,574.9224,138.23262,1534.1969,717.39417,1395.9642,12.816524,1015.2802,17.547623,-4.190093448059081,-7.0060730175781245,1590.4419952862365,382.40109456223905,16.851532
2025-10-24,516.8012,132.09756,1334.001,606.76306,1201.9034,18.726988,1014.0493,15.909848,0.1965718387451183,-5.836334548828123,1083.4432423407593,276.93475063150026,19.425262
2025-10-25,359.1556,95.74386,1034.5044,462.99783,938.76056,18.783106,1013.2082,11.428818,1.1389488502197267,-3.848113685546874,575.3741097842102,153.38348018982697,19.428497
2025-10-26,380.57166,138.09615,1000.983,474.94287,862.88684,17.029325,1013.8855,15.80189,0.6691784852294909,-3.8296201113281256,671.4885825120483,243.6597255588089,18.37741
2025-10-27,384.9309,94.5569,1104.2938,477.7548,1009.73694,15.945504,1012.97754,15.898816,-0.8462358114624031,-5.206786697265624,634.6793934918458,155.90672164547425,19.07431
2025-10-28,453.91232,64.25063,1524.8264,679.6753,1460.5758,19.37363,1013.9089,13.305264,-0.23279747631836045,-7.622863503906249,1639.809558922943,232.11267290013885,20.738708
2025-10-29,505.6545,108.54141,1504.0845,712.8186,1395.5431,20.676004,1015.4812,9.938928,-0.8817445902099621,-8.123352173828124,1377.6899466622895,295.72842621076967,21.665497
2025-10-30,481.5028,79.36663,1485.6576,651.1252,1406.291,21.076017,1012.4285,10.6311455,-0.44105862023925724,-6.396850263671876,1031.9963968159423,170.10508654079132,21.601105
2025-10-31,549.648,124.5542,1285.6343,584.9501,1161.0801,20.017752,1012.1255,10.031512,0.416135693725586,-4.101776447265625,677.295241091217,153.4799813972168,21.250092
2025-11-01,552.07526,222.50868,1367.4412,621.26074,1144.9325,20.598421,1014.3526,8.952815,1.4762610968017569,-3.7951660527343734,765.4467669659363,308.5060406032883,21.617096
2025-11-02,643.307,275.76788,1464.3286,845.1368,1188.5608,20.504395,1015.3366,9.793378,1.6304075312500004,-3.6338193691406246,896.1720779971436,384.1641306505493,21.616547
2025-11-03,491.21353,163.73206,1105.1699,530.2413,941.43787,17.980568,1015.16974,10.947948,0.021504932128905807,-3.0035703300781265,688.6490984257659,229.5415848449585,19.807587
2025-11-04,402.99756,130.82843,1049.9277,486.37802,919.0993,16.26599,1015.8654,9.695102,-0.5506476964111329,-5.4579774882812515,684.5383024870605,222.22733016567992,17.112
2025-11-05,444.62308,139.63678,967.1896,450.93967,827.5528,14.591212,1018.0584,12.639065,-0.49325572735595635,-4.072235121093751,792.0225606424926,248.73985519123536,16.0484
2025-11-06,429.0018,153.81909,1049.9529,551.9229,896.1338,13.844394,1018.20526,19.459581,-1.9989212698364263,-5.971710326171873,1110.4827437389222,398.16487223168946,16.529816
2025-11-07,360.6516,84.40052,1300.2919,486.9717,1215.8914,18.140783,1013.195,17.648697,0.7593653099365234,-6.500121742187499,971.9068996495117,227.44789004411317,19.52649
2025-11-08,487.23837,101.05385,1509.5149,602.2021,1408.461,18.78319,1011.4406,16.494196,-0.30155322644042926,-6.135101648437502,1149.0489924062624,238.3141989855652,19.578735
2025-11-09,617.9617,156.9632,1568.8096,847.9766,1411.8464,18.984076,1015.9714,13.417954,-0.7288934537353526,-6.933654466796874,1198.1116865730712,304.32217466586303,20.576447
2025-11-10,547.17596,65.22895,1522.7327,809.5606,1457.5037,19.850199,1018.1665,11.689435,-0.8857842542724619,-7.1051333593749995,950.6043160318482,113.32172082710419,21.273682
2025-11-11,434.59988,65.159424,1350.767,628.61896,1285.6075,20.5954,1016.6507,12.851911,-0.1765631434326167,-4.608673271484374,569.0570480552216,85.31854411120605,21.344147
2025-11-12,946.1043,301.47546,1284.6523,954.4951,983.1769,17.643793,1015.60406,16.380709,-0.8960308939208979,-2.1153567792968744,1519.3351914423524,484.1350760300904,20.251251
2025-11-13,354.35275,64.19467,1107.0804,414.82147,1042.8857,14.251773,1015.32635,21.679209,-3.6580321194457994,-6.526977189453124,778.5833721068299,141.04844263478395,15.667206
2025-11-14,334.8498,64.029144,741.3274,287.00726,677.2982,11.465079,1013.97095,30.830423,-4.626232692443846,-5.514252119140625,1150.3560027443298,219.9682130176483,13.417328
2025-11-15,537.6237,194.09416,945.8138,590.51,751.7196,10.327693,1009.9882,31.435255,-5.020421014465333,-4.8273620859375015,1477.0786936503296,533.2583766213227,11.470337
2025-11-16,726.63306,495.81628,1184.7522,759.34296,688.9359,5.356485,1012.2417,21.181646,-7.652037110015868,-8.302032119140625,3206.218733388989,2187.7554896906618,7.104828
2025-11-17,603.1917,355.80136,1218.1622,675.42706,862.36084,6.3124413,1012.55365,19.12725,-7.003635650970459,-9.262664962890625,2119.843559778772,1250.4204046033387,7.025238
2025-11-18,819.5245,508.2309,1530.4958,904.7968,1022.26495,3.4843025,1012.2039,14.292739,-7.805740479248048,-7.7457576484375,1647.2410807532835,1021.5421696747435,6.4381104
2025-11-19,922.966,432.0147,1661.4067,1064.4009,1229.3921,4.045746,1016.4331,14.120071,-7.114568150390625,-10.26272571875,1446.6558984947203,677.139380411261,5.1254883
2025-11-20,666.394,273.94687,1281.2775,700.7369,1007.33057,4.813906,1015.6486,17.825804,-6.809392807220458,-8.889709240234374,1979.7478314662537,813.851466757138,5.3407288
2025-11-21,666.83563,390.34567,1221.2108,740.9783,830.8651,4.6115,1011.5402,18.676872,-6.869800213623046,-9.05343602734375,2533.2155436289977,1482.868757014267,5.428772
2025-11-22,601.2615,254.70508,1592.9872,735.17786,1338.2821,6.2297072,1015.04443,18.409262,-6.612539758941651,-9.38070595703125,2542.479239996338,1077.039525732422,8.522644
2025-11-23,630.6264,63.31516,1476.4218,1005.3147,1413.1066,10.106555,1015.85236,17.014654,-4.121506014953614,-8.419220017578127,1417.247834120581,142.29228461846466,11.335907
2025-11-24,282.68417,63.330513,979.68176,353.6576,916.35126,12.247075,1018.6914,14.417647,-1.6025719191284171,-5.970764150390625,368.64034600350953,82.58751075126496,14.030121
2025-11-25,259.48077,63.66862,1002.3665,361.49298,938.6979,14.715066,1017.8542,9.519202,-0.058475043884277156,-6.779419000000001,652.0607058483033,159.99569202284775,15.28125
2025-11-26,217.19234,64.15024,931.4505,304.78406,867.3003,16.28946,1017.5019,7.963835,0.15717122851562593,-7.0229190175781255,739.7128578660141,218.4826433509064,17.023407
2025-11-27,163.95903,64.225914,541.7068,193.30275,477.48087,16.315657,1016.8566,7.8639092,0.3309236619873044,-5.194549515624999,477.1116780143051,186.89384520603562,16.868896
2025-11-28,220.12062,63.823532,777.9363,294.4442,714.11273,15.950599,1015.445,10.858586,-0.46113128326415875,-4.938263074218749,242.26607589645386,70.24456237539673,16.340149
2025-11-29,266.6165,63.417862,953.9565,359.9465,890.53864,14.131757,1014.62286,12.144519,-0.09360021746826241,-3.5411376523437497,422.41382895355224,100.47608956222534,15.825256
2025-11-30,331.52173,118.46005,757.9526,431.3573,639.49255,13.003692,1013.8664,12.430026,-0.46434832672119164,-4.276123373046875,434.5578860861328,155.27715250007324,13.316193
2025-12-01,634.6433,236.77777,1230.7355,576.44135,993.9577,11.11298,1015.5283,12.716365,-1.4583171110839839,-5.5532836269531245,1410.2704112801514,526.1548950967713,12.886932
2025-12-02,358.48608,75.69829,1120.6014,440.0282,1044.9032,9.840026,1016.1504,10.788373,-2.740911098205567,-8.253631904296874,723.0233413691894,152.67434788890685,10.077423
2025-12-03,606.2923,176.53374,1409.1906,621.982,1232.6569,7.6181197,1014.41626,10.393056,-4.592319283355712,-6.972228714843752,1670.7795702313476,486.4798098607178,9.863342
2025-12-04,458.36636,84.61563,1455.3312,587.8063,1370.7156,7.2772217,1020.0908,7.1883264,-4.577317320312501,-10.183747275390626,1535.9864633964019,283.5471236744537,7.8562927
2025-12-05,285.4956,63.224766,1101.6917,384.43985,1038.4669,9.73906,1018.7668,11.41355,-3.2080495980834964,-7.653686685546877,615.7862137241211,136.36966169007033,12.006622
2025-12-06,234.13484,63.458496,818.23267,300.6298,754.7742,13.426196,1015.6695,12.615827,-1.3332159016723626,-5.981445232421876,170.03325505207764,46.08478841976562,14.003937
2025-12-07,233.11072,63.611343,952.1829,331.22058,888.5716,15.206478,1017.4229,12.575493,0.34386311889648447,-6.219024458984375,423.2279167361206,115.49059862306672,15.91153
2025-12-08,281.55545,63.689472,968.2776,431.06442,904.58813,15.202168,1019.3745,11.629313,-0.9848945353393539,-6.851439994140627,593.323349266037,134.21317505596733,15.606781
2025-12-09,192.85155,64.3049,724.51587,263.89438,660.21094,17.075502,1017.38135,9.437003,0.7067423956298811,-5.118500076171873,597.1202094695328,199.10525260388488,18.721222
2025-12-10,194.89717,64.56473,871.1073,279.89005,806.5426,18.820784,1015.35614,9.136963,1.5439496151123038,-5.833923048828126,538.1719945535659,178.28338988685607,19.41745
2025-12-11,230.66972,64.592316,991.24976,329.29922,926.6575,18.698294,1015.4887,9.906075,1.029449685913086,-5.815398935546874,427.2856065386764,119.6488484070343,18.830841
2025-12-12,214.76239,64.27669,845.7095,295.08624,781.4328,18.190105,1014.634,10.788807,0.7826134382324206,-4.4230040859374995,269.7979156628906,80.74838585615234,18.657837
2025-12-13,336.59012,82.37591,968.6952,388.84436,886.3193,17.261293,1014.53326,11.777892,0.7278884112548845,-3.8424674023437504,358.2825100643158,87.6848292222023,17.985413
2025-12-14,483.6631,219.27591,906.5869,619.99286,687.31104,16.602432,1015.5332,11.459095,0.3769022509765634,-4.169005605468751,563.404328718164,255.427797044989,17.117004
2025-12-15,397.50818,155.45543,968.55444,504.235,813.099,16.667936,1017.3986,8.812038,1.0421403250732428,-5.323059509765624,681.0345045009399,266.33542851082916,17.022552
2025-12-16,195.50757,64.05077,734.03253,275.09747,669.98175,18.231062,1016.4094,12.3288,2.1839299354248034,-4.040801746093749,416.2737370129395,136.37658693912508,19.194885
2025-12-17,197.53508,63.97419,589.0082,216.25497,525.034,18.959179,1015.03827,16.09271,2.8363339245605452,-1.2624204824218737,396.60587663771975,128.4457404574585,20.03128
2025-12-18,184.98946,63.604107,789.1643,263.09488,725.5602,19.364986,1012.8992,14.091184,3.376694419677735,-3.761901810546874,634.8941175113418,218.2928376401119,20.19217
2025-12-19,163.43797,64.239975,543.8603,210.31346,479.6203,19.418978,1013.3042,9.765038,2.5644757374267577,-1.7841797539062512,311.2133745580307,122.32371109330902,19.922302
2025-12-20,289.3301,70.77759,797.3249,294.74924,726.5473,16.72702,1014.688,15.125974,2.7459762636718743,-1.7181698632812505,431.23741303334043,105.491765256958,17.934265
2025-12-21,269.05627,128.6283,712.4343,316.47263,583.806,15.910473,1015.4839,17.53676,1.0875548698730473,-3.9990235371093767,299.899083035852,143.37338193065185,16.4982
2025-12-22,200.98975,63.84059,694.3363,254.73013,630.4957,16.212147,1014.0927,11.858093,0.45146675903320244,-4.633911228515625,193.6177436916504,61.49901429787445,16.569916
2025-12-23,302.50613,116.1408,944.18567,380.1869,828.04486,12.6547365,1012.0894,15.10077,-1.1456444811401365,-0.21878081250000037,1059.803680546759,406.8890973056442,16.448242
2025-12-24,610.31744,442.55423,833.43176,664.4288,390.87753,9.513573,1011.44366,29.185211,-5.113057307128907,-5.128174375,4826.296357060914,3499.6506954035035,11.072266
2025-12-25,475.40283,155.4255,1236.8086,533.6393,1081.383,6.497847,1016.64813,15.290436,-7.015176919769287,-7.493164169921876,2501.5191668273924,817.8324939546844,8.465851
2025-12-26,831.2163,516.1599,1115.7058,880.5422,599.5459,5.53331,1016.94806,18.929316,-7.504537063476562,-8.388122373046874,3925.1303359100093,2437.3859225990477,6.0349426
2025-12-27,587.2756,313.07477,1324.9127,711.05035,1011.83795,4.1407104,1016.6194,11.83929,-6.806619646148681,-9.96853666015625,1670.3873270859985,890.4782497365112,4.9432983
2025-12-28,374.5935,119.94861,1196.7748,481.20908,1076.8262,6.349636,1020.0325,7.34891,-4.45903892211914,-9.24380497265625,1158.406817479248,370.93351470983885,8.008728
2025-12-29,311.74686,63.32651,922.8997,386.35382,859.5732,8.637568,1020.64435,4.7357445,-2.776394526184083,-8.35287434765625,1797.1893606049714,365.0709864742298,9.159119
2025-12-30,338.97037,148.58553,640.7646,347.3945,492.17908,11.739224,1019.022,14.337223,-1.5667155661010739,-4.914214935546877,1842.3212344797057,807.5699090233002,14.221466
