date,aqi_co,aqi_no2,aqi_ozone,aqi_pm25,aqi_so2
2016-01-01,9.0,42.0,40.0,101.0,6.0
2016-01-02,24.0,42.0,37.0,83.0,4.0
2016-01-03,34.0,41.0,40.0,100.0,3.0
2016-01-04,13.0,48.0,38.0,68.0,1.0
2016-01-05,13.0,40.0,40.0,58.0,3.0
2016-01-06,13.0,42.0,43.0,66.0,1.0
2016-01-07,10.0,45.0,41.0,62.0,3.0
2016-01-08,13.0,40.0,40.0,64.0,4.0
2016-01-09,24.0,35.0,33.0,78.0,1.0
2016-01-10,10.0,29.0,37.0,78.0,0.0
2016-01-11,20.0,53.0,37.0,76.0,1.0
2016-01-12,22.0,52.0,35.0,65.0,1.0
2016-01-13,28.0,58.0,36.0,75.0,4.0
2016-01-14,22.0,41.0,39.0,78.0,1.0
2016-01-15,18.0,35.0,41.0,74.0,1.0
2016-01-16,14.0,32.0,37.0,83.0,3.0
2016-01-17,22.0,37.0,35.0,100.0,3.0
2016-01-18,11.0,31.0,33.0,75.0,1.0
2016-01-19,14.0,38.0,27.0,69.0,0.0
2016-01-20,9.0,38.0,29.0,76.0,1.0
2016-01-21,15.0,45.0,33.0,59.0,3.0
2016-01-22,22.0,50.0,25.0,71.0,1.0
2016-01-23,16.0,38.0,39.0,70.0,1.0
2016-01-24,20.0,33.0,41.0,67.0,3.0
2016-01-25,20.0,53.0,39.0,65.0,1.0
2016-01-26,27.0,68.0,42.0,69.0,7.0
2016-01-27,22.0,62.0,33.0,62.0,4.0
2016-01-28,26.0,61.0,39.0,75.0,7.0
2016-01-29,28.0,52.0,37.0,76.0,6.0
2016-01-30,17.0,32.0,36.0,70.0,0.0
2016-01-31,6.0,18.0,40.0,39.0,1.0
2016-02-01,10.0,47.0,38.0,31.0,0.0
2016-02-02,15.0,52.0,37.0,54.0,3.0
2016-02-03,15.0,56.0,38.0,57.0,4.0
2016-02-04,18.0,53.0,40.0,63.0,1.0
2016-02-05,26.0,66.0,42.0,66.0,1.0
2016-02-06,28.0,53.0,43.0,60.0,1.0
2016-02-07,30.0,55.0,48.0,69.0,4.0
2016-02-08,44.0,87.0,44.0,80.0,4.0
2016-02-09,24.0,62.0,40.0,56.0,3.0
2016-02-10,23.0,68.0,38.0,72.0,11.0
2016-02-11,33.0,77.0,41.0,86.0,14.0
2016-02-12,40.0,73.0,80.0,91.0,14.0
2016-02-13,19.0,64.0,77.0,113.0,3.0
2016-02-14,18.0,67.0,58.0,96.0,7.0
2016-02-15,36.0,80.0,49.0,81.0,13.0
2016-02-16,17.0,63.0,58.0,64.0,7.0
2016-02-17,14.0,49.0,40.0,60.0,3.0
2016-02-18,8.0,39.0,44.0,49.0,1.0
2016-02-19,18.0,42.0,43.0,61.0,3.0
2016-02-20,19.0,36.0,45.0,65.0,4.0
2016-02-21,23.0,42.0,61.0,77.0,4.0
2016-02-22,18.0,60.0,50.0,73.0,7.0
2016-02-23,24.0,67.0,44.0,70.0,6.0
2016-02-24,15.0,55.0,49.0,53.0,4.0
2016-02-25,17.0,64.0,67.0,65.0,3.0
2016-02-26,24.0,61.0,58.0,74.0,10.0
2016-02-27,14.0,48.0,90.0,86.0,4.0
2016-02-28,16.0,35.0,115.0,101.0,4.0
2016-02-29,10.0,51.0,84.0,109.0,4.0
2016-03-01,13.0,58.0,90.0,134.0,3.0
2016-03-02,13.0,55.0,74.0,124.0,7.0
2016-03-03,13.0,42.0,49.0,87.0,6.0
2016-03-04,11.0,39.0,47.0,86.0,3.0
2016-03-05,9.0,28.0,36.0,67.0,3.0
2016-03-06,7.0,24.0,45.0,54.0,1.0
2016-03-07,7.0,36.0,44.0,44.0,1.0
2016-03-08,13.0,40.0,44.0,53.0,4.0
2016-03-09,11.0,48.0,43.0,58.0,4.0
2016-03-10,17.0,45.0,38.0,66.0,3.0
2016-03-11,10.0,29.0,43.0,54.0,3.0
2016-03-12,10.0,29.0,42.0,56.0,1.0
2016-03-13,10.0,26.0,43.0,59.0,1.0
2016-03-14,7.0,36.0,43.0,52.0,3.0
2016-03-15,15.0,42.0,46.0,59.0,3.0
2016-03-16,20.0,66.0,77.0,62.0,7.0
2016-03-17,16.0,45.0,100.0,71.0,6.0
2016-03-18,8.0,33.0,77.0,88.0,3.0
2016-03-19,8.0,27.0,101.0,98.0,1.0
2016-03-20,11.0,25.0,97.0,113.0,3.0
2016-03-21,8.0,29.0,44.0,83.0,3.0
2016-03-22,11.0,38.0,46.0,61.0,3.0
2016-03-23,17.0,48.0,44.0,57.0,1.0
2016-03-24,18.0,54.0,47.0,66.0,4.0
2016-03-25,15.0,42.0,58.0,58.0,4.0
2016-03-26,9.0,30.0,87.0,78.0,3.0
2016-03-27,8.0,22.0,108.0,82.0,1.0
2016-03-28,7.0,33.0,45.0,64.0,1.0
2016-03-29,11.0,42.0,43.0,54.0,1.0
2016-03-30,9.0,36.0,45.0,58.0,1.0
2016-03-31,14.0,42.0,46.0,56.0,6.0
2016-04-01,10.0,37.0,48.0,68.0,3.0
2016-04-02,10.0,37.0,101.0,74.0,4.0
2016-04-03,9.0,35.0,87.0,67.0,6.0
2016-04-04,10.0,46.0,64.0,62.0,6.0
2016-04-05,10.0,47.0,105.0,66.0,13.0
2016-04-06,14.0,55.0,74.0,68.0,7.0
2016-04-07,10.0,45.0,47.0,71.0,0.0
2016-04-08,8.0,31.0,38.0,71.0,1.0
2016-04-09,9.0,25.0,33.0,59.0,1.0
2016-04-10,9.0,26.0,41.0,56.0,4.0
2016-04-11,10.0,33.0,45.0,59.0,3.0
2016-04-12,11.0,29.0,51.0,59.0,4.0
2016-04-13,7.0,31.0,48.0,63.0,0.0
2016-04-14,9.0,34.0,71.0,67.0,19.0
2016-04-15,9.0,41.0,50.0,61.0,1.0
2016-04-16,18.0,44.0,61.0,62.0,7.0
2016-04-17,17.0,40.0,97.0,60.0,3.0
2016-04-18,18.0,55.0,108.0,64.0,3.0
2016-04-19,18.0,60.0,115.0,68.0,4.0
2016-04-20,15.0,64.0,108.0,68.0,9.0
2016-04-21,11.0,47.0,112.0,54.0,4.0
2016-04-22,7.0,31.0,50.0,53.0,3.0
2016-04-23,7.0,30.0,67.0,52.0,3.0
2016-04-24,7.0,25.0,77.0,59.0,3.0
2016-04-25,6.0,43.0,50.0,68.0,1.0
2016-04-26,8.0,38.0,64.0,59.0,1.0
2016-04-27,9.0,33.0,64.0,69.0,1.0
2016-04-28,6.0,30.0,50.0,59.0,0.0
2016-04-29,7.0,28.0,58.0,63.0,1.0
2016-04-30,6.0,19.0,51.0,60.0,1.0
2016-05-01,7.0,21.0,80.0,68.0,0.0
2016-05-02,8.0,39.0,67.0,70.0,1.0
2016-05-03,8.0,40.0,84.0,71.0,4.0
2016-05-04,7.0,48.0,77.0,71.0,0.0
2016-05-05,6.0,32.0,41.0,53.0,1.0
2016-05-06,8.0,29.0,44.0,47.0,0.0
2016-05-07,10.0,25.0,46.0,51.0,1.0
2016-05-08,7.0,24.0,44.0,45.0,0.0
2016-05-09,8.0,37.0,50.0,56.0,1.0
2016-05-10,7.0,33.0,77.0,63.0,1.0
2016-05-11,7.0,40.0,101.0,69.0,1.0
2016-05-12,7.0,34.0,105.0,72.0,4.0
2016-05-13,6.0,36.0,115.0,88.0,7.0
2016-05-14,6.0,15.0,77.0,79.0,1.0
2016-05-15,5.0,15.0,45.0,58.0,1.0
2016-05-16,5.0,27.0,49.0,64.0,3.0
2016-05-17,5.0,37.0,64.0,62.0,1.0
2016-05-18,6.0,44.0,58.0,67.0,1.0
2016-05-19,5.0,23.0,74.0,76.0,1.0
2016-05-20,5.0,22.0,54.0,59.0,0.0
2016-05-21,6.0,24.0,48.0,52.0,1.0
2016-05-22,6.0,21.0,48.0,53.0,3.0
2016-05-23,7.0,28.0,49.0,52.0,3.0
2016-05-24,6.0,28.0,44.0,55.0,3.0
2016-05-25,6.0,26.0,42.0,51.0,0.0
2016-05-26,7.0,33.0,46.0,58.0,1.0
2016-05-27,6.0,29.0,87.0,62.0,3.0
2016-05-28,5.0,23.0,108.0,77.0,1.0
2016-05-29,5.0,13.0,90.0,61.0,1.0
2016-05-30,6.0,15.0,101.0,61.0,1.0
2016-05-31,6.0,26.0,100.0,81.0,0.0
2016-06-01,6.0,34.0,100.0,84.0,3.0
2016-06-02,7.0,43.0,190.0,89.0,3.0
2016-06-03,7.0,46.0,166.0,103.0,11.0
2016-06-04,8.0,36.0,209.0,93.0,6.0
2016-06-05,6.0,24.0,140.0,68.0,3.0
2016-06-06,6.0,25.0,108.0,71.0,3.0
2016-06-07,5.0,33.0,84.0,72.0,3.0
2016-06-08,5.0,30.0,164.0,78.0,4.0
2016-06-09,6.0,30.0,133.0,82.0,4.0
2016-06-10,6.0,20.0,105.0,74.0,3.0
2016-06-11,9.0,16.0,50.0,59.0,0.0
2016-06-12,5.0,14.0,49.0,53.0,1.0
2016-06-13,5.0,31.0,61.0,54.0,0.0
2016-06-14,6.0,26.0,97.0,93.0,0.0
2016-06-15,5.0,26.0,71.0,66.0,1.0
2016-06-16,8.0,35.0,97.0,77.0,1.0
2016-06-17,10.0,53.0,169.0,99.0,10.0
2016-06-18,9.0,42.0,119.0,77.0,9.0
2016-06-19,9.0,44.0,143.0,64.0,4.0
2016-06-20,14.0,80.0,126.0,80.0,11.0
2016-06-21,6.0,30.0,126.0,82.0,4.0
2016-06-22,7.0,29.0,119.0,74.0,16.0
2016-06-23,6.0,30.0,151.0,86.0,7.0
2016-06-24,6.0,24.0,122.0,85.0,4.0
2016-06-25,6.0,21.0,187.0,91.0,6.0
2016-06-26,7.0,25.0,195.0,83.0,9.0
2016-06-27,8.0,37.0,177.0,93.0,13.0
2016-06-28,7.0,36.0,133.0,96.0,13.0
2016-06-29,7.0,36.0,210.0,82.0,6.0
2016-06-30,6.0,36.0,166.0,90.0,3.0
2016-07-01,5.0,21.0,105.0,90.0,1.0
2016-07-02,5.0,16.0,122.0,73.0,1.0
2016-07-03,5.0,13.0,84.0,73.0,3.0
2016-07-04,5.0,16.0,90.0,82.0,4.0
2016-07-05,5.0,26.0,129.0,122.0,1.0
2016-07-06,3.0,27.0,136.0,73.0,4.0
2016-07-07,3.0,25.0,126.0,77.0,3.0
2016-07-08,5.0,26.0,126.0,79.0,4.0
2016-07-09,5.0,27.0,133.0,73.0,4.0
2016-07-10,5.0,24.0,87.0,73.0,3.0
2016-07-11,3.0,27.0,108.0,76.0,1.0
2016-07-12,3.0,28.0,133.0,84.0,1.0
2016-07-13,5.0,30.0,156.0,70.0,3.0
2016-07-14,5.0,40.0,156.0,70.0,3.0
2016-07-15,5.0,29.0,126.0,78.0,6.0
2016-07-16,5.0,22.0,143.0,74.0,4.0
2016-07-17,3.0,21.0,133.0,69.0,4.0
2016-07-18,5.0,34.0,115.0,71.0,3.0
2016-07-19,6.0,40.0,115.0,64.0,4.0
2016-07-20,8.0,49.0,105.0,71.0,10.0
2016-07-21,8.0,52.0,105.0,77.0,24.0
2016-07-22,9.0,58.0,169.0,72.0,13.0
2016-07-23,9.0,44.0,182.0,226.0,3.0
2016-07-24,15.0,33.0,93.0,158.0,3.0
2016-07-25,17.0,30.0,90.0,134.0,11.0
2016-07-26,8.0,31.0,133.0,70.0,9.0
2016-07-27,10.0,36.0,112.0,69.0,7.0
2016-07-28,6.0,31.0,172.0,74.0,1.0
2016-07-29,7.0,40.0,206.0,79.0,7.0
2016-07-30,5.0,24.0,122.0,92.0,4.0
2016-07-31,5.0,17.0,101.0,69.0,3.0
2016-08-01,6.0,30.0,105.0,69.0,4.0
2016-08-02,5.0,30.0,119.0,66.0,4.0
2016-08-03,5.0,27.0,122.0,69.0,3.0
2016-08-04,6.0,28.0,147.0,77.0,3.0
2016-08-05,5.0,38.0,136.0,84.0,6.0
2016-08-06,5.0,21.0,140.0,74.0,3.0
2016-08-07,5.0,16.0,136.0,77.0,1.0
2016-08-08,5.0,31.0,156.0,88.0,1.0
2016-08-09,5.0,27.0,129.0,84.0,3.0
2016-08-10,5.0,30.0,119.0,77.0,4.0
2016-08-11,5.0,40.0,129.0,74.0,3.0
2016-08-12,5.0,35.0,77.0,70.0,3.0
2016-08-13,5.0,26.0,136.0,70.0,4.0
2016-08-14,6.0,35.0,172.0,69.0,3.0
2016-08-15,8.0,45.0,112.0,69.0,9.0
2016-08-16,8.0,50.0,97.0,67.0,7.0
2016-08-17,9.0,53.0,115.0,72.0,9.0
2016-08-18,9.0,41.0,84.0,70.0,13.0
2016-08-19,6.0,36.0,100.0,77.0,0.0
2016-08-20,6.0,25.0,51.0,75.0,3.0
2016-08-21,6.0,26.0,77.0,73.0,7.0
2016-08-22,7.0,34.0,58.0,80.0,4.0
2016-08-23,8.0,42.0,122.0,78.0,3.0
2016-08-24,8.0,36.0,129.0,80.0,3.0
2016-08-25,7.0,30.0,140.0,83.0,1.0
2016-08-26,5.0,19.0,97.0,84.0,0.0
2016-08-27,5.0,24.0,108.0,83.0,1.0
2016-08-28,6.0,22.0,126.0,80.0,4.0
2016-08-29,9.0,45.0,161.0,86.0,3.0
2016-08-30,8.0,42.0,187.0,86.0,3.0
2016-08-31,7.0,40.0,151.0,83.0,6.0
2016-09-01,9.0,35.0,80.0,76.0,1.0
2016-09-02,5.0,25.0,84.0,81.0,1.0
2016-09-03,3.0,14.0,87.0,71.0,3.0
2016-09-04,3.0,17.0,49.0,68.0,1.0
2016-09-05,5.0,18.0,67.0,73.0,1.0
2016-09-06,7.0,34.0,93.0,74.0,1.0
2016-09-07,7.0,38.0,129.0,82.0,1.0
2016-09-08,5.0,33.0,97.0,83.0,3.0
2016-09-09,5.0,38.0,87.0,82.0,1.0
2016-09-10,8.0,33.0,108.0,79.0,3.0
2016-09-11,6.0,28.0,64.0,72.0,3.0
2016-09-12,5.0,25.0,46.0,77.0,3.0
2016-09-13,5.0,36.0,43.0,60.0,1.0
2016-09-14,9.0,38.0,74.0,63.0,3.0
2016-09-15,11.0,38.0,84.0,69.0,7.0
2016-09-16,8.0,44.0,112.0,72.0,7.0
2016-09-17,8.0,38.0,126.0,77.0,4.0
2016-09-18,11.0,44.0,147.0,78.0,4.0
2016-09-19,10.0,54.0,64.0,76.0,10.0
2016-09-20,16.0,45.0,71.0,67.0,3.0
2016-09-21,11.0,41.0,84.0,64.0,3.0
2016-09-22,5.0,31.0,44.0,69.0,1.0
2016-09-23,8.0,43.0,46.0,68.0,6.0
2016-09-24,18.0,55.0,80.0,69.0,17.0
2016-09-25,15.0,50.0,112.0,65.0,9.0
2016-09-26,16.0,62.0,64.0,60.0,3.0
2016-09-27,14.0,56.0,64.0,63.0,6.0
2016-09-28,8.0,43.0,77.0,66.0,6.0
2016-09-29,13.0,62.0,97.0,66.0,7.0
2016-09-30,10.0,52.0,71.0,68.0,20.0
2016-10-01,10.0,34.0,51.0,70.0,1.0
2016-10-02,9.0,26.0,74.0,72.0,1.0
2016-10-03,10.0,42.0,47.0,66.0,1.0
2016-10-04,9.0,34.0,54.0,65.0,3.0
2016-10-05,9.0,43.0,61.0,64.0,1.0
2016-10-06,14.0,58.0,80.0,67.0,6.0
2016-10-07,20.0,72.0,77.0,78.0,7.0
2016-10-08,20.0,67.0,105.0,74.0,9.0
2016-10-09,19.0,43.0,108.0,62.0,10.0
2016-10-10,15.0,63.0,46.0,62.0,4.0
2016-10-11,8.0,40.0,44.0,69.0,1.0
2016-10-12,7.0,41.0,45.0,76.0,3.0
2016-10-13,11.0,45.0,74.0,79.0,3.0
2016-10-14,8.0,45.0,77.0,84.0,4.0
2016-10-15,6.0,25.0,43.0,71.0,3.0
2016-10-16,5.0,16.0,36.0,55.0,0.0
2016-10-17,5.0,41.0,42.0,56.0,0.0
2016-10-18,10.0,62.0,45.0,58.0,3.0
2016-10-19,22.0,81.0,47.0,71.0,9.0
2016-10-20,25.0,71.0,51.0,59.0,6.0
2016-10-21,23.0,70.0,64.0,66.0,9.0
2016-10-22,22.0,48.0,77.0,66.0,4.0
2016-10-23,13.0,31.0,40.0,67.0,1.0
2016-10-24,8.0,42.0,33.0,71.0,0.0
2016-10-25,10.0,40.0,43.0,65.0,4.0
2016-10-26,11.0,47.0,44.0,65.0,6.0
2016-10-27,13.0,66.0,42.0,67.0,6.0
2016-10-28,7.0,45.0,28.0,55.0,1.0
2016-10-29,10.0,36.0,30.0,57.0,1.0
2016-10-30,8.0,27.0,27.0,60.0,1.0
2016-10-31,7.0,41.0,37.0,57.0,1.0
2016-11-01,8.0,33.0,39.0,63.0,1.0
2016-11-02,20.0,66.0,44.0,61.0,3.0
2016-11-03,28.0,80.0,43.0,65.0,11.0
2016-11-04,24.0,58.0,37.0,71.0,4.0
2016-11-05,15.0,50.0,61.0,80.0,20.0
2016-11-06,11.0,36.0,58.0,83.0,4.0
2016-11-07,14.0,64.0,48.0,84.0,9.0
2016-11-08,24.0,95.0,47.0,75.0,11.0
2016-11-09,25.0,65.0,44.0,63.0,6.0
2016-11-10,16.0,72.0,44.0,62.0,7.0
2016-11-11,24.0,68.0,46.0,66.0,13.0
2016-11-12,19.0,52.0,46.0,70.0,7.0
2016-11-13,19.0,48.0,74.0,65.0,14.0
2016-11-14,25.0,73.0,58.0,72.0,11.0
2016-11-15,19.0,61.0,50.0,87.0,7.0
2016-11-16,18.0,42.0,46.0,77.0,1.0
2016-11-17,13.0,74.0,44.0,68.0,1.0
2016-11-18,16.0,54.0,36.0,57.0,9.0
2016-11-19,23.0,48.0,40.0,72.0,16.0
2016-11-20,19.0,37.0,36.0,66.0,1.0
2016-11-21,8.0,42.0,36.0,57.0,0.0
2016-11-22,11.0,52.0,38.0,59.0,6.0
2016-11-23,20.0,53.0,39.0,74.0,4.0
2016-11-24,13.0,46.0,42.0,68.0,1.0
2016-11-25,18.0,43.0,38.0,82.0,14.0
2016-11-26,27.0,41.0,41.0,88.0,3.0
2016-11-27,10.0,32.0,39.0,56.0,13.0
2016-11-28,13.0,41.0,38.0,64.0,3.0
2016-11-29,15.0,51.0,37.0,61.0,3.0
2016-11-30,16.0,51.0,32.0,63.0,3.0
2016-12-01,18.0,50.0,34.0,72.0,3.0
2016-12-02,24.0,57.0,44.0,69.0,3.0
2016-12-03,33.0,55.0,41.0,71.0,4.0
2016-12-04,41.0,48.0,36.0,90.0,7.0
2016-12-05,26.0,44.0,37.0,83.0,3.0
2016-12-06,17.0,50.0,41.0,70.0,1.0
2016-12-07,19.0,56.0,37.0,77.0,1.0
2016-12-08,25.0,55.0,37.0,74.0,6.0
2016-12-09,16.0,47.0,27.0,80.0,7.0
2016-12-10,13.0,35.0,26.0,116.0,3.0
2016-12-11,8.0,28.0,28.0,97.0,1.0
2016-12-12,7.0,40.0,35.0,85.0,1.0
2016-12-13,10.0,46.0,31.0,96.0,4.0
2016-12-14,23.0,63.0,28.0,135.0,9.0
2016-12-15,19.0,58.0,25.0,106.0,11.0
2016-12-16,8.0,26.0,39.0,37.0,3.0
2016-12-17,16.0,37.0,39.0,61.0,4.0
2016-12-18,28.0,43.0,44.0,64.0,1.0
2016-12-19,35.0,70.0,44.0,63.0,3.0
2016-12-20,17.0,77.0,40.0,54.0,3.0
2016-12-21,16.0,63.0,33.0,54.0,3.0
2016-12-22,13.0,43.0,32.0,56.0,1.0
2016-12-23,15.0,39.0,36.0,66.0,1.0
2016-12-24,8.0,25.0,40.0,54.0,1.0
2016-12-25,17.0,34.0,36.0,78.0,3.0
2016-12-26,19.0,42.0,37.0,68.0,1.0
2016-12-27,17.0,50.0,37.0,54.0,3.0
2016-12-28,16.0,57.0,35.0,64.0,4.0
2016-12-29,16.0,60.0,35.0,60.0,3.0
2016-12-30,18.0,48.0,34.0,56.0,3.0
2016-12-31,10.0,28.0,34.0,66.0,0.0
2017-01-01,27.0,30.0,34.0,145.0,1.0
2017-01-02,10.0,36.0,36.0,63.0,1.0
2017-01-03,17.0,55.0,32.0,70.0,3.0
2017-01-04,20.0,48.0,31.0,75.0,4.0
2017-01-05,8.0,36.0,29.0,53.0,1.0
2017-01-06,10.0,42.0,37.0,56.0,6.0
2017-01-07,27.0,43.0,31.0,74.0,1.0
2017-01-08,39.0,43.0,32.0,84.0,3.0
2017-01-09,15.0,40.0,31.0,60.0,1.0
2017-01-10,14.0,42.0,33.0,61.0,1.0
2017-01-11,6.0,40.0,39.0,58.0,1.0
2017-01-12,9.0,38.0,32.0,55.0,3.0
2017-01-13,20.0,56.0,35.0,65.0,4.0
2017-01-14,20.0,40.0,38.0,75.0,14.0
2017-01-15,17.0,30.0,36.0,71.0,1.0
2017-01-16,13.0,48.0,40.0,75.0,1.0
2017-01-17,23.0,58.0,36.0,71.0,4.0
2017-01-18,18.0,47.0,37.0,73.0,3.0
2017-01-19,7.0,49.0,41.0,59.0,0.0
2017-01-20,8.0,38.0,41.0,50.0,1.0
2017-01-21,8.0,39.0,41.0,54.0,1.0
2017-01-22,8.0,28.0,40.0,57.0,1.0
2017-01-23,10.0,55.0,43.0,55.0,1.0
2017-01-24,14.0,54.0,34.0,66.0,1.0
2017-01-25,18.0,61.0,39.0,68.0,3.0
2017-01-26,22.0,62.0,40.0,73.0,1.0
2017-01-27,22.0,60.0,44.0,69.0,1.0
2017-01-28,32.0,51.0,46.0,78.0,4.0
2017-01-29,40.0,52.0,45.0,69.0,3.0
2017-01-30,30.0,77.0,43.0,62.0,7.0
2017-01-31,30.0,73.0,40.0,78.0,9.0
2017-02-01,23.0,54.0,46.0,74.0,6.0
2017-02-02,14.0,46.0,39.0,77.0,7.0
2017-02-03,10.0,42.0,31.0,69.0,0.0
2017-02-04,10.0,30.0,39.0,58.0,1.0
2017-02-05,7.0,20.0,32.0,70.0,1.0
2017-02-06,8.0,29.0,32.0,54.0,0.0
2017-02-07,9.0,31.0,24.0,52.0,0.0
2017-02-08,9.0,34.0,27.0,56.0,9.0
2017-02-09,14.0,40.0,31.0,58.0,3.0
2017-02-10,10.0,33.0,32.0,62.0,1.0
2017-02-11,10.0,30.0,38.0,56.0,0.0
2017-02-12,18.0,36.0,41.0,60.0,4.0
2017-02-13,22.0,45.0,39.0,63.0,7.0
2017-02-14,11.0,43.0,39.0,64.0,3.0
2017-02-15,13.0,54.0,44.0,73.0,3.0
2017-02-16,15.0,56.0,43.0,66.0,1.0
2017-02-17,6.0,30.0,49.0,46.0,3.0
2017-02-18,7.0,25.0,46.0,36.0,0.0
2017-02-19,9.0,25.0,39.0,55.0,1.0
2017-02-20,6.0,35.0,35.0,57.0,0.0
2017-02-21,11.0,48.0,33.0,61.0,1.0
2017-02-22,8.0,48.0,42.0,48.0,6.0
2017-02-23,7.0,50.0,45.0,43.0,3.0
2017-02-24,11.0,63.0,46.0,57.0,3.0
2017-02-25,18.0,38.0,44.0,65.0,3.0
2017-02-26,7.0,34.0,43.0,54.0,1.0
2017-02-27,7.0,48.0,41.0,48.0,1.0
2017-02-28,11.0,57.0,48.0,58.0,3.0
2017-03-01,18.0,60.0,46.0,62.0,6.0
2017-03-02,16.0,66.0,45.0,59.0,3.0
2017-03-03,18.0,56.0,49.0,55.0,9.0
2017-03-04,17.0,42.0,50.0,66.0,3.0
2017-03-05,6.0,22.0,45.0,53.0,1.0
2017-03-06,8.0,48.0,44.0,47.0,3.0
2017-03-07,11.0,50.0,44.0,57.0,7.0
2017-03-08,19.0,62.0,47.0,64.0,3.0
2017-03-09,18.0,71.0,77.0,70.0,14.0
2017-03-10,19.0,89.0,100.0,74.0,4.0
2017-03-11,15.0,45.0,115.0,74.0,4.0
2017-03-12,11.0,39.0,101.0,92.0,9.0
2017-03-13,16.0,69.0,84.0,125.0,10.0
2017-03-14,15.0,76.0,97.0,102.0,11.0
2017-03-15,14.0,71.0,54.0,84.0,11.0
2017-03-16,13.0,44.0,48.0,75.0,10.0
2017-03-17,15.0,57.0,64.0,90.0,20.0
2017-03-18,7.0,31.0,74.0,101.0,6.0
2017-03-19,8.0,25.0,64.0,82.0,3.0
2017-03-20,5.0,34.0,41.0,66.0,3.0
2017-03-21,6.0,29.0,25.0,59.0,1.0
2017-03-22,5.0,32.0,43.0,59.0,1.0
2017-03-23,6.0,40.0,47.0,49.0,1.0
2017-03-24,9.0,35.0,47.0,61.0,6.0
2017-03-25,7.0,28.0,44.0,54.0,1.0
2017-03-26,8.0,25.0,49.0,61.0,1.0
2017-03-27,7.0,36.0,47.0,56.0,3.0
2017-03-28,9.0,46.0,49.0,57.0,10.0
2017-03-29,15.0,58.0,64.0,60.0,9.0
2017-03-30,10.0,36.0,49.0,61.0,1.0
2017-03-31,6.0,38.0,49.0,61.0,1.0
2017-04-01,11.0,37.0,50.0,63.0,4.0
2017-04-02,11.0,33.0,61.0,63.0,4.0
2017-04-03,6.0,28.0,48.0,78.0,1.0
2017-04-04,6.0,44.0,71.0,80.0,6.0
2017-04-05,10.0,50.0,100.0,72.0,7.0
2017-04-06,9.0,42.0,58.0,72.0,7.0
2017-04-07,6.0,31.0,77.0,65.0,3.0
2017-04-08,5.0,20.0,50.0,54.0,1.0
2017-04-09,6.0,37.0,67.0,55.0,4.0
2017-04-10,11.0,56.0,97.0,60.0,4.0
2017-04-11,10.0,48.0,87.0,65.0,4.0
2017-04-12,7.0,31.0,46.0,60.0,3.0
2017-04-13,7.0,34.0,44.0,54.0,6.0
2017-04-14,7.0,37.0,58.0,53.0,1.0
2017-04-15,11.0,37.0,112.0,58.0,9.0
2017-04-16,8.0,34.0,108.0,59.0,7.0
2017-04-17,7.0,41.0,38.0,51.0,7.0
2017-04-18,6.0,34.0,31.0,42.0,3.0
2017-04-19,5.0,35.0,49.0,54.0,3.0
2017-04-20,7.0,40.0,67.0,58.0,3.0
2017-04-21,9.0,62.0,119.0,65.0,11.0
2017-04-22,9.0,45.0,161.0,64.0,6.0
2017-04-23,7.0,26.0,84.0,63.0,3.0
2017-04-24,6.0,33.0,51.0,62.0,1.0
2017-04-25,5.0,34.0,71.0,57.0,3.0
2017-04-26,7.0,35.0,49.0,59.0,3.0
2017-04-27,5.0,32.0,74.0,59.0,3.0
2017-04-28,6.0,38.0,84.0,55.0,4.0
2017-04-29,7.0,48.0,100.0,52.0,3.0
2017-04-30,11.0,40.0,112.0,61.0,3.0
2017-05-01,10.0,44.0,140.0,65.0,6.0
2017-05-02,8.0,47.0,147.0,67.0,6.0
2017-05-03,6.0,37.0,156.0,71.0,4.0
2017-05-04,7.0,40.0,126.0,69.0,6.0
2017-05-05,6.0,40.0,58.0,82.0,1.0
2017-05-06,5.0,11.0,44.0,57.0,1.0
2017-05-07,8.0,28.0,45.0,61.0,0.0
2017-05-08,11.0,42.0,50.0,62.0,3.0
2017-05-09,6.0,29.0,47.0,68.0,1.0
2017-05-10,6.0,31.0,44.0,61.0,1.0
2017-05-11,6.0,40.0,61.0,62.0,0.0
2017-05-12,6.0,31.0,50.0,73.0,3.0
2017-05-13,5.0,28.0,67.0,60.0,3.0
2017-05-14,6.0,27.0,67.0,66.0,1.0
2017-05-15,5.0,32.0,49.0,57.0,1.0
2017-05-16,5.0,36.0,45.0,59.0,3.0
2017-05-17,5.0,42.0,48.0,64.0,1.0
2017-05-18,8.0,61.0,49.0,62.0,4.0
2017-05-19,13.0,47.0,84.0,66.0,3.0
2017-05-20,11.0,42.0,122.0,65.0,11.0
2017-05-21,8.0,41.0,143.0,65.0,3.0
2017-05-22,7.0,36.0,154.0,72.0,6.0
2017-05-23,7.0,43.0,112.0,69.0,7.0
2017-05-24,6.0,30.0,119.0,71.0,6.0
2017-05-25,5.0,16.0,48.0,59.0,3.0
2017-05-26,3.0,30.0,45.0,53.0,1.0
2017-05-27,6.0,29.0,64.0,56.0,1.0
2017-05-28,6.0,26.0,108.0,82.0,1.0
2017-05-29,5.0,36.0,97.0,69.0,0.0
2017-05-30,5.0,23.0,93.0,80.0,1.0
2017-05-31,5.0,23.0,67.0,82.0,1.0
2017-06-01,6.0,39.0,93.0,72.0,1.0
2017-06-02,7.0,38.0,136.0,77.0,6.0
2017-06-03,6.0,21.0,169.0,88.0,1.0
2017-06-04,6.0,21.0,150.0,94.0,13.0
2017-06-05,6.0,25.0,101.0,80.0,1.0
2017-06-06,5.0,25.0,77.0,82.0,0.0
2017-06-07,6.0,33.0,101.0,71.0,3.0
2017-06-08,5.0,47.0,77.0,61.0,3.0
2017-06-09,6.0,29.0,50.0,55.0,4.0
2017-06-10,3.0,18.0,40.0,55.0,1.0
2017-06-11,3.0,17.0,42.0,55.0,1.0
2017-06-12,5.0,31.0,44.0,53.0,1.0
2017-06-13,6.0,47.0,93.0,61.0,6.0
2017-06-14,9.0,42.0,159.0,67.0,4.0
2017-06-15,9.0,42.0,143.0,71.0,3.0
2017-06-16,8.0,40.0,195.0,70.0,7.0
2017-06-17,6.0,34.0,190.0,70.0,3.0
2017-06-18,7.0,33.0,164.0,72.0,3.0
2017-06-19,9.0,40.0,172.0,68.0,7.0
2017-06-20,8.0,49.0,197.0,79.0,9.0
2017-06-21,8.0,49.0,164.0,69.0,20.0
2017-06-22,5.0,24.0,115.0,73.0,3.0
2017-06-23,6.0,27.0,156.0,75.0,6.0
2017-06-24,5.0,22.0,151.0,72.0,4.0
2017-06-25,7.0,34.0,195.0,69.0,3.0
2017-06-26,13.0,53.0,129.0,69.0,6.0
2017-06-27,8.0,41.0,115.0,60.0,7.0
2017-06-28,5.0,26.0,115.0,66.0,3.0
2017-06-29,6.0,32.0,150.0,105.0,4.0
2017-06-30,5.0,26.0,151.0,79.0,3.0
2017-07-01,5.0,24.0,143.0,81.0,1.0
2017-07-02,3.0,14.0,115.0,69.0,1.0
2017-07-03,5.0,37.0,159.0,74.0,7.0
2017-07-04,6.0,31.0,169.0,149.0,7.0
2017-07-05,7.0,35.0,182.0,189.0,4.0
2017-07-06,7.0,38.0,204.0,73.0,4.0
2017-07-07,10.0,51.0,224.0,80.0,3.0
2017-07-08,9.0,42.0,209.0,84.0,3.0
2017-07-09,10.0,18.0,101.0,74.0,3.0
2017-07-10,7.0,30.0,112.0,73.0,6.0
2017-07-11,6.0,28.0,71.0,59.0,3.0
2017-07-12,6.0,30.0,84.0,61.0,3.0
2017-07-13,6.0,29.0,97.0,67.0,7.0
2017-07-14,6.0,36.0,156.0,69.0,6.0
2017-07-15,6.0,30.0,203.0,79.0,3.0
2017-07-16,5.0,19.0,159.0,85.0,1.0
2017-07-17,6.0,24.0,101.0,75.0,1.0
2017-07-18,6.0,31.0,154.0,73.0,4.0
2017-07-19,7.0,36.0,164.0,76.0,7.0
2017-07-20,6.0,30.0,136.0,78.0,6.0
2017-07-21,7.0,25.0,154.0,81.0,3.0
2017-07-22,6.0,24.0,177.0,82.0,3.0
2017-07-23,5.0,21.0,164.0,80.0,4.0
2017-07-24,5.0,28.0,61.0,72.0,6.0
2017-07-25,5.0,31.0,84.0,70.0,1.0
2017-07-26,5.0,31.0,100.0,65.0,4.0
2017-07-27,7.0,32.0,105.0,68.0,3.0
2017-07-28,7.0,25.0,126.0,77.0,4.0
2017-07-29,6.0,21.0,133.0,77.0,6.0
2017-07-30,5.0,13.0,122.0,83.0,1.0
2017-07-31,6.0,36.0,164.0,79.0,4.0
2017-08-01,6.0,37.0,140.0,81.0,3.0
2017-08-02,8.0,40.0,122.0,80.0,4.0
2017-08-03,8.0,43.0,161.0,80.0,3.0
2017-08-04,6.0,33.0,126.0,70.0,3.0
2017-08-05,5.0,21.0,115.0,70.0,1.0
2017-08-06,3.0,24.0,119.0,77.0,9.0
2017-08-07,6.0,35.0,108.0,70.0,10.0
2017-08-08,6.0,35.0,122.0,74.0,7.0
2017-08-09,8.0,36.0,119.0,75.0,1.0
2017-08-10,8.0,39.0,143.0,76.0,4.0
2017-08-11,7.0,42.0,140.0,75.0,6.0
2017-08-12,6.0,26.0,156.0,80.0,1.0
2017-08-13,6.0,16.0,150.0,88.0,3.0
2017-08-14,5.0,28.0,97.0,76.0,1.0
2017-08-15,3.0,18.0,50.0,63.0,1.0
2017-08-16,5.0,26.0,90.0,68.0,1.0
2017-08-17,7.0,38.0,93.0,68.0,1.0
2017-08-18,6.0,29.0,112.0,71.0,4.0
2017-08-19,5.0,25.0,105.0,70.0,4.0
2017-08-20,3.0,11.0,80.0,86.0,4.0
2017-08-21,5.0,28.0,74.0,87.0,3.0
2017-08-22,7.0,34.0,97.0,69.0,3.0
2017-08-23,5.0,36.0,126.0,73.0,1.0
2017-08-24,5.0,34.0,115.0,85.0,3.0
2017-08-25,6.0,36.0,154.0,95.0,1.0
2017-08-26,7.0,29.0,190.0,87.0,4.0
2017-08-27,7.0,33.0,164.0,72.0,4.0
2017-08-28,8.0,42.0,201.0,78.0,4.0
2017-08-29,10.0,46.0,208.0,90.0,4.0
2017-08-30,9.0,66.0,209.0,80.0,10.0
2017-08-31,10.0,56.0,174.0,75.0,10.0
2017-09-01,9.0,56.0,206.0,74.0,14.0
2017-09-02,10.0,47.0,156.0,80.0,6.0
2017-09-03,10.0,41.0,77.0,72.0,1.0
2017-09-04,5.0,16.0,51.0,68.0,1.0
2017-09-05,6.0,33.0,67.0,73.0,1.0
2017-09-06,8.0,34.0,61.0,69.0,1.0
2017-09-07,9.0,43.0,112.0,78.0,4.0
2017-09-08,7.0,35.0,80.0,79.0,3.0
2017-09-09,6.0,25.0,101.0,78.0,6.0
2017-09-10,8.0,31.0,177.0,70.0,14.0
2017-09-11,8.0,43.0,119.0,70.0,4.0
2017-09-12,6.0,41.0,84.0,68.0,0.0
2017-09-13,3.0,33.0,49.0,67.0,0.0
2017-09-14,6.0,32.0,43.0,62.0,3.0
2017-09-15,5.0,29.0,50.0,62.0,4.0
2017-09-16,7.0,25.0,80.0,70.0,3.0
2017-09-17,3.0,21.0,93.0,70.0,0.0
2017-09-18,7.0,46.0,101.0,72.0,1.0
2017-09-19,5.0,31.0,58.0,75.0,3.0
2017-09-20,9.0,42.0,67.0,71.0,1.0
2017-09-21,5.0,29.0,38.0,63.0,0.0
2017-09-22,7.0,33.0,46.0,63.0,1.0
2017-09-23,8.0,29.0,64.0,61.0,3.0
2017-09-24,10.0,40.0,84.0,59.0,3.0
2017-09-25,17.0,62.0,61.0,59.0,7.0
2017-09-26,15.0,49.0,93.0,66.0,4.0
2017-09-27,13.0,55.0,77.0,77.0,11.0
2017-09-28,13.0,63.0,87.0,75.0,10.0
2017-09-29,15.0,57.0,97.0,70.0,21.0
2017-09-30,11.0,46.0,147.0,93.0,1.0
2017-10-01,5.0,17.0,90.0,81.0,1.0
2017-10-02,6.0,42.0,71.0,71.0,1.0
2017-10-03,7.0,39.0,50.0,72.0,0.0
2017-10-04,9.0,46.0,71.0,66.0,1.0
2017-10-05,14.0,54.0,101.0,69.0,4.0
2017-10-06,16.0,79.0,129.0,71.0,6.0
2017-10-07,22.0,53.0,126.0,72.0,3.0
2017-10-08,14.0,42.0,119.0,74.0,1.0
2017-10-09,9.0,51.0,49.0,70.0,3.0
2017-10-10,13.0,55.0,58.0,70.0,7.0
2017-10-11,11.0,47.0,74.0,72.0,0.0
2017-10-12,8.0,42.0,87.0,84.0,1.0
2017-10-13,10.0,42.0,97.0,90.0,3.0
2017-10-14,14.0,48.0,136.0,95.0,7.0
2017-10-15,18.0,61.0,100.0,73.0,4.0
2017-10-16,22.0,87.0,77.0,71.0,4.0
2017-10-17,23.0,88.0,61.0,71.0,11.0
2017-10-18,14.0,54.0,119.0,82.0,4.0
2017-10-19,9.0,48.0,87.0,94.0,9.0
2017-10-20,5.0,29.0,43.0,69.0,1.0
2017-10-21,13.0,45.0,54.0,60.0,3.0
2017-10-22,20.0,46.0,64.0,60.0,3.0
2017-10-23,19.0,73.0,58.0,60.0,9.0
2017-10-24,33.0,104.0,48.0,71.0,7.0
2017-10-25,22.0,71.0,54.0,58.0,4.0
2017-10-26,20.0,76.0,71.0,69.0,11.0
2017-10-27,24.0,74.0,97.0,74.0,10.0
2017-10-28,15.0,42.0,90.0,95.0,7.0
2017-10-29,9.0,25.0,105.0,118.0,1.0
2017-10-30,5.0,35.0,44.0,68.0,1.0
2017-10-31,5.0,33.0,43.0,67.0,1.0
2017-11-01,6.0,34.0,43.0,64.0,1.0
2017-11-02,5.0,45.0,38.0,56.0,1.0
2017-11-03,9.0,37.0,41.0,60.0,1.0
2017-11-04,10.0,35.0,38.0,57.0,3.0
2017-11-05,7.0,25.0,36.0,53.0,1.0
2017-11-06,10.0,34.0,41.0,55.0,4.0
2017-11-07,9.0,48.0,42.0,56.0,7.0
2017-11-08,14.0,48.0,32.0,55.0,6.0
2017-11-09,7.0,33.0,35.0,54.0,0.0
2017-11-10,9.0,32.0,38.0,62.0,3.0
2017-11-11,17.0,34.0,44.0,69.0,10.0
2017-11-12,16.0,41.0,41.0,93.0,7.0
2017-11-13,22.0,70.0,46.0,85.0,4.0
2017-11-14,20.0,72.0,42.0,79.0,7.0
2017-11-15,23.0,80.0,38.0,88.0,10.0
2017-11-16,28.0,88.0,31.0,82.0,10.0
2017-11-17,8.0,36.0,31.0,55.0,3.0
2017-11-18,15.0,40.0,43.0,58.0,1.0
2017-11-19,14.0,45.0,44.0,58.0,4.0
2017-11-20,20.0,60.0,38.0,77.0,7.0
2017-11-21,26.0,69.0,37.0,78.0,7.0
2017-11-22,28.0,71.0,39.0,71.0,16.0
2017-11-23,22.0,50.0,44.0,59.0,6.0
2017-11-24,26.0,60.0,50.0,77.0,27.0
2017-11-25,25.0,51.0,71.0,83.0,6.0
2017-11-26,19.0,38.0,71.0,121.0,6.0
2017-11-27,7.0,42.0,42.0,74.0,1.0
2017-11-28,14.0,57.0,38.0,62.0,1.0
2017-11-29,16.0,53.0,39.0,71.0,4.0
2017-11-30,27.0,70.0,43.0,82.0,4.0
2017-12-01,18.0,60.0,38.0,73.0,6.0
2017-12-02,30.0,60.0,37.0,82.0,3.0
2017-12-03,23.0,37.0,41.0,80.0,3.0
2017-12-04,14.0,52.0,43.0,64.0,0.0
2017-12-05,11.0,68.0,44.0,73.0,3.0
2017-12-06,26.0,96.0,40.0,107.0,9.0
2017-12-07,18.0,91.0,41.0,86.0,10.0
2017-12-08,28.0,68.0,36.0,101.0,3.0
2017-12-09,35.0,54.0,38.0,73.0,3.0
2017-12-10,28.0,50.0,37.0,66.0,3.0
2017-12-11,33.0,66.0,34.0,71.0,3.0
2017-12-12,34.0,86.0,35.0,90.0,3.0
2017-12-13,40.0,77.0,34.0,90.0,4.0
2017-12-14,31.0,76.0,43.0,107.0,11.0
2017-12-15,33.0,69.0,47.0,100.0,9.0
2017-12-16,33.0,52.0,44.0,91.0,1.0
2017-12-17,31.0,42.0,40.0,90.0,1.0
2017-12-18,19.0,53.0,37.0,61.0,7.0
2017-12-19,26.0,57.0,33.0,77.0,4.0
2017-12-20,16.0,46.0,41.0,75.0,3.0
2017-12-21,16.0,62.0,40.0,55.0,3.0
2017-12-22,19.0,68.0,31.0,74.0,6.0
2017-12-23,38.0,48.0,33.0,86.0,3.0
2017-12-24,31.0,52.0,34.0,159.0,9.0
2017-12-25,52.0,57.0,41.0,175.0,6.0
2017-12-26,25.0,70.0,34.0,157.0,4.0
2017-12-27,35.0,87.0,31.0,155.0,6.0
2017-12-28,32.0,84.0,34.0,119.0,13.0
2017-12-29,35.0,80.0,35.0,91.0,9.0
2017-12-30,32.0,61.0,35.0,115.0,9.0
2017-12-31,18.0,48.0,38.0,141.0,4.0
2018-01-01,40.0,56.0,44.0,190.0,3.0
2018-01-02,24.0,67.0,36.0,152.0,3.0
2018-01-03,27.0,84.0,28.0,110.0,6.0
2018-01-04,24.0,62.0,29.0,87.0,4.0
2018-01-05,17.0,56.0,31.0,73.0,4.0
2018-01-06,10.0,38.0,35.0,67.0,4.0
2018-01-07,9.0,37.0,35.0,93.0,4.0
2018-01-08,11.0,42.0,24.0,70.0,1.0
2018-01-09,10.0,43.0,39.0,56.0,1.0
2018-01-10,13.0,37.0,32.0,68.0,3.0
2018-01-11,18.0,48.0,31.0,85.0,3.0
2018-01-12,26.0,62.0,36.0,112.0,3.0
2018-01-13,22.0,45.0,42.0,60.0,1.0
2018-01-14,17.0,47.0,41.0,56.0,3.0
2018-01-15,22.0,62.0,40.0,83.0,10.0
2018-01-16,16.0,68.0,37.0,93.0,4.0
2018-01-17,24.0,71.0,35.0,93.0,4.0
2018-01-18,26.0,57.0,37.0,84.0,4.0
2018-01-19,11.0,38.0,37.0,72.0,1.0
2018-01-20,6.0,27.0,40.0,51.0,1.0
2018-01-21,13.0,40.0,36.0,61.0,4.0
2018-01-22,19.0,43.0,39.0,64.0,3.0
2018-01-23,15.0,49.0,36.0,61.0,1.0
2018-01-24,16.0,48.0,41.0,55.0,6.0
2018-01-25,16.0,41.0,39.0,59.0,1.0
2018-01-26,16.0,41.0,40.0,61.0,1.0
2018-01-27,23.0,47.0,42.0,69.0,1.0
2018-01-28,30.0,45.0,42.0,72.0,16.0
2018-01-29,31.0,68.0,35.0,65.0,3.0
2018-01-30,17.0,56.0,31.0,58.0,4.0
2018-01-31,26.0,78.0,30.0,72.0,6.0
2018-02-01,28.0,88.0,40.0,101.0,4.0
2018-02-02,23.0,85.0,42.0,95.0,7.0
2018-02-03,32.0,89.0,54.0,109.0,7.0
2018-02-04,20.0,54.0,74.0,98.0,3.0
2018-02-05,16.0,47.0,47.0,89.0,3.0
2018-02-06,9.0,50.0,43.0,109.0,1.0
2018-02-07,17.0,64.0,42.0,82.0,1.0
2018-02-08,25.0,81.0,42.0,78.0,3.0
2018-02-09,16.0,46.0,46.0,73.0,3.0
2018-02-10,9.0,33.0,44.0,89.0,0.0
2018-02-11,23.0,32.0,47.0,76.0,3.0
2018-02-12,6.0,33.0,42.0,57.0,1.0
2018-02-13,6.0,41.0,41.0,56.0,1.0
2018-02-14,13.0,51.0,41.0,60.0,1.0
2018-02-15,13.0,51.0,44.0,61.0,3.0
2018-02-16,18.0,58.0,44.0,55.0,4.0
2018-02-17,16.0,42.0,50.0,60.0,6.0
2018-02-18,17.0,34.0,54.0,61.0,1.0
2018-02-19,5.0,26.0,43.0,58.0,1.0
2018-02-20,9.0,51.0,39.0,57.0,3.0
2018-02-21,10.0,50.0,44.0,54.0,1.0
2018-02-22,14.0,42.0,43.0,65.0,1.0
2018-02-23,6.0,37.0,45.0,53.0,3.0
2018-02-24,10.0,42.0,46.0,56.0,1.0
2018-02-25,14.0,40.0,47.0,55.0,1.0
2018-02-26,23.0,56.0,44.0,58.0,4.0
2018-02-27,8.0,47.0,43.0,53.0,0.0
2018-02-28,14.0,47.0,40.0,64.0,1.0
2018-03-01,13.0,41.0,44.0,63.0,1.0
2018-03-02,6.0,32.0,39.0,56.0,1.0
2018-03-03,7.0,31.0,44.0,55.0,1.0
2018-03-04,13.0,33.0,43.0,62.0,3.0
2018-03-05,15.0,51.0,45.0,46.0,4.0
2018-03-06,13.0,60.0,47.0,45.0,3.0
2018-03-07,16.0,61.0,37.0,61.0,6.0
2018-03-08,14.0,60.0,44.0,67.0,9.0
2018-03-09,10.0,44.0,39.0,71.0,3.0
2018-03-10,5.0,25.0,27.0,78.0,1.0
2018-03-11,5.0,26.0,34.0,58.0,1.0
2018-03-12,6.0,31.0,41.0,66.0,3.0
2018-03-13,6.0,33.0,31.0,65.0,3.0
2018-03-14,3.0,27.0,41.0,51.0,0.0
2018-03-15,5.0,26.0,45.0,42.0,1.0
2018-03-16,5.0,31.0,39.0,53.0,1.0
2018-03-17,3.0,22.0,43.0,51.0,0.0
2018-03-18,7.0,25.0,44.0,58.0,3.0
2018-03-19,14.0,49.0,46.0,58.0,3.0
2018-03-20,14.0,43.0,42.0,61.0,7.0
2018-03-21,9.0,48.0,32.0,64.0,3.0
2018-03-22,9.0,29.0,35.0,62.0,1.0
2018-03-23,5.0,33.0,45.0,57.0,3.0
2018-03-24,6.0,25.0,46.0,59.0,1.0
2018-03-25,3.0,22.0,49.0,55.0,1.0
2018-03-26,10.0,41.0,46.0,50.0,3.0
2018-03-27,8.0,42.0,47.0,52.0,13.0
2018-03-28,11.0,41.0,45.0,62.0,4.0
2018-03-29,11.0,50.0,84.0,81.0,4.0
2018-03-30,9.0,41.0,105.0,83.0,7.0
2018-03-31,9.0,43.0,90.0,91.0,7.0
2018-04-01,5.0,17.0,61.0,85.0,0.0
2018-04-02,11.0,31.0,58.0,76.0,4.0
2018-04-03,5.0,36.0,61.0,70.0,1.0
2018-04-04,8.0,29.0,77.0,83.0,3.0
2018-04-05,6.0,30.0,51.0,101.0,3.0
2018-04-06,6.0,34.0,48.0,67.0,1.0
2018-04-07,7.0,20.0,40.0,61.0,1.0
2018-04-08,6.0,31.0,50.0,60.0,6.0
2018-04-09,13.0,77.0,87.0,71.0,11.0
2018-04-10,10.0,52.0,101.0,70.0,13.0
2018-04-11,7.0,43.0,71.0,69.0,7.0
2018-04-12,6.0,42.0,58.0,53.0,1.0
2018-04-13,9.0,57.0,58.0,55.0,1.0
2018-04-14,18.0,49.0,112.0,66.0,7.0
2018-04-15,13.0,38.0,87.0,65.0,4.0
2018-04-16,5.0,30.0,47.0,61.0,1.0
2018-04-17,5.0,51.0,61.0,52.0,3.0
2018-04-18,13.0,52.0,87.0,55.0,4.0
2018-04-19,3.0,33.0,47.0,55.0,1.0
2018-04-20,5.0,33.0,54.0,63.0,6.0
2018-04-21,9.0,36.0,87.0,71.0,9.0
2018-04-22,8.0,33.0,105.0,75.0,4.0
2018-04-23,7.0,33.0,101.0,85.0,4.0
2018-04-24,7.0,42.0,108.0,93.0,4.0
2018-04-25,6.0,38.0,112.0,85.0,4.0
2018-04-26,5.0,40.0,67.0,74.0,4.0
2018-04-27,3.0,29.0,64.0,73.0,4.0
2018-04-28,6.0,27.0,58.0,66.0,1.0
2018-04-29,5.0,21.0,58.0,63.0,1.0
2018-04-30,3.0,29.0,46.0,64.0,1.0
2018-05-01,3.0,34.0,47.0,69.0,1.0
2018-05-02,3.0,34.0,44.0,70.0,1.0
2018-05-03,9.0,40.0,54.0,69.0,1.0
2018-05-04,9.0,51.0,105.0,68.0,7.0
2018-05-05,8.0,42.0,133.0,68.0,6.0
2018-05-06,6.0,34.0,108.0,69.0,4.0
2018-05-07,6.0,44.0,108.0,70.0,3.0
2018-05-08,6.0,33.0,164.0,78.0,4.0
2018-05-09,5.0,31.0,122.0,83.0,4.0
2018-05-10,5.0,28.0,87.0,80.0,4.0
2018-05-11,5.0,18.0,47.0,68.0,1.0
2018-05-12,3.0,12.0,45.0,61.0,1.0
2018-05-13,3.0,21.0,46.0,61.0,0.0
2018-05-14,6.0,29.0,64.0,65.0,1.0
2018-05-15,5.0,25.0,77.0,66.0,1.0
2018-05-16,5.0,33.0,71.0,60.0,4.0
2018-05-17,5.0,28.0,64.0,64.0,1.0
2018-05-18,5.0,20.0,71.0,73.0,1.0
2018-05-19,5.0,23.0,58.0,78.0,1.0
2018-05-20,3.0,14.0,54.0,72.0,1.0
2018-05-21,3.0,32.0,46.0,66.0,1.0
2018-05-22,3.0,28.0,64.0,67.0,1.0
2018-05-23,5.0,38.0,67.0,67.0,1.0
2018-05-24,5.0,26.0,64.0,63.0,1.0
2018-05-25,3.0,29.0,45.0,56.0,1.0
2018-05-26,5.0,20.0,42.0,61.0,4.0
2018-05-27,6.0,19.0,54.0,72.0,3.0
2018-05-28,5.0,19.0,90.0,74.0,4.0
2018-05-29,5.0,27.0,93.0,87.0,1.0
2018-05-30,3.0,22.0,54.0,63.0,3.0
2018-05-31,3.0,29.0,51.0,62.0,1.0
2018-06-01,6.0,34.0,87.0,68.0,1.0
2018-06-02,7.0,31.0,136.0,73.0,3.0
2018-06-03,6.0,27.0,133.0,79.0,6.0
2018-06-04,5.0,28.0,129.0,83.0,1.0
2018-06-05,3.0,25.0,74.0,83.0,1.0
2018-06-06,3.0,36.0,84.0,78.0,0.0
2018-06-07,5.0,36.0,105.0,78.0,4.0
2018-06-08,8.0,46.0,140.0,74.0,6.0
2018-06-09,6.0,36.0,122.0,75.0,3.0
2018-06-10,6.0,33.0,101.0,70.0,4.0
2018-06-11,7.0,32.0,140.0,71.0,4.0
2018-06-12,6.0,37.0,119.0,77.0,1.0
2018-06-13,6.0,35.0,126.0,75.0,4.0
2018-06-14,6.0,41.0,108.0,83.0,6.0
2018-06-15,6.0,31.0,74.0,76.0,3.0
2018-06-16,3.0,14.0,47.0,72.0,3.0
2018-06-17,3.0,8.0,45.0,64.0,3.0
2018-06-18,3.0,32.0,74.0,69.0,0.0
2018-06-19,6.0,28.0,115.0,77.0,3.0
2018-06-20,8.0,31.0,172.0,88.0,1.0
2018-06-21,6.0,26.0,172.0,106.0,3.0
2018-06-22,5.0,30.0,185.0,95.0,3.0
2018-06-23,5.0,21.0,126.0,90.0,1.0
2018-06-24,3.0,10.0,122.0,74.0,1.0
2018-06-25,3.0,27.0,126.0,71.0,4.0
2018-06-26,3.0,34.0,126.0,66.0,3.0
2018-06-27,6.0,28.0,115.0,73.0,3.0
2018-06-28,5.0,25.0,115.0,77.0,3.0
2018-06-29,3.0,20.0,93.0,74.0,1.0
2018-06-30,3.0,11.0,101.0,68.0,1.0
2018-07-01,3.0,15.0,90.0,64.0,3.0
2018-07-02,3.0,25.0,93.0,61.0,3.0
2018-07-03,3.0,22.0,84.0,63.0,3.0
2018-07-04,3.0,17.0,93.0,118.0,6.0
2018-07-05,6.0,39.0,122.0,172.0,3.0
2018-07-06,10.0,56.0,147.0,70.0,10.0
2018-07-07,7.0,40.0,185.0,73.0,7.0
2018-07-08,6.0,26.0,122.0,71.0,3.0
2018-07-09,5.0,33.0,108.0,75.0,3.0
2018-07-10,5.0,29.0,108.0,74.0,9.0
2018-07-11,6.0,29.0,90.0,64.0,10.0
2018-07-12,5.0,25.0,58.0,61.0,13.0
2018-07-13,5.0,30.0,80.0,66.0,1.0
2018-07-14,5.0,23.0,87.0,63.0,7.0
2018-07-15,5.0,19.0,93.0,62.0,3.0
2018-07-16,3.0,29.0,97.0,66.0,1.0
2018-07-17,5.0,42.0,129.0,69.0,1.0
2018-07-18,5.0,30.0,115.0,74.0,6.0
2018-07-19,5.0,26.0,122.0,70.0,3.0
2018-07-20,5.0,30.0,84.0,61.0,6.0
2018-07-21,3.0,15.0,67.0,56.0,3.0
2018-07-22,3.0,21.0,74.0,54.0,6.0
2018-07-23,6.0,36.0,150.0,65.0,3.0
2018-07-24,17.0,41.0,195.0,75.0,6.0
2018-07-25,7.0,30.0,185.0,81.0,3.0
2018-07-26,7.0,33.0,190.0,85.0,1.0
2018-07-27,7.0,34.0,172.0,85.0,6.0
2018-07-28,7.0,19.0,136.0,79.0,3.0
2018-07-29,6.0,18.0,108.0,66.0,7.0
2018-07-30,7.0,33.0,122.0,63.0,4.0
2018-07-31,7.0,43.0,97.0,61.0,4.0
2018-08-01,7.0,38.0,80.0,59.0,1.0
2018-08-02,7.0,28.0,115.0,65.0,7.0
2018-08-03,7.0,40.0,112.0,73.0,3.0
2018-08-04,7.0,27.0,154.0,91.0,4.0
2018-08-05,7.0,28.0,151.0,75.0,3.0
2018-08-06,7.0,41.0,197.0,76.0,6.0
2018-08-07,8.0,55.0,201.0,86.0,3.0
2018-08-08,6.0,49.0,112.0,65.0,3.0
2018-08-09,7.0,42.0,172.0,113.0,1.0
2018-08-10,7.0,39.0,93.0,66.0,4.0
2018-08-11,7.0,26.0,74.0,62.0,6.0
2018-08-12,5.0,21.0,90.0,64.0,1.0
2018-08-13,6.0,23.0,87.0,61.0,4.0
2018-08-14,6.0,29.0,80.0,61.0,3.0
2018-08-15,6.0,31.0,100.0,63.0,3.0
2018-08-16,6.0,21.0,97.0,70.0,4.0
2018-08-17,6.0,25.0,129.0,80.0,1.0
2018-08-18,6.0,16.0,126.0,79.0,6.0
2018-08-19,6.0,25.0,136.0,79.0,3.0
2018-08-20,6.0,28.0,101.0,85.0,1.0
2018-08-21,6.0,31.0,112.0,86.0,3.0
2018-08-22,6.0,28.0,93.0,74.0,4.0
2018-08-23,7.0,31.0,93.0,79.0,3.0
2018-08-24,8.0,32.0,126.0,93.0,1.0
2018-08-25,9.0,23.0,147.0,99.0,1.0
2018-08-26,8.0,15.0,133.0,89.0,3.0
2018-08-27,7.0,26.0,119.0,89.0,1.0
2018-08-28,6.0,27.0,101.0,74.0,1.0
2018-08-29,7.0,31.0,71.0,64.0,4.0
2018-08-30,7.0,36.0,97.0,71.0,6.0
2018-08-31,7.0,30.0,164.0,70.0,3.0
2018-09-01,7.0,26.0,115.0,74.0,0.0
2018-09-02,5.0,13.0,101.0,77.0,1.0
2018-09-03,5.0,19.0,84.0,71.0,1.0
2018-09-04,6.0,37.0,97.0,70.0,3.0
2018-09-05,7.0,38.0,90.0,68.0,0.0
2018-09-06,7.0,37.0,97.0,80.0,0.0
2018-09-07,7.0,37.0,147.0,72.0,7.0
2018-09-08,9.0,45.0,192.0,85.0,3.0
2018-09-09,9.0,42.0,143.0,77.0,3.0
2018-09-10,7.0,38.0,126.0,68.0,3.0
2018-09-11,6.0,37.0,122.0,73.0,6.0
2018-09-12,7.0,33.0,115.0,72.0,3.0
2018-09-13,8.0,50.0,93.0,68.0,7.0
2018-09-14,13.0,51.0,67.0,61.0,10.0
2018-09-15,8.0,35.0,93.0,60.0,6.0
2018-09-16,9.0,30.0,87.0,57.0,4.0
2018-09-17,11.0,47.0,87.0,62.0,9.0
2018-09-18,9.0,46.0,105.0,59.0,3.0
2018-09-19,9.0,41.0,133.0,65.0,3.0
2018-09-20,8.0,44.0,108.0,71.0,0.0
2018-09-21,7.0,38.0,105.0,72.0,4.0
2018-09-22,7.0,31.0,115.0,65.0,6.0
2018-09-23,6.0,26.0,97.0,60.0,9.0
2018-09-24,6.0,30.0,61.0,66.0,1.0
2018-09-25,6.0,36.0,58.0,74.0,3.0
2018-09-26,7.0,40.0,112.0,71.0,3.0
2018-09-27,9.0,43.0,150.0,77.0,3.0
2018-09-28,8.0,33.0,100.0,82.0,24.0
2018-09-29,6.0,22.0,64.0,63.0,4.0
2018-09-30,6.0,31.0,50.0,58.0,7.0
2018-10-01,10.0,62.0,43.0,71.0,3.0
2018-10-02,7.0,33.0,38.0,54.0,7.0
2018-10-03,5.0,23.0,29.0,52.0,0.0
2018-10-04,6.0,28.0,34.0,43.0,1.0
2018-10-05,5.0,28.0,44.0,53.0,4.0
2018-10-06,7.0,25.0,54.0,59.0,0.0
2018-10-07,6.0,25.0,50.0,58.0,1.0
2018-10-08,7.0,31.0,49.0,58.0,4.0
2018-10-09,5.0,34.0,51.0,57.0,1.0
2018-10-10,5.0,37.0,49.0,55.0,1.0
2018-10-11,7.0,45.0,47.0,57.0,1.0
2018-10-12,11.0,42.0,50.0,58.0,1.0
2018-10-13,5.0,27.0,45.0,52.0,0.0
2018-10-14,5.0,22.0,47.0,59.0,1.0
2018-10-15,16.0,57.0,51.0,54.0,1.0
2018-10-16,17.0,58.0,43.0,63.0,6.0
2018-10-17,18.0,60.0,47.0,61.0,10.0
2018-10-18,16.0,66.0,48.0,66.0,3.0
2018-10-19,17.0,69.0,58.0,60.0,4.0
2018-10-20,18.0,57.0,67.0,61.0,4.0
2018-10-21,13.0,40.0,90.0,65.0,1.0
2018-10-22,6.0,42.0,74.0,74.0,4.0
2018-10-23,8.0,42.0,71.0,83.0,1.0
2018-10-24,10.0,44.0,61.0,71.0,3.0
2018-10-25,9.0,43.0,100.0,86.0,3.0
2018-10-26,19.0,79.0,101.0,80.0,7.0
2018-10-27,17.0,55.0,126.0,82.0,11.0
2018-10-28,13.0,38.0,129.0,102.0,3.0
2018-10-29,13.0,52.0,133.0,125.0,1.0
2018-10-30,8.0,48.0,51.0,75.0,1.0
2018-10-31,13.0,60.0,45.0,66.0,7.0
2018-11-01,20.0,51.0,46.0,62.0,4.0
2018-11-02,22.0,55.0,49.0,67.0,10.0
2018-11-03,22.0,49.0,58.0,70.0,7.0
2018-11-04,19.0,46.0,90.0,80.0,4.0
2018-11-05,11.0,45.0,64.0,74.0,1.0
2018-11-06,7.0,35.0,51.0,64.0,0.0
2018-11-07,8.0,34.0,54.0,66.0,0.0
2018-11-08,16.0,68.0,67.0,74.0,1.0
2018-11-09,15.0,73.0,49.0,59.0,1.0
2018-11-10,19.0,48.0,51.0,117.0,14.0
2018-11-11,24.0,52.0,87.0,122.0,4.0
2018-11-12,14.0,66.0,40.0,65.0,6.0
2018-11-13,15.0,73.0,39.0,59.0,6.0
2018-11-14,16.0,66.0,37.0,58.0,3.0
2018-11-15,14.0,68.0,34.0,56.0,3.0
2018-11-16,20.0,62.0,32.0,73.0,7.0
2018-11-17,18.0,41.0,48.0,80.0,3.0
2018-11-18,17.0,48.0,74.0,112.0,7.0
2018-11-19,20.0,78.0,37.0,130.0,6.0
2018-11-20,28.0,65.0,47.0,102.0,4.0
2018-11-21,16.0,55.0,44.0,83.0,4.0
2018-11-22,9.0,23.0,37.0,59.0,1.0
2018-11-23,15.0,31.0,36.0,63.0,0.0
2018-11-24,11.0,30.0,35.0,65.0,1.0
2018-11-25,11.0,35.0,39.0,64.0,1.0
2018-11-26,14.0,57.0,38.0,55.0,1.0
2018-11-27,11.0,62.0,36.0,57.0,10.0
2018-11-28,13.0,40.0,38.0,60.0,1.0
2018-11-29,5.0,37.0,39.0,38.0,0.0
2018-11-30,8.0,41.0,34.0,48.0,1.0
2018-12-01,9.0,37.0,38.0,55.0,1.0
2018-12-02,10.0,34.0,39.0,45.0,0.0
2018-12-03,14.0,52.0,34.0,61.0,1.0
2018-12-04,10.0,54.0,35.0,53.0,3.0
2018-12-05,15.0,58.0,29.0,44.0,1.0
2018-12-06,6.0,46.0,31.0,36.0,0.0
2018-12-07,15.0,42.0,33.0,52.0,1.0
2018-12-08,18.0,34.0,33.0,62.0,11.0
2018-12-09,24.0,33.0,32.0,66.0,1.0
2018-12-10,16.0,57.0,26.0,68.0,3.0
2018-12-11,19.0,57.0,33.0,83.0,3.0
2018-12-12,14.0,53.0,35.0,80.0,1.0
2018-12-13,25.0,71.0,31.0,82.0,4.0
2018-12-14,26.0,78.0,29.0,74.0,3.0
2018-12-15,23.0,46.0,34.0,134.0,4.0
2018-12-16,28.0,41.0,33.0,91.0,13.0
2018-12-17,18.0,38.0,31.0,64.0,1.0
2018-12-18,11.0,47.0,32.0,61.0,1.0
2018-12-19,18.0,68.0,31.0,85.0,3.0
2018-12-20,35.0,81.0,31.0,86.0,6.0
2018-12-21,18.0,56.0,35.0,83.0,3.0
2018-12-22,20.0,51.0,31.0,102.0,4.0
2018-12-23,19.0,44.0,38.0,121.0,3.0
2018-12-24,19.0,36.0,36.0,130.0,3.0
2018-12-25,7.0,28.0,39.0,51.0,1.0
2018-12-26,13.0,41.0,36.0,65.0,1.0
2018-12-27,10.0,37.0,39.0,55.0,1.0
2018-12-28,13.0,57.0,39.0,53.0,4.0
2018-12-29,24.0,55.0,37.0,78.0,3.0
2018-12-30,33.0,37.0,35.0,97.0,6.0
2018-12-31,16.0,42.0,41.0,64.0,1.0
2019-01-01,19.0,37.0,37.0,71.0,3.0
2019-01-02,23.0,68.0,36.0,93.0,3.0
2019-01-03,19.0,64.0,33.0,71.0,6.0
2019-01-04,20.0,61.0,26.0,87.0,4.0
2019-01-05,23.0,44.0,35.0,85.0,1.0
2019-01-06,6.0,33.0,39.0,58.0,1.0
2019-01-07,9.0,53.0,32.0,57.0,1.0
2019-01-08,18.0,53.0,30.0,66.0,1.0
2019-01-09,25.0,48.0,30.0,77.0,4.0
2019-01-10,18.0,47.0,35.0,71.0,1.0
2019-01-11,10.0,35.0,28.0,92.0,1.0
2019-01-12,15.0,36.0,33.0,57.0,0.0
2019-01-13,17.0,45.0,35.0,70.0,3.0
2019-01-14,16.0,43.0,31.0,58.0,0.0
2019-01-15,9.0,42.0,37.0,55.0,0.0
2019-01-16,5.0,38.0,31.0,33.0,1.0
2019-01-17,6.0,44.0,31.0,36.0,0.0
2019-01-18,8.0,43.0,36.0,62.0,1.0
2019-01-19,14.0,38.0,37.0,58.0,0.0
2019-01-20,16.0,29.0,36.0,54.0,4.0
2019-01-21,5.0,39.0,40.0,30.0,0.0
2019-01-22,16.0,71.0,39.0,57.0,1.0
2019-01-23,19.0,63.0,34.0,65.0,1.0
2019-01-24,17.0,76.0,38.0,69.0,4.0
2019-01-25,18.0,62.0,41.0,60.0,1.0
2019-01-26,24.0,57.0,44.0,66.0,14.0
2019-01-27,33.0,50.0,44.0,84.0,11.0
2019-01-28,23.0,77.0,30.0,106.0,7.0
2019-01-29,18.0,67.0,40.0,95.0,3.0
2019-01-30,11.0,40.0,36.0,75.0,1.0
2019-01-31,9.0,29.0,31.0,70.0,1.0
2019-02-01,14.0,37.0,32.0,52.0,1.0
2019-02-02,6.0,26.0,41.0,41.0,0.0
2019-02-03,7.0,25.0,41.0,44.0,0.0
2019-02-04,6.0,40.0,42.0,32.0,0.0
2019-02-05,5.0,46.0,41.0,35.0,0.0
2019-02-06,7.0,52.0,39.0,37.0,0.0
2019-02-07,9.0,49.0,37.0,61.0,3.0
2019-02-08,13.0,56.0,44.0,64.0,3.0
2019-02-09,10.0,40.0,42.0,62.0,1.0
2019-02-10,13.0,30.0,42.0,52.0,3.0
2019-02-11,11.0,57.0,40.0,51.0,1.0
2019-02-12,16.0,50.0,34.0,60.0,3.0
2019-02-13,17.0,42.0,36.0,53.0,1.0
2019-02-14,5.0,44.0,43.0,51.0,0.0
2019-02-15,14.0,36.0,42.0,52.0,3.0
2019-02-16,5.0,28.0,41.0,32.0,1.0
2019-02-17,5.0,22.0,44.0,36.0,1.0
2019-02-18,6.0,44.0,40.0,31.0,1.0
2019-02-19,9.0,54.0,44.0,52.0,1.0
2019-02-20,11.0,40.0,40.0,56.0,1.0
2019-02-21,14.0,52.0,38.0,58.0,0.0
2019-02-22,14.0,45.0,43.0,61.0,1.0
2019-02-23,13.0,37.0,46.0,58.0,4.0
2019-02-24,14.0,37.0,49.0,68.0,1.0
2019-02-25,15.0,48.0,45.0,65.0,6.0
2019-02-26,10.0,43.0,43.0,70.0,3.0
2019-02-27,7.0,38.0,43.0,63.0,1.0
2019-02-28,6.0,29.0,36.0,62.0,1.0
2019-03-01,6.0,30.0,37.0,63.0,1.0
2019-03-02,6.0,31.0,36.0,52.0,1.0
2019-03-03,3.0,14.0,37.0,39.0,0.0
2019-03-04,6.0,42.0,37.0,42.0,0.0
2019-03-05,11.0,41.0,35.0,64.0,1.0
2019-03-06,6.0,37.0,37.0,54.0,1.0
2019-03-07,5.0,43.0,42.0,43.0,0.0
2019-03-08,6.0,43.0,44.0,38.0,0.0
2019-03-09,6.0,25.0,44.0,51.0,0.0
2019-03-10,10.0,33.0,43.0,57.0,6.0
2019-03-11,10.0,45.0,43.0,57.0,1.0
2019-03-12,6.0,37.0,44.0,56.0,1.0
2019-03-13,6.0,43.0,47.0,59.0,0.0
2019-03-14,11.0,48.0,48.0,55.0,4.0
2019-03-15,13.0,52.0,49.0,54.0,1.0
2019-03-16,17.0,52.0,61.0,59.0,3.0
2019-03-17,19.0,47.0,71.0,57.0,4.0
2019-03-18,11.0,46.0,87.0,61.0,4.0
2019-03-19,9.0,42.0,48.0,65.0,0.0
2019-03-20,5.0,44.0,49.0,46.0,0.0
2019-03-21,6.0,45.0,45.0,51.0,0.0
2019-03-22,13.0,43.0,48.0,50.0,1.0
2019-03-23,7.0,27.0,45.0,53.0,0.0
2019-03-24,7.0,30.0,64.0,57.0,1.0
2019-03-25,11.0,47.0,87.0,66.0,3.0
2019-03-26,14.0,53.0,67.0,65.0,4.0
2019-03-27,6.0,32.0,36.0,59.0,0.0
2019-03-28,7.0,33.0,45.0,44.0,0.0
2019-03-29,8.0,37.0,49.0,57.0,1.0
2019-03-30,9.0,38.0,84.0,58.0,4.0
2019-03-31,17.0,44.0,108.0,64.0,10.0
2019-04-01,15.0,48.0,80.0,59.0,4.0
2019-04-02,7.0,38.0,51.0,55.0,1.0
2019-04-03,5.0,32.0,40.0,45.0,3.0
2019-04-04,5.0,29.0,40.0,46.0,1.0
2019-04-05,6.0,36.0,38.0,34.0,1.0
2019-04-06,5.0,21.0,51.0,48.0,3.0
2019-04-07,7.0,33.0,97.0,58.0,6.0
2019-04-08,15.0,55.0,80.0,63.0,9.0
2019-04-09,8.0,30.0,50.0,58.0,1.0
2019-04-10,5.0,44.0,54.0,48.0,3.0
2019-04-11,8.0,42.0,49.0,63.0,4.0
2019-04-12,7.0,34.0,48.0,59.0,1.0
2019-04-13,7.0,29.0,71.0,58.0,7.0
2019-04-14,8.0,28.0,87.0,59.0,3.0
2019-04-15,6.0,37.0,64.0,61.0,4.0
2019-04-16,3.0,33.0,44.0,53.0,1.0
2019-04-17,8.0,49.0,54.0,56.0,3.0
2019-04-18,10.0,61.0,97.0,67.0,6.0
2019-04-19,7.0,41.0,100.0,73.0,4.0
2019-04-20,6.0,18.0,67.0,59.0,1.0
2019-04-21,5.0,19.0,51.0,54.0,1.0
2019-04-22,6.0,38.0,47.0,61.0,3.0
2019-04-23,8.0,42.0,58.0,72.0,1.0
2019-04-24,7.0,39.0,93.0,71.0,1.0
2019-04-25,6.0,33.0,97.0,74.0,3.0
2019-04-26,6.0,37.0,87.0,75.0,1.0
2019-04-27,5.0,15.0,50.0,76.0,0.0
2019-04-28,5.0,18.0,51.0,70.0,3.0
2019-04-29,5.0,33.0,38.0,56.0,0.0
2019-04-30,3.0,50.0,45.0,53.0,0.0
2019-05-01,6.0,42.0,50.0,59.0,1.0
2019-05-02,7.0,38.0,84.0,63.0,1.0
2019-05-03,6.0,33.0,105.0,71.0,1.0
2019-05-04,5.0,24.0,100.0,71.0,0.0
2019-05-05,5.0,11.0,64.0,63.0,0.0
2019-05-06,3.0,41.0,44.0,55.0,0.0
2019-05-07,3.0,30.0,38.0,47.0,0.0
2019-05-08,5.0,40.0,42.0,51.0,0.0
2019-05-09,5.0,32.0,42.0,53.0,0.0
2019-05-10,6.0,28.0,40.0,46.0,0.0
2019-05-11,8.0,26.0,48.0,54.0,1.0
2019-05-12,6.0,20.0,74.0,56.0,1.0
2019-05-13,5.0,31.0,77.0,62.0,0.0
2019-05-14,5.0,35.0,97.0,69.0,0.0
2019-05-15,5.0,33.0,58.0,68.0,0.0
2019-05-16,3.0,41.0,48.0,49.0,0.0
2019-05-17,7.0,41.0,49.0,57.0,0.0
2019-05-18,6.0,23.0,58.0,56.0,1.0
2019-05-19,3.0,10.0,47.0,39.0,0.0
2019-05-20,5.0,39.0,49.0,52.0,0.0
2019-05-21,3.0,37.0,44.0,52.0,0.0
2019-05-22,3.0,35.0,42.0,50.0,3.0
2019-05-23,6.0,38.0,37.0,56.0,0.0
2019-05-24,8.0,41.0,48.0,56.0,1.0
2019-05-25,5.0,24.0,58.0,55.0,0.0
2019-05-26,3.0,11.0,44.0,46.0,0.0
2019-05-27,5.0,24.0,48.0,48.0,1.0
2019-05-28,6.0,37.0,44.0,55.0,1.0
2019-05-29,6.0,38.0,67.0,58.0,1.0
2019-05-30,5.0,30.0,87.0,73.0,0.0
2019-05-31,5.0,25.0,90.0,72.0,0.0
2019-06-01,5.0,17.0,64.0,61.0,0.0
2019-06-02,5.0,13.0,61.0,58.0,0.0
2019-06-03,5.0,46.0,67.0,61.0,0.0
2019-06-04,5.0,32.0,90.0,70.0,0.0
2019-06-05,5.0,28.0,143.0,73.0,0.0
2019-06-06,6.0,30.0,129.0,69.0,1.0
2019-06-07,5.0,24.0,93.0,65.0,1.0
2019-06-08,5.0,20.0,105.0,64.0,1.0
2019-06-09,5.0,25.0,151.0,65.0,1.0
2019-06-10,8.0,52.0,126.0,61.0,3.0
2019-06-11,7.0,43.0,172.0,68.0,1.0
2019-06-12,6.0,29.0,200.0,71.0,1.0
2019-06-13,5.0,25.0,71.0,74.0,0.0
2019-06-14,5.0,28.0,64.0,65.0,1.0
2019-06-15,5.0,12.0,100.0,67.0,0.0
2019-06-16,5.0,14.0,87.0,70.0,0.0
2019-06-17,5.0,18.0,71.0,54.0,0.0
2019-06-18,5.0,28.0,74.0,61.0,1.0
2019-06-19,5.0,28.0,105.0,65.0,4.0
2019-06-20,5.0,29.0,61.0,59.0,3.0
2019-06-21,5.0,17.0,43.0,37.0,0.0
2019-06-22,3.0,20.0,51.0,52.0,1.0
2019-06-23,5.0,16.0,97.0,61.0,0.0
2019-06-24,5.0,42.0,90.0,66.0,0.0
2019-06-25,5.0,28.0,87.0,63.0,0.0
2019-06-26,5.0,28.0,71.0,61.0,0.0
2019-06-27,5.0,30.0,105.0,63.0,1.0
2019-06-28,5.0,35.0,112.0,63.0,3.0
2019-06-29,7.0,28.0,112.0,62.0,4.0
2019-06-30,7.0,25.0,122.0,62.0,4.0
2019-07-01,6.0,36.0,115.0,64.0,3.0
2019-07-02,5.0,31.0,129.0,66.0,1.0
2019-07-03,5.0,28.0,108.0,69.0,0.0
2019-07-04,5.0,15.0,80.0,92.0,0.0
2019-07-05,5.0,23.0,115.0,165.0,1.0
2019-07-06,5.0,17.0,133.0,75.0,1.0
2019-07-07,5.0,9.0,87.0,67.0,0.0
2019-07-08,5.0,26.0,67.0,61.0,0.0
2019-07-09,5.0,32.0,93.0,69.0,1.0
2019-07-10,6.0,36.0,122.0,67.0,4.0
2019-07-11,7.0,35.0,136.0,71.0,7.0
2019-07-12,6.0,34.0,201.0,74.0,4.0
2019-07-13,6.0,27.0,179.0,73.0,1.0
2019-07-14,6.0,18.0,166.0,72.0,6.0
2019-07-15,7.0,35.0,177.0,74.0,7.0
2019-07-16,9.0,45.0,140.0,73.0,3.0
2019-07-17,5.0,21.0,90.0,65.0,1.0
2019-07-18,5.0,30.0,61.0,62.0,3.0
2019-07-19,5.0,21.0,51.0,59.0,1.0
2019-07-20,5.0,16.0,97.0,59.0,3.0
2019-07-21,5.0,19.0,101.0,59.0,6.0
2019-07-22,6.0,33.0,126.0,66.0,4.0
2019-07-23,8.0,42.0,161.0,68.0,7.0
2019-07-24,8.0,45.0,126.0,63.0,10.0
2019-07-25,7.0,39.0,126.0,66.0,6.0
2019-07-26,6.0,37.0,140.0,68.0,7.0
2019-07-27,8.0,34.0,179.0,66.0,6.0
2019-07-28,6.0,25.0,169.0,70.0,4.0
2019-07-29,5.0,31.0,190.0,71.0,3.0
2019-07-30,5.0,33.0,174.0,74.0,1.0
2019-07-31,6.0,28.0,151.0,75.0,0.0
2019-08-01,6.0,34.0,126.0,67.0,3.0
2019-08-02,7.0,43.0,166.0,62.0,3.0
2019-08-03,7.0,39.0,156.0,64.0,4.0
2019-08-04,6.0,26.0,169.0,65.0,4.0
2019-08-05,7.0,42.0,154.0,64.0,4.0
2019-08-06,6.0,42.0,147.0,64.0,1.0
2019-08-07,5.0,28.0,156.0,68.0,3.0
2019-08-08,6.0,35.0,122.0,67.0,4.0
2019-08-09,8.0,32.0,87.0,65.0,1.0
2019-08-10,8.0,33.0,93.0,61.0,1.0
2019-08-11,6.0,20.0,74.0,56.0,1.0
2019-08-12,5.0,29.0,119.0,64.0,1.0
2019-08-13,6.0,44.0,140.0,71.0,6.0
2019-08-14,9.0,51.0,174.0,66.0,7.0
2019-08-15,8.0,49.0,159.0,66.0,4.0
2019-08-16,6.0,28.0,105.0,65.0,1.0
2019-08-17,5.0,16.0,90.0,61.0,1.0
2019-08-18,5.0,17.0,67.0,58.0,1.0
2019-08-19,6.0,29.0,80.0,64.0,3.0
2019-08-20,8.0,34.0,133.0,59.0,3.0
2019-08-21,8.0,53.0,197.0,61.0,7.0
2019-08-22,7.0,48.0,151.0,65.0,1.0
2019-08-23,5.0,25.0,119.0,65.0,10.0
2019-08-24,7.0,30.0,129.0,64.0,7.0
2019-08-25,6.0,28.0,101.0,60.0,9.0
2019-08-26,9.0,39.0,156.0,58.0,4.0
2019-08-27,6.0,32.0,122.0,60.0,1.0
2019-08-28,5.0,23.0,90.0,63.0,1.0
2019-08-29,7.0,32.0,105.0,65.0,6.0
2019-08-30,8.0,42.0,112.0,63.0,3.0
2019-08-31,8.0,28.0,140.0,68.0,3.0
2019-09-01,7.0,31.0,190.0,72.0,1.0
2019-09-02,6.0,24.0,97.0,61.0,1.0
2019-09-03,7.0,39.0,77.0,69.0,10.0
2019-09-04,9.0,42.0,108.0,62.0,4.0
2019-09-05,9.0,51.0,87.0,61.0,6.0
2019-09-06,8.0,41.0,67.0,59.0,1.0
2019-09-07,8.0,30.0,105.0,59.0,3.0
2019-09-08,5.0,23.0,67.0,55.0,1.0
2019-09-09,7.0,30.0,97.0,59.0,0.0
2019-09-10,5.0,33.0,50.0,59.0,0.0
2019-09-11,5.0,32.0,105.0,63.0,0.0
2019-09-12,9.0,44.0,115.0,67.0,3.0
2019-09-13,9.0,55.0,147.0,65.0,1.0
2019-09-14,9.0,44.0,185.0,66.0,3.0
2019-09-15,10.0,40.0,133.0,72.0,1.0
2019-09-16,7.0,39.0,58.0,65.0,1.0
2019-09-17,6.0,37.0,80.0,64.0,1.0
2019-09-18,7.0,36.0,80.0,54.0,3.0
2019-09-19,5.0,28.0,45.0,55.0,1.0
2019-09-20,7.0,26.0,54.0,57.0,3.0
2019-09-21,8.0,31.0,126.0,58.0,1.0
2019-09-22,9.0,35.0,100.0,59.0,3.0
2019-09-23,8.0,37.0,77.0,61.0,1.0
2019-09-24,9.0,48.0,108.0,63.0,7.0
2019-09-25,8.0,37.0,129.0,61.0,1.0
2019-09-26,5.0,27.0,47.0,59.0,1.0
2019-09-27,5.0,36.0,41.0,53.0,3.0
2019-09-28,5.0,19.0,33.0,43.0,1.0
2019-09-29,5.0,27.0,46.0,50.0,0.0
2019-09-30,10.0,39.0,44.0,56.0,3.0
2019-10-01,8.0,52.0,51.0,56.0,1.0
2019-10-02,13.0,58.0,87.0,68.0,6.0
2019-10-03,14.0,48.0,105.0,72.0,1.0
2019-10-04,11.0,46.0,100.0,64.0,1.0
2019-10-05,14.0,50.0,164.0,64.0,11.0
2019-10-06,18.0,38.0,192.0,71.0,6.0
2019-10-07,16.0,72.0,133.0,90.0,6.0
2019-10-08,13.0,58.0,87.0,69.0,7.0
2019-10-09,6.0,28.0,74.0,71.0,1.0
2019-10-10,7.0,52.0,67.0,72.0,1.0
2019-10-11,19.0,63.0,61.0,197.0,1.0
2019-10-12,17.0,47.0,101.0,96.0,4.0
2019-10-13,17.0,42.0,115.0,72.0,3.0
2019-10-14,9.0,44.0,87.0,71.0,1.0
2019-10-15,10.0,71.0,71.0,70.0,6.0
2019-10-16,18.0,89.0,50.0,75.0,6.0
2019-10-17,8.0,42.0,77.0,65.0,1.0
2019-10-18,8.0,42.0,48.0,57.0,3.0
2019-10-19,10.0,39.0,54.0,62.0,3.0
2019-10-20,10.0,41.0,93.0,58.0,7.0
2019-10-21,13.0,64.0,71.0,56.0,1.0
2019-10-22,16.0,78.0,71.0,59.0,4.0
2019-10-23,19.0,77.0,80.0,62.0,7.0
2019-10-24,23.0,96.0,54.0,69.0,11.0
2019-10-25,23.0,87.0,64.0,65.0,3.0
2019-10-26,19.0,51.0,80.0,58.0,3.0
2019-10-27,8.0,29.0,51.0,66.0,0.0
2019-10-28,10.0,54.0,51.0,69.0,3.0
2019-10-29,15.0,52.0,45.0,64.0,1.0
2019-10-30,10.0,51.0,43.0,60.0,0.0
2019-10-31,9.0,65.0,44.0,68.0,1.0
2019-11-01,11.0,62.0,45.0,66.0,3.0
2019-11-02,22.0,53.0,47.0,93.0,4.0
2019-11-03,18.0,51.0,77.0,88.0,3.0
2019-11-04,27.0,97.0,97.0,82.0,10.0
2019-11-05,16.0,69.0,71.0,75.0,9.0
2019-11-06,16.0,69.0,45.0,83.0,3.0
2019-11-07,11.0,57.0,61.0,121.0,1.0
2019-11-08,19.0,82.0,46.0,78.0,1.0
2019-11-09,26.0,50.0,44.0,70.0,4.0
2019-11-10,14.0,37.0,64.0,76.0,1.0
2019-11-11,8.0,45.0,61.0,95.0,3.0
2019-11-12,13.0,57.0,49.0,93.0,4.0
2019-11-13,14.0,55.0,50.0,95.0,7.0
2019-11-14,11.0,48.0,51.0,90.0,1.0
2019-11-15,11.0,42.0,44.0,79.0,1.0
2019-11-16,18.0,62.0,50.0,80.0,4.0
2019-11-17,25.0,58.0,50.0,72.0,4.0
2019-11-18,18.0,67.0,54.0,55.0,3.0
2019-11-19,17.0,74.0,42.0,65.0,4.0
2019-11-20,6.0,39.0,39.0,52.0,0.0
2019-11-21,9.0,42.0,35.0,55.0,0.0
2019-11-22,11.0,44.0,40.0,61.0,0.0
2019-11-23,11.0,44.0,41.0,79.0,4.0
2019-11-24,14.0,39.0,44.0,109.0,1.0
2019-11-25,17.0,43.0,43.0,93.0,1.0
2019-11-26,11.0,53.0,39.0,81.0,1.0
2019-11-27,9.0,52.0,39.0,69.0,0.0
2019-11-28,6.0,30.0,38.0,58.0,0.0
2019-11-29,9.0,34.0,37.0,70.0,0.0
2019-11-30,11.0,29.0,31.0,79.0,0.0
2019-12-01,13.0,37.0,31.0,64.0,1.0
2019-12-02,14.0,53.0,31.0,71.0,4.0
2019-12-03,26.0,57.0,29.0,90.0,3.0
2019-12-04,16.0,43.0,23.0,62.0,0.0
2019-12-05,18.0,42.0,30.0,61.0,0.0
2019-12-06,10.0,47.0,23.0,68.0,1.0
2019-12-07,10.0,33.0,26.0,57.0,1.0
2019-12-08,6.0,25.0,35.0,57.0,0.0
2019-12-09,10.0,42.0,39.0,125.0,4.0
2019-12-10,16.0,49.0,25.0,66.0,1.0
2019-12-11,22.0,50.0,28.0,73.0,4.0
2019-12-12,16.0,54.0,31.0,83.0,3.0
2019-12-13,17.0,52.0,31.0,96.0,1.0
2019-12-14,10.0,30.0,38.0,90.0,0.0
2019-12-15,13.0,34.0,40.0,48.0,0.0
2019-12-16,10.0,48.0,39.0,47.0,3.0
2019-12-17,11.0,54.0,37.0,44.0,1.0
2019-12-18,14.0,62.0,32.0,64.0,3.0
2019-12-19,20.0,61.0,37.0,79.0,3.0
2019-12-20,22.0,52.0,34.0,67.0,0.0
2019-12-21,28.0,43.0,31.0,76.0,1.0
2019-12-22,36.0,38.0,40.0,63.0,3.0
2019-12-23,8.0,36.0,35.0,43.0,0.0
2019-12-24,16.0,35.0,36.0,61.0,0.0
2019-12-25,13.0,25.0,38.0,66.0,1.0
2019-12-26,14.0,43.0,39.0,43.0,0.0
2019-12-27,18.0,38.0,34.0,73.0,1.0
2019-12-28,13.0,34.0,32.0,69.0,1.0
2019-12-29,16.0,33.0,32.0,84.0,3.0
2019-12-30,17.0,49.0,38.0,64.0,3.0
2019-12-31,22.0,49.0,38.0,80.0,1.0
2020-01-01,14.0,30.0,38.0,102.0,1.0
2020-01-02,15.0,46.0,36.0,75.0,3.0
2020-01-03,22.0,53.0,33.0,88.0,1.0
2020-01-04,35.0,46.0,35.0,104.0,1.0
2020-01-05,25.0,43.0,40.0,103.0,0.0
2020-01-06,20.0,67.0,42.0,75.0,3.0
2020-01-07,13.0,49.0,32.0,54.0,1.0
2020-01-08,16.0,42.0,34.0,64.0,0.0
2020-01-09,13.0,49.0,35.0,56.0,0.0
2020-01-10,17.0,46.0,31.0,70.0,1.0
2020-01-11,24.0,33.0,33.0,83.0,1.0
2020-01-12,15.0,33.0,39.0,79.0,0.0
2020-01-13,15.0,54.0,41.0,83.0,0.0
2020-01-14,20.0,50.0,37.0,87.0,6.0
2020-01-15,22.0,55.0,36.0,124.0,0.0
2020-01-16,19.0,40.0,39.0,92.0,0.0
2020-01-17,11.0,40.0,38.0,52.0,0.0
2020-01-18,15.0,46.0,40.0,66.0,0.0
2020-01-19,14.0,42.0,37.0,63.0,1.0
2020-01-20,16.0,37.0,34.0,73.0,0.0
2020-01-21,7.0,39.0,39.0,56.0,0.0
2020-01-22,14.0,51.0,36.0,64.0,1.0
2020-01-23,15.0,56.0,36.0,63.0,0.0
2020-01-24,24.0,56.0,32.0,72.0,3.0
2020-01-25,14.0,46.0,42.0,99.0,3.0
2020-01-26,9.0,37.0,44.0,130.0,1.0
2020-01-27,13.0,58.0,39.0,80.0,3.0
2020-01-28,14.0,58.0,42.0,62.0,6.0
2020-01-29,11.0,54.0,43.0,54.0,1.0
2020-01-30,17.0,52.0,40.0,64.0,0.0
2020-01-31,23.0,62.0,36.0,71.0,1.0
2020-02-01,24.0,41.0,47.0,64.0,1.0
2020-02-02,27.0,37.0,43.0,72.0,3.0
2020-02-03,6.0,43.0,45.0,34.0,0.0
2020-02-04,11.0,49.0,41.0,42.0,3.0
2020-02-05,16.0,49.0,32.0,57.0,1.0
2020-02-06,17.0,47.0,41.0,66.0,1.0
2020-02-07,22.0,54.0,43.0,79.0,1.0
2020-02-08,16.0,41.0,67.0,85.0,0.0
2020-02-09,7.0,28.0,42.0,61.0,0.0
2020-02-10,10.0,44.0,41.0,53.0,0.0
2020-02-11,11.0,42.0,44.0,54.0,0.0
2020-02-12,11.0,40.0,43.0,58.0,1.0
2020-02-13,13.0,41.0,45.0,67.0,0.0
2020-02-14,16.0,46.0,49.0,70.0,0.0
2020-02-15,17.0,39.0,61.0,77.0,3.0
2020-02-16,11.0,39.0,77.0,77.0,4.0
2020-02-17,14.0,42.0,71.0,75.0,4.0
2020-02-18,14.0,42.0,45.0,77.0,1.0
2020-02-19,7.0,40.0,49.0,85.0,1.0
2020-02-20,13.0,53.0,47.0,81.0,3.0
2020-02-21,16.0,47.0,58.0,73.0,1.0
2020-02-22,5.0,19.0,41.0,46.0,0.0
2020-02-23,7.0,25.0,47.0,59.0,0.0
2020-02-24,14.0,36.0,44.0,66.0,1.0
2020-02-25,16.0,66.0,46.0,66.0,1.0
2020-02-26,17.0,52.0,43.0,57.0,1.0
2020-02-27,14.0,53.0,43.0,62.0,3.0
2020-02-28,15.0,74.0,45.0,55.0,3.0
2020-02-29,8.0,34.0,50.0,56.0,1.0
2020-03-01,5.0,13.0,46.0,55.0,0.0
2020-03-02,7.0,40.0,44.0,46.0,0.0
2020-03-03,9.0,39.0,44.0,51.0,3.0
2020-03-04,10.0,34.0,44.0,63.0,1.0
2020-03-05,7.0,48.0,58.0,75.0,0.0
2020-03-06,9.0,39.0,58.0,71.0,3.0
2020-03-07,5.0,12.0,41.0,48.0,0.0
2020-03-08,6.0,26.0,42.0,36.0,1.0
2020-03-09,8.0,45.0,37.0,47.0,1.0
2020-03-10,3.0,22.0,28.0,31.0,1.0
2020-03-11,6.0,33.0,41.0,34.0,1.0
2020-03-12,10.0,42.0,31.0,53.0,0.0
2020-03-13,6.0,41.0,37.0,47.0,0.0
2020-03-14,6.0,25.0,41.0,45.0,0.0
2020-03-15,5.0,26.0,43.0,41.0,0.0
2020-03-16,7.0,39.0,38.0,48.0,1.0
2020-03-17,8.0,46.0,42.0,51.0,0.0
2020-03-18,8.0,48.0,44.0,55.0,0.0
2020-03-19,7.0,39.0,44.0,40.0,0.0
2020-03-20,6.0,32.0,43.0,33.0,0.0
2020-03-21,6.0,26.0,47.0,42.0,0.0
2020-03-22,9.0,21.0,43.0,43.0,0.0
2020-03-23,5.0,40.0,45.0,29.0,0.0
2020-03-24,7.0,28.0,43.0,36.0,0.0
2020-03-25,5.0,43.0,44.0,31.0,0.0
2020-03-26,5.0,42.0,45.0,33.0,0.0
2020-03-27,6.0,48.0,47.0,48.0,0.0
2020-03-28,6.0,25.0,51.0,53.0,0.0
2020-03-29,6.0,24.0,51.0,55.0,0.0
2020-03-30,6.0,36.0,54.0,52.0,0.0
2020-03-31,11.0,46.0,74.0,58.0,0.0
2020-04-01,6.0,31.0,67.0,61.0,0.0
2020-04-02,3.0,19.0,49.0,56.0,0.0
2020-04-03,5.0,26.0,54.0,58.0,0.0
2020-04-04,5.0,26.0,50.0,58.0,0.0
2020-04-05,3.0,8.0,37.0,43.0,0.0
2020-04-06,5.0,36.0,41.0,29.0,0.0
2020-04-07,5.0,38.0,40.0,34.0,0.0
2020-04-08,5.0,51.0,43.0,34.0,0.0
2020-04-09,5.0,16.0,35.0,32.0,0.0
2020-04-10,5.0,36.0,42.0,34.0,0.0
2020-04-11,6.0,28.0,49.0,52.0,0.0
2020-04-12,3.0,9.0,39.0,52.0,0.0
2020-04-13,3.0,35.0,38.0,41.0,0.0
2020-04-14,7.0,43.0,51.0,55.0,0.0
2020-04-15,9.0,50.0,74.0,57.0,1.0
2020-04-16,6.0,36.0,71.0,59.0,0.0
2020-04-17,5.0,25.0,43.0,50.0,0.0
2020-04-18,3.0,10.0,40.0,50.0,0.0
2020-04-19,3.0,10.0,44.0,52.0,0.0
2020-04-20,3.0,42.0,42.0,53.0,0.0
2020-04-21,5.0,28.0,47.0,55.0,3.0
2020-04-22,7.0,45.0,100.0,59.0,1.0
2020-04-23,6.0,37.0,140.0,62.0,1.0
2020-04-24,7.0,61.0,143.0,62.0,1.0
2020-04-25,6.0,28.0,182.0,62.0,1.0
2020-04-26,7.0,28.0,166.0,65.0,0.0
2020-04-27,6.0,30.0,108.0,67.0,0.0
2020-04-28,6.0,30.0,185.0,69.0,0.0
2020-04-29,5.0,28.0,147.0,72.0,0.0
2020-04-30,5.0,40.0,143.0,73.0,0.0
2020-05-01,5.0,29.0,97.0,68.0,0.0
2020-05-02,5.0,19.0,90.0,62.0,1.0
2020-05-03,5.0,16.0,61.0,59.0,0.0
2020-05-04,5.0,39.0,115.0,63.0,1.0
2020-05-05,7.0,56.0,159.0,62.0,1.0
2020-05-06,8.0,47.0,206.0,63.0,3.0
2020-05-07,8.0,43.0,203.0,65.0,3.0
2020-05-08,7.0,38.0,185.0,75.0,1.0
2020-05-09,6.0,23.0,143.0,76.0,0.0
2020-05-10,6.0,13.0,97.0,70.0,0.0
2020-05-11,5.0,39.0,80.0,61.0,0.0
2020-05-12,6.0,25.0,39.0,51.0,0.0
2020-05-13,5.0,26.0,49.0,45.0,1.0
2020-05-14,5.0,25.0,48.0,54.0,0.0
2020-05-15,3.0,21.0,87.0,57.0,0.0
2020-05-16,5.0,26.0,140.0,63.0,0.0
2020-05-17,5.0,17.0,77.0,59.0,0.0
2020-05-18,2.0,26.0,39.0,44.0,0.0
2020-05-19,2.0,32.0,45.0,42.0,0.0
2020-05-20,3.0,32.0,54.0,52.0,0.0
2020-05-21,5.0,39.0,97.0,57.0,0.0
2020-05-22,3.0,25.0,64.0,70.0,0.0
2020-05-23,3.0,17.0,71.0,73.0,0.0
2020-05-24,5.0,19.0,108.0,74.0,0.0
2020-05-25,5.0,21.0,140.0,77.0,0.0
2020-05-26,7.0,38.0,147.0,79.0,0.0
2020-05-27,5.0,28.0,136.0,69.0,0.0
2020-05-28,5.0,26.0,161.0,67.0,0.0
2020-05-29,3.0,18.0,64.0,59.0,0.0
2020-05-30,2.0,15.0,42.0,61.0,0.0
2020-05-31,3.0,19.0,54.0,56.0,1.0
2020-06-01,6.0,38.0,71.0,57.0,0.0
2020-06-02,5.0,28.0,122.0,63.0,4.0
2020-06-03,6.0,38.0,129.0,65.0,0.0
2020-06-04,3.0,19.0,108.0,66.0,0.0
2020-06-05,2.0,17.0,35.0,56.0,0.0
2020-06-06,2.0,13.0,38.0,51.0,0.0
2020-06-07,3.0,18.0,48.0,54.0,0.0
2020-06-08,6.0,43.0,74.0,48.0,0.0
2020-06-09,8.0,55.0,80.0,52.0,0.0
2020-06-10,13.0,56.0,143.0,62.0,1.0
2020-06-11,7.0,41.0,161.0,60.0,1.0
2020-06-12,3.0,22.0,77.0,60.0,0.0
2020-06-13,3.0,17.0,61.0,57.0,0.0
2020-06-14,3.0,21.0,77.0,57.0,0.0
2020-06-15,5.0,28.0,112.0,60.0,0.0
2020-06-16,3.0,31.0,61.0,61.0,0.0
2020-06-17,2.0,14.0,71.0,60.0,0.0
2020-06-18,3.0,35.0,64.0,59.0,0.0
2020-06-19,3.0,23.0,97.0,62.0,0.0
2020-06-20,3.0,21.0,77.0,63.0,0.0
2020-06-21,3.0,9.0,105.0,63.0,0.0
2020-06-22,3.0,27.0,154.0,68.0,0.0
2020-06-23,3.0,31.0,159.0,71.0,0.0
2020-06-24,3.0,36.0,156.0,65.0,0.0
2020-06-25,3.0,30.0,112.0,63.0,0.0
2020-06-26,3.0,37.0,126.0,59.0,0.0
2020-06-27,3.0,18.0,119.0,60.0,0.0
2020-06-28,2.0,7.0,40.0,44.0,1.0
2020-06-29,2.0,30.0,44.0,48.0,0.0
2020-06-30,3.0,34.0,80.0,57.0,0.0
2020-07-01,2.0,26.0,77.0,62.0,0.0
2020-07-02,3.0,21.0,100.0,61.0,0.0
2020-07-03,5.0,33.0,129.0,58.0,0.0
2020-07-04,6.0,26.0,101.0,175.0,4.0
2020-07-05,7.0,25.0,150.0,250.0,4.0
2020-07-06,7.0,35.0,140.0,73.0,1.0
2020-07-07,5.0,37.0,129.0,72.0,1.0
2020-07-08,3.0,31.0,105.0,72.0,0.0
2020-07-09,5.0,30.0,156.0,70.0,0.0
2020-07-10,5.0,43.0,204.0,73.0,0.0
2020-07-11,7.0,33.0,177.0,63.0,0.0
2020-07-12,5.0,24.0,172.0,64.0,0.0
2020-07-13,5.0,25.0,112.0,73.0,1.0
2020-07-14,3.0,26.0,90.0,67.0,1.0
2020-07-15,3.0,31.0,101.0,62.0,0.0
2020-07-16,3.0,31.0,108.0,60.0,0.0
2020-07-17,3.0,40.0,136.0,57.0,0.0
2020-07-18,3.0,21.0,122.0,53.0,0.0
2020-07-19,5.0,16.0,97.0,55.0,1.0
2020-07-20,5.0,29.0,133.0,58.0,0.0
2020-07-21,5.0,32.0,143.0,64.0,0.0
2020-07-22,3.0,28.0,100.0,59.0,0.0
2020-07-23,3.0,23.0,80.0,62.0,0.0
2020-07-24,3.0,34.0,115.0,62.0,0.0
2020-07-25,3.0,19.0,140.0,62.0,0.0
2020-07-26,5.0,20.0,143.0,60.0,0.0
2020-07-27,5.0,36.0,97.0,62.0,0.0
2020-07-28,6.0,32.0,129.0,62.0,0.0
2020-07-29,5.0,41.0,164.0,65.0,0.0
2020-07-30,6.0,38.0,161.0,65.0,0.0
2020-07-31,11.0,46.0,187.0,66.0,3.0
2020-08-01,7.0,42.0,161.0,74.0,1.0
2020-08-02,6.0,25.0,140.0,73.0,1.0
2020-08-03,5.0,30.0,200.0,74.0,1.0
2020-08-04,6.0,31.0,122.0,71.0,0.0
2020-08-05,3.0,37.0,97.0,66.0,0.0
2020-08-06,3.0,32.0,61.0,62.0,0.0
2020-08-07,5.0,26.0,93.0,63.0,0.0
2020-08-08,6.0,29.0,112.0,66.0,1.0
2020-08-09,5.0,18.0,105.0,62.0,0.0
2020-08-10,5.0,34.0,87.0,60.0,0.0
2020-08-11,6.0,37.0,112.0,56.0,0.0
2020-08-12,9.0,50.0,147.0,59.0,0.0
2020-08-13,7.0,54.0,166.0,69.0,0.0
2020-08-14,10.0,56.0,204.0,111.0,1.0
2020-08-15,10.0,43.0,220.0,85.0,1.0
2020-08-16,13.0,28.0,93.0,133.0,1.0
2020-08-17,8.0,43.0,164.0,94.0,1.0
2020-08-18,8.0,58.0,222.0,102.0,0.0
2020-08-19,8.0,44.0,217.0,98.0,1.0
2020-08-20,8.0,52.0,218.0,154.0,0.0
2020-08-21,13.0,48.0,192.0,164.0,1.0
2020-08-22,7.0,30.0,126.0,84.0,0.0
2020-08-23,6.0,15.0,71.0,77.0,0.0
2020-08-24,5.0,29.0,90.0,66.0,0.0
2020-08-25,8.0,36.0,74.0,64.0,0.0
2020-08-26,9.0,36.0,97.0,61.0,0.0
2020-08-27,9.0,49.0,129.0,72.0,1.0
2020-08-28,7.0,38.0,112.0,66.0,1.0
2020-08-29,5.0,21.0,115.0,60.0,0.0
2020-08-30,3.0,14.0,115.0,60.0,0.0
2020-08-31,5.0,36.0,115.0,60.0,0.0
2020-09-01,5.0,34.0,100.0,62.0,0.0
2020-09-02,6.0,37.0,150.0,60.0,1.0
2020-09-03,7.0,43.0,201.0,76.0,1.0
2020-09-04,11.0,58.0,220.0,82.0,3.0
2020-09-05,13.0,54.0,235.0,86.0,1.0
2020-09-06,16.0,43.0,214.0,84.0,3.0
2020-09-07,11.0,39.0,90.0,164.0,3.0
2020-09-08,5.0,30.0,51.0,127.0,0.0
2020-09-09,11.0,45.0,47.0,136.0,0.0
2020-09-10,19.0,54.0,35.0,160.0,1.0
2020-09-11,22.0,90.0,108.0,223.0,0.0
2020-09-12,25.0,65.0,101.0,189.0,1.0
2020-09-13,17.0,36.0,159.0,170.0,0.0
2020-09-14,23.0,57.0,197.0,162.0,0.0
2020-09-15,19.0,77.0,161.0,191.0,0.0
2020-09-16,24.0,100.0,154.0,162.0,0.0
2020-09-17,16.0,68.0,133.0,92.0,0.0
2020-09-18,14.0,55.0,156.0,86.0,1.0
2020-09-19,11.0,43.0,147.0,100.0,1.0
2020-09-20,10.0,29.0,119.0,83.0,1.0
2020-09-21,6.0,38.0,100.0,77.0,0.0
2020-09-22,7.0,42.0,122.0,73.0,0.0
2020-09-23,10.0,45.0,126.0,80.0,0.0
2020-09-24,10.0,52.0,201.0,95.0,1.0
2020-09-25,9.0,35.0,136.0,76.0,0.0
2020-09-26,7.0,27.0,151.0,81.0,0.0
2020-09-27,6.0,18.0,154.0,74.0,0.0
2020-09-28,7.0,45.0,179.0,85.0,0.0
2020-09-29,9.0,55.0,150.0,68.0,0.0
2020-09-30,19.0,96.0,161.0,69.0,1.0
2020-10-01,17.0,55.0,172.0,87.0,1.0
2020-10-02,11.0,62.0,204.0,90.0,3.0
2020-10-03,11.0,50.0,210.0,112.0,1.0
2020-10-04,11.0,43.0,177.0,127.0,0.0
2020-10-05,14.0,62.0,151.0,121.0,0.0
2020-10-06,14.0,58.0,159.0,112.0,0.0
2020-10-07,11.0,55.0,133.0,95.0,0.0
2020-10-08,5.0,36.0,77.0,86.0,0.0
2020-10-09,6.0,42.0,74.0,80.0,0.0
2020-10-10,5.0,22.0,80.0,72.0,0.0
2020-10-11,8.0,21.0,87.0,66.0,1.0
2020-10-12,11.0,68.0,100.0,67.0,0.0
2020-10-13,16.0,77.0,100.0,73.0,1.0
2020-10-14,24.0,70.0,164.0,76.0,9.0
2020-10-15,11.0,99.0,185.0,76.0,0.0
2020-10-16,13.0,61.0,169.0,74.0,3.0
2020-10-17,14.0,44.0,119.0,69.0,1.0
2020-10-18,9.0,31.0,159.0,83.0,0.0
2020-10-19,6.0,35.0,126.0,80.0,0.0
2020-10-20,6.0,43.0,129.0,88.0,0.0
2020-10-21,7.0,43.0,119.0,100.0,0.0
2020-10-22,6.0,33.0,48.0,74.0,0.0
2020-10-23,6.0,30.0,48.0,65.0,0.0
2020-10-24,5.0,32.0,38.0,60.0,0.0
2020-10-25,5.0,25.0,39.0,49.0,0.0
2020-10-26,14.0,74.0,50.0,90.0,1.0
2020-10-27,19.0,87.0,97.0,155.0,3.0
2020-10-28,14.0,65.0,90.0,96.0,1.0
2020-10-29,18.0,85.0,97.0,92.0,1.0
2020-10-30,20.0,66.0,67.0,81.0,1.0
2020-10-31,15.0,58.0,93.0,88.0,4.0
2020-11-01,14.0,54.0,87.0,80.0,0.0
2020-11-02,15.0,50.0,84.0,80.0,1.0
2020-11-03,10.0,56.0,90.0,114.0,0.0
2020-11-04,20.0,70.0,87.0,95.0,0.0
2020-11-05,22.0,60.0,36.0,78.0,0.0
2020-11-06,17.0,42.0,43.0,61.0,0.0
2020-11-07,5.0,24.0,44.0,52.0,0.0
2020-11-08,7.0,26.0,42.0,57.0,0.0
2020-11-09,10.0,35.0,40.0,57.0,0.0
2020-11-10,15.0,40.0,40.0,63.0,0.0
2020-11-11,17.0,44.0,40.0,70.0,1.0
2020-11-12,20.0,53.0,50.0,83.0,1.0
2020-11-13,11.0,49.0,44.0,78.0,3.0
2020-11-14,13.0,42.0,46.0,81.0,3.0
2020-11-15,27.0,42.0,46.0,87.0,4.0
2020-11-16,19.0,62.0,44.0,60.0,3.0
2020-11-17,23.0,54.0,44.0,72.0,1.0
2020-11-18,14.0,47.0,36.0,68.0,1.0
2020-11-19,9.0,39.0,40.0,65.0,0.0
2020-11-20,17.0,65.0,41.0,88.0,0.0
2020-11-21,23.0,51.0,41.0,95.0,3.0
2020-11-22,28.0,41.0,49.0,103.0,3.0
2020-11-23,14.0,37.0,39.0,87.0,0.0
2020-11-24,11.0,55.0,43.0,77.0,0.0
2020-11-25,18.0,61.0,47.0,81.0,1.0
2020-11-26,17.0,38.0,46.0,84.0,4.0
2020-11-27,20.0,49.0,38.0,86.0,3.0
2020-11-28,22.0,42.0,39.0,69.0,1.0
2020-11-29,24.0,39.0,42.0,70.0,1.0
2020-11-30,23.0,79.0,38.0,74.0,4.0
2020-12-01,26.0,74.0,38.0,83.0,3.0
2020-12-02,25.0,72.0,46.0,94.0,3.0
2020-12-03,27.0,85.0,44.0,109.0,0.0
2020-12-04,27.0,71.0,42.0,74.0,1.0
2020-12-05,31.0,68.0,39.0,108.0,1.0
2020-12-06,26.0,48.0,44.0,109.0,0.0
2020-12-07,27.0,81.0,43.0,93.0,3.0
2020-12-08,28.0,85.0,42.0,65.0,1.0
2020-12-09,20.0,67.0,40.0,68.0,3.0
2020-12-10,13.0,50.0,38.0,72.0,0.0
2020-12-11,19.0,50.0,41.0,83.0,0.0
2020-12-12,24.0,36.0,39.0,97.0,0.0
2020-12-13,19.0,33.0,44.0,76.0,0.0
2020-12-14,8.0,46.0,39.0,55.0,0.0
2020-12-15,16.0,60.0,40.0,88.0,0.0
2020-12-16,19.0,65.0,35.0,72.0,0.0
2020-12-17,24.0,53.0,40.0,79.0,4.0
2020-12-18,23.0,51.0,41.0,90.0,0.0
2020-12-19,32.0,48.0,38.0,84.0,0.0
2020-12-20,23.0,46.0,43.0,85.0,1.0
2020-12-21,30.0,60.0,39.0,65.0,1.0
2020-12-22,18.0,49.0,36.0,77.0,3.0
2020-12-23,20.0,71.0,43.0,95.0,3.0
2020-12-24,18.0,53.0,35.0,71.0,0.0
2020-12-25,15.0,36.0,37.0,79.0,1.0
2020-12-26,28.0,37.0,36.0,116.0,1.0
2020-12-27,10.0,25.0,36.0,71.0,0.0
2020-12-28,6.0,41.0,34.0,57.0,0.0
2020-12-29,20.0,51.0,39.0,68.0,1.0
2020-12-30,25.0,57.0,42.0,79.0,1.0
2020-12-31,28.0,54.0,37.0,120.0,0.0
2021-01-01,42.0,34.0,40.0,184.0,1.0
2021-01-02,19.0,31.0,33.0,77.0,1.0
2021-01-03,18.0,27.0,35.0,82.0,1.0
2021-01-04,18.0,46.0,32.0,77.0,1.0
2021-01-05,13.0,50.0,33.0,84.0,1.0
2021-01-06,26.0,68.0,34.0,90.0,3.0
2021-01-07,15.0,74.0,35.0,84.0,4.0
2021-01-08,19.0,58.0,41.0,88.0,3.0
2021-01-09,18.0,42.0,40.0,96.0,1.0
2021-01-10,24.0,34.0,38.0,71.0,0.0
2021-01-11,17.0,64.0,36.0,69.0,1.0
2021-01-12,16.0,52.0,32.0,69.0,3.0
2021-01-13,25.0,73.0,35.0,77.0,3.0
2021-01-14,26.0,55.0,38.0,86.0,3.0
2021-01-15,38.0,51.0,40.0,82.0,7.0
2021-01-16,39.0,55.0,43.0,93.0,7.0
2021-01-17,31.0,52.0,45.0,84.0,1.0
2021-01-18,16.0,51.0,38.0,74.0,1.0
2021-01-19,7.0,42.0,38.0,62.0,0.0
2021-01-20,13.0,43.0,37.0,51.0,0.0
2021-01-21,11.0,41.0,37.0,58.0,1.0
2021-01-22,9.0,32.0,39.0,53.0,0.0
2021-01-23,5.0,25.0,32.0,57.0,0.0
2021-01-24,14.0,23.0,36.0,62.0,1.0
2021-01-25,6.0,42.0,40.0,38.0,0.0
2021-01-26,8.0,48.0,38.0,52.0,0.0
2021-01-27,6.0,32.0,39.0,54.0,0.0
2021-01-28,11.0,36.0,36.0,54.0,0.0
2021-01-29,9.0,40.0,34.0,55.0,0.0
2021-01-30,13.0,34.0,38.0,70.0,0.0
2021-01-31,13.0,38.0,39.0,60.0,1.0
2021-02-01,10.0,61.0,30.0,58.0,3.0
2021-02-02,13.0,50.0,40.0,57.0,1.0
2021-02-03,10.0,41.0,37.0,59.0,0.0
2021-02-04,7.0,50.0,43.0,62.0,0.0
2021-02-05,13.0,56.0,42.0,69.0,3.0
2021-02-06,24.0,55.0,47.0,96.0,3.0
2021-02-07,22.0,38.0,48.0,84.0,3.0
2021-02-08,11.0,34.0,47.0,83.0,0.0
2021-02-09,7.0,48.0,44.0,83.0,0.0
2021-02-10,8.0,47.0,43.0,74.0,0.0
2021-02-11,18.0,51.0,45.0,84.0,1.0
2021-02-12,6.0,34.0,39.0,65.0,10.0
2021-02-13,9.0,27.0,42.0,55.0,0.0
2021-02-14,7.0,30.0,43.0,41.0,1.0
2021-02-15,8.0,32.0,37.0,55.0,1.0
2021-02-16,7.0,30.0,42.0,57.0,1.0
2021-02-17,7.0,46.0,42.0,57.0,0.0
2021-02-18,15.0,44.0,44.0,61.0,1.0
2021-02-19,15.0,57.0,40.0,63.0,1.0
2021-02-20,16.0,36.0,43.0,63.0,1.0
2021-02-21,17.0,39.0,45.0,64.0,1.0
2021-02-22,17.0,60.0,44.0,57.0,3.0
2021-02-23,14.0,56.0,41.0,63.0,1.0
2021-02-24,10.0,49.0,51.0,61.0,1.0
2021-02-25,8.0,45.0,47.0,63.0,1.0
2021-02-26,17.0,44.0,46.0,66.0,1.0
2021-02-27,11.0,41.0,45.0,70.0,1.0
2021-02-28,13.0,40.0,46.0,62.0,1.0
2021-03-01,9.0,64.0,45.0,49.0,1.0
2021-03-02,18.0,48.0,47.0,60.0,1.0
2021-03-03,9.0,44.0,45.0,57.0,0.0
2021-03-04,13.0,47.0,49.0,59.0,0.0
2021-03-05,15.0,50.0,64.0,68.0,1.0
2021-03-06,8.0,38.0,50.0,60.0,3.0
2021-03-07,6.0,19.0,46.0,56.0,0.0
2021-03-08,6.0,36.0,44.0,54.0,0.0
2021-03-09,9.0,32.0,44.0,52.0,1.0
2021-03-10,5.0,31.0,43.0,43.0,1.0
2021-03-11,6.0,52.0,44.0,36.0,0.0
2021-03-12,8.0,44.0,43.0,58.0,0.0
2021-03-13,11.0,34.0,44.0,64.0,0.0
2021-03-14,7.0,25.0,48.0,57.0,0.0
2021-03-15,6.0,26.0,42.0,43.0,0.0
2021-03-16,6.0,49.0,40.0,44.0,0.0
2021-03-17,13.0,51.0,48.0,58.0,0.0
2021-03-18,9.0,42.0,64.0,61.0,1.0
2021-03-19,11.0,40.0,43.0,57.0,1.0
2021-03-20,6.0,29.0,44.0,54.0,0.0
2021-03-21,9.0,26.0,46.0,55.0,1.0
2021-03-22,8.0,45.0,47.0,56.0,1.0
2021-03-23,5.0,42.0,43.0,55.0,1.0
2021-03-24,9.0,42.0,47.0,56.0,1.0
2021-03-25,6.0,29.0,42.0,55.0,0.0
2021-03-26,6.0,37.0,43.0,54.0,1.0
2021-03-27,10.0,38.0,49.0,62.0,1.0
2021-03-28,15.0,43.0,77.0,65.0,1.0
2021-03-29,11.0,55.0,67.0,61.0,1.0
2021-03-30,5.0,39.0,67.0,68.0,0.0
2021-03-31,11.0,69.0,74.0,63.0,1.0
2021-04-01,11.0,61.0,80.0,58.0,3.0
2021-04-02,8.0,43.0,93.0,64.0,0.0
2021-04-03,7.0,30.0,112.0,74.0,1.0
2021-04-04,9.0,28.0,112.0,67.0,3.0
2021-04-05,6.0,31.0,49.0,62.0,1.0
2021-04-06,6.0,36.0,51.0,66.0,0.0
2021-04-07,9.0,53.0,87.0,65.0,3.0
2021-04-08,7.0,38.0,64.0,64.0,1.0
2021-04-09,7.0,31.0,80.0,69.0,1.0
2021-04-10,7.0,32.0,100.0,71.0,1.0
2021-04-11,6.0,18.0,101.0,76.0,0.0
2021-04-12,6.0,33.0,71.0,70.0,0.0
2021-04-13,6.0,32.0,46.0,60.0,0.0
2021-04-14,6.0,51.0,51.0,63.0,1.0
2021-04-15,6.0,42.0,51.0,67.0,0.0
2021-04-16,6.0,44.0,71.0,75.0,1.0
2021-04-17,6.0,28.0,93.0,76.0,1.0
2021-04-18,11.0,32.0,71.0,58.0,1.0
2021-04-19,9.0,45.0,80.0,64.0,3.0
2021-04-20,6.0,31.0,74.0,72.0,0.0
2021-04-21,6.0,31.0,44.0,58.0,0.0
2021-04-22,6.0,51.0,44.0,55.0,0.0
2021-04-23,6.0,48.0,47.0,60.0,0.0
2021-04-24,6.0,31.0,47.0,59.0,0.0
2021-04-25,6.0,13.0,45.0,56.0,0.0
2021-04-26,5.0,39.0,40.0,42.0,0.0
2021-04-27,5.0,40.0,44.0,53.0,0.0
2021-04-28,7.0,42.0,49.0,61.0,1.0
2021-04-29,8.0,54.0,90.0,67.0,3.0
2021-04-30,10.0,60.0,133.0,67.0,6.0
2021-05-01,6.0,39.0,90.0,69.0,1.0
2021-05-02,5.0,15.0,51.0,61.0,0.0
2021-05-03,6.0,41.0,54.0,70.0,1.0
2021-05-04,6.0,39.0,100.0,78.0,1.0
2021-05-05,6.0,35.0,129.0,82.0,1.0
2021-05-06,6.0,29.0,84.0,73.0,0.0
2021-05-07,5.0,39.0,74.0,65.0,0.0
2021-05-08,5.0,16.0,90.0,65.0,0.0
2021-05-09,5.0,14.0,84.0,69.0,0.0
2021-05-10,6.0,33.0,51.0,65.0,0.0
2021-05-11,6.0,37.0,97.0,65.0,0.0
2021-05-12,6.0,48.0,97.0,69.0,0.0
2021-05-13,6.0,53.0,97.0,67.0,0.0
2021-05-14,5.0,38.0,80.0,65.0,0.0
2021-05-15,7.0,13.0,49.0,76.0,0.0
2021-05-16,7.0,16.0,44.0,64.0,0.0
2021-05-17,5.0,48.0,51.0,56.0,0.0
2021-05-18,5.0,43.0,74.0,60.0,0.0
2021-05-19,5.0,34.0,84.0,64.0,0.0
2021-05-20,5.0,42.0,54.0,66.0,0.0
2021-05-21,5.0,41.0,45.0,61.0,0.0
2021-05-22,5.0,26.0,46.0,61.0,0.0
2021-05-23,6.0,24.0,54.0,62.0,3.0
2021-05-24,7.0,64.0,97.0,63.0,3.0
2021-05-25,7.0,44.0,100.0,69.0,3.0
2021-05-26,5.0,35.0,61.0,71.0,0.0
2021-05-27,5.0,34.0,90.0,69.0,1.0
2021-05-28,6.0,32.0,122.0,73.0,1.0
2021-05-29,6.0,21.0,71.0,65.0,0.0
2021-05-30,6.0,11.0,80.0,63.0,0.0
2021-05-31,5.0,20.0,101.0,66.0,0.0
2021-06-01,6.0,38.0,140.0,75.0,1.0
2021-06-02,6.0,46.0,161.0,67.0,0.0
2021-06-03,5.0,26.0,159.0,66.0,0.0
2021-06-04,6.0,41.0,108.0,64.0,1.0
2021-06-05,5.0,16.0,54.0,61.0,0.0
2021-06-06,5.0,11.0,50.0,57.0,0.0
2021-06-07,5.0,16.0,40.0,50.0,0.0
2021-06-08,5.0,33.0,58.0,54.0,0.0
2021-06-09,5.0,40.0,54.0,58.0,1.0
2021-06-10,5.0,37.0,50.0,57.0,1.0
2021-06-11,6.0,37.0,119.0,68.0,3.0
2021-06-12,7.0,33.0,172.0,68.0,3.0
2021-06-13,6.0,27.0,143.0,62.0,3.0
2021-06-14,7.0,36.0,97.0,62.0,3.0
2021-06-15,7.0,53.0,129.0,70.0,3.0
2021-06-16,6.0,30.0,169.0,72.0,1.0
2021-06-17,8.0,36.0,140.0,75.0,1.0
2021-06-18,6.0,22.0,159.0,78.0,0.0
2021-06-19,6.0,23.0,169.0,71.0,1.0
2021-06-20,5.0,24.0,129.0,68.0,0.0
2021-06-21,5.0,33.0,115.0,67.0,1.0
2021-06-22,5.0,36.0,74.0,59.0,1.0
2021-06-23,5.0,34.0,58.0,61.0,1.0
2021-06-24,5.0,33.0,44.0,51.0,1.0
2021-06-25,5.0,32.0,48.0,57.0,1.0
2021-06-26,5.0,27.0,140.0,66.0,3.0
2021-06-27,5.0,23.0,177.0,72.0,1.0
2021-06-28,6.0,38.0,195.0,74.0,0.0
2021-06-29,7.0,30.0,108.0,66.0,1.0
2021-06-30,7.0,30.0,143.0,63.0,0.0
2021-07-01,5.0,37.0,112.0,68.0,3.0
2021-07-02,6.0,43.0,108.0,65.0,1.0
2021-07-03,5.0,25.0,119.0,66.0,1.0
2021-07-04,5.0,24.0,108.0,142.0,3.0
2021-07-05,5.0,22.0,126.0,180.0,0.0
2021-07-06,5.0,33.0,136.0,65.0,1.0
2021-07-07,6.0,40.0,187.0,69.0,0.0
2021-07-08,5.0,36.0,179.0,74.0,0.0
2021-07-09,6.0,32.0,185.0,70.0,3.0
2021-07-10,5.0,29.0,150.0,72.0,3.0
2021-07-11,5.0,17.0,115.0,74.0,1.0
2021-07-12,5.0,35.0,112.0,70.0,1.0
2021-07-13,6.0,41.0,119.0,72.0,0.0
2021-07-14,5.0,29.0,90.0,65.0,1.0
2021-07-15,5.0,33.0,87.0,63.0,1.0
2021-07-16,5.0,34.0,100.0,64.0,1.0
2021-07-17,5.0,27.0,119.0,65.0,1.0
2021-07-18,5.0,25.0,136.0,65.0,3.0
2021-07-19,6.0,39.0,115.0,65.0,3.0
2021-07-20,6.0,38.0,97.0,66.0,1.0
2021-07-21,5.0,33.0,119.0,74.0,1.0
2021-07-22,5.0,31.0,67.0,78.0,1.0
2021-07-23,5.0,27.0,84.0,78.0,1.0
2021-07-24,5.0,25.0,100.0,78.0,0.0
2021-07-25,3.0,13.0,90.0,70.0,1.0
2021-07-26,6.0,49.0,58.0,65.0,6.0
2021-07-27,6.0,41.0,87.0,64.0,1.0
2021-07-28,6.0,43.0,87.0,61.0,3.0
2021-07-29,6.0,43.0,84.0,66.0,3.0
2021-07-30,6.0,40.0,87.0,66.0,3.0
2021-07-31,6.0,25.0,100.0,62.0,1.0
2021-08-01,6.0,26.0,115.0,64.0,3.0
2021-08-02,8.0,56.0,112.0,65.0,3.0
2021-08-03,7.0,46.0,154.0,61.0,3.0
2021-08-04,7.0,44.0,179.0,64.0,3.0
2021-08-05,7.0,38.0,179.0,69.0,3.0
2021-08-06,5.0,41.0,140.0,69.0,1.0
2021-08-07,5.0,25.0,129.0,76.0,1.0
2021-08-08,5.0,16.0,119.0,69.0,1.0
2021-08-09,6.0,35.0,129.0,65.0,4.0
2021-08-10,6.0,44.0,143.0,62.0,1.0
2021-08-11,6.0,45.0,90.0,60.0,3.0
2021-08-12,8.0,40.0,80.0,58.0,3.0
2021-08-13,6.0,39.0,61.0,59.0,1.0
2021-08-14,6.0,26.0,101.0,63.0,1.0
2021-08-15,7.0,21.0,164.0,73.0,3.0
2021-08-16,9.0,32.0,122.0,99.0,3.0
2021-08-17,6.0,25.0,45.0,61.0,1.0
2021-08-18,6.0,25.0,33.0,55.0,1.0
2021-08-19,6.0,37.0,64.0,67.0,1.0
2021-08-20,8.0,41.0,84.0,74.0,1.0
2021-08-21,6.0,34.0,48.0,56.0,0.0
2021-08-22,6.0,25.0,87.0,68.0,0.0
2021-08-23,7.0,36.0,129.0,67.0,0.0
2021-08-24,8.0,49.0,150.0,76.0,3.0
2021-08-25,8.0,49.0,166.0,86.0,3.0
2021-08-26,10.0,64.0,159.0,78.0,3.0
2021-08-27,10.0,50.0,154.0,71.0,1.0
2021-08-28,9.0,42.0,177.0,74.0,1.0
2021-08-29,7.0,24.0,166.0,71.0,1.0
2021-08-30,7.0,42.0,136.0,74.0,1.0
2021-08-31,6.0,41.0,48.0,79.0,1.0
2021-09-01,6.0,36.0,54.0,68.0,0.0
2021-09-02,6.0,36.0,101.0,69.0,1.0
2021-09-03,8.0,45.0,150.0,74.0,1.0
2021-09-04,8.0,42.0,100.0,71.0,3.0
2021-09-05,13.0,34.0,143.0,75.0,4.0
2021-09-06,6.0,18.0,154.0,75.0,1.0
2021-09-07,7.0,30.0,150.0,71.0,1.0
2021-09-08,7.0,44.0,150.0,74.0,1.0
2021-09-09,7.0,53.0,161.0,68.0,1.0
2021-09-10,7.0,51.0,115.0,63.0,3.0
2021-09-11,9.0,41.0,84.0,59.0,6.0
2021-09-12,9.0,30.0,100.0,63.0,4.0
2021-09-13,8.0,47.0,112.0,67.0,3.0
2021-09-14,7.0,44.0,105.0,69.0,1.0
2021-09-15,7.0,40.0,105.0,70.0,1.0
2021-09-16,6.0,39.0,133.0,71.0,1.0
2021-09-17,7.0,38.0,100.0,67.0,1.0
2021-09-18,7.0,35.0,77.0,61.0,3.0
2021-09-19,7.0,24.0,105.0,65.0,1.0
2021-09-20,8.0,37.0,115.0,70.0,1.0
2021-09-21,9.0,68.0,119.0,63.0,6.0
2021-09-22,9.0,55.0,61.0,57.0,6.0
2021-09-23,8.0,51.0,42.0,94.0,3.0
2021-09-24,8.0,38.0,74.0,88.0,1.0
2021-09-25,7.0,27.0,87.0,69.0,3.0
2021-09-26,7.0,17.0,49.0,73.0,0.0
2021-09-27,6.0,42.0,42.0,64.0,0.0
2021-09-28,5.0,45.0,44.0,58.0,0.0
2021-09-29,10.0,47.0,58.0,60.0,1.0
2021-09-30,13.0,64.0,80.0,70.0,1.0
2021-10-01,17.0,62.0,90.0,65.0,1.0
2021-10-02,13.0,58.0,115.0,60.0,4.0
2021-10-03,10.0,60.0,150.0,61.0,4.0
2021-10-04,18.0,90.0,93.0,68.0,3.0
2021-10-05,5.0,50.0,71.0,57.0,0.0
2021-10-06,6.0,55.0,64.0,67.0,1.0
2021-10-07,5.0,33.0,40.0,58.0,1.0
2021-10-08,5.0,41.0,36.0,50.0,0.0
2021-10-09,9.0,31.0,47.0,53.0,1.0
2021-10-10,11.0,35.0,74.0,61.0,1.0
2021-10-11,9.0,33.0,43.0,101.0,0.0
2021-10-12,7.0,44.0,40.0,59.0,0.0
2021-10-13,13.0,62.0,44.0,71.0,3.0
2021-10-14,16.0,64.0,48.0,75.0,1.0
2021-10-15,15.0,65.0,54.0,66.0,1.0
2021-10-16,14.0,52.0,71.0,60.0,1.0
2021-10-17,17.0,41.0,58.0,63.0,3.0
2021-10-18,3.0,47.0,38.0,51.0,0.0
2021-10-19,8.0,49.0,42.0,59.0,0.0
2021-10-20,11.0,57.0,54.0,61.0,3.0
2021-10-21,13.0,62.0,93.0,57.0,4.0
2021-10-22,10.0,41.0,48.0,64.0,0.0
2021-10-23,5.0,21.0,34.0,55.0,0.0
2021-10-24,7.0,20.0,43.0,55.0,0.0
2021-10-25,5.0,42.0,34.0,53.0,0.0
2021-10-26,11.0,50.0,37.0,60.0,1.0
2021-10-27,13.0,66.0,44.0,63.0,3.0
2021-10-28,20.0,81.0,64.0,66.0,3.0
2021-10-29,19.0,52.0,45.0,63.0,1.0
2021-10-30,11.0,34.0,47.0,77.0,0.0
2021-10-31,6.0,32.0,42.0,81.0,0.0
2021-11-01,14.0,47.0,30.0,77.0,0.0
2021-11-02,9.0,36.0,28.0,71.0,0.0
2021-11-03,13.0,53.0,39.0,80.0,1.0
2021-11-04,10.0,55.0,46.0,104.0,1.0
2021-11-05,13.0,53.0,50.0,123.0,0.0
2021-11-06,9.0,36.0,80.0,158.0,0.0
2021-11-07,9.0,38.0,64.0,149.0,0.0
2021-11-08,8.0,50.0,46.0,93.0,0.0
2021-11-09,8.0,55.0,43.0,68.0,0.0
2021-11-10,10.0,65.0,42.0,77.0,0.0
2021-11-11,24.0,74.0,44.0,75.0,3.0
2021-11-12,33.0,89.0,44.0,75.0,3.0
2021-11-13,25.0,52.0,51.0,63.0,0.0
2021-11-14,30.0,54.0,77.0,85.0,3.0
2021-11-15,18.0,85.0,47.0,77.0,4.0
2021-11-16,11.0,46.0,36.0,93.0,1.0
2021-11-17,8.0,55.0,37.0,87.0,0.0
2021-11-18,14.0,58.0,35.0,94.0,1.0
2021-11-19,11.0,51.0,33.0,121.0,0.0
2021-11-20,13.0,42.0,41.0,146.0,1.0
2021-11-21,18.0,50.0,39.0,82.0,0.0
2021-11-22,10.0,67.0,36.0,54.0,1.0
2021-11-23,13.0,53.0,32.0,55.0,1.0
2021-11-24,11.0,55.0,41.0,64.0,0.0
2021-11-25,19.0,49.0,43.0,74.0,0.0
2021-11-26,16.0,51.0,40.0,65.0,3.0
2021-11-27,23.0,49.0,39.0,82.0,1.0
2021-11-28,25.0,47.0,47.0,82.0,7.0
2021-11-29,26.0,72.0,36.0,86.0,3.0
2021-11-30,19.0,77.0,29.0,111.0,1.0
2021-12-01,18.0,74.0,36.0,125.0,1.0
2021-12-02,22.0,63.0,38.0,124.0,0.0
2021-12-03,10.0,53.0,33.0,155.0,0.0
2021-12-04,13.0,40.0,39.0,134.0,1.0
2021-12-05,15.0,45.0,35.0,130.0,0.0
2021-12-06,24.0,53.0,37.0,133.0,1.0
2021-12-07,9.0,49.0,36.0,90.0,0.0
2021-12-08,17.0,57.0,37.0,78.0,0.0
2021-12-09,6.0,54.0,38.0,72.0,1.0
2021-12-10,18.0,55.0,33.0,63.0,0.0
2021-12-11,22.0,42.0,33.0,69.0,0.0
2021-12-12,24.0,38.0,35.0,89.0,1.0
2021-12-13,16.0,38.0,39.0,69.0,0.0
2021-12-14,5.0,51.0,38.0,37.0,0.0
2021-12-15,8.0,56.0,34.0,65.0,0.0
2021-12-16,10.0,46.0,31.0,67.0,0.0
2021-12-17,18.0,51.0,35.0,71.0,1.0
2021-12-18,24.0,44.0,35.0,77.0,1.0
2021-12-19,27.0,39.0,32.0,97.0,1.0
2021-12-20,34.0,71.0,28.0,120.0,1.0
2021-12-21,20.0,82.0,27.0,93.0,1.0
2021-12-22,28.0,78.0,27.0,95.0,1.0
2021-12-23,14.0,43.0,31.0,59.0,0.0
2021-12-24,10.0,29.0,38.0,61.0,0.0
2021-12-25,13.0,24.0,38.0,64.0,0.0
2021-12-26,8.0,28.0,37.0,54.0,0.0
2021-12-27,14.0,42.0,35.0,64.0,1.0
2021-12-28,8.0,49.0,37.0,54.0,0.0
2021-12-29,11.0,39.0,35.0,52.0,0.0
2021-12-30,7.0,42.0,32.0,38.0,0.0
2021-12-31,9.0,38.0,32.0,82.0,0.0
2022-01-01,13.0,30.0,38.0,106.0,0.0
2022-01-02,14.0,35.0,35.0,56.0,0.0
2022-01-03,15.0,50.0,34.0,66.0,1.0
2022-01-04,16.0,58.0,37.0,75.0,1.0
2022-01-05,22.0,60.0,36.0,95.0,1.0
2022-01-06,27.0,68.0,33.0,104.0,1.0
2022-01-07,20.0,48.0,41.0,98.0,9.0
2022-01-08,13.0,48.0,43.0,80.0,0.0
2022-01-09,17.0,43.0,37.0,82.0,0.0
2022-01-10,19.0,66.0,35.0,57.0,0.0
2022-01-11,19.0,78.0,40.0,58.0,0.0
2022-01-12,13.0,71.0,34.0,63.0,1.0
2022-01-13,18.0,69.0,27.0,81.0,1.0
2022-01-14,19.0,89.0,39.0,88.0,1.0
2022-01-15,24.0,60.0,35.0,77.0,1.0
2022-01-16,10.0,40.0,36.0,56.0,0.0
2022-01-17,7.0,42.0,31.0,66.0,0.0
2022-01-18,7.0,48.0,37.0,66.0,0.0
2022-01-19,9.0,54.0,30.0,77.0,0.0
2022-01-20,18.0,65.0,38.0,69.0,1.0
2022-01-21,19.0,49.0,39.0,65.0,1.0
2022-01-22,14.0,43.0,39.0,57.0,0.0
2022-01-23,25.0,39.0,39.0,80.0,1.0
2022-01-24,22.0,46.0,33.0,66.0,1.0
2022-01-25,10.0,62.0,40.0,69.0,0.0
2022-01-26,15.0,65.0,39.0,70.0,0.0
2022-01-27,15.0,65.0,41.0,68.0,1.0
2022-01-28,14.0,71.0,44.0,61.0,0.0
2022-01-29,11.0,54.0,37.0,57.0,0.0
2022-01-30,23.0,41.0,39.0,83.0,0.0
2022-01-31,20.0,46.0,32.0,80.0,0.0
2022-02-01,11.0,66.0,39.0,79.0,0.0
2022-02-02,17.0,61.0,39.0,70.0,0.0
2022-02-03,19.0,65.0,40.0,67.0,1.0
2022-02-04,20.0,71.0,39.0,68.0,0.0
2022-02-05,18.0,48.0,41.0,62.0,1.0
2022-02-06,24.0,44.0,46.0,86.0,4.0
2022-02-07,23.0,79.0,41.0,68.0,3.0
2022-02-08,13.0,69.0,44.0,61.0,1.0
2022-02-09,24.0,95.0,43.0,72.0,1.0
2022-02-10,23.0,71.0,42.0,74.0,1.0
2022-02-11,20.0,65.0,46.0,70.0,1.0
2022-02-12,22.0,57.0,46.0,70.0,1.0
2022-02-13,20.0,48.0,51.0,67.0,3.0
2022-02-14,28.0,58.0,47.0,78.0,3.0
2022-02-15,5.0,57.0,37.0,56.0,0.0
2022-02-16,8.0,44.0,39.0,55.0,0.0
2022-02-17,10.0,55.0,41.0,56.0,0.0
2022-02-18,15.0,60.0,43.0,61.0,1.0
2022-02-19,20.0,57.0,47.0,70.0,1.0
2022-02-20,13.0,33.0,58.0,73.0,0.0
2022-02-21,5.0,42.0,44.0,61.0,0.0
2022-02-22,3.0,37.0,42.0,51.0,1.0
2022-02-23,3.0,47.0,39.0,43.0,0.0
2022-02-24,9.0,55.0,40.0,54.0,0.0
2022-02-25,11.0,52.0,41.0,61.0,3.0
2022-02-26,14.0,55.0,44.0,67.0,1.0
2022-02-27,16.0,42.0,46.0,59.0,1.0
2022-02-28,26.0,76.0,44.0,69.0,6.0
2022-03-01,22.0,85.0,46.0,69.0,3.0
2022-03-02,15.0,65.0,50.0,64.0,1.0
2022-03-03,11.0,55.0,64.0,74.0,0.0
2022-03-04,5.0,39.0,39.0,49.0,0.0
2022-03-05,6.0,40.0,43.0,53.0,0.0
2022-03-06,7.0,38.0,42.0,56.0,1.0
2022-03-07,13.0,57.0,43.0,62.0,0.0
2022-03-08,14.0,56.0,44.0,60.0,0.0
2022-03-09,10.0,55.0,46.0,62.0,0.0
2022-03-10,5.0,50.0,44.0,62.0,0.0
2022-03-11,11.0,60.0,48.0,63.0,1.0
2022-03-12,13.0,58.0,54.0,59.0,1.0
2022-03-13,9.0,35.0,64.0,60.0,1.0
2022-03-14,7.0,54.0,58.0,61.0,1.0
2022-03-15,10.0,52.0,54.0,64.0,1.0
2022-03-16,7.0,42.0,43.0,56.0,1.0
2022-03-17,8.0,53.0,47.0,58.0,3.0
2022-03-18,9.0,46.0,61.0,65.0,1.0
2022-03-19,7.0,46.0,46.0,62.0,0.0
2022-03-20,3.0,27.0,43.0,37.0,1.0
2022-03-21,6.0,48.0,45.0,61.0,1.0
2022-03-22,10.0,67.0,51.0,60.0,3.0
2022-03-23,15.0,58.0,54.0,57.0,1.0
2022-03-24,9.0,68.0,74.0,60.0,4.0
2022-03-25,10.0,46.0,74.0,65.0,3.0
2022-03-26,7.0,34.0,49.0,69.0,1.0
2022-03-27,3.0,11.0,50.0,63.0,0.0
2022-03-28,2.0,46.0,42.0,42.0,0.0
2022-03-29,8.0,49.0,43.0,51.0,0.0
2022-03-30,5.0,35.0,44.0,59.0,0.0
2022-03-31,5.0,45.0,45.0,59.0,0.0
2022-04-01,7.0,47.0,50.0,64.0,1.0
2022-04-02,6.0,37.0,50.0,66.0,0.0
2022-04-03,3.0,15.0,49.0,59.0,1.0
2022-04-04,5.0,47.0,54.0,67.0,1.0
2022-04-05,8.0,40.0,80.0,69.0,1.0
2022-04-06,8.0,67.0,112.0,69.0,4.0
2022-04-07,11.0,74.0,129.0,63.0,3.0
2022-04-08,14.0,67.0,77.0,59.0,3.0
2022-04-09,9.0,48.0,115.0,74.0,1.0
2022-04-10,3.0,12.0,58.0,73.0,0.0
2022-04-11,2.0,26.0,44.0,63.0,0.0
2022-04-12,3.0,33.0,47.0,49.0,0.0
2022-04-13,6.0,51.0,58.0,52.0,1.0
2022-04-14,6.0,42.0,61.0,57.0,1.0
2022-04-15,6.0,31.0,51.0,56.0,1.0
2022-04-16,3.0,24.0,36.0,46.0,0.0
2022-04-17,3.0,19.0,61.0,52.0,3.0
2022-04-18,6.0,39.0,74.0,60.0,1.0
2022-04-19,5.0,42.0,44.0,54.0,1.0
2022-04-20,2.0,37.0,49.0,53.0,0.0
2022-04-21,5.0,36.0,43.0,49.0,0.0
2022-04-22,3.0,33.0,44.0,44.0,0.0
2022-04-23,6.0,35.0,51.0,56.0,3.0
2022-04-24,10.0,35.0,61.0,54.0,1.0
2022-04-25,10.0,65.0,87.0,57.0,3.0
2022-04-26,7.0,50.0,100.0,64.0,1.0
2022-04-27,3.0,26.0,97.0,73.0,0.0
2022-04-28,3.0,42.0,80.0,68.0,1.0
2022-04-29,6.0,35.0,90.0,67.0,1.0
2022-04-30,9.0,31.0,129.0,69.0,3.0
2022-05-01,6.0,22.0,93.0,70.0,0.0
2022-05-02,3.0,46.0,74.0,68.0,1.0
2022-05-03,3.0,46.0,71.0,65.0,0.0
2022-05-04,6.0,48.0,101.0,68.0,1.0
2022-05-05,6.0,42.0,108.0,71.0,3.0
2022-05-06,8.0,40.0,108.0,67.0,1.0
2022-05-07,5.0,20.0,80.0,61.0,1.0
2022-05-08,2.0,18.0,47.0,60.0,0.0
2022-05-09,3.0,39.0,50.0,56.0,0.0
2022-05-10,5.0,42.0,46.0,53.0,1.0
2022-05-11,5.0,47.0,46.0,45.0,0.0
2022-05-12,7.0,55.0,74.0,52.0,3.0
2022-05-13,11.0,50.0,101.0,61.0,3.0
2022-05-14,9.0,48.0,192.0,62.0,4.0
2022-05-15,9.0,42.0,133.0,71.0,1.0
2022-05-16,3.0,34.0,84.0,67.0,1.0
2022-05-17,3.0,44.0,74.0,63.0,0.0
2022-05-18,3.0,43.0,119.0,71.0,0.0
2022-05-19,3.0,23.0,77.0,74.0,0.0
2022-05-20,3.0,20.0,64.0,52.0,0.0
2022-05-21,3.0,17.0,64.0,53.0,0.0
2022-05-22,5.0,22.0,84.0,58.0,1.0
2022-05-23,3.0,20.0,93.0,69.0,0.0
2022-05-24,5.0,44.0,154.0,75.0,0.0
2022-05-25,6.0,46.0,179.0,78.0,0.0
2022-05-26,5.0,32.0,90.0,65.0,0.0
2022-05-27,3.0,44.0,51.0,56.0,0.0
2022-05-28,2.0,24.0,42.0,55.0,1.0
2022-05-29,3.0,15.0,49.0,54.0,0.0
2022-05-30,3.0,20.0,51.0,60.0,1.0
2022-05-31,5.0,42.0,97.0,67.0,1.0
2022-06-01,6.0,39.0,105.0,69.0,0.0
2022-06-02,3.0,33.0,136.0,70.0,0.0
2022-06-03,3.0,31.0,84.0,70.0,1.0
2022-06-04,3.0,14.0,61.0,59.0,1.0
2022-06-05,3.0,17.0,67.0,57.0,0.0
2022-06-06,3.0,32.0,90.0,56.0,0.0
2022-06-07,5.0,32.0,129.0,63.0,0.0
2022-06-08,5.0,38.0,174.0,68.0,0.0
2022-06-09,5.0,44.0,172.0,73.0,0.0
2022-06-10,8.0,44.0,182.0,74.0,1.0
2022-06-11,7.0,29.0,154.0,64.0,1.0
2022-06-12,5.0,16.0,93.0,64.0,0.0
2022-06-13,3.0,36.0,64.0,56.0,0.0
2022-06-14,3.0,41.0,97.0,60.0,0.0
2022-06-15,5.0,38.0,159.0,67.0,0.0
2022-06-16,5.0,41.0,161.0,74.0,0.0
2022-06-17,3.0,26.0,80.0,61.0,1.0
2022-06-18,3.0,27.0,58.0,55.0,1.0
2022-06-19,5.0,22.0,71.0,57.0,1.0
2022-06-20,6.0,49.0,133.0,64.0,3.0
2022-06-21,6.0,39.0,112.0,72.0,1.0
2022-06-22,6.0,47.0,61.0,68.0,3.0
2022-06-23,5.0,45.0,87.0,63.0,3.0
2022-06-24,7.0,47.0,115.0,63.0,6.0
2022-06-25,6.0,33.0,140.0,65.0,1.0
2022-06-26,6.0,25.0,172.0,68.0,1.0
2022-06-27,7.0,49.0,151.0,65.0,1.0
2022-06-28,8.0,47.0,154.0,66.0,1.0
2022-06-29,5.0,36.0,133.0,65.0,0.0
2022-06-30,3.0,30.0,119.0,68.0,1.0
2022-07-01,5.0,32.0,105.0,66.0,1.0
2022-07-02,5.0,28.0,74.0,60.0,1.0
2022-07-03,5.0,19.0,54.0,57.0,3.0
2022-07-04,3.0,18.0,64.0,146.0,1.0
2022-07-05,5.0,21.0,67.0,151.0,1.0
2022-07-06,3.0,24.0,47.0,47.0,1.0
2022-07-07,6.0,36.0,58.0,53.0,1.0
2022-07-08,5.0,29.0,93.0,56.0,0.0
2022-07-09,5.0,28.0,93.0,60.0,1.0
2022-07-10,6.0,26.0,115.0,61.0,1.0
2022-07-11,5.0,29.0,112.0,63.0,1.0
2022-07-12,5.0,26.0,108.0,63.0,0.0
2022-07-13,5.0,36.0,133.0,58.0,1.0
2022-07-14,5.0,29.0,115.0,54.0,0.0
2022-07-15,6.0,33.0,156.0,61.0,1.0
2022-07-16,6.0,29.0,169.0,67.0,1.0
2022-07-17,6.0,25.0,140.0,65.0,0.0
2022-07-18,6.0,29.0,108.0,62.0,1.0
2022-07-19,7.0,40.0,84.0,56.0,3.0
2022-07-20,6.0,38.0,90.0,61.0,1.0
2022-07-21,5.0,36.0,156.0,61.0,1.0
2022-07-22,3.0,33.0,150.0,63.0,0.0
2022-07-23,5.0,19.0,133.0,69.0,0.0
2022-07-24,5.0,20.0,136.0,68.0,1.0
2022-07-25,5.0,33.0,129.0,63.0,1.0
2022-07-26,5.0,39.0,122.0,63.0,1.0
2022-07-27,5.0,38.0,112.0,56.0,1.0
2022-07-28,5.0,28.0,140.0,57.0,1.0
2022-07-29,3.0,24.0,136.0,57.0,0.0
2022-07-30,5.0,20.0,108.0,61.0,0.0
2022-07-31,3.0,19.0,93.0,54.0,1.0
2022-08-01,6.0,35.0,74.0,54.0,1.0
2022-08-02,5.0,34.0,45.0,54.0,1.0
2022-08-03,3.0,35.0,112.0,58.0,1.0
2022-08-04,5.0,35.0,105.0,63.0,1.0
2022-08-05,5.0,40.0,67.0,56.0,1.0
2022-08-06,6.0,25.0,87.0,55.0,3.0
2022-08-07,8.0,28.0,136.0,59.0,3.0
2022-08-08,6.0,42.0,122.0,63.0,1.0
2022-08-09,6.0,40.0,90.0,59.0,3.0
2022-08-10,7.0,41.0,84.0,59.0,3.0
2022-08-11,7.0,51.0,87.0,59.0,9.0
2022-08-12,8.0,48.0,140.0,61.0,7.0
2022-08-13,7.0,33.0,161.0,66.0,3.0
2022-08-14,6.0,26.0,150.0,64.0,3.0
2022-08-15,8.0,42.0,161.0,67.0,3.0
2022-08-16,8.0,46.0,151.0,64.0,4.0
2022-08-17,8.0,41.0,119.0,61.0,6.0
2022-08-18,6.0,36.0,136.0,56.0,3.0
2022-08-19,7.0,36.0,164.0,62.0,1.0
2022-08-20,5.0,22.0,105.0,62.0,1.0
2022-08-21,5.0,15.0,90.0,65.0,0.0
2022-08-22,6.0,41.0,112.0,63.0,1.0
2022-08-23,6.0,41.0,174.0,66.0,1.0
2022-08-24,6.0,30.0,115.0,67.0,1.0
2022-08-25,6.0,31.0,84.0,60.0,1.0
2022-08-26,7.0,36.0,101.0,60.0,1.0
2022-08-27,5.0,25.0,84.0,61.0,1.0
2022-08-28,5.0,12.0,50.0,55.0,0.0
2022-08-29,5.0,35.0,74.0,58.0,1.0
2022-08-30,7.0,46.0,112.0,65.0,3.0
2022-08-31,10.0,73.0,159.0,69.0,4.0
2022-09-01,8.0,44.0,209.0,75.0,1.0
2022-09-02,7.0,43.0,156.0,71.0,1.0
2022-09-03,7.0,41.0,159.0,67.0,3.0
2022-09-04,8.0,40.0,133.0,62.0,1.0
2022-09-05,6.0,24.0,182.0,69.0,1.0
2022-09-06,7.0,38.0,172.0,63.0,3.0
2022-09-07,7.0,55.0,156.0,68.0,3.0
2022-09-08,8.0,47.0,77.0,63.0,1.0
2022-09-09,10.0,58.0,44.0,58.0,0.0
2022-09-10,6.0,27.0,34.0,52.0,1.0
2022-09-11,3.0,15.0,45.0,46.0,1.0
2022-09-12,5.0,33.0,49.0,43.0,1.0
2022-09-13,5.0,36.0,61.0,59.0,1.0
2022-09-14,5.0,34.0,54.0,58.0,0.0
2022-09-15,5.0,38.0,54.0,61.0,0.0
2022-09-16,6.0,28.0,93.0,62.0,1.0
2022-09-17,6.0,26.0,67.0,64.0,0.0
2022-09-18,3.0,17.0,47.0,55.0,0.0
2022-09-19,6.0,30.0,46.0,38.0,1.0
2022-09-20,5.0,27.0,38.0,36.0,1.0
2022-09-21,6.0,35.0,42.0,41.0,1.0
2022-09-22,9.0,52.0,87.0,53.0,1.0
2022-09-23,13.0,61.0,90.0,58.0,1.0
2022-09-24,8.0,40.0,93.0,57.0,3.0
2022-09-25,8.0,31.0,101.0,58.0,3.0
2022-09-26,9.0,52.0,87.0,66.0,3.0
2022-09-27,10.0,63.0,126.0,63.0,3.0
2022-09-28,8.0,48.0,154.0,65.0,1.0
2022-09-29,8.0,45.0,112.0,65.0,1.0
2022-09-30,3.0,27.0,67.0,62.0,0.0
2022-10-01,2.0,26.0,64.0,56.0,0.0
2022-10-02,3.0,15.0,87.0,56.0,3.0
2022-10-03,6.0,42.0,74.0,57.0,1.0
2022-10-04,8.0,46.0,93.0,61.0,1.0
2022-10-05,6.0,40.0,126.0,67.0,0.0
2022-10-06,5.0,30.0,129.0,77.0,0.0
2022-10-07,6.0,41.0,119.0,75.0,0.0
2022-10-08,8.0,37.0,143.0,78.0,1.0
2022-10-09,6.0,21.0,115.0,69.0,0.0
2022-10-10,5.0,39.0,80.0,70.0,0.0
2022-10-11,5.0,28.0,58.0,66.0,0.0
2022-10-12,5.0,42.0,54.0,64.0,0.0
2022-10-13,5.0,43.0,51.0,76.0,0.0
2022-10-14,5.0,27.0,61.0,75.0,0.0
2022-10-15,3.0,19.0,51.0,48.0,0.0
2022-10-16,6.0,29.0,54.0,52.0,0.0
2022-10-17,11.0,42.0,58.0,60.0,4.0
2022-10-18,10.0,76.0,84.0,64.0,3.0
2022-10-19,14.0,72.0,58.0,63.0,1.0
2022-10-20,16.0,54.0,61.0,59.0,1.0
2022-10-21,7.0,40.0,97.0,64.0,0.0
2022-10-22,3.0,15.0,44.0,62.0,0.0
2022-10-23,5.0,26.0,42.0,51.0,0.0
2022-10-24,7.0,47.0,40.0,55.0,0.0
2022-10-25,8.0,50.0,42.0,59.0,1.0
2022-10-26,9.0,44.0,48.0,63.0,1.0
2022-10-27,8.0,55.0,54.0,62.0,0.0
2022-10-28,14.0,55.0,47.0,70.0,1.0
2022-10-29,18.0,41.0,61.0,71.0,3.0
2022-10-30,14.0,47.0,77.0,69.0,1.0
2022-10-31,18.0,45.0,45.0,70.0,0.0
2022-11-01,9.0,33.0,54.0,68.0,0.0
2022-11-02,3.0,36.0,36.0,43.0,7.0
2022-11-03,5.0,41.0,35.0,50.0,0.0
2022-11-04,11.0,47.0,35.0,55.0,1.0
2022-11-05,15.0,42.0,37.0,65.0,1.0
2022-11-06,17.0,32.0,48.0,66.0,0.0
2022-11-07,7.0,36.0,34.0,54.0,0.0
2022-11-08,6.0,30.0,36.0,46.0,0.0
2022-11-09,6.0,43.0,34.0,52.0,0.0
2022-11-10,10.0,47.0,36.0,58.0,1.0
2022-11-11,13.0,44.0,39.0,62.0,0.0
2022-11-12,17.0,36.0,39.0,69.0,0.0
2022-11-13,16.0,31.0,38.0,64.0,1.0
2022-11-14,14.0,53.0,36.0,65.0,1.0
2022-11-15,17.0,53.0,40.0,70.0,1.0
2022-11-16,26.0,66.0,39.0,73.0,0.0
2022-11-17,19.0,54.0,34.0,65.0,1.0
2022-11-18,19.0,53.0,40.0,67.0,1.0
2022-11-19,27.0,48.0,43.0,81.0,0.0
2022-11-20,17.0,40.0,43.0,58.0,0.0
2022-11-21,14.0,54.0,41.0,60.0,1.0
2022-11-22,14.0,54.0,40.0,66.0,1.0
2022-11-23,23.0,56.0,38.0,84.0,1.0
2022-11-24,30.0,48.0,43.0,117.0,0.0
2022-11-25,19.0,39.0,38.0,76.0,1.0
2022-11-26,24.0,39.0,44.0,77.0,0.0
2022-11-27,16.0,42.0,44.0,83.0,3.0
2022-11-28,11.0,34.0,45.0,73.0,0.0
2022-11-29,9.0,35.0,43.0,67.0,0.0
2022-11-30,11.0,30.0,40.0,67.0,0.0
2022-12-01,5.0,37.0,35.0,58.0,0.0
2022-12-02,8.0,51.0,30.0,61.0,0.0
2022-12-03,11.0,28.0,31.0,63.0,1.0
2022-12-04,15.0,25.0,29.0,65.0,1.0
2022-12-05,7.0,39.0,36.0,52.0,0.0
2022-12-06,8.0,41.0,33.0,59.0,0.0
2022-12-07,18.0,47.0,33.0,64.0,1.0
2022-12-08,18.0,44.0,33.0,62.0,1.0
2022-12-09,18.0,44.0,34.0,74.0,1.0
2022-12-10,22.0,30.0,34.0,66.0,0.0
2022-12-11,6.0,30.0,36.0,48.0,0.0
2022-12-12,9.0,45.0,32.0,51.0,0.0
2022-12-13,11.0,51.0,33.0,60.0,0.0
2022-12-14,14.0,51.0,28.0,70.0,1.0
2022-12-15,19.0,53.0,30.0,78.0,3.0
2022-12-16,16.0,47.0,34.0,61.0,0.0
2022-12-17,17.0,38.0,33.0,64.0,0.0
2022-12-18,20.0,37.0,33.0,80.0,1.0
2022-12-19,27.0,56.0,33.0,96.0,3.0
2022-12-20,17.0,53.0,29.0,75.0,1.0
2022-12-21,22.0,62.0,32.0,78.0,4.0
2022-12-22,22.0,54.0,25.0,88.0,1.0
2022-12-23,26.0,57.0,30.0,102.0,0.0
2022-12-24,34.0,42.0,38.0,148.0,1.0
2022-12-25,31.0,38.0,42.0,114.0,1.0
2022-12-26,30.0,45.0,30.0,86.0,1.0
2022-12-27,20.0,41.0,23.0,75.0,1.0
2022-12-28,6.0,30.0,32.0,58.0,0.0
2022-12-29,7.0,37.0,31.0,55.0,0.0
2022-12-30,7.0,34.0,28.0,54.0,0.0
2022-12-31,3.0,13.0,25.0,31.0,0.0
2023-01-01,6.0,20.0,36.0,46.0,0.0
2023-01-02,7.0,25.0,33.0,56.0,0.0
2023-01-03,5.0,25.0,34.0,42.0,0.0
2023-01-04,6.0,24.0,38.0,29.0,0.0
2023-01-05,6.0,37.0,38.0,46.0,0.0
2023-01-06,13.0,42.0,35.0,61.0,1.0
2023-01-07,14.0,39.0,30.0,69.0,0.0
2023-01-08,19.0,41.0,33.0,82.0,1.0
2023-01-09,8.0,35.0,31.0,52.0,0.0
2023-01-10,6.0,42.0,40.0,44.0,0.0
2023-01-11,14.0,46.0,30.0,65.0,0.0
2023-01-12,16.0,42.0,33.0,59.0,1.0
2023-01-13,17.0,42.0,28.0,68.0,1.0
2023-01-14,18.0,32.0,34.0,68.0,0.0
2023-01-15,5.0,22.0,39.0,53.0,0.0
2023-01-16,3.0,24.0,38.0,40.0,0.0
2023-01-17,9.0,38.0,35.0,52.0,0.0
2023-01-18,10.0,46.0,31.0,66.0,0.0
2023-01-19,19.0,41.0,31.0,67.0,1.0
2023-01-20,13.0,41.0,36.0,64.0,0.0
2023-01-21,17.0,36.0,37.0,75.0,1.0
2023-01-22,26.0,34.0,40.0,82.0,0.0
2023-01-23,9.0,53.0,39.0,58.0,3.0
2023-01-24,17.0,48.0,35.0,67.0,1.0
2023-01-25,20.0,58.0,38.0,80.0,1.0
2023-01-26,30.0,57.0,39.0,75.0,1.0
2023-01-27,19.0,53.0,37.0,68.0,1.0
2023-01-28,16.0,35.0,40.0,65.0,0.0
2023-01-29,6.0,22.0,39.0,54.0,0.0
2023-01-30,7.0,49.0,35.0,46.0,0.0
2023-01-31,16.0,57.0,41.0,68.0,0.0
2023-02-01,20.0,55.0,39.0,70.0,1.0
2023-02-02,19.0,45.0,32.0,66.0,1.0
2023-02-03,15.0,55.0,40.0,67.0,1.0
2023-02-04,26.0,41.0,39.0,76.0,0.0
2023-02-05,11.0,33.0,37.0,64.0,0.0
2023-02-06,10.0,46.0,37.0,52.0,0.0
2023-02-07,18.0,47.0,40.0,63.0,10.0
2023-02-08,17.0,56.0,42.0,66.0,3.0
2023-02-09,10.0,66.0,44.0,70.0,3.0
2023-02-10,14.0,48.0,42.0,55.0,1.0
2023-02-11,10.0,37.0,41.0,58.0,0.0
2023-02-12,13.0,31.0,39.0,63.0,0.0
2023-02-13,9.0,40.0,43.0,53.0,0.0
2023-02-14,3.0,35.0,38.0,57.0,0.0
2023-02-15,6.0,46.0,38.0,52.0,1.0
2023-02-16,16.0,52.0,41.0,62.0,1.0
2023-02-17,11.0,47.0,41.0,62.0,1.0
2023-02-18,15.0,44.0,40.0,65.0,0.0
2023-02-19,18.0,38.0,47.0,81.0,0.0
2023-02-20,13.0,42.0,46.0,73.0,1.0
2023-02-21,10.0,45.0,43.0,64.0,0.0
2023-02-22,3.0,26.0,40.0,53.0,0.0
2023-02-23,5.0,42.0,38.0,48.0,0.0
2023-02-24,3.0,18.0,43.0,47.0,0.0
2023-02-25,3.0,26.0,43.0,49.0,0.0
2023-02-26,7.0,29.0,42.0,59.0,0.0
2023-02-27,8.0,39.0,36.0,60.0,0.0
2023-02-28,6.0,38.0,39.0,52.0,0.0
2023-03-01,3.0,23.0,43.0,47.0,0.0
2023-03-02,7.0,42.0,42.0,53.0,0.0
2023-03-03,14.0,38.0,44.0,63.0,0.0
2023-03-04,16.0,30.0,43.0,62.0,0.0
2023-03-05,7.0,26.0,43.0,55.0,0.0
2023-03-06,6.0,37.0,44.0,48.0,0.0
2023-03-07,8.0,44.0,44.0,55.0,0.0
2023-03-08,8.0,40.0,42.0,55.0,0.0
2023-03-09,9.0,40.0,46.0,63.0,1.0
2023-03-10,5.0,26.0,34.0,42.0,0.0
2023-03-11,5.0,17.0,28.0,37.0,0.0
2023-03-12,3.0,16.0,35.0,40.0,0.0
2023-03-13,5.0,26.0,38.0,53.0,1.0
2023-03-14,5.0,25.0,28.0,57.0,0.0
2023-03-15,2.0,26.0,34.0,48.0,0.0
2023-03-16,3.0,38.0,64.0,53.0,0.0
2023-03-17,13.0,38.0,44.0,64.0,0.0
2023-03-18,9.0,41.0,51.0,60.0,0.0
2023-03-19,9.0,40.0,43.0,58.0,0.0
2023-03-20,3.0,30.0,40.0,44.0,0.0
2023-03-21,2.0,39.0,45.0,47.0,0.0
2023-03-22,3.0,40.0,44.0,51.0,0.0
2023-03-23,6.0,42.0,40.0,57.0,0.0
2023-03-24,5.0,34.0,44.0,54.0,0.0
2023-03-25,7.0,33.0,47.0,55.0,1.0
2023-03-26,5.0,28.0,47.0,55.0,10.0
2023-03-27,7.0,51.0,51.0,59.0,13.0
2023-03-28,10.0,50.0,61.0,63.0,1.0
2023-03-29,3.0,40.0,44.0,46.0,1.0
2023-03-30,5.0,34.0,44.0,52.0,0.0
2023-03-31,10.0,38.0,45.0,57.0,0.0
2023-04-01,13.0,32.0,50.0,61.0,1.0
2023-04-02,7.0,23.0,67.0,59.0,0.0
2023-04-03,3.0,28.0,44.0,52.0,0.0
2023-04-04,3.0,26.0,42.0,45.0,1.0
2023-04-05,7.0,42.0,50.0,57.0,1.0
2023-04-06,9.0,47.0,61.0,60.0,1.0
2023-04-07,8.0,41.0,61.0,59.0,1.0
2023-04-08,6.0,25.0,48.0,55.0,0.0
2023-04-09,6.0,30.0,97.0,66.0,1.0
2023-04-10,8.0,35.0,108.0,80.0,0.0
2023-04-11,6.0,37.0,97.0,91.0,0.0
2023-04-12,3.0,25.0,47.0,68.0,0.0
2023-04-13,3.0,39.0,44.0,59.0,0.0
2023-04-14,3.0,27.0,49.0,58.0,0.0
2023-04-15,8.0,26.0,80.0,60.0,1.0
2023-04-16,6.0,27.0,80.0,62.0,0.0
2023-04-17,3.0,40.0,50.0,68.0,0.0
2023-04-18,3.0,40.0,49.0,60.0,1.0
2023-04-19,5.0,43.0,51.0,62.0,3.0
2023-04-20,7.0,54.0,101.0,74.0,3.0
2023-04-21,14.0,53.0,108.0,70.0,4.0
2023-04-22,8.0,37.0,156.0,64.0,3.0
2023-04-23,6.0,24.0,90.0,65.0,0.0
2023-04-24,3.0,36.0,50.0,67.0,0.0
2023-04-25,3.0,37.0,77.0,69.0,0.0
2023-04-26,6.0,40.0,97.0,72.0,1.0
2023-04-27,7.0,36.0,122.0,82.0,0.0
2023-04-28,6.0,37.0,136.0,80.0,0.0
2023-04-29,6.0,28.0,136.0,75.0,1.0
2023-04-30,5.0,13.0,100.0,72.0,0.0
2023-05-01,2.0,35.0,44.0,48.0,0.0
2023-05-02,2.0,37.0,40.0,42.0,0.0
2023-05-03,5.0,40.0,44.0,43.0,0.0
2023-05-04,2.0,34.0,37.0,38.0,0.0
2023-05-05,3.0,29.0,38.0,36.0,0.0
2023-05-06,6.0,25.0,44.0,44.0,0.0
2023-05-07,5.0,20.0,46.0,43.0,0.0
2023-05-08,5.0,36.0,44.0,52.0,0.0
2023-05-09,3.0,24.0,39.0,53.0,0.0
2023-05-10,3.0,31.0,44.0,54.0,0.0
2023-05-11,3.0,34.0,67.0,55.0,0.0
2023-05-12,7.0,34.0,87.0,63.0,1.0
2023-05-13,6.0,22.0,136.0,72.0,0.0
2023-05-14,3.0,10.0,119.0,67.0,0.0
2023-05-15,5.0,35.0,105.0,74.0,0.0
2023-05-16,5.0,42.0,101.0,59.0,1.0
2023-05-17,6.0,33.0,122.0,66.0,1.0
2023-05-18,5.0,26.0,100.0,70.0,0.0
2023-05-19,3.0,19.0,87.0,70.0,0.0
2023-05-20,3.0,24.0,112.0,68.0,0.0
2023-05-21,3.0,14.0,115.0,66.0,0.0
2023-05-22,3.0,32.0,80.0,65.0,0.0
2023-05-23,3.0,32.0,54.0,54.0,0.0
2023-05-24,3.0,21.0,47.0,52.0,0.0
2023-05-25,2.0,26.0,47.0,51.0,0.0
2023-05-26,3.0,31.0,43.0,49.0,0.0
2023-05-27,3.0,20.0,51.0,49.0,0.0
2023-05-28,3.0,14.0,46.0,58.0,0.0
2023-05-29,3.0,11.0,45.0,47.0,0.0
2023-05-30,2.0,34.0,39.0,52.0,0.0
2023-05-31,2.0,32.0,35.0,44.0,0.0
2023-06-01,3.0,35.0,36.0,53.0,0.0
2023-06-02,3.0,33.0,58.0,57.0,0.0
2023-06-03,6.0,27.0,93.0,62.0,0.0
2023-06-04,3.0,14.0,101.0,67.0,0.0
2023-06-05,3.0,18.0,58.0,55.0,0.0
2023-06-06,2.0,25.0,51.0,52.0,0.0
2023-06-07,3.0,33.0,46.0,41.0,0.0
2023-06-08,5.0,38.0,49.0,42.0,0.0
2023-06-09,3.0,37.0,47.0,53.0,0.0
2023-06-10,3.0,20.0,48.0,54.0,0.0
2023-06-11,2.0,9.0,36.0,41.0,0.0
2023-06-12,2.0,61.0,40.0,44.0,0.0
2023-06-13,3.0,40.0,49.0,48.0,0.0
2023-06-14,3.0,39.0,50.0,58.0,0.0
2023-06-15,3.0,22.0,44.0,56.0,0.0
2023-06-16,3.0,33.0,54.0,56.0,1.0
2023-06-17,3.0,21.0,100.0,58.0,1.0
2023-06-18,3.0,10.0,50.0,60.0,0.0
2023-06-19,2.0,24.0,47.0,56.0,0.0
2023-06-20,6.0,87.0,84.0,58.0,0.0
2023-06-21,7.0,29.0,100.0,61.0,1.0
2023-06-22,5.0,31.0,47.0,59.0,0.0
2023-06-23,3.0,24.0,54.0,54.0,0.0
2023-06-24,6.0,26.0,80.0,55.0,1.0
2023-06-25,3.0,18.0,80.0,57.0,1.0
2023-06-26,5.0,29.0,80.0,59.0,1.0
2023-06-27,5.0,25.0,93.0,62.0,1.0
2023-06-28,3.0,22.0,77.0,70.0,0.0
2023-06-29,3.0,23.0,115.0,63.0,0.0
2023-06-30,6.0,32.0,192.0,71.0,1.0
2023-07-01,5.0,23.0,207.0,74.0,1.0
2023-07-02,5.0,20.0,174.0,75.0,11.0
2023-07-03,6.0,25.0,166.0,70.0,1.0
2023-07-04,3.0,20.0,108.0,136.0,3.0
2023-07-05,5.0,21.0,112.0,182.0,1.0
2023-07-06,3.0,24.0,108.0,67.0,0.0
2023-07-07,3.0,24.0,115.0,63.0,0.0
2023-07-08,3.0,21.0,133.0,63.0,0.0
2023-07-09,3.0,18.0,112.0,67.0,1.0
2023-07-10,6.0,36.0,147.0,62.0,1.0
2023-07-11,7.0,38.0,156.0,69.0,3.0
2023-07-12,8.0,46.0,126.0,60.0,3.0
2023-07-13,6.0,42.0,126.0,57.0,4.0
2023-07-14,7.0,46.0,192.0,60.0,1.0
2023-07-15,6.0,33.0,210.0,68.0,1.0
2023-07-16,5.0,26.0,195.0,66.0,0.0
2023-07-17,5.0,29.0,172.0,66.0,1.0
2023-07-18,6.0,38.0,143.0,58.0,3.0
2023-07-19,5.0,33.0,126.0,60.0,3.0
2023-07-20,7.0,37.0,159.0,65.0,1.0
2023-07-21,7.0,42.0,164.0,70.0,1.0
2023-07-22,6.0,30.0,195.0,69.0,3.0
2023-07-23,5.0,20.0,156.0,66.0,3.0
2023-07-24,6.0,37.0,185.0,68.0,3.0
2023-07-25,7.0,45.0,200.0,67.0,1.0
2023-07-26,7.0,41.0,151.0,65.0,3.0
2023-07-27,8.0,38.0,187.0,68.0,3.0
2023-07-28,6.0,25.0,177.0,69.0,1.0
2023-07-29,6.0,30.0,192.0,76.0,1.0
2023-07-30,5.0,29.0,161.0,71.0,0.0
2023-07-31,5.0,33.0,87.0,70.0,0.0
2023-08-01,6.0,34.0,126.0,71.0,1.0
2023-08-02,5.0,35.0,112.0,64.0,3.0
2023-08-03,5.0,36.0,140.0,61.0,1.0
2023-08-04,5.0,27.0,150.0,63.0,1.0
2023-08-05,6.0,29.0,179.0,64.0,3.0
2023-08-06,6.0,25.0,185.0,69.0,0.0
2023-08-07,6.0,33.0,133.0,71.0,1.0
2023-08-08,5.0,29.0,84.0,59.0,0.0
2023-08-09,3.0,29.0,48.0,61.0,1.0
2023-08-10,3.0,19.0,50.0,55.0,0.0
2023-08-11,3.0,30.0,48.0,56.0,0.0
2023-08-12,3.0,19.0,97.0,60.0,0.0
2023-08-13,5.0,24.0,105.0,58.0,1.0
2023-08-14,5.0,30.0,101.0,61.0,1.0
2023-08-15,5.0,30.0,133.0,59.0,1.0
2023-08-16,5.0,31.0,122.0,57.0,1.0
2023-08-17,7.0,32.0,133.0,60.0,1.0
2023-08-18,6.0,31.0,90.0,60.0,1.0
2023-08-19,5.0,26.0,61.0,55.0,1.0
2023-08-20,6.0,33.0,36.0,52.0,0.0
2023-08-21,3.0,21.0,44.0,52.0,1.0
2023-08-22,6.0,31.0,77.0,57.0,3.0
2023-08-23,7.0,36.0,112.0,65.0,3.0
2023-08-24,5.0,29.0,97.0,65.0,1.0
2023-08-25,7.0,32.0,100.0,61.0,1.0
2023-08-26,6.0,36.0,143.0,63.0,1.0
2023-08-27,8.0,33.0,179.0,70.0,3.0
2023-08-28,10.0,62.0,192.0,75.0,3.0
2023-08-29,8.0,54.0,208.0,80.0,3.0
2023-08-30,9.0,58.0,174.0,74.0,3.0
2023-08-31,7.0,37.0,126.0,72.0,0.0
2023-09-01,5.0,23.0,47.0,72.0,0.0
2023-09-02,3.0,13.0,24.0,54.0,0.0
2023-09-03,3.0,15.0,36.0,56.0,0.0
2023-09-04,3.0,18.0,50.0,57.0,0.0
2023-09-05,5.0,32.0,61.0,60.0,0.0
2023-09-06,3.0,38.0,93.0,59.0,1.0
2023-09-07,7.0,40.0,164.0,65.0,1.0
2023-09-08,8.0,50.0,129.0,68.0,3.0
2023-09-09,8.0,40.0,143.0,60.0,3.0
2023-09-10,5.0,24.0,108.0,64.0,3.0
2023-09-11,9.0,44.0,93.0,71.0,1.0
2023-09-12,7.0,34.0,105.0,63.0,1.0
2023-09-13,3.0,37.0,80.0,61.0,0.0
2023-09-14,3.0,32.0,97.0,61.0,0.0
2023-09-15,5.0,31.0,74.0,62.0,0.0
2023-09-16,5.0,24.0,67.0,67.0,0.0
2023-09-17,5.0,19.0,49.0,57.0,0.0
2023-09-18,5.0,33.0,90.0,57.0,1.0
2023-09-19,6.0,33.0,84.0,59.0,0.0
2023-09-20,3.0,29.0,50.0,63.0,0.0
2023-09-21,3.0,37.0,51.0,79.0,0.0
2023-09-22,10.0,38.0,64.0,92.0,1.0
2023-09-23,7.0,31.0,119.0,88.0,0.0
2023-09-24,8.0,25.0,122.0,84.0,1.0
2023-09-25,9.0,35.0,90.0,77.0,1.0
2023-09-26,9.0,40.0,97.0,61.0,6.0
2023-09-27,9.0,41.0,140.0,63.0,1.0
2023-09-28,5.0,32.0,112.0,68.0,0.0
2023-09-29,3.0,25.0,61.0,61.0,0.0
2023-09-30,2.0,22.0,39.0,49.0,0.0
2023-10-01,3.0,24.0,42.0,47.0,0.0
2023-10-02,10.0,33.0,41.0,53.0,0.0
2023-10-03,7.0,43.0,58.0,59.0,1.0
2023-10-04,11.0,53.0,58.0,66.0,3.0
2023-10-05,10.0,58.0,67.0,60.0,4.0
2023-10-06,13.0,69.0,80.0,62.0,4.0
2023-10-07,9.0,38.0,169.0,64.0,3.0
2023-10-08,9.0,37.0,172.0,66.0,33.0
2023-10-09,8.0,41.0,97.0,78.0,1.0
2023-10-10,6.0,32.0,50.0,60.0,0.0
2023-10-11,5.0,36.0,44.0,55.0,0.0
2023-10-12,7.0,42.0,64.0,59.0,0.0
2023-10-13,9.0,43.0,51.0,62.0,0.0
2023-10-14,11.0,39.0,90.0,64.0,3.0
2023-10-15,15.0,40.0,136.0,64.0,3.0
2023-10-16,11.0,50.0,122.0,61.0,1.0
2023-10-17,9.0,48.0,172.0,70.0,1.0
2023-10-18,10.0,57.0,159.0,75.0,0.0
2023-10-19,11.0,53.0,119.0,69.0,4.0
2023-10-20,11.0,52.0,133.0,64.0,3.0
2023-10-21,11.0,40.0,80.0,57.0,3.0
2023-10-22,9.0,22.0,46.0,49.0,0.0
2023-10-23,5.0,40.0,36.0,44.0,0.0
2023-10-24,6.0,31.0,46.0,55.0,0.0
2023-10-25,3.0,30.0,43.0,52.0,0.0
2023-10-26,6.0,39.0,43.0,54.0,0.0
2023-10-27,11.0,32.0,50.0,61.0,0.0
2023-10-28,15.0,35.0,50.0,62.0,1.0
2023-10-29,14.0,42.0,47.0,60.0,0.0
2023-10-30,16.0,53.0,44.0,62.0,1.0
2023-10-31,14.0,60.0,44.0,59.0,1.0
2023-11-01,14.0,54.0,48.0,54.0,3.0
2023-11-02,19.0,65.0,77.0,66.0,1.0
2023-11-03,20.0,68.0,93.0,73.0,3.0
2023-11-04,14.0,50.0,119.0,73.0,3.0
2023-11-05,14.0,43.0,164.0,77.0,3.0
2023-11-06,19.0,43.0,77.0,66.0,1.0
2023-11-07,5.0,40.0,40.0,52.0,0.0
2023-11-08,18.0,49.0,41.0,64.0,1.0
2023-11-09,28.0,60.0,40.0,68.0,3.0
2023-11-10,18.0,50.0,40.0,69.0,3.0
2023-11-11,30.0,60.0,50.0,82.0,0.0
2023-11-12,20.0,44.0,47.0,67.0,1.0
2023-11-13,17.0,55.0,46.0,71.0,0.0
2023-11-14,25.0,56.0,47.0,77.0,1.0
2023-11-15,22.0,51.0,37.0,68.0,1.0
2023-11-16,6.0,42.0,37.0,53.0,0.0
2023-11-17,8.0,29.0,38.0,61.0,0.0
2023-11-18,5.0,16.0,35.0,52.0,0.0
2023-11-19,6.0,32.0,39.0,44.0,0.0
2023-11-20,11.0,55.0,41.0,66.0,0.0
2023-11-21,15.0,50.0,36.0,60.0,0.0
2023-11-22,13.0,42.0,36.0,52.0,1.0
2023-11-23,19.0,38.0,46.0,61.0,0.0
2023-11-24,8.0,36.0,41.0,61.0,0.0
2023-11-25,13.0,31.0,40.0,64.0,0.0
2023-11-26,10.0,35.0,32.0,59.0,1.0
2023-11-27,11.0,47.0,33.0,55.0,4.0
2023-11-28,11.0,47.0,34.0,57.0,3.0
2023-11-29,13.0,45.0,40.0,56.0,1.0
2023-11-30,11.0,35.0,41.0,58.0,0.0
2023-12-01,8.0,41.0,41.0,54.0,0.0
2023-12-02,11.0,36.0,39.0,69.0,0.0
2023-12-03,19.0,38.0,44.0,91.0,1.0
2023-12-04,22.0,58.0,37.0,81.0,1.0
2023-12-05,18.0,48.0,35.0,70.0,0.0
2023-12-06,11.0,47.0,36.0,69.0,1.0
2023-12-07,7.0,44.0,39.0,59.0,0.0
2023-12-08,13.0,45.0,37.0,68.0,0.0
2023-12-09,15.0,41.0,39.0,57.0,1.0
2023-12-10,10.0,41.0,40.0,53.0,1.0
2023-12-11,18.0,51.0,31.0,67.0,1.0
2023-12-12,19.0,45.0,43.0,75.0,1.0
2023-12-13,18.0,47.0,37.0,75.0,0.0
2023-12-14,16.0,57.0,37.0,74.0,3.0
2023-12-15,14.0,50.0,37.0,57.0,1.0
2023-12-16,16.0,41.0,38.0,61.0,1.0
2023-12-17,18.0,44.0,38.0,70.0,1.0
2023-12-18,18.0,51.0,30.0,73.0,3.0
2023-12-19,8.0,35.0,30.0,59.0,0.0
2023-12-20,7.0,22.0,30.0,53.0,0.0
2023-12-21,6.0,32.0,26.0,43.0,0.0
2023-12-22,7.0,36.0,35.0,42.0,0.0
2023-12-23,10.0,26.0,34.0,65.0,1.0
2023-12-24,19.0,26.0,36.0,102.0,1.0
2023-12-25,26.0,31.0,39.0,153.0,1.0
2023-12-26,13.0,44.0,29.0,90.0,1.0
2023-12-27,11.0,48.0,30.0,83.0,1.0
2023-12-28,10.0,44.0,30.0,86.0,0.0
2023-12-29,20.0,42.0,31.0,96.0,0.0
2023-12-30,6.0,26.0,39.0,60.0,0.0
2023-12-31,14.0,28.0,29.0,87.0,0.0
2024-01-01,15.0,30.0,37.0,104.0,0.0
2024-01-02,14.0,46.0,34.0,68.0,0.0
2024-01-03,16.0,42.0,41.0,61.0,0.0
2024-01-04,11.0,43.0,39.0,56.0,0.0
2024-01-05,14.0,41.0,31.0,69.0,0.0
2024-01-06,17.0,35.0,36.0,70.0,0.0
2024-01-07,5.0,22.0,36.0,45.0,0.0
2024-01-08,9.0,43.0,35.0,57.0,1.0
2024-01-09,13.0,45.0,37.0,70.0,0.0
2024-01-10,17.0,45.0,37.0,67.0,0.0
2024-01-11,10.0,40.0,39.0,52.0,0.0
2024-01-12,15.0,44.0,38.0,66.0,0.0
2024-01-13,22.0,37.0,40.0,80.0,0.0
2024-01-14,22.0,35.0,43.0,84.0,0.0
2024-01-15,17.0,46.0,40.0,93.0,1.0
2024-01-16,24.0,54.0,36.0,95.0,10.0
2024-01-17,11.0,38.0,35.0,86.0,0.0
2024-01-18,13.0,43.0,33.0,75.0,0.0
2024-01-19,20.0,41.0,30.0,75.0,1.0
2024-01-20,8.0,39.0,31.0,62.0,0.0
2024-01-21,5.0,25.0,39.0,51.0,0.0
2024-01-22,7.0,44.0,34.0,52.0,0.0
2024-01-23,7.0,32.0,36.0,61.0,0.0
2024-01-24,8.0,42.0,34.0,58.0,0.0
2024-01-25,8.0,29.0,37.0,54.0,0.0
2024-01-26,13.0,42.0,40.0,66.0,0.0
2024-01-27,16.0,42.0,41.0,70.0,1.0
2024-01-28,19.0,40.0,40.0,73.0,0.0
2024-01-29,22.0,55.0,43.0,64.0,1.0
2024-01-30,19.0,60.0,42.0,68.0,1.0
2024-01-31,18.0,43.0,47.0,66.0,0.0
2024-02-01,5.0,41.0,36.0,48.0,0.0
2024-02-02,10.0,38.0,39.0,53.0,0.0
2024-02-03,9.0,31.0,40.0,54.0,0.0
2024-02-04,3.0,19.0,38.0,53.0,0.0
2024-02-05,6.0,35.0,33.0,44.0,0.0
2024-02-06,6.0,44.0,37.0,55.0,0.0
2024-02-07,9.0,37.0,40.0,59.0,0.0
2024-02-08,7.0,42.0,39.0,53.0,0.0
2024-02-09,9.0,35.0,37.0,48.0,0.0
2024-02-10,10.0,33.0,39.0,62.0,0.0
2024-02-11,13.0,34.0,41.0,62.0,0.0
2024-02-12,15.0,44.0,44.0,68.0,0.0
2024-02-13,14.0,42.0,41.0,63.0,0.0
2024-02-14,10.0,40.0,43.0,64.0,0.0
2024-02-15,14.0,40.0,44.0,62.0,11.0
2024-02-16,6.0,36.0,39.0,66.0,11.0
2024-02-17,8.0,33.0,44.0,85.0,0.0
2024-02-18,7.0,26.0,36.0,58.0,0.0
2024-02-19,3.0,20.0,31.0,48.0,0.0
2024-02-20,5.0,29.0,36.0,41.0,0.0
2024-02-21,6.0,42.0,39.0,49.0,1.0
2024-02-22,9.0,38.0,41.0,55.0,1.0
2024-02-23,8.0,53.0,42.0,55.0,1.0
2024-02-24,11.0,39.0,42.0,56.0,1.0
2024-02-25,10.0,30.0,43.0,57.0,1.0
2024-02-26,9.0,44.0,39.0,63.0,0.0
2024-02-27,6.0,42.0,34.0,63.0,0.0
2024-02-28,17.0,38.0,42.0,58.0,3.0
2024-02-29,5.0,35.0,41.0,55.0,0.0
2024-03-01,5.0,25.0,39.0,29.0,0.0
2024-03-02,2.0,16.0,38.0,37.0,0.0
2024-03-03,5.0,26.0,39.0,41.0,3.0
2024-03-04,13.0,37.0,40.0,53.0,0.0
2024-03-05,8.0,36.0,43.0,53.0,0.0
2024-03-06,9.0,39.0,33.0,43.0,0.0
2024-03-07,9.0,39.0,36.0,38.0,0.0
2024-03-08,8.0,36.0,40.0,53.0,1.0
2024-03-09,14.0,31.0,45.0,59.0,1.0
2024-03-10,14.0,27.0,49.0,53.0,4.0
2024-03-11,6.0,29.0,41.0,40.0,0.0
2024-03-12,6.0,36.0,40.0,38.0,0.0
2024-03-13,5.0,30.0,41.0,47.0,1.0
2024-03-14,10.0,36.0,44.0,42.0,0.0
2024-03-15,6.0,37.0,41.0,37.0,0.0
2024-03-16,8.0,33.0,46.0,37.0,0.0
2024-03-17,7.0,24.0,51.0,52.0,0.0
2024-03-18,10.0,46.0,47.0,57.0,1.0
2024-03-19,11.0,39.0,50.0,59.0,0.0
2024-03-20,9.0,38.0,84.0,70.0,0.0
2024-03-21,5.0,30.0,51.0,70.0,0.0
2024-03-22,7.0,30.0,64.0,70.0,0.0
2024-03-23,3.0,14.0,40.0,37.0,0.0
2024-03-24,5.0,24.0,41.0,26.0,0.0
2024-03-25,7.0,31.0,42.0,43.0,0.0
2024-03-26,5.0,36.0,45.0,47.0,0.0
2024-03-27,6.0,33.0,64.0,56.0,0.0
2024-03-28,6.0,36.0,43.0,53.0,0.0
2024-03-29,6.0,37.0,48.0,43.0,0.0
2024-03-30,3.0,22.0,44.0,30.0,0.0
2024-03-31,6.0,34.0,44.0,31.0,0.0
2024-04-01,13.0,36.0,45.0,50.0,1.0
2024-04-02,9.0,35.0,49.0,52.0,1.0
2024-04-03,11.0,41.0,58.0,57.0,1.0
2024-04-04,3.0,18.0,44.0,43.0,1.0
2024-04-05,3.0,31.0,44.0,31.0,0.0
2024-04-06,6.0,30.0,47.0,43.0,0.0
2024-04-07,13.0,29.0,49.0,58.0,3.0
2024-04-08,8.0,34.0,49.0,51.0,0.0
2024-04-09,9.0,51.0,61.0,48.0,0.0
2024-04-10,11.0,40.0,87.0,58.0,1.0
2024-04-11,8.0,42.0,119.0,71.0,1.0
2024-04-12,5.0,18.0,87.0,69.0,0.0
2024-04-13,3.0,19.0,49.0,39.0,0.0
2024-04-14,5.0,31.0,48.0,39.0,0.0
2024-04-15,11.0,39.0,71.0,52.0,1.0
2024-04-16,8.0,43.0,77.0,53.0,3.0
2024-04-17,8.0,38.0,101.0,57.0,1.0
2024-04-18,7.0,36.0,90.0,66.0,0.0
2024-04-19,3.0,21.0,67.0,62.0,0.0
2024-04-20,3.0,28.0,93.0,64.0,0.0
2024-04-21,6.0,22.0,140.0,68.0,1.0
2024-04-22,5.0,25.0,97.0,78.0,0.0
2024-04-23,3.0,38.0,51.0,54.0,0.0
2024-04-24,3.0,38.0,46.0,49.0,0.0
2024-04-25,2.0,36.0,39.0,44.0,0.0
2024-04-26,2.0,32.0,41.0,49.0,0.0
2024-04-27,3.0,23.0,48.0,48.0,0.0
2024-04-28,6.0,34.0,80.0,55.0,0.0
2024-04-29,8.0,32.0,74.0,66.0,1.0
2024-04-30,3.0,28.0,97.0,61.0,0.0
2024-05-01,3.0,31.0,67.0,63.0,1.0
2024-05-02,5.0,26.0,97.0,67.0,0.0
2024-05-03,3.0,19.0,87.0,64.0,0.0
2024-05-04,3.0,19.0,47.0,58.0,0.0
2024-05-05,2.0,14.0,47.0,32.0,0.0
2024-05-06,5.0,31.0,48.0,42.0,4.0
2024-05-07,6.0,29.0,84.0,53.0,0.0
2024-05-08,3.0,20.0,77.0,58.0,0.0
2024-05-09,3.0,22.0,67.0,62.0,0.0
2024-05-10,3.0,32.0,74.0,63.0,1.0
2024-05-11,3.0,18.0,84.0,60.0,1.0
2024-05-12,3.0,13.0,108.0,66.0,0.0
2024-05-13,3.0,26.0,97.0,65.0,0.0
2024-05-14,3.0,27.0,90.0,63.0,0.0
2024-05-15,3.0,27.0,74.0,62.0,0.0
2024-05-16,3.0,36.0,74.0,58.0,0.0
2024-05-17,3.0,31.0,54.0,58.0,0.0
2024-05-18,3.0,25.0,105.0,56.0,0.0
2024-05-19,3.0,12.0,77.0,55.0,0.0
2024-05-20,2.0,25.0,51.0,52.0,0.0
2024-05-21,3.0,36.0,74.0,59.0,0.0
2024-05-22,3.0,30.0,87.0,67.0,0.0
2024-05-23,3.0,26.0,61.0,58.0,0.0
2024-05-24,5.0,36.0,49.0,61.0,0.0
2024-05-25,5.0,15.0,44.0,52.0,0.0
2024-05-26,5.0,18.0,48.0,54.0,1.0
2024-05-27,5.0,21.0,87.0,61.0,0.0
2024-05-28,6.0,26.0,93.0,66.0,0.0
2024-05-29,5.0,36.0,80.0,66.0,0.0
2024-05-30,5.0,26.0,119.0,70.0,0.0
2024-05-31,5.0,19.0,119.0,71.0,0.0
2024-06-01,5.0,12.0,87.0,63.0,0.0
2024-06-02,5.0,16.0,54.0,58.0,0.0
2024-06-03,5.0,32.0,74.0,61.0,0.0
2024-06-04,5.0,28.0,115.0,66.0,0.0
2024-06-05,6.0,20.0,179.0,74.0,0.0
2024-06-06,6.0,33.0,166.0,68.0,0.0
2024-06-07,6.0,15.0,84.0,59.0,0.0
2024-06-08,3.0,11.0,58.0,57.0,0.0
2024-06-09,5.0,15.0,46.0,55.0,1.0
2024-06-10,5.0,30.0,97.0,58.0,0.0
2024-06-11,6.0,24.0,115.0,66.0,0.0
2024-06-12,6.0,19.0,105.0,57.0,0.0
2024-06-13,5.0,23.0,77.0,57.0,1.0
2024-06-14,5.0,25.0,164.0,60.0,1.0
2024-06-15,7.0,32.0,161.0,72.0,1.0
2024-06-16,5.0,26.0,129.0,92.0,0.0
2024-06-17,2.0,14.0,71.0,71.0,0.0
2024-06-18,3.0,28.0,108.0,70.0,0.0
2024-06-19,3.0,24.0,119.0,69.0,1.0
2024-06-20,5.0,26.0,140.0,64.0,1.0
2024-06-21,5.0,33.0,166.0,63.0,1.0
2024-06-22,7.0,33.0,202.0,70.0,1.0
2024-06-23,8.0,29.0,154.0,59.0,6.0
2024-06-24,5.0,32.0,126.0,55.0,1.0
2024-06-25,3.0,29.0,100.0,61.0,10.0
2024-06-26,3.0,26.0,140.0,63.0,1.0
2024-06-27,3.0,27.0,122.0,63.0,0.0
2024-06-28,3.0,26.0,108.0,61.0,0.0
2024-06-29,5.0,21.0,147.0,65.0,0.0
2024-06-30,6.0,40.0,169.0,65.0,1.0
2024-07-01,5.0,25.0,150.0,61.0,0.0
2024-07-02,3.0,26.0,161.0,65.0,1.0
2024-07-03,7.0,35.0,195.0,62.0,3.0
2024-07-04,5.0,26.0,166.0,122.0,3.0
2024-07-05,6.0,29.0,197.0,230.0,0.0
2024-07-06,5.0,19.0,156.0,72.0,0.0
2024-07-07,3.0,14.0,108.0,62.0,0.0
2024-07-08,5.0,29.0,187.0,64.0,0.0
2024-07-09,6.0,31.0,206.0,67.0,1.0
2024-07-10,7.0,39.0,209.0,71.0,1.0
2024-07-11,5.0,33.0,166.0,70.0,0.0
2024-07-12,5.0,25.0,147.0,78.0,0.0
2024-07-13,5.0,27.0,147.0,66.0,0.0
2024-07-14,5.0,24.0,136.0,63.0,1.0
2024-07-15,5.0,27.0,136.0,61.0,1.0
2024-07-16,3.0,25.0,129.0,59.0,1.0
2024-07-17,3.0,25.0,129.0,58.0,1.0
2024-07-18,5.0,28.0,174.0,59.0,0.0
2024-07-19,7.0,29.0,203.0,84.0,1.0
2024-07-20,7.0,33.0,164.0,60.0,1.0
2024-07-21,5.0,23.0,147.0,61.0,0.0
2024-07-22,6.0,35.0,159.0,59.0,3.0
2024-07-23,5.0,32.0,154.0,58.0,3.0
2024-07-24,6.0,27.0,159.0,59.0,4.0
2024-07-25,6.0,26.0,182.0,68.0,3.0
2024-07-26,5.0,28.0,143.0,60.0,1.0
2024-07-27,3.0,24.0,105.0,64.0,1.0
2024-07-28,5.0,23.0,105.0,58.0,3.0
2024-07-29,6.0,28.0,119.0,55.0,1.0
2024-07-30,7.0,33.0,150.0,58.0,1.0
2024-07-31,7.0,32.0,166.0,57.0,3.0
2024-08-01,7.0,34.0,126.0,61.0,3.0
2024-08-02,7.0,36.0,200.0,59.0,1.0
2024-08-03,7.0,34.0,174.0,57.0,6.0
2024-08-04,6.0,31.0,164.0,57.0,0.0
2024-08-05,8.0,41.0,182.0,63.0,0.0
2024-08-06,6.0,28.0,192.0,63.0,1.0
2024-08-07,5.0,25.0,108.0,68.0,0.0
2024-08-08,5.0,25.0,140.0,63.0,0.0
2024-08-09,5.0,29.0,182.0,64.0,1.0
2024-08-10,7.0,28.0,202.0,65.0,0.0
2024-08-11,7.0,29.0,136.0,64.0,1.0
2024-08-12,7.0,33.0,90.0,59.0,1.0
2024-08-13,5.0,33.0,105.0,60.0,3.0
2024-08-14,7.0,32.0,140.0,64.0,1.0
2024-08-15,7.0,33.0,159.0,63.0,1.0
2024-08-16,6.0,34.0,151.0,62.0,3.0
2024-08-17,3.0,16.0,90.0,61.0,0.0
2024-08-18,3.0,24.0,126.0,58.0,3.0
2024-08-19,6.0,34.0,156.0,54.0,1.0
2024-08-20,7.0,46.0,161.0,57.0,3.0
2024-08-21,7.0,44.0,154.0,61.0,1.0
2024-08-22,5.0,25.0,105.0,57.0,1.0
2024-08-23,3.0,24.0,77.0,54.0,0.0
2024-08-24,3.0,26.0,71.0,57.0,0.0
2024-08-25,5.0,24.0,87.0,56.0,0.0
2024-08-26,7.0,30.0,129.0,59.0,0.0
2024-08-27,5.0,34.0,156.0,59.0,0.0
2024-08-28,5.0,30.0,133.0,69.0,0.0
2024-08-29,5.0,30.0,126.0,69.0,0.0
2024-08-30,5.0,28.0,156.0,63.0,0.0
2024-08-31,6.0,29.0,187.0,63.0,1.0
2024-09-01,8.0,25.0,169.0,66.0,0.0
2024-09-02,6.0,26.0,182.0,71.0,1.0
2024-09-03,7.0,48.0,166.0,70.0,3.0
2024-09-04,8.0,46.0,147.0,61.0,3.0
2024-09-05,11.0,79.0,207.0,63.0,3.0
2024-09-06,10.0,64.0,190.0,68.0,4.0
2024-09-07,8.0,45.0,209.0,72.0,3.0
2024-09-08,11.0,43.0,150.0,79.0,7.0
2024-09-09,14.0,67.0,185.0,124.0,3.0
2024-09-10,14.0,46.0,112.0,116.0,4.0
2024-09-11,5.0,30.0,122.0,58.0,0.0
2024-09-12,3.0,27.0,101.0,58.0,0.0
2024-09-13,3.0,27.0,119.0,62.0,0.0
2024-09-14,5.0,22.0,122.0,61.0,1.0
2024-09-15,3.0,17.0,77.0,54.0,0.0
2024-09-16,2.0,30.0,48.0,42.0,0.0
2024-09-17,5.0,28.0,47.0,52.0,1.0
2024-09-18,7.0,30.0,80.0,54.0,0.0
2024-09-19,3.0,31.0,67.0,54.0,1.0
2024-09-20,3.0,28.0,64.0,54.0,1.0
2024-09-21,5.0,21.0,90.0,66.0,0.0
2024-09-22,6.0,24.0,122.0,60.0,1.0
2024-09-23,7.0,36.0,112.0,63.0,3.0
2024-09-24,6.0,29.0,133.0,66.0,1.0
2024-09-25,5.0,37.0,101.0,63.0,1.0
2024-09-26,6.0,29.0,126.0,58.0,1.0
2024-09-27,7.0,29.0,108.0,66.0,1.0
2024-09-28,7.0,25.0,133.0,66.0,1.0
2024-09-29,7.0,40.0,122.0,60.0,1.0
2024-09-30,10.0,51.0,136.0,74.0,3.0
2024-10-01,9.0,56.0,126.0,63.0,1.0
2024-10-02,10.0,60.0,179.0,65.0,3.0
2024-10-03,8.0,43.0,203.0,70.0,1.0
2024-10-04,7.0,33.0,164.0,76.0,0.0
2024-10-05,7.0,31.0,172.0,72.0,3.0
2024-10-06,7.0,30.0,172.0,71.0,1.0
2024-10-07,10.0,45.0,154.0,65.0,3.0
2024-10-08,9.0,56.0,108.0,66.0,3.0
2024-10-09,8.0,36.0,105.0,93.0,1.0
2024-10-10,7.0,48.0,119.0,95.0,1.0
2024-10-11,10.0,46.0,97.0,73.0,1.0
2024-10-12,11.0,42.0,100.0,75.0,1.0
2024-10-13,8.0,32.0,101.0,66.0,0.0
2024-10-14,5.0,29.0,51.0,68.0,0.0
2024-10-15,5.0,38.0,58.0,83.0,0.0
2024-10-16,5.0,33.0,80.0,81.0,1.0
2024-10-17,3.0,39.0,44.0,61.0,0.0
2024-10-18,8.0,42.0,44.0,55.0,1.0
2024-10-19,14.0,41.0,49.0,62.0,1.0
2024-10-20,18.0,38.0,67.0,64.0,3.0
2024-10-21,17.0,55.0,67.0,62.0,4.0
2024-10-22,20.0,67.0,87.0,69.0,3.0
2024-10-23,18.0,73.0,122.0,67.0,1.0
2024-10-24,13.0,49.0,150.0,72.0,1.0
2024-10-25,15.0,64.0,108.0,79.0,1.0
2024-10-26,11.0,60.0,122.0,71.0,3.0
2024-10-27,17.0,42.0,105.0,73.0,1.0
2024-10-28,7.0,40.0,41.0,60.0,0.0
2024-10-29,11.0,38.0,40.0,53.0,0.0
2024-10-30,8.0,46.0,44.0,55.0,1.0
2024-10-31,15.0,40.0,50.0,63.0,1.0
2024-11-01,11.0,44.0,49.0,62.0,3.0
2024-11-02,10.0,31.0,44.0,57.0,0.0
2024-11-03,5.0,30.0,44.0,48.0,1.0
2024-11-04,14.0,44.0,38.0,57.0,1.0
2024-11-05,13.0,43.0,43.0,55.0,0.0
2024-11-06,11.0,43.0,41.0,56.0,0.0
2024-11-07,18.0,53.0,34.0,60.0,3.0
2024-11-08,16.0,49.0,37.0,60.0,1.0
2024-11-09,25.0,48.0,47.0,80.0,3.0
2024-11-10,27.0,49.0,67.0,108.0,3.0
2024-11-11,23.0,46.0,64.0,83.0,1.0
2024-11-12,10.0,48.0,44.0,54.0,1.0
2024-11-13,13.0,49.0,44.0,54.0,3.0
2024-11-14,22.0,61.0,46.0,66.0,3.0
2024-11-15,3.0,40.0,40.0,53.0,0.0
2024-11-16,14.0,37.0,36.0,78.0,0.0
2024-11-17,25.0,34.0,38.0,67.0,0.0
2024-11-18,10.0,42.0,39.0,61.0,0.0
2024-11-19,16.0,51.0,40.0,71.0,1.0
2024-11-20,22.0,51.0,40.0,68.0,1.0
2024-11-21,30.0,62.0,43.0,73.0,6.0
2024-11-22,26.0,55.0,48.0,73.0,1.0
2024-11-23,11.0,36.0,35.0,73.0,0.0
2024-11-24,6.0,25.0,37.0,49.0,1.0
2024-11-25,13.0,57.0,38.0,79.0,1.0
2024-11-26,15.0,43.0,34.0,58.0,1.0
2024-11-27,7.0,31.0,37.0,54.0,0.0
2024-11-28,8.0,37.0,40.0,62.0,1.0
2024-11-29,10.0,45.0,36.0,56.0,1.0
2024-11-30,13.0,40.0,39.0,54.0,1.0
2024-12-01,16.0,41.0,42.0,70.0,3.0
2024-12-02,24.0,60.0,36.0,78.0,3.0
2024-12-03,20.0,49.0,33.0,82.0,1.0
2024-12-04,14.0,46.0,33.0,128.0,0.0
2024-12-05,17.0,45.0,35.0,155.0,0.0
2024-12-06,20.0,60.0,39.0,105.0,1.0
2024-12-07,18.0,46.0,38.0,91.0,1.0
2024-12-08,35.0,42.0,39.0,90.0,1.0
2024-12-09,13.0,56.0,43.0,103.0,0.0
2024-12-10,13.0,73.0,44.0,82.0,1.0
2024-12-11,16.0,53.0,33.0,59.0,1.0
2024-12-12,24.0,46.0,40.0,71.0,3.0
2024-12-13,14.0,46.0,41.0,71.0,0.0
2024-12-14,26.0,40.0,41.0,71.0,3.0
2024-12-15,11.0,35.0,43.0,74.0,1.0
2024-12-16,24.0,53.0,44.0,76.0,3.0
2024-12-17,18.0,58.0,40.0,77.0,1.0
2024-12-18,30.0,64.0,40.0,73.0,1.0
2024-12-19,23.0,52.0,36.0,63.0,1.0
2024-12-20,18.0,66.0,37.0,106.0,1.0
2024-12-21,19.0,44.0,45.0,86.0,1.0
2024-12-22,19.0,47.0,36.0,99.0,3.0
2024-12-23,17.0,44.0,36.0,127.0,3.0
2024-12-24,17.0,35.0,44.0,129.0,0.0
2024-12-25,13.0,32.0,39.0,80.0,0.0
2024-12-26,17.0,39.0,43.0,74.0,1.0
2024-12-27,13.0,36.0,38.0,63.0,0.0
2024-12-28,10.0,33.0,41.0,88.0,1.0
2024-12-29,14.0,29.0,37.0,99.0,0.0
2024-12-30,11.0,42.0,38.0,98.0,0.0
2024-12-31,14.0,41.0,35.0,152.0,1.0
2025-01-01,22.0,37.0,37.0,145.0,1.0
2025-01-02,28.0,57.0,38.0,97.0,1.0
2025-01-03,17.0,54.0,45.0,87.0,1.0
2025-01-04,10.0,41.0,41.0,106.0,0.0
2025-01-05,19.0,44.0,42.0,78.0,3.0
2025-01-06,30.0,61.0,41.0,71.0,1.0
2025-01-07,14.0,47.0,42.0,157.0,0.0
2025-01-08,22.0,60.0,42.0,182.0,43.0
2025-01-09,60.0,61.0,54.0,164.0,7.0
2025-01-10,62.0,64.0,54.0,163.0,4.0
2025-01-11,52.0,49.0,49.0,88.0,1.0
2025-01-12,31.0,40.0,42.0,83.0,1.0
2025-01-13,23.0,51.0,38.0,58.0,1.0
2025-01-14,16.0,56.0,40.0,63.0,1.0
2025-01-15,22.0,56.0,44.0,67.0,1.0
2025-01-16,18.0,54.0,41.0,63.0,0.0
2025-01-17,15.0,41.0,47.0,60.0,0.0
2025-01-18,16.0,36.0,43.0,78.0,0.0
2025-01-19,25.0,31.0,45.0,92.0,0.0
2025-01-20,8.0,49.0,44.0,65.0,0.0
2025-01-21,15.0,53.0,41.0,59.0,0.0
2025-01-22,24.0,69.0,41.0,63.0,4.0
2025-01-23,34.0,66.0,44.0,70.0,1.0
2025-01-24,13.0,50.0,44.0,52.0,1.0
2025-01-25,17.0,41.0,47.0,59.0,3.0
2025-01-26,3.0,16.0,36.0,41.0,0.0
2025-01-27,6.0,42.0,36.0,44.0,0.0
2025-01-28,14.0,32.0,42.0,62.0,0.0
2025-01-29,13.0,40.0,42.0,63.0,0.0
2025-01-30,11.0,47.0,41.0,66.0,0.0
2025-01-31,17.0,42.0,41.0,74.0,0.0
2025-02-01,18.0,36.0,41.0,76.0,1.0
2025-02-02,11.0,41.0,58.0,103.0,0.0
2025-02-03,14.0,45.0,47.0,83.0,0.0
2025-02-04,8.0,28.0,38.0,52.0,0.0
2025-02-05,5.0,30.0,30.0,38.0,0.0
2025-02-06,5.0,26.0,33.0,42.0,0.0
2025-02-07,3.0,32.0,40.0,36.0,0.0
2025-02-08,10.0,26.0,41.0,57.0,0.0
2025-02-09,17.0,30.0,44.0,66.0,1.0
2025-02-10,8.0,32.0,45.0,57.0,0.0
2025-02-11,6.0,33.0,43.0,51.0,0.0
2025-02-12,6.0,32.0,35.0,44.0,0.0
2025-02-13,3.0,26.0,41.0,29.0,0.0
2025-02-14,5.0,30.0,40.0,44.0,0.0
2025-02-15,9.0,31.0,43.0,58.0,0.0
2025-02-16,18.0,34.0,45.0,66.0,1.0
2025-02-17,15.0,37.0,44.0,64.0,0.0
2025-02-18,7.0,45.0,44.0,62.0,0.0
2025-02-19,13.0,43.0,46.0,77.0,1.0
2025-02-20,9.0,43.0,49.0,66.0,1.0
2025-02-21,9.0,43.0,45.0,64.0,1.0
2025-02-22,10.0,42.0,50.0,70.0,1.0
2025-02-23,16.0,43.0,74.0,79.0,1.0
2025-02-24,20.0,56.0,84.0,71.0,3.0
2025-02-25,9.0,46.0,71.0,58.0,1.0
2025-02-26,14.0,63.0,54.0,70.0,0.0
2025-02-27,14.0,61.0,49.0,60.0,1.0
2025-02-28,9.0,54.0,50.0,52.0,0.0
2025-03-01,3.0,20.0,49.0,57.0,0.0
2025-03-02,3.0,23.0,44.0,42.0,0.0
2025-03-03,5.0,33.0,39.0,56.0,0.0
2025-03-04,5.0,32.0,46.0,52.0,0.0
2025-03-05,7.0,38.0,40.0,59.0,0.0
2025-03-06,6.0,41.0,43.0,31.0,0.0
2025-03-07,7.0,30.0,43.0,52.0,0.0
2025-03-08,9.0,31.0,45.0,55.0,0.0
2025-03-09,15.0,39.0,51.0,62.0,0.0
2025-03-10,14.0,41.0,54.0,57.0,0.0
2025-03-11,6.0,33.0,46.0,44.0,0.0
2025-03-12,7.0,33.0,44.0,33.0,0.0
2025-03-13,5.0,40.0,44.0,26.0,0.0
2025-03-14,6.0,36.0,41.0,37.0,1.0
2025-03-15,9.0,28.0,44.0,56.0,0.0
2025-03-16,8.0,29.0,67.0,61.0,1.0
2025-03-17,9.0,34.0,42.0,59.0,1.0
2025-03-18,5.0,34.0,44.0,38.0,1.0
2025-03-19,8.0,38.0,50.0,46.0,0.0
2025-03-20,15.0,44.0,54.0,57.0,1.0
2025-03-21,11.0,42.0,67.0,58.0,3.0
2025-03-22,7.0,32.0,87.0,63.0,1.0
2025-03-23,7.0,24.0,93.0,63.0,0.0
2025-03-24,10.0,47.0,74.0,61.0,6.0
2025-03-25,8.0,42.0,87.0,62.0,1.0
2025-03-26,5.0,35.0,58.0,59.0,0.0
2025-03-27,3.0,27.0,39.0,44.0,0.0
2025-03-28,3.0,26.0,45.0,67.0,0.0
2025-03-29,5.0,25.0,48.0,51.0,0.0
2025-03-30,3.0,15.0,44.0,35.0,0.0
2025-03-31,3.0,19.0,44.0,27.0,0.0
2025-04-01,5.0,34.0,44.0,42.0,0.0
2025-04-02,3.0,31.0,44.0,39.0,0.0
2025-04-03,3.0,30.0,45.0,49.0,6.0
2025-04-04,8.0,30.0,45.0,53.0,1.0
2025-04-05,9.0,32.0,54.0,51.0,1.0
2025-04-06,14.0,31.0,67.0,54.0,1.0
2025-04-07,7.0,36.0,90.0,58.0,1.0
2025-04-08,8.0,52.0,119.0,58.0,1.0
2025-04-09,8.0,42.0,115.0,65.0,3.0
2025-04-10,9.0,44.0,122.0,69.0,3.0
2025-04-11,8.0,41.0,136.0,65.0,0.0
2025-04-12,6.0,27.0,97.0,70.0,0.0
2025-04-13,5.0,16.0,80.0,71.0,0.0
2025-04-14,3.0,28.0,90.0,65.0,0.0
2025-04-15,3.0,27.0,67.0,59.0,0.0
2025-04-16,3.0,37.0,46.0,52.0,0.0
2025-04-17,3.0,28.0,41.0,62.0,0.0
2025-04-18,3.0,35.0,44.0,46.0,0.0
2025-04-19,10.0,36.0,58.0,58.0,1.0
2025-04-20,6.0,25.0,80.0,56.0,1.0
2025-04-21,6.0,31.0,80.0,58.0,0.0
2025-04-22,3.0,26.0,77.0,62.0,0.0
2025-04-23,3.0,30.0,51.0,59.0,0.0
2025-04-24,3.0,34.0,71.0,56.0,0.0
2025-04-25,3.0,21.0,61.0,52.0,0.0
2025-04-26,2.0,19.0,48.0,23.0,0.0
2025-04-27,5.0,24.0,44.0,33.0,0.0
2025-04-28,6.0,36.0,47.0,52.0,0.0
2025-04-29,8.0,34.0,64.0,58.0,1.0
2025-04-30,3.0,26.0,71.0,61.0,0.0
2025-05-01,3.0,20.0,51.0,58.0,0.0
2025-05-02,3.0,34.0,67.0,58.0,0.0
2025-05-03,3.0,18.0,49.0,56.0,0.0
2025-05-04,3.0,16.0,37.0,53.0,0.0
2025-05-05,3.0,14.0,41.0,54.0,0.0
2025-05-06,3.0,27.0,44.0,53.0,0.0
2025-05-07,3.0,38.0,61.0,55.0,1.0
2025-05-08,7.0,38.0,115.0,63.0,9.0
2025-05-09,9.0,41.0,147.0,65.0,4.0
2025-05-10,7.0,37.0,159.0,65.0,4.0
2025-05-11,7.0,37.0,136.0,69.0,1.0
2025-05-12,3.0,19.0,64.0,56.0,0.0
2025-05-13,2.0,21.0,46.0,47.0,0.0
2025-05-14,3.0,23.0,54.0,55.0,1.0
2025-05-15,3.0,23.0,80.0,61.0,1.0
2025-05-16,3.0,22.0,71.0,62.0,0.0
2025-05-17,2.0,13.0,45.0,52.0,0.0
2025-05-18,3.0,22.0,64.0,51.0,1.0
2025-05-19,6.0,31.0,108.0,60.0,1.0
2025-05-20,7.0,35.0,156.0,69.0,4.0
2025-05-21,7.0,37.0,154.0,66.0,1.0
2025-05-22,6.0,40.0,143.0,69.0,0.0
2025-05-23,3.0,30.0,100.0,69.0,0.0
2025-05-24,2.0,11.0,74.0,59.0,0.0
2025-05-25,2.0,13.0,74.0,58.0,0.0
2025-05-26,3.0,16.0,74.0,61.0,1.0
2025-05-27,3.0,25.0,105.0,59.0,0.0
2025-05-28,3.0,35.0,87.0,57.0,0.0
2025-05-29,3.0,32.0,101.0,58.0,0.0
2025-05-30,5.0,35.0,143.0,59.0,3.0
2025-05-31,5.0,25.0,147.0,71.0,1.0
2025-06-01,5.0,20.0,112.0,58.0,3.0
2025-06-02,3.0,23.0,64.0,53.0,0.0
2025-06-03,3.0,27.0,44.0,55.0,0.0
2025-06-04,3.0,31.0,84.0,57.0,0.0
2025-06-05,3.0,31.0,77.0,56.0,0.0
2025-06-06,3.0,32.0,80.0,56.0,0.0
2025-06-07,3.0,13.0,80.0,59.0,0.0
2025-06-08,3.0,16.0,84.0,58.0,1.0
2025-06-09,3.0,25.0,115.0,66.0,0.0
2025-06-10,3.0,22.0,156.0,67.0,0.0
2025-06-11,3.0,25.0,154.0,69.0,0.0
2025-06-12,3.0,18.0,136.0,63.0,0.0
2025-06-13,3.0,21.0,150.0,65.0,0.0
2025-06-14,5.0,17.0,164.0,69.0,1.0
2025-06-15,6.0,25.0,172.0,68.0,3.0
2025-06-16,5.0,27.0,182.0,70.0,3.0
2025-06-17,5.0,32.0,166.0,70.0,1.0
2025-06-18,5.0,30.0,201.0,72.0,0.0
2025-06-19,2.0,18.0,140.0,65.0,1.0
2025-06-20,2.0,20.0,100.0,62.0,0.0
2025-06-21,2.0,13.0,48.0,61.0,0.0
2025-06-22,2.0,20.0,77.0,61.0,1.0
2025-06-23,2.0,19.0,84.0,61.0,0.0
2025-06-24,3.0,26.0,77.0,60.0,1.0
2025-06-25,3.0,21.0,126.0,57.0,1.0
2025-06-26,3.0,25.0,161.0,61.0,0.0
2025-06-27,5.0,20.0,147.0,63.0,0.0
2025-06-28,5.0,21.0,156.0,62.0,1.0
2025-06-29,5.0,20.0,122.0,56.0,1.0
2025-06-30,5.0,27.0,93.0,53.0,1.0
2025-07-01,5.0,26.0,80.0,55.0,1.0
2025-07-02,3.0,24.0,101.0,59.0,0.0
2025-07-03,3.0,16.0,119.0,54.0,0.0
2025-07-04,3.0,24.0,115.0,151.0,1.0
2025-07-05,5.0,23.0,115.0,170.0,1.0
2025-07-06,5.0,19.0,122.0,64.0,1.0
2025-07-07,3.0,28.0,133.0,63.0,1.0
2025-07-08,5.0,30.0,126.0,57.0,1.0
2025-07-09,6.0,36.0,159.0,56.0,1.0
2025-07-10,6.0,32.0,177.0,58.0,1.0
2025-07-11,3.0,28.0,147.0,61.0,1.0
2025-07-12,3.0,13.0,126.0,63.0,0.0
2025-07-13,3.0,18.0,122.0,62.0,0.0
2025-07-14,3.0,21.0,154.0,59.0,1.0
2025-07-15,3.0,18.0,77.0,52.0,0.0
2025-07-16,2.0,23.0,61.0,45.0,0.0
2025-07-17,3.0,28.0,71.0,43.0,1.0
2025-07-18,3.0,29.0,105.0,46.0,1.0
2025-07-19,3.0,18.0,119.0,55.0,0.0
2025-07-20,2.0,11.0,87.0,55.0,0.0
2025-07-21,2.0,21.0,71.0,52.0,0.0
2025-07-22,3.0,27.0,64.0,44.0,0.0
2025-07-23,3.0,27.0,61.0,51.0,1.0
2025-07-24,5.0,24.0,51.0,35.0,1.0
2025-07-25,3.0,24.0,61.0,38.0,1.0
2025-07-26,3.0,14.0,54.0,44.0,1.0
2025-07-27,3.0,16.0,71.0,50.0,0.0
2025-07-28,3.0,21.0,90.0,51.0,0.0
2025-07-29,5.0,20.0,97.0,54.0,6.0
2025-07-30,5.0,30.0,119.0,56.0,1.0
2025-07-31,6.0,26.0,108.0,59.0,0.0
2025-08-01,3.0,20.0,108.0,59.0,0.0
2025-08-02,5.0,23.0,143.0,63.0,1.0
2025-08-03,5.0,22.0,133.0,63.0,1.0
2025-08-04,5.0,34.0,143.0,69.0,1.0
2025-08-05,6.0,30.0,126.0,73.0,1.0
2025-08-06,8.0,39.0,185.0,76.0,3.0
2025-08-07,8.0,49.0,161.0,63.0,3.0
2025-08-08,7.0,36.0,108.0,60.0,1.0
2025-08-09,3.0,22.0,126.0,62.0,0.0
2025-08-10,3.0,24.0,129.0,61.0,0.0
2025-08-11,6.0,27.0,169.0,60.0,1.0
2025-08-12,3.0,30.0,74.0,58.0,0.0
2025-08-13,3.0,25.0,154.0,67.0,0.0
2025-08-14,5.0,25.0,150.0,64.0,0.0
2025-08-15,3.0,13.0,90.0,59.0,0.0
2025-08-16,3.0,16.0,67.0,53.0,0.0
2025-08-17,3.0,19.0,90.0,56.0,1.0
2025-08-18,5.0,27.0,115.0,58.0,1.0
2025-08-19,5.0,31.0,101.0,57.0,1.0
2025-08-20,7.0,33.0,151.0,56.0,1.0
2025-08-21,8.0,42.0,185.0,60.0,3.0
2025-08-22,7.0,34.0,172.0,61.0,1.0
2025-08-23,6.0,25.0,115.0,65.0,3.0
2025-08-24,5.0,19.0,140.0,59.0,3.0
2025-08-25,6.0,27.0,112.0,58.0,1.0
2025-08-26,3.0,27.0,74.0,58.0,0.0
2025-08-27,6.0,30.0,61.0,60.0,3.0
2025-08-28,5.0,35.0,84.0,54.0,1.0
2025-08-29,6.0,34.0,151.0,54.0,11.0
2025-08-30,6.0,34.0,143.0,54.0,3.0
2025-08-31,5.0,23.0,133.0,55.0,4.0
2025-09-01,5.0,22.0,105.0,55.0,4.0
2025-09-02,5.0,29.0,93.0,58.0,3.0
2025-09-03,5.0,30.0,115.0,55.0,1.0
2025-09-04,6.0,32.0,93.0,62.0,4.0
2025-09-05,5.0,28.0,90.0,58.0,1.0
2025-09-06,6.0,28.0,112.0,59.0,1.0
2025-09-07,6.0,25.0,101.0,56.0,7.0
2025-09-08,6.0,32.0,64.0,44.0,1.0
2025-09-09,3.0,25.0,48.0,35.0,0.0
2025-09-10,2.0,19.0,43.0,41.0,1.0
2025-09-11,3.0,24.0,47.0,37.0,0.0
2025-09-12,3.0,24.0,58.0,46.0,0.0
2025-09-13,3.0,18.0,84.0,56.0,0.0
2025-09-14,5.0,17.0,100.0,61.0,3.0
2025-09-15,6.0,32.0,182.0,70.0,1.0
2025-09-16,8.0,51.0,122.0,72.0,4.0
2025-09-17,6.0,35.0,58.0,52.0,1.0
2025-09-18,5.0,37.0,44.0,62.0,1.0
2025-09-19,3.0,28.0,46.0,55.0,1.0
2025-09-20,6.0,24.0,67.0,56.0,1.0
2025-09-21,6.0,21.0,61.0,59.0,0.0
2025-09-22,7.0,35.0,100.0,58.0,0.0
2025-09-23,7.0,44.0,122.0,58.0,4.0
2025-09-24,6.0,26.0,50.0,58.0,4.0
2025-09-25,5.0,26.0,46.0,58.0,1.0
2025-09-26,3.0,16.0,54.0,47.0,0.0
2025-09-27,3.0,19.0,50.0,42.0,0.0
2025-09-28,3.0,19.0,49.0,46.0,1.0
2025-09-29,6.0,33.0,71.0,51.0,1.0
2025-09-30,3.0,29.0,50.0,57.0,1.0
2025-10-01,5.0,27.0,49.0,53.0,1.0
2025-10-02,6.0,24.0,50.0,41.0,0.0
2025-10-03,3.0,25.0,39.0,42.0,0.0
2025-10-04,5.0,23.0,54.0,53.0,0.0
2025-10-05,10.0,26.0,90.0,56.0,0.0
2025-10-06,7.0,32.0,67.0,57.0,0.0
2025-10-07,6.0,36.0,71.0,58.0,1.0
2025-10-08,5.0,36.0,84.0,60.0,1.0
2025-10-09,9.0,39.0,58.0,54.0,3.0
2025-10-10,7.0,37.0,58.0,56.0,6.0
2025-10-11,6.0,35.0,77.0,55.0,3.0
2025-10-12,7.0,27.0,74.0,57.0,1.0
2025-10-13,3.0,26.0,49.0,54.0,0.0
2025-10-14,3.0,33.0,36.0,41.0,0.0
2025-10-15,6.0,35.0,42.0,44.0,0.0
2025-10-16,13.0,42.0,45.0,56.0,3.0
2025-10-17,14.0,47.0,45.0,60.0,4.0
2025-10-18,14.0,40.0,64.0,61.0,4.0
2025-10-19,13.0,35.0,97.0,61.0,3.0
2025-10-20,14.0,50.0,97.0,65.0,4.0
2025-10-21,11.0,51.0,84.0,63.0,3.0
2025-10-22,5.0,32.0,47.0,53.0,0.0
2025-10-23,7.0,37.0,43.0,55.0,0.0
2025-10-24,11.0,34.0,64.0,69.0,0.0
2025-10-25,6.0,23.0,87.0,99.0,0.0
2025-10-26,7.0,25.0,87.0,98.0,1.0
2025-10-27,7.0,44.0,71.0,79.0,4.0
2025-10-28,11.0,53.0,58.0,69.0,9.0
2025-10-29,11.0,52.0,64.0,56.0,7.0
2025-10-30,18.0,50.0,84.0,60.0,1.0
2025-10-31,11.0,43.0,100.0,69.0,0.0
2025-11-01,10.0,42.0,115.0,94.0,1.0
2025-11-02,7.0,28.0,97.0,94.0,1.0
2025-11-03,9.0,46.0,71.0,105.0,0.0
2025-11-04,9.0,42.0,61.0,88.0,0.0
2025-11-05,9.0,32.0,40.0,61.0,0.0
2025-11-06,10.0,37.0,41.0,54.0,0.0
2025-11-07,8.0,44.0,44.0,65.0,3.0
2025-11-08,9.0,29.0,54.0,78.0,0.0
2025-11-09,8.0,33.0,50.0,85.0,3.0
2025-11-10,9.0,48.0,44.0,60.0,4.0
2025-11-11,11.0,49.0,43.0,62.0,4.0
2025-11-12,15.0,47.0,34.0,81.0,3.0
2025-11-13,16.0,50.0,36.0,63.0,1.0
2025-11-14,3.0,25.0,24.0,51.0,0.0
2025-11-15,3.0,28.0,38.0,32.0,0.0
2025-11-16,3.0,21.0,40.0,33.0,0.0
2025-11-17,3.0,39.0,38.0,23.0,0.0
2025-11-18,14.0,45.0,35.0,52.0,0.0
2025-11-19,22.0,41.0,37.0,60.0,0.0
2025-11-20,8.0,31.0,34.0,53.0,0.0
2025-11-21,9.0,42.0,37.0,26.0,0.0
2025-11-22,18.0,35.0,36.0,67.0,1.0
2025-11-23,26.0,27.0,38.0,67.0,1.0
2025-11-24,10.0,47.0,34.0,70.0,0.0
2025-11-25,19.0,57.0,39.0,71.0,1.0
2025-11-26,9.0,50.0,40.0,53.0,1.0
2025-11-27,14.0,37.0,42.0,64.0,0.0
2025-11-28,15.0,39.0,43.0,71.0,0.0
2025-11-29,13.0,35.0,48.0,84.0,0.0
2025-11-30,16.0,31.0,47.0,99.0,0.0
2025-12-01,10.0,61.0,40.0,85.0,0.0
2025-12-02,14.0,47.0,39.0,73.0,0.0
2025-12-03,13.0,51.0,38.0,66.0,0.0
2025-12-04,11.0,44.0,35.0,57.0,6.0
2025-12-05,17.0,43.0,34.0,65.0,1.0
2025-12-06,26.0,40.0,32.0,92.0,1.0
2025-12-07,26.0,44.0,40.0,88.0,1.0
2025-12-08,30.0,56.0,36.0,83.0,1.0
2025-12-09,16.0,52.0,38.0,60.0,4.0
2025-12-10,20.0,62.0,35.0,68.0,4.0
2025-12-11,32.0,60.0,31.0,80.0,3.0
2025-12-12,20.0,61.0,33.0,93.0,1.0
2025-12-13,16.0,49.0,38.0,151.0,0.0
2025-12-14,13.0,33.0,32.0,86.0,0.0
2025-12-15,14.0,54.0,32.0,93.0,1.0
2025-12-16,16.0,55.0,29.0,103.0,3.0
2025-12-17,17.0,48.0,30.0,152.0,1.0
2025-12-18,19.0,64.0,40.0,141.0,3.0
2025-12-19,24.0,55.0,40.0,92.0,1.0
2025-12-20,15.0,35.0,45.0,109.0,0.0
2025-12-21,19.0,29.0,40.0,107.0,3.0
2025-12-22,14.0,54.0,26.0,105.0,1.0
2025-12-23,15.0,38.0,31.0,75.0,0.0
2025-12-24,10.0,34.0,42.0,57.0,0.0
2025-12-25,10.0,22.0,43.0,29.0,0.0
2025-12-26,5.0,39.0,39.0,31.0,0.0
2025-12-27,14.0,31.0,39.0,66.0,0.0
2025-12-28,20.0,35.0,38.0,72.0,0.0
2025-12-29,22.0,47.0,38.0,59.0,1.0
2025-12-30,8.0,44.0,36.0,49.0,1.0
2025-12-31,8.0,39.0,28.0,52.0,0.0
