date,t2m_mean,t2m_max,t2m_min,t2m_range,qv2m_mean,qv2m_max,u10m_mean,v10m_mean,wind_speed_mean,wind_speed_max,wind_speed_min,wind_dir_mean,calm_hours
2016-01-01,7.8027077,14.086761,4.433899,9.652863,2.9300613,3.288353,-3.5117683,-2.1299531,4.3269496,6.7239656,0.83538973,58.7624,4
2016-01-02,9.579383,15.884277,6.5865173,9.29776,3.4426677,5.0044355,-2.3504384,-0.51081896,2.9982822,4.1932855,0.5859347,77.73862,2
2016-01-03,10.133282,14.810822,7.1108704,7.699951,5.310264,6.765719,-2.3966157,1.754932,3.3131068,6.0914288,1.0752082,126.21361,4
2016-01-04,11.15665,14.856079,8.998993,5.857086,6.437552,7.229472,-3.3365166,0.7261958,3.8423586,5.2337356,1.0652488,102.27897,4
2016-01-05,11.257178,13.0842285,10.060364,3.0238647,7.8119483,8.766274,0.44897154,3.4151528,4.4379463,9.754294,1.0116752,187.48943,9
2016-01-06,9.204604,11.935822,7.217926,4.7178955,6.876637,8.120941,4.3902793,1.7261549,5.373285,9.036048,2.8830616,248.5364,0
2016-01-07,9.084325,10.674194,7.5290833,3.145111,6.3643055,7.234623,4.5135384,1.2063265,5.113807,6.947113,4.0856385,255.0364,0
2016-01-08,7.964045,13.524963,5.2292175,8.295746,5.172918,5.8081427,2.4314566,-2.4586213,3.6800652,4.7378135,2.653392,315.3183,0
2016-01-09,8.787511,13.11673,6.0830383,7.0336914,5.4078946,6.1049714,0.09397545,0.70277566,1.7242743,2.9737158,0.40973923,187.61644,15
2016-01-10,10.029067,14.094635,7.8797913,6.2148438,6.4806304,6.6629033,-0.5343991,0.60569113,1.7538795,2.196741,1.0773948,138.57816,21
2016-01-11,10.022061,15.511444,6.9898376,8.521606,5.7127433,6.6695185,-0.78493905,-1.7955738,2.1918535,3.4723415,1.219641,23.61265,9
2016-01-12,9.997608,17.626892,5.1457825,12.48111,4.039408,5.493941,-1.4724158,-2.2035859,3.0700514,4.877523,1.1212668,33.75048,6
2016-01-13,11.335704,16.35382,8.853516,7.500305,4.61752,7.194999,1.5305818,-0.86733335,2.2511508,5.3342285,1.1209112,299.53888,15
2016-01-14,10.413714,16.082855,6.679962,9.402893,6.6767116,7.8692865,1.3683834,-1.040814,2.2514503,4.0407753,0.8654622,307.2572,13
2016-01-15,10.382251,14.522919,8.1736145,6.349304,6.536549,7.233421,2.2681465,0.053261828,2.388199,3.6303828,1.2775695,268.6548,9
2016-01-16,10.955245,16.70221,8.168488,8.533722,6.6675363,7.904645,0.80502516,-0.60811317,1.7652811,4.513705,0.47273225,307.06726,19
2016-01-17,12.363502,18.46231,8.796722,9.665588,7.547831,8.157125,-0.033045247,-0.79284936,1.9570369,3.0191987,0.347047,2.3866549,14
2016-01-18,12.505103,15.211304,9.68454,5.526764,7.513387,8.169834,1.7537421,0.19688495,1.8670725,4.8042064,0.33655754,263.59448,15
2016-01-19,11.736473,15.111816,10.033569,5.078247,8.121505,8.67163,1.47962,-0.09145212,2.0802898,4.960406,0.51191115,273.53683,14
2016-01-20,12.934662,17.437683,11.007385,6.430298,8.419128,8.857597,0.94558936,0.381986,1.6210238,3.7914608,0.17716008,248.00296,16
2016-01-21,12.594811,19.885315,8.760651,11.124664,6.0207634,7.760066,-2.0613992,-1.273388,3.4978955,6.061019,1.7828395,58.295128,4
2016-01-22,12.960141,18.838867,9.559448,9.279419,5.40439,6.6060467,-1.5791756,0.6424219,2.2618454,3.036634,1.2061119,112.1369,6
2016-01-23,12.800986,14.699463,11.040649,3.6588135,6.8170867,8.060146,1.8859643,-0.2000824,1.9472733,4.6320705,0.381058,276.05588,17
2016-01-24,10.33158,15.950897,6.8068237,9.1440735,5.9810452,7.6631603,1.704946,-2.6911438,3.6457927,4.6302924,0.81216586,327.64413,3
2016-01-25,11.269784,18.079254,7.509674,10.56958,5.4649887,6.0745454,-0.27292868,-2.8180187,3.5130832,5.3897176,1.3984224,5.531915,2
2016-01-26,11.737484,18.77127,7.3898926,11.381378,4.374801,5.9386883,-2.028973,-2.6686318,3.648845,5.6586776,1.3903546,37.245895,2
2016-01-27,12.071403,18.086548,8.591919,9.494629,4.4517064,5.760526,-1.6066579,-1.7466758,2.64688,3.8184063,0.32273442,42.60901,6
2016-01-28,13.608764,20.360352,9.233612,11.1267395,4.778003,5.6316156,-0.26705432,-1.4693946,1.8859339,2.4998026,0.8255314,10.300757,14
2016-01-29,14.020469,20.10321,10.276337,9.826874,6.5087447,7.8105607,1.6811587,-1.7936815,2.6225045,4.622755,1.2931945,316.8547,6
2016-01-30,12.92159,17.313599,9.607422,7.7061768,8.251658,8.666187,2.386228,-0.13908738,2.5591006,6.7174354,0.6569688,273.33588,15
2016-01-31,11.62202,14.561157,10.57782,3.9833374,8.1706,8.732346,3.860258,4.014355,6.216463,13.669972,2.8069623,223.87894,0
2016-02-01,7.3820777,10.734802,4.626465,6.1083374,4.299001,5.817468,7.5211983,-4.559938,9.253999,10.331174,7.601485,301.2275,0
2016-02-02,6.9566283,13.58313,2.943634,10.639496,3.466346,4.19308,1.4480845,-3.177516,4.2257547,6.6800013,1.4420406,335.4999,2
2016-02-03,8.161884,14.605499,3.9301453,10.675354,3.9624302,5.1443906,-1.1686649,-1.4334878,2.8060875,4.6897593,0.6002174,39.188972,6
2016-02-04,9.982365,16.950317,5.424103,11.526215,3.7576065,4.4203,-1.1972712,-1.8899198,2.5516484,4.253828,1.0947267,32.35441,7
2016-02-05,11.58393,19.568329,7.0193176,12.549011,4.1496644,5.046758,-2.6950653,-2.9917068,4.3160133,6.381402,2.326734,42.013958,0
2016-02-06,13.007953,20.848846,8.320404,12.528442,4.3886023,4.8720593,-2.6123836,-2.4202676,3.6365592,4.9469585,1.5814451,47.186142,3
2016-02-07,14.576238,23.060364,10.088074,12.97229,4.7109485,5.741613,-3.04832,-2.7318509,4.241422,5.6228266,1.1259117,48.13386,2
2016-02-08,16.533953,24.206024,12.742065,11.463959,4.857181,5.4948535,-3.9741707,-2.994934,5.0476303,7.7392616,2.4405458,52.99833,0
2016-02-09,17.24634,25.815765,12.645538,13.170227,5.007435,5.6670346,-2.391134,-2.4706967,3.4721744,6.271904,1.1799401,44.06245,7
2016-02-10,17.676641,25.341797,12.921539,12.420258,5.1129513,6.5604577,-1.2373046,-1.7538352,2.4575436,4.40025,0.12822811,35.202396,8
2016-02-11,17.784227,25.751282,12.373077,13.378204,5.0857215,6.5079117,-1.4365463,-1.1182114,2.4351156,4.1692386,1.1016966,52.102715,8
2016-02-12,18.05662,24.947632,12.912079,12.035553,5.4736557,6.6565404,-0.58416396,-0.78341556,1.9079475,3.1426244,1.1364555,36.71053,15
2016-02-13,17.49785,23.555176,13.0578,10.4973755,5.9741874,7.158602,0.09120238,-1.0561904,1.5065336,2.2459347,0.8475818,355.06473,19
2016-02-14,16.363054,24.834595,11.247864,13.586731,6.1783566,7.272539,-0.744643,-3.6596644,3.914395,5.2216845,1.5946314,11.50114,2
2016-02-15,18.838142,26.60907,14.389954,12.219116,6.1702437,6.7822275,-2.2690408,-3.2622004,4.06095,5.9719825,1.7395842,34.820747,2
2016-02-16,19.069891,27.097961,13.800354,13.297607,5.9247756,7.735365,-1.3465548,-1.3955809,2.42951,4.1977615,0.82879263,43.975727,8
2016-02-17,17.023127,22.437622,12.182892,10.25473,7.1091475,8.083046,0.26454607,2.7065399,3.145727,7.4164004,0.23023158,185.58255,12
2016-02-18,14.12283,17.357178,12.294678,5.0625,8.128009,9.563033,2.4588933,2.5961695,4.5471435,6.9740143,1.7882015,223.44446,2
2016-02-19,12.94572,18.170013,9.775299,8.394714,6.161467,6.8360896,1.7192825,0.07508117,1.8593136,3.981191,0.19909792,267.49948,13
2016-02-20,12.795531,20.667633,7.9201965,12.747437,5.7337766,6.575535,0.71896344,-1.5627915,2.2940722,3.6583893,1.2401358,335.29517,9
2016-02-21,14.3714905,22.085663,8.601288,13.484375,5.8733063,6.484242,1.2261937,-1.6400293,2.466923,4.246609,1.3640941,323.2158,7
2016-02-22,15.308472,23.527374,9.948181,13.579193,6.0157914,7.0368104,0.22219951,-3.5817146,3.8517368,5.2305903,2.9259355,356.45007,0
2016-02-23,16.44159,22.638458,12.529327,10.109131,5.0214844,6.0590262,-2.5391543,-2.987011,4.242188,6.459303,1.3347892,40.366707,2
2016-02-24,15.460965,22.98944,10.238739,12.750702,4.4967713,5.838188,-2.8494694,-1.7357254,3.4104338,5.465855,0.5814267,58.652737,6
2016-02-25,16.082178,23.740356,10.844269,12.896088,4.992566,5.899691,-0.74249965,-1.2108022,2.0245726,3.2774937,0.26575747,31.51785,10
2016-02-26,16.904675,23.422333,12.309692,11.11264,5.6126876,6.397634,0.15597065,-0.41351557,1.6729492,3.2461746,0.8884573,339.3344,19
2016-02-27,16.486238,23.272125,11.512604,11.7595215,6.8315773,7.600178,1.4523109,-1.0914003,2.208367,4.2353454,0.46675375,306.92456,13
2016-02-28,16.280355,24.111877,11.600861,12.511017,7.330423,7.8117037,0.6744774,-1.4984742,2.0755394,3.6002517,0.64528334,335.76703,11
2016-02-29,17.472118,24.559235,11.869171,12.690063,7.3155875,8.480883,0.6032348,-1.5654672,2.266154,3.2056606,1.3636192,338.9264,10
2016-03-01,17.57189,24.271759,13.281952,10.989807,7.1127057,8.010776,0.4458176,-0.37264386,2.0899246,3.9517834,0.8407093,309.8911,12
2016-03-02,16.766111,22.483124,11.832794,10.65033,6.927509,7.826602,1.4896164,-0.34594646,1.9561058,4.6610036,0.4205924,283.07452,15
2016-03-03,15.841517,21.693481,12.300903,9.392578,6.4620423,7.455468,1.6651855,0.16082503,1.8113976,4.695931,0.32536054,264.48346,14
2016-03-04,14.642966,21.456207,10.242676,11.2135315,6.8043904,7.639539,0.92302823,0.5333292,1.5233221,4.837092,0.25267893,239.98053,17
2016-03-05,14.178707,17.671448,12.116974,5.554474,8.780215,9.003131,1.7868313,1.5578572,2.4654922,5.140487,1.4103631,228.91632,14
2016-03-06,13.778604,16.464233,11.921143,4.543091,8.0187,9.4383545,4.3526444,2.5561368,6.1644626,8.256321,3.770755,239.57597,0
2016-03-07,9.922813,14.813812,8.349243,6.464569,6.2862782,6.9860435,5.7311783,0.7936883,5.9186225,8.771394,3.7359552,262.11548,0
2016-03-08,10.805756,18.849182,6.634552,12.21463,5.5049834,5.9706893,2.1511285,-3.6481025,4.8333836,6.5016522,3.4718983,329.474,0
2016-03-09,13.476455,21.54535,8.453491,13.091858,6.4794784,6.7953563,2.074258,-1.9231018,3.094899,5.059272,2.1975634,312.83444,0
2016-03-10,16.311403,23.352722,11.935516,11.417206,6.890844,8.003445,1.3169957,-0.87034374,2.450427,4.8291063,0.84203213,303.45892,14
2016-03-11,13.752757,19.589142,10.9409485,8.648193,7.5588684,8.25452,1.6559916,2.7410717,3.8030024,10.085871,1.0810208,211.13786,9
2016-03-12,10.9138155,16.506378,7.1809998,9.325378,6.088569,7.138448,4.5318,-0.61919826,4.8778267,9.217608,3.1783648,277.7804,0
2016-03-13,11.519176,16.77005,7.5768433,9.193207,6.4962306,7.128457,2.6710472,0.053281803,2.882199,6.7146177,0.96115184,268.85724,11
2016-03-14,13.576463,19.052216,10.866852,8.185364,7.9696403,8.712852,4.1864877,-0.22743273,4.2720566,6.4611235,3.2421877,273.10956,0
2016-03-15,14.563544,22.992249,9.030823,13.961426,6.729622,7.5632772,0.9816554,-1.6176466,2.7203667,5.4907675,0.8077411,328.74887,6
2016-03-16,17.756151,25.222382,12.8159485,12.406433,6.5636554,7.8360887,-1.1701175,-1.3172103,2.687568,4.046424,0.9787325,41.615643,5
2016-03-17,18.668451,23.85559,14.05777,9.797821,6.9167347,7.8837314,0.062320173,0.13735722,1.7897593,3.9673653,0.80468297,204.40422,19
2016-03-18,16.58339,22.572845,10.983673,11.589172,7.6111107,8.73077,1.2478712,0.40307006,1.6398355,3.626864,0.24229282,252.09924,16
2016-03-19,15.85944,21.618011,11.161865,10.456146,7.0593567,8.12889,0.7374776,0.5751539,1.4437135,3.3999717,0.17095916,232.04956,17
2016-03-20,15.784264,21.6716,11.169128,10.502472,7.0267925,7.967513,1.3961293,0.5693229,1.7205042,4.491352,0.13931987,247.81503,15
2016-03-21,14.540439,19.23993,10.246613,8.993317,7.524807,7.846293,2.6943083,0.32439372,2.8057892,6.2541156,1.1851791,263.13464,13
2016-03-22,13.017578,17.790863,9.193878,8.596985,6.6215096,7.87794,4.874313,-2.2214017,5.767178,8.026321,4.115097,294.5005,0
2016-03-23,13.592468,21.204987,8.410797,12.794189,4.623702,5.890998,0.53034216,-3.904501,5.030929,8.127712,1.472063,352.26495,2
2016-03-24,15.918189,23.316193,10.415131,12.901062,4.993847,5.5357275,0.5909891,-1.9007295,2.8581579,4.6546144,0.65010357,342.7281,3
2016-03-25,16.339529,23.030243,11.254913,11.77533,7.101045,7.9086533,1.5378634,-1.9673194,2.9106073,4.776227,1.2225018,321.98508,2
2016-03-26,15.7106085,22.398285,10.361969,12.036316,6.9835505,8.338932,0.2100962,-1.4772954,2.4190044,5.004213,0.35511255,351.90585,13
2016-03-27,15.754416,21.305847,11.199249,10.106598,6.8538165,7.5793715,0.18904127,0.73694897,2.038082,4.3645635,0.9621651,194.38724,17
2016-03-28,13.398812,18.573364,11.581787,6.991577,7.6926765,8.491912,3.629838,2.0418007,4.3184223,9.442142,1.742247,240.64206,5
2016-03-29,9.98063,15.043152,5.570862,9.47229,5.030105,5.6183233,5.3606834,-0.4823333,5.57937,9.009987,3.6606305,275.14142,0
2016-03-30,10.594166,15.591095,7.3925476,8.198547,5.435415,6.036055,2.2129455,0.3843459,2.363261,6.316297,0.3764828,260.14713,10
2016-03-31,12.505063,19.680847,7.2309265,12.449921,5.623033,6.1608934,2.0046206,-1.0740651,2.7511628,6.131771,1.8044227,298.1822,2
2016-04-01,14.357066,21.521423,8.803558,12.717865,6.8210692,7.4670134,1.1423616,-0.42000994,2.0582676,6.4601603,0.87698734,290.1869,17
2016-04-02,16.573261,22.970276,11.617676,11.3526,6.668261,7.367296,0.52332294,0.47459945,1.4866613,3.7373445,0.13723737,227.79524,17
2016-04-03,17.766787,23.067444,12.642334,10.42511,6.677437,7.653314,1.8434607,-0.12264534,2.2497673,4.8761334,0.29128882,273.80627,14
2016-04-04,18.029774,23.96231,12.854309,11.108002,6.8650813,7.7075562,2.3990188,-0.40031397,2.6401246,4.995252,1.2929853,279.47342,10
2016-04-05,18.617947,27.048248,12.626801,14.421448,7.204683,8.354468,0.2283423,-1.1254665,2.0083768,4.353535,0.19997482,348.53113,14
2016-04-06,20.069212,26.481018,14.417969,12.063049,6.540394,7.901432,-1.1219031,-0.66576004,2.3714366,5.3158736,0.9207717,59.31424,11
2016-04-07,15.997306,21.587555,14.133728,7.453827,7.6155133,8.200469,0.5943077,1.3924338,1.8297831,3.3190246,0.6714595,203.11339,16
2016-04-08,14.328548,16.875946,12.130035,4.7459106,8.862677,9.193393,1.6927152,1.0379304,2.4109926,4.211794,1.2429594,238.48444,10
2016-04-09,13.984647,16.949402,11.881439,5.0679626,8.748537,9.131751,-0.2168686,3.0894058,3.1558444,4.7654033,1.8869296,175.98456,2
2016-04-10,14.109429,18.242004,11.580597,6.6614075,8.276673,8.817666,0.39910766,1.3299397,1.8338085,4.5016055,0.22193915,196.70422,16
2016-04-11,14.520695,19.04663,11.637482,7.409149,8.28946,8.674351,0.3651682,1.4898335,1.9389383,4.2980776,0.919604,193.77208,16
2016-04-12,15.624794,21.321838,11.176392,10.145447,8.358317,8.664078,2.1307223,0.60659474,2.3595603,5.1436615,0.18853673,254.1089,9
2016-04-13,15.455212,20.43155,11.304474,9.127075,8.3973465,8.690372,2.1550329,0.75562936,2.3533783,5.1649575,0.17310436,250.67757,11
2016-04-14,15.183697,20.396912,10.806335,9.590576,7.120871,8.598739,3.558974,-0.668693,3.696024,7.0286503,1.2340147,280.6412,8
2016-04-15,14.603452,21.328766,9.091309,12.237457,5.820812,6.8458686,2.8283408,-4.9243336,6.0964737,7.939074,4.516883,330.12866,0
2016-04-16,16.766973,24.255829,11.017151,13.238678,4.488959,5.198842,-1.0742538,-3.7548425,4.279159,5.863059,3.0929215,15.965731,0
2016-04-17,18.618101,26.38675,12.673767,13.712982,5.053591,6.096074,-0.80437297,-1.9563051,3.2059698,5.8391743,1.5360031,22.350967,2
2016-04-18,19.70751,26.507507,14.34433,12.1631775,5.6950183,6.7588596,0.37156567,0.43436036,1.8729858,3.9260154,0.27470464,220.54474,16
2016-04-19,20.82741,26.41446,16.587433,9.827026,6.1916623,7.458744,1.6634655,0.44352517,2.0300481,5.055126,0.29304677,255.07071,13
2016-04-20,20.265593,25.634064,15.780518,9.853546,5.4275374,6.922316,2.5183961,0.65891606,2.7218487,5.091683,1.0596334,255.33774,9
2016-04-21,19.262762,24.572388,15.330109,9.242279,5.8133445,6.682007,2.4082158,0.7941749,2.719578,5.6064553,0.83791316,251.74863,11
2016-04-22,16.359167,21.690002,11.757019,9.932983,7.528891,8.563248,3.1146755,1.3273621,3.4441469,7.566951,0.9206139,246.91806,7
2016-04-23,15.325814,22.325958,9.8515625,12.474396,6.562157,8.611723,3.5669346,-2.0991619,4.731115,7.556731,3.391697,300.47705,0
2016-04-24,15.519671,21.153992,10.685822,10.46817,6.5612054,7.0537286,1.9867884,-0.78351825,2.7976487,5.515176,0.7706296,291.52252,7
2016-04-25,13.303802,18.68518,8.458313,10.226868,6.3118744,7.852914,5.528658,-0.56311816,5.7190394,8.6542225,4.174145,275.8158,0
2016-04-26,13.05582,19.755646,7.7753906,11.980255,5.235167,5.619119,2.868913,-1.4882504,3.5808125,8.537807,1.3518665,297.41806,5
2016-04-27,14.495469,19.7854,10.417725,9.367676,6.4975095,7.0647655,3.0661438,0.12379543,3.1418562,7.7429457,0.49819237,267.68796,9
2016-04-28,13.418575,18.51596,8.860535,9.655426,6.8208833,7.773539,5.0662303,-1.209947,5.439371,7.8543916,4.2591653,283.43213,0
2016-04-29,14.1378355,20.028717,10.022705,10.006012,7.401297,7.9335766,2.738105,0.4151415,2.8950279,6.535914,0.8686412,261.3787,11
2016-04-30,13.891312,19.112701,9.970123,9.142578,7.2280107,7.89271,2.9982052,-0.2204779,3.4912884,6.403239,2.076547,274.20578,0
2016-05-01,15.199374,21.308167,9.941589,11.366577,7.2884345,7.670327,0.5825873,0.20461577,2.0170531,4.3077097,0.7976959,250.64777,13
2016-05-02,16.434322,22.877625,11.236053,11.641571,7.7800736,8.312066,0.42482248,0.9406015,1.5978651,3.1301866,0.40506023,204.3063,14
2016-05-03,18.62464,24.38565,13.0896,11.296051,7.1499,8.57212,0.39661893,0.6570551,1.7543793,3.6703324,0.17881721,211.1165,13
2016-05-04,16.425844,22.07666,12.196167,9.880493,6.999733,8.11158,1.2223247,2.332302,2.7818177,5.5507092,0.9464986,207.65837,10
2016-05-05,14.071818,18.555237,10.846313,7.7089233,7.3959045,7.7597575,2.087407,2.3318617,3.1845925,5.7250175,1.7002591,221.8339,6
2016-05-06,13.231079,15.654785,11.378632,4.2761536,7.856964,8.184257,2.0733964,1.9144067,2.8620589,4.865672,1.3877175,227.28313,5
2016-05-07,13.778743,18.23407,11.213196,7.020874,7.7239404,8.11213,1.7687706,1.9965448,2.755459,4.1063085,1.8176779,221.53825,4
2016-05-08,14.548966,19.152344,10.858856,8.293488,7.9282947,8.232903,2.692854,0.8070825,2.8682384,5.431628,1.6192397,253.31586,5
2016-05-09,15.42186,21.05481,11.671509,9.383301,8.433224,8.702689,2.6160038,1.0915893,2.8993416,5.1934166,1.5824984,247.35052,6
2016-05-10,16.104685,22.482971,12.047638,10.435333,8.740073,8.977733,2.1239288,1.3267223,2.536186,4.6906805,1.3863004,238.00885,12
2016-05-11,17.50294,24.67514,12.295197,12.379944,8.4148245,9.281183,1.2408521,0.6908548,2.1682186,4.5379972,1.1182004,240.89276,14
2016-05-12,19.44068,26.045929,14.151825,11.894104,7.2943377,8.671042,0.96397495,0.5695317,1.6763992,4.2323375,0.29608288,239.42474,15
2016-05-13,18.751389,24.253784,13.943451,10.310333,7.088305,7.9239106,1.317577,1.6386117,2.3443835,5.117408,0.14455631,218.80211,13
2016-05-14,17.027117,23.032776,11.996124,11.036652,7.778482,8.161223,2.615143,0.9586293,2.9643145,5.762446,0.9976107,249.86865,9
2016-05-15,16.795076,21.87201,12.826202,9.045807,8.721967,9.346745,3.4832497,1.0688342,3.7237275,6.2209744,2.0521595,252.94139,0
2016-05-16,16.880575,23.253479,12.28241,10.971069,8.439318,8.77465,3.3066037,0.4403939,3.5491219,6.3194785,1.4537864,262.41364,2
2016-05-17,17.550192,23.68689,12.387634,11.299255,8.844887,9.626024,1.955834,-0.21377337,2.3446078,5.2843566,0.73174626,276.2377,14
2016-05-18,18.737703,25.917236,12.360474,13.556763,8.207836,8.943095,2.0504837,-0.42027667,2.3093975,4.9169836,1.3705902,281.5832,14
2016-05-19,18.30243,23.76889,13.323578,10.4453125,8.590748,9.038892,2.105996,1.6395731,2.8024108,5.4847007,0.87063766,232.0983,11
2016-05-20,15.117877,20.83191,11.36026,9.471649,7.197183,8.3370075,3.2201488,2.7608626,4.271527,6.2394943,2.978993,229.39117,0
2016-05-21,13.64153,18.150055,9.818115,8.33194,6.314701,7.0391994,3.4575338,1.5764252,3.9316514,6.047121,1.6574191,245.4899,3
2016-05-22,14.749389,21.13382,9.9104,11.223419,6.467734,7.104049,3.0909946,0.448971,3.3340504,5.784857,1.7477,261.7355,6
2016-05-23,15.293495,20.411255,10.738861,9.672394,7.2659664,7.760679,2.9457018,1.3703483,3.3657463,6.036328,1.2531865,245.05203,6
2016-05-24,14.865658,18.7677,11.773071,6.994629,7.8493633,8.224618,3.122776,2.1513178,3.819618,5.976919,2.4166417,235.43658,0
2016-05-25,14.376859,18.252686,11.3533325,6.899353,7.673384,8.039215,3.769776,0.8998038,3.951805,6.0957274,2.3180423,256.57532,0
2016-05-26,15.8546715,22.62497,11.332825,11.292145,8.056213,8.408439,3.178749,0.39730048,3.2559545,6.150856,1.1638315,262.87576,7
2016-05-27,17.61009,24.034119,12.079315,11.954803,8.439688,9.128154,1.7594448,1.1436993,2.352187,5.243363,0.25821665,236.97476,12
2016-05-28,17.544765,23.300049,12.641785,10.658264,8.089158,8.318065,1.2876617,1.6813389,2.3071806,5.0026784,0.2990752,217.44688,13
2016-05-29,17.175102,23.172638,12.608063,10.564575,8.711633,9.126763,1.9628159,1.5911264,2.5713198,4.652853,1.3151418,230.9706,11
2016-05-30,18.522278,25.929535,13.018524,12.911011,9.050978,9.645443,2.4637218,0.892922,2.7235634,4.514109,1.2752956,250.07806,7
2016-05-31,19.71208,27.109406,13.355011,13.754395,8.47442,9.323214,2.2439575,0.6606752,2.4318593,5.0124106,0.6054761,253.5943,9
2016-06-01,20.03935,26.121948,14.445831,11.676117,8.667016,10.11038,1.6849209,1.2992438,2.1810496,4.124797,0.22022963,232.36417,11
2016-06-02,21.19562,29.075165,15.62442,13.450745,6.9468865,7.2840185,1.6376742,0.6890736,2.1040487,4.2128243,0.3703555,247.18042,14
2016-06-03,23.86641,31.048462,17.28186,13.766602,6.875445,7.550429,0.4240689,0.9395501,1.7119752,3.7268875,0.08715594,204.2922,15
2016-06-04,24.388525,29.864532,18.786469,11.078064,6.800972,7.6513085,1.3214442,1.1813626,1.9615537,4.4478965,0.25293857,228.2035,14
2016-06-05,22.210459,28.159027,16.595581,11.563446,7.3284264,7.967937,2.4845264,0.85109955,2.8868167,5.071685,0.65140575,251.09059,10
2016-06-06,19.68775,25.660187,13.930908,11.729279,6.588222,7.52301,2.1125915,1.2001114,2.453832,4.73168,0.93554574,240.40015,12
2016-06-07,19.872179,27.678223,13.965393,13.71283,8.113685,9.449549,1.9683996,1.0046383,2.2217543,4.3843837,0.7556681,242.961,13
2016-06-08,20.136625,27.113342,15.654724,11.458618,8.378067,9.358765,1.7613143,1.0182285,2.0709703,4.5266905,0.5079801,239.9675,13
2016-06-09,20.404247,26.151154,15.274841,10.876312,7.570894,8.251149,1.7334814,1.3403606,2.25298,4.7609477,0.0711564,232.28813,12
2016-06-10,18.851267,24.11615,14.611023,9.505127,6.8633456,7.3657355,0.5757558,1.3517381,1.8789476,4.23016,0.72419137,203.07097,15
2016-06-11,18.657417,23.844269,13.937073,9.907196,8.670766,9.875977,-0.06414773,2.3558173,2.558468,5.321376,0.7253565,178.44025,13
2016-06-12,17.740091,23.131378,13.8402405,9.291138,8.866065,9.842112,0.29082623,2.9932668,3.120324,4.897378,1.8927667,185.54945,4
2016-06-13,17.941664,24.699402,13.188599,11.510803,8.7163925,9.657677,2.4798205,1.29589,2.893615,5.8819737,1.3345046,242.4096,8
2016-06-14,18.175589,24.415253,12.758209,11.657043,8.141896,9.274565,2.948368,0.62836695,3.0967724,5.965704,1.0784086,257.96893,9
2016-06-15,16.87869,22.056702,11.949829,10.106873,7.5272346,7.9097023,2.7185671,1.6295561,3.2051919,6.3404136,0.6869178,239.06082,9
2016-06-16,17.596954,24.0719,11.944061,12.127838,6.7893505,7.2458205,2.828705,0.19629635,3.291213,6.02822,0.91488,266.03036,6
2016-06-17,20.466467,27.635681,14.597443,13.038239,7.0131283,7.298093,2.7868137,0.487532,3.0286996,5.4734216,0.9259922,260.07697,9
2016-06-18,23.126047,30.459778,17.247833,13.211945,7.656299,8.759038,3.1506717,-0.18798847,3.3730786,5.619287,1.9882252,273.41458,1
2016-06-19,26.423096,34.571136,19.554108,15.017029,6.6054554,7.238603,2.5284166,-1.1993235,3.538058,5.6489587,2.291385,295.37677,0
2016-06-20,29.641077,36.662994,23.00473,13.658264,6.9791455,7.537504,2.5035493,-1.0964042,3.3568687,6.001507,1.8738241,293.65054,2
2016-06-21,27.303804,34.407135,20.470001,13.937134,8.332759,8.822925,1.2671143,0.20258562,2.118441,6.0128217,0.3683329,260.91644,14
2016-06-22,24.917404,30.325012,19.618042,10.70697,8.329905,9.280303,1.8960143,1.1259222,2.3898149,4.7345433,0.30385968,239.29663,12
2016-06-23,22.842844,30.60907,16.251373,14.357697,7.2549596,7.811653,2.2569363,0.4855162,2.414801,5.294366,0.58633155,257.85947,11
2016-06-24,22.722845,29.702301,16.338654,13.363647,7.065602,7.771482,2.647746,-0.060462862,2.83656,5.3559284,0.6971465,271.30817,11
2016-06-25,22.627337,31.029297,15.551697,15.4776,7.746067,8.519684,1.3827896,0.5488592,2.0079117,4.9709783,0.19311525,248.3508,15
2016-06-26,24.897429,31.937622,18.662628,13.274994,7.652765,8.843786,1.4574682,0.8729875,2.0510378,4.6881948,0.12909369,239.07944,14
2016-06-27,25.536608,31.730255,20.805054,10.925201,8.242497,9.292204,1.031812,1.5737505,2.2088788,4.4902654,0.20736085,213.25041,10
2016-06-28,26.588175,32.253174,21.353302,10.899872,8.10826,8.824837,1.0715948,1.0142217,1.6183077,3.765107,0.17058687,226.5756,15
2016-06-29,26.21694,32.15164,20.515656,11.635986,8.582691,9.169035,1.6805601,0.53391594,1.8780813,4.5234704,0.187317,252.3749,13
2016-06-30,24.910719,30.254974,18.985077,11.269897,7.7393174,7.891792,1.5911049,1.2926337,2.1218948,4.693436,0.10838911,230.90916,13
2016-07-01,22.312658,27.712433,16.906647,10.805786,8.074233,8.45529,0.8602357,2.125908,2.6097648,4.9316945,0.5774596,202.03043,11
2016-07-02,20.949331,27.099915,15.632843,11.467072,7.725839,8.453189,0.35694823,2.7646625,3.0185497,5.2633944,1.5146775,187.35683,9
2016-07-03,20.31113,26.443146,14.9201355,11.52301,7.14973,7.5065813,0.909759,2.1121795,2.4063277,4.969367,0.19038142,203.30255,12
2016-07-04,20.43828,27.244568,14.847412,12.397156,7.336071,8.00665,1.8381182,1.2980142,2.392176,4.91573,0.7349276,234.7716,13
2016-07-05,20.607634,27.77829,15.206085,12.572205,8.070647,8.84897,2.5000725,1.1519111,2.8622563,5.681436,0.887867,245.26205,9
2016-07-06,20.652775,26.98642,15.584351,11.402069,9.318459,10.074197,2.6807117,1.5703124,3.1164453,5.6865273,0.83819085,239.639,9
2016-07-07,20.73894,27.507904,14.837524,12.67038,8.749431,9.467926,1.9501919,1.4553267,2.457119,5.028119,0.48029268,233.26794,11
2016-07-08,21.573502,28.166046,15.502502,12.663544,8.166496,8.643522,1.6904383,1.4165834,2.2515142,4.628313,0.19503082,230.03708,13
2016-07-09,22.571877,29.65512,16.796661,12.858459,7.7396736,8.3860235,1.7031583,0.9430594,2.035427,4.9553847,0.12210855,241.02617,14
2016-07-10,22.6362,28.486237,16.748077,11.738159,8.7304,9.474606,2.7118948,0.47946373,2.7816608,6.3675737,0.044266414,259.9737,11
2016-07-11,21.699991,29.079193,14.900604,14.178589,7.9650817,9.149619,1.9367644,0.61609316,2.3585565,5.9737244,0.27966714,252.35391,13
2016-07-12,21.646872,28.909546,15.321472,13.588074,8.828684,9.641949,2.229122,1.0958833,2.5305064,5.046972,0.13518119,243.82031,11
2016-07-13,22.688591,30.5943,16.214355,14.379944,8.26311,9.162637,1.7436901,1.0091685,2.0642323,4.906795,0.07894334,239.9397,13
2016-07-14,23.576025,29.497955,17.85205,11.645905,7.4238124,8.405033,1.6418715,1.2451986,2.1402957,4.3596907,0.25468627,232.82324,12
2016-07-15,23.387306,29.4534,17.295471,12.157928,6.880739,8.0779,1.9716324,1.2036697,2.370786,4.6754575,0.491858,238.59619,12
2016-07-16,22.414972,28.44394,16.617249,11.826691,8.092075,9.254385,1.853496,1.9547539,2.853119,5.0078244,0.3858964,223.47693,8
2016-07-17,21.691523,27.706177,15.937042,11.7691345,7.0393434,7.661164,1.569529,1.9100991,2.5360816,5.080164,0.17200723,219.40996,12
2016-07-18,21.92324,28.804626,16.101715,12.702911,7.1161957,7.6379905,1.3795395,1.5435427,2.3758514,5.2179255,0.397351,221.78873,13
2016-07-19,23.886003,31.283386,17.850159,13.433228,6.8434377,7.6491036,1.9009031,1.0458198,2.396982,5.1406035,0.31579792,241.18173,13
2016-07-20,25.802963,32.683624,19.528015,13.155609,7.308745,7.4910803,2.1806269,0.7112977,2.53138,5.603509,0.18603718,251.93422,12
2016-07-21,26.936768,33.684235,20.64096,13.043274,7.3359528,7.809323,2.2778616,0.49165654,2.5207798,5.426997,0.41001883,257.82007,12
2016-07-22,27.993505,35.56833,22.18631,13.382019,7.492588,7.863408,2.5557902,-1.1000316,3.0100362,5.4641376,1.5310993,293.2874,11
2016-07-23,28.23465,34.279114,22.202484,12.07663,7.437988,8.277875,1.153243,-0.061253387,2.4206526,5.282825,0.24518713,273.04034,9
2016-07-24,25.86614,30.939728,21.044708,9.89502,8.080333,9.156453,-0.31551412,2.5141392,2.7554035,5.290967,1.2044877,172.847,10
2016-07-25,25.662615,31.788849,20.666534,11.122314,8.2563505,9.4890785,0.50794786,2.0563104,2.4522743,4.7012944,0.67520213,193.8754,11
2016-07-26,26.796537,33.572876,21.23764,12.335236,8.893294,9.7943325,1.8385358,1.1363653,2.284347,4.6343756,0.07497823,238.28055,12
2016-07-27,27.478088,33.475586,21.932281,11.543304,9.02655,9.759125,2.1969843,1.1401778,2.5243518,5.3514266,0.59929997,242.57187,12
2016-07-28,27.100527,32.824707,21.908813,10.915894,8.958444,9.577799,2.0173433,1.4068998,2.5017912,5.2112937,0.6957012,235.108,11
2016-07-29,27.587656,33.765503,22.397156,11.368347,9.038327,9.938948,1.6889362,0.93163204,2.0713577,4.92357,0.5018596,241.11848,14
2016-07-30,26.111887,31.658417,20.88092,10.777496,10.326846,11.677739,0.7511241,2.1728916,2.7387035,5.015234,1.3157634,199.06923,12
2016-07-31,24.759169,31.018127,19.681824,11.336304,11.295047,12.049933,0.10666415,2.8491685,3.0982916,4.896274,2.123457,182.14398,0
2016-08-01,24.530111,31.124695,19.069061,12.055634,10.478789,10.7009,1.0836725,1.7153269,2.3429387,4.734884,0.6563531,212.28302,12
2016-08-02,24.082537,30.795746,18.53302,12.262726,9.651582,10.559235,1.9300479,1.1274631,2.2587206,4.70032,0.53334403,239.7081,13
2016-08-03,24.062445,30.600433,18.648468,11.951965,9.555616,9.987339,1.6152948,1.2759455,2.1930957,4.6120653,0.31818295,231.69427,13
2016-08-04,23.50797,30.088928,18.20163,11.887299,9.6034775,10.404629,1.7015692,1.2521392,2.1471815,4.7801285,0.47621313,233.65164,14
2016-08-05,22.775625,28.416138,17.03302,11.383118,8.913605,9.268729,2.3686943,1.064027,2.62469,5.06654,0.88391405,245.8102,12
2016-08-06,22.475641,28.520538,16.671295,11.849243,8.3090515,8.818496,1.9041055,1.1361622,2.3833468,4.665541,0.48429158,239.17587,12
2016-08-07,22.138153,29.19934,15.910187,13.289154,8.01488,8.440589,1.6790813,0.9946699,2.2194903,5.02922,0.2500607,239.35794,13
2016-08-08,22.039062,28.449036,16.4057,12.043335,7.9720426,8.714589,1.2254146,1.488325,2.0704195,4.829086,0.16010155,219.4664,13
2016-08-09,20.936047,27.106293,15.573761,11.532532,8.421521,9.213256,1.0691346,1.9053068,2.3906717,4.885632,0.30950132,209.29832,13
2016-08-10,21.012339,27.545044,15.932037,11.613007,8.072825,9.025668,0.9837026,1.9756212,2.3749034,4.927838,0.696666,206.46967,12
2016-08-11,20.884378,27.573425,15.437256,12.136169,8.365646,9.156099,0.79483825,2.1045532,2.5247388,4.6736417,0.9283579,200.69032,13
2016-08-12,22.348211,29.058899,17.365051,11.693848,8.9696,10.150458,2.180607,0.9016011,2.4504151,4.6149607,0.8316496,247.53671,11
2016-08-13,24.93009,31.779297,19.11737,12.661926,9.261245,10.398773,2.450445,0.3412249,2.5754397,4.835213,1.2518258,262.07254,12
2016-08-14,26.508835,32.86493,20.84549,12.01944,8.944935,9.899698,2.29894,0.4278659,2.519714,5.721815,0.57335496,259.45706,12
2016-08-15,27.366531,33.47409,21.72049,11.753601,8.453576,10.039058,3.1855714,0.442498,3.3034925,6.3633404,0.42156303,262.09183,7
2016-08-16,26.11277,32.555847,20.26175,12.294098,6.9339557,7.9889913,2.4351256,0.77321905,2.6802738,6.018519,0.40864167,252.38394,11
2016-08-17,25.347746,31.392181,19.962952,11.42923,6.4615364,7.420799,1.7691121,1.399467,2.407394,5.5635233,0.17776446,231.65404,13
2016-08-18,24.04438,29.575592,18.166687,11.408905,6.9312415,7.719693,1.2160937,1.9767882,2.637924,4.9681463,0.611441,211.59929,12
2016-08-19,22.871653,29.55133,17.562988,11.988342,7.536331,8.338206,1.5633348,1.2752811,2.1173816,4.850324,0.11914553,230.79437,13
2016-08-20,23.425867,28.992737,18.304108,10.688629,8.051127,8.993788,2.979828,0.5325093,3.117173,5.5185285,1.0868938,259.86792,7
2016-08-21,23.694635,29.108185,18.942932,10.165253,8.698527,9.360049,2.7894437,0.84166545,2.9849517,5.473226,1.0808426,253.20975,10
2016-08-22,23.437164,28.588837,18.046173,10.542664,8.546632,9.57447,2.454426,1.2445425,2.8398602,4.9498687,0.87813044,243.11224,6
2016-08-23,23.150137,29.16507,18.164124,11.000946,8.377764,9.19523,1.5410229,0.41572347,1.869744,4.3737087,0.23054822,254.90265,14
2016-08-24,23.705343,30.175476,18.232452,11.943024,8.757644,9.103736,2.2408156,0.38242182,2.2913265,5.3902006,0.053476613,260.31512,13
2016-08-25,22.344442,27.72461,17.214294,10.510315,8.917855,9.914089,1.8303032,1.425109,2.411722,5.058149,0.69629467,232.095,13
2016-08-26,20.14673,26.12976,15.333862,10.795898,8.438127,9.280229,1.0230001,1.7945877,2.217884,4.588165,0.9630289,209.6852,13
2016-08-27,19.952894,27.131653,15.105225,12.026428,8.811351,10.003099,1.5910611,0.93787295,1.9010221,4.224658,0.5979618,239.4822,15
2016-08-28,22.601114,30.523682,17.298737,13.224945,8.6307535,9.658419,2.2971056,0.14626436,2.4103775,4.951647,1.1398766,266.35672,13
2016-08-29,25.028479,32.557404,18.894165,13.663239,8.566264,9.420773,1.5966645,-0.31382522,2.0621915,5.003199,0.51273644,281.11975,15
2016-08-30,26.271233,33.0459,20.243988,12.80191,8.421272,8.704934,1.896896,-0.20028146,2.1977918,5.503501,0.40830594,276.02716,14
2016-08-31,25.60888,30.818909,20.83963,9.979279,8.772456,10.037518,1.8552984,0.86096,2.3607273,5.639962,0.21736291,245.10614,13
2016-09-01,23.988668,29.730194,18.722412,11.007782,8.186144,8.71703,1.6949428,0.9780424,2.2879815,5.264187,0.22765832,240.01352,12
2016-09-02,21.59101,26.93155,16.748688,10.182861,8.242142,9.453793,1.6821789,1.4583725,2.3130038,5.0052853,0.41114885,229.0762,14
2016-09-03,19.083666,24.780243,14.098755,10.681488,7.821772,8.403076,1.3415633,1.8922411,2.5032425,5.3436103,1.1819276,215.33594,14
2016-09-04,18.397774,23.387482,14.6927185,8.694763,9.077314,9.669844,3.2317975,1.6887258,3.6546276,6.0995636,1.5631714,242.41138,3
2016-09-05,18.314852,25.168213,13.957794,11.210419,8.68885,9.558616,2.6148884,1.0185719,2.8762066,5.6061063,1.4805703,248.71771,6
2016-09-06,19.99544,28.306274,14.267059,14.039215,8.128334,9.08969,1.4877545,0.65029377,1.9740354,4.3366632,0.16706839,246.38998,15
2016-09-07,21.6521,26.996826,18.036682,8.960144,7.6342793,8.739311,0.8767111,1.8203622,2.2055552,4.778708,0.26596385,205.71611,13
2016-09-08,20.393536,27.264923,15.749664,11.515259,9.174056,9.641747,0.74977446,1.8034735,2.3419359,4.3521338,0.57844716,202.57457,11
2016-09-09,21.294218,28.16632,16.283325,11.882996,8.336388,9.129181,1.8618093,0.66113,2.101667,4.195965,0.9769511,250.45001,14
2016-09-10,22.703094,29.449615,17.849548,11.600067,7.174703,7.6290145,1.9310132,0.54291344,2.1222928,4.2910485,0.40695563,254.29642,13
2016-09-11,22.551086,27.756775,17.80661,9.950165,8.428891,8.899163,2.5394173,1.1546491,2.8291366,5.791535,1.3446316,245.54916,12
2016-09-12,18.866894,24.740784,14.34082,10.399963,9.058702,9.497242,2.3216813,2.0162466,3.120592,5.7824802,1.2881831,229.02757,7
2016-09-13,17.152178,20.518158,14.960785,5.557373,9.597785,9.9653015,2.755412,3.1917298,4.232102,5.380603,3.307459,220.80396,0
2016-09-14,17.324806,24.583832,12.819733,11.764099,7.6025047,8.840386,2.0924284,0.5723409,2.3304589,5.0105176,0.8608224,254.70212,12
2016-09-15,19.375334,27.0141,13.621124,13.392975,6.8517594,7.7718635,1.0910228,0.16296144,1.8747059,3.823886,0.8466434,261.5048,15
2016-09-16,20.117418,27.225464,14.0937805,13.131683,6.3881836,7.0742836,0.38782325,0.4440255,1.4595318,3.0665567,0.13127224,221.1348,16
2016-09-17,21.616922,29.673218,15.804901,13.868317,6.300039,6.9155374,0.45137492,-0.09184379,1.0290369,2.3526347,0.32711554,281.50128,22
2016-09-18,24.703287,32.945587,18.952942,13.992645,6.3707976,7.259243,-0.4216238,-0.058048666,1.9894747,3.6601057,0.8691676,82.160866,13
2016-09-19,25.807325,31.96103,22.25528,9.7057495,7.753905,9.479497,1.1219382,1.0054932,2.016844,5.9881587,0.20221561,228.13298,16
2016-09-20,24.102951,28.363983,21.314575,7.049408,10.913016,12.321767,-0.18273814,1.3673067,2.4658673,4.1803765,0.22189118,172.38762,9
2016-09-21,23.157547,27.443848,20.0271,7.416748,13.273171,14.419364,1.8382903,0.6696157,2.125206,5.2455397,0.6939603,249.98535,14
2016-09-22,20.191826,24.827637,16.557587,8.27005,9.716584,11.414397,3.265994,0.5813091,3.5351827,7.698221,1.2308898,259.9077,7
2016-09-23,18.587616,25.533325,13.312927,12.220398,6.486515,7.884519,1.676005,-2.4448822,3.5509741,7.247407,1.9688851,325.56876,1
2016-09-24,21.745413,29.410614,16.3143,13.096313,6.3723145,6.8114457,0.027698888,-1.803484,2.4205856,3.262711,0.5463367,359.1201,5
2016-09-25,24.062057,31.190033,19.03592,12.154114,6.1482983,7.38071,-1.1585608,-2.2765458,3.0119543,5.386026,1.7257144,26.972075,6
2016-09-26,25.895712,33.622406,20.573761,13.048645,5.7040024,6.2861724,-2.4400787,-1.7534832,3.2445076,6.579755,0.23586455,54.298313,4
2016-09-27,25.649225,31.16394,20.432281,10.731659,7.4777236,8.45002,-1.1330074,-0.15153223,1.8138657,3.2387476,0.8824873,82.38227,15
2016-09-28,24.215729,29.01361,20.35141,8.662201,9.26448,9.897598,-0.07827266,1.2426411,1.4034532,2.5511887,0.22750826,176.39575,21
2016-09-29,24.675787,29.86615,21.09549,8.77066,9.408707,10.198646,1.1828275,0.7973091,1.657404,4.219459,0.17073347,236.01727,15
2016-09-30,24.536886,29.509064,20.729492,8.779572,8.584187,9.202076,1.6649427,0.61055785,1.9763731,5.1620717,0.46822414,249.86131,15
2016-10-01,22.323946,27.087067,17.277466,9.809601,8.603509,8.93973,1.7889547,0.6652637,2.3157103,5.100276,0.48081094,249.6012,12
2016-10-02,19.090239,24.573547,14.184509,10.389038,8.270448,8.949621,1.8953158,0.9716576,2.302519,6.1207814,0.14007354,242.85748,13
2016-10-03,17.040924,23.279083,12.436707,10.842377,6.937748,8.410052,3.0501297,-1.3621465,3.7332113,6.4747515,1.4920659,294.06488,6
2016-10-04,17.978846,24.219604,12.976318,11.243286,7.0346627,7.8528757,2.4075592,-0.59794396,2.792825,6.3332872,1.2154233,283.94785,10
2016-10-05,16.896751,23.843018,12.486847,11.356171,7.2582855,8.470259,1.9578203,-0.19649924,2.193202,5.2400723,0.15592334,275.73138,12
2016-10-06,17.94471,26.816925,12.015045,14.80188,5.8887277,7.523223,0.06739171,-1.5224813,2.515753,4.784565,0.82237196,357.46548,9
2016-10-07,20.931908,28.639862,15.7127075,12.927155,5.2171917,5.9317145,-1.5344251,-1.1636438,2.2770677,4.326892,0.38650692,52.824837,9
2016-10-08,22.696947,28.882782,18.494202,10.38858,5.7012353,6.4830127,-0.0670569,-0.35558525,1.4957867,2.850396,0.5629403,10.67952,22
2016-10-09,23.072083,29.021301,18.552094,10.469208,6.0853157,6.7133327,0.7584289,0.37758708,1.9313793,4.760275,0.35901067,243.53339,15
2016-10-10,22.615889,27.5112,18.986847,8.524353,7.0926075,7.548579,2.3972445,0.6406104,2.5485268,5.356848,0.7916138,255.03857,12
2016-10-11,18.80477,23.953156,14.666504,9.286652,8.122749,9.114654,2.7104082,0.9531439,2.9542973,5.1312184,1.1257793,250.62524,6
2016-10-12,16.617273,22.604736,12.689575,9.915161,7.699041,8.244424,2.083299,0.85845596,2.2714088,4.3043075,0.6929841,247.60513,12
2016-10-13,17.362335,25.319427,12.844482,12.474945,7.3544374,8.130895,1.7202029,0.36309066,1.8181785,3.8899205,0.47691518,258.0813,15
2016-10-14,18.211432,24.010437,13.52066,10.489777,6.907534,7.595289,1.9222056,0.39780888,2.0679853,5.2449956,0.24861382,258.30746,15
2016-10-15,17.746,23.507996,13.528839,9.9791565,9.0901785,10.570187,2.5315425,0.3838886,2.6444838,6.4452233,0.42892367,261.37726,13
2016-10-16,18.263575,22.202087,15.652435,6.549652,11.066062,11.800467,3.899895,1.1989259,4.094066,6.629459,2.626249,252.91125,0
2016-10-17,17.485792,22.098389,15.239899,6.85849,10.028599,10.998973,4.256533,0.95100516,4.4867105,5.9421873,3.862005,257.40567,0
2016-10-18,17.077484,24.472351,12.0448,12.427551,7.222776,9.31242,2.0495598,-2.0098925,3.2462413,5.311742,2.1627939,314.44016,0
2016-10-19,19.711483,27.960297,14.955048,13.005249,5.713595,6.9700384,-1.2090635,-3.0082314,3.8243706,6.3818936,2.476676,21.8961,0
2016-10-20,22.140162,30.680939,17.524872,13.156067,4.288131,5.1277137,-2.713246,-2.6333354,3.974809,7.19305,0.6966082,45.856285,3
2016-10-21,22.5188,29.475708,17.441376,12.034332,5.124346,5.989005,-1.0334117,-0.2952449,2.7754173,3.8997376,1.1327223,74.0554,2
2016-10-22,21.114283,26.490387,17.354828,9.135559,6.9806676,7.9962955,0.51286906,1.8572272,2.1977484,4.6899166,0.77146375,195.43738,14
2016-10-23,19.177511,23.797668,16.351105,7.4465637,7.2059903,7.7411747,-0.72810966,2.047553,2.342478,3.6625926,1.2353337,160.4246,10
2016-10-24,18.921131,22.303253,16.053864,6.2493896,9.535062,10.289842,0.1887831,1.4531068,1.7219763,3.5329702,0.4755243,187.40224,17
2016-10-25,17.813452,24.023407,14.545197,9.47821,9.459425,9.988432,1.1831819,0.19779558,1.3193308,3.284274,0.06423693,260.5095,18
2016-10-26,18.951332,24.721893,15.615906,9.105988,8.38972,9.185335,0.7987272,0.13466059,1.4062515,3.1947808,0.023454977,260.43027,17
2016-10-27,20.360712,23.89093,18.302826,5.5881042,8.086455,8.661777,1.1507157,-0.46394977,1.3858446,3.226573,0.16353928,291.9585,18
2016-10-28,19.060308,21.571869,16.190887,5.3809814,10.093207,11.249144,1.521166,0.88264054,2.0887148,4.194274,0.5782903,239.876,15
2016-10-29,18.638084,23.322205,16.050323,7.271881,10.353581,11.098581,1.3554888,0.34333193,1.5757221,3.463909,0.051486455,255.78647,16
2016-10-30,18.092522,21.462067,16.122162,5.339905,9.682078,10.164757,2.3412325,1.2005911,2.7785854,5.2765446,1.4046885,242.8511,13
2016-10-31,15.191554,19.668793,12.341003,7.3277893,8.565608,9.810317,2.3578503,-0.042563003,2.5280187,4.4029,1.1872975,271.03418,7
2016-11-01,14.588235,19.233032,11.810272,7.42276,7.8806114,8.635462,2.8717782,-0.15250747,2.9624462,5.0435967,1.5361454,273.03986,5
2016-11-02,15.929812,23.658173,11.6371765,12.020996,6.850408,8.222991,0.17768748,-2.4121077,3.0750453,4.325641,2.1959069,355.78693,0
2016-11-03,18.513649,26.336182,14.412781,11.923401,5.339933,6.010231,-1.8488474,-2.5508728,3.2864513,4.5613985,0.8747009,35.934227,4
2016-11-04,19.829203,25.920197,16.444427,9.475769,6.9645786,7.725954,-0.14669615,-0.98880094,1.6109128,2.4062877,0.22031435,8.438712,23
2016-11-05,19.748945,25.416779,15.49704,9.919739,8.039626,9.014601,0.5944601,-0.3644828,1.7059654,4.5756693,0.47918078,301.51382,18
2016-11-06,17.56014,22.312836,13.596283,8.716553,7.3888917,8.238405,1.0709126,0.055270683,1.4098697,3.943221,0.22741356,267.04553,17
2016-11-07,18.293589,25.577179,14.336975,11.240204,6.3820076,7.1131363,-0.16883366,-0.8177287,1.4206047,2.8618205,0.6367963,11.665743,18
2016-11-08,20.434118,28.30603,16.216766,12.089264,6.340363,7.5046973,-1.086089,-1.2441269,2.1022902,3.8253443,0.15870929,41.12007,12
2016-11-09,22.034384,29.117432,17.599945,11.517487,6.679156,7.5602756,-2.3328545,-0.81862813,2.8730786,5.176522,0.73479724,70.663376,6
2016-11-10,21.416956,27.657501,16.727814,10.9296875,5.9884987,6.6609335,-2.4468243,-0.3730123,2.88992,3.884157,0.4209024,81.33213,4
2016-11-11,21.164759,26.75418,16.446136,10.308044,5.7217064,6.1090117,-1.1645473,0.46833873,2.060914,2.9599345,0.8707741,111.908195,9
2016-11-12,19.94875,23.887085,17.460693,6.4263916,6.516291,7.0174627,-0.12119085,0.43846497,1.2746415,2.3634386,0.22006215,164.5493,21
2016-11-13,20.65375,27.060669,15.976074,11.084595,6.577685,7.128099,-0.7918596,-1.0171123,1.768989,3.1533115,1.0242358,37.90208,16
2016-11-14,20.444292,27.403442,16.119019,11.284424,6.295053,7.458211,-0.10308423,-1.0090216,2.0998251,2.8206854,0.49771687,5.8332453,8
2016-11-15,20.151514,24.213776,16.272003,7.9417725,6.0971484,6.857042,1.1737944,0.085142046,1.5763267,3.809475,0.28101486,265.8513,14
2016-11-16,15.970082,19.822693,12.509308,7.313385,7.401062,8.151155,2.108305,-0.54760766,2.4159405,5.776424,1.2020854,284.56018,16
2016-11-17,12.866685,18.992249,8.324036,10.668213,4.654728,6.855709,0.054551184,-3.310854,4.477383,6.3153205,1.0241165,359.05606,3
2016-11-18,14.594245,21.5242,11.217255,10.306946,3.2664032,4.1512637,-3.5148287,-1.0145189,4.526834,7.5701995,1.1234258,73.89976,2
2016-11-19,15.013374,21.455841,11.349731,10.10611,5.0336084,5.999056,-0.9922778,2.009113,2.7342136,4.11636,1.5820959,153.71576,4
2016-11-20,14.715243,17.868591,12.775665,5.092926,6.543535,7.301622,-0.034235764,1.6651722,1.7709786,4.843435,0.24976937,178.82216,17
2016-11-21,13.510695,16.997986,11.701294,5.296692,8.190659,8.957306,2.7027466,1.0790937,4.1737022,6.2316103,2.9014912,248.23524,0
2016-11-22,12.667104,18.62436,8.836426,9.787933,6.745336,7.706575,0.61919755,-1.2325559,2.2954128,4.366046,0.67583114,333.32648,6
2016-11-23,13.950179,19.61203,9.818848,9.793182,6.52236,6.8700824,1.6739234,-1.4854122,2.4124486,4.899756,0.9279309,311.58533,11
2016-11-24,14.181767,22.05658,10.105225,11.951355,4.4193554,6.261149,-2.2329214,-3.838911,5.052561,7.6938252,1.7282387,30.18463,1
2016-11-25,13.852851,21.430725,9.1519165,12.278809,3.9850998,4.9795713,-2.3045766,-1.3761405,3.7534378,5.061713,2.1307282,59.157146,0
2016-11-26,11.996078,16.084717,8.6586,7.426117,5.586229,7.3498507,0.93451184,2.2441826,2.8763187,6.823089,0.32417855,202.6076,12
2016-11-27,10.754696,13.852539,9.01358,4.8389587,6.901047,7.3863435,6.5672226,-0.21693058,6.85893,10.133238,4.6514525,271.89194,0
2016-11-28,9.8080225,14.4646,7.1263733,7.3382263,5.527225,6.9081664,3.0901604,-1.9592862,4.021089,6.7165556,1.914493,302.37634,1
2016-11-29,10.584122,16.957672,6.3423157,10.615356,4.6863036,6.8460445,-1.2586032,-3.091856,3.9953594,6.0507746,1.4436291,22.149784,2
2016-11-30,10.889518,16.47464,7.123749,9.350891,3.6882598,4.3603806,-0.9236753,-1.1364884,2.221074,3.1599095,0.3632584,39.10231,8
2016-12-01,11.134564,15.719025,7.90567,7.8133545,5.1019926,5.3157277,0.1270447,-0.5893542,1.4195207,3.075192,0.38809738,347.83514,20
2016-12-02,9.932225,13.873383,7.210968,6.6624146,4.096373,5.6982512,-1.8868675,-5.645073,6.2392726,10.686047,1.6633317,18.482222,1
2016-12-03,9.958201,17.666748,5.9489136,11.717834,2.8437202,3.6685393,-1.932999,-4.6373267,5.105559,7.3423576,2.7451346,22.62807,0
2016-12-04,13.041444,20.842316,9.583435,11.258881,4.173073,5.614318,-0.26347443,-1.7768683,2.896735,3.349509,1.0443412,8.434373,2
2016-12-05,12.360844,17.572327,8.505768,9.066559,5.726765,6.2333517,0.6831781,-0.52839774,1.2341788,2.477043,0.48539454,307.71982,21
2016-12-06,10.263494,15.174408,7.6241455,7.5502625,5.8753076,6.300408,1.4393984,-0.06575338,1.643036,4.651187,0.053712916,272.61554,16
2016-12-07,10.460014,15.003906,7.5238647,7.4800415,5.3028893,6.518664,0.7495257,-1.2237606,2.2640536,3.4225123,0.6543773,328.5135,7
2016-12-08,11.356589,17.327942,8.643707,8.684235,4.9526744,7.1594715,0.93918866,-0.52819973,1.5994272,4.230425,0.5046447,299.3534,19
2016-12-09,12.59047,17.171814,10.375763,6.796051,8.08775,8.856348,1.4734421,-0.5100681,1.778089,3.5602024,0.61612564,289.09454,16
2016-12-10,13.1336565,18.417084,10.453125,7.9639587,8.598106,9.186145,1.2170624,-0.42931914,1.7116927,4.1842885,0.593974,289.4303,17
2016-12-11,13.701565,18.610504,11.550659,7.059845,8.904641,9.394082,1.9326998,-0.24579866,2.0270455,3.0225978,1.068006,277.24792,12
2016-12-12,12.788117,16.865997,9.968292,6.897705,7.6078477,8.872171,1.6010176,-0.5249274,1.8537363,3.4055367,0.9484469,288.15283,16
2016-12-13,12.725816,17.92154,9.600159,8.321381,7.1324096,8.001587,1.107169,0.037634134,1.2286755,3.2741516,0.25134602,268.0532,18
2016-12-14,13.757045,19.503998,11.10376,8.400238,8.015573,8.344805,0.9890272,0.15988047,1.5088302,3.496313,0.24708772,260.81732,15
2016-12-15,13.8576,17.243774,12.145996,5.0977783,8.420267,9.720195,1.104138,1.0907112,1.7777466,3.80189,0.17083122,225.35051,13
2016-12-16,13.537415,14.404541,12.7778015,1.6267395,8.949641,10.243706,4.2913284,4.2284226,7.0355263,9.310816,3.1301029,225.42303,0
2016-12-17,7.962728,12.849518,3.6637268,9.185791,4.42724,5.8115225,2.382998,-3.165159,4.9070296,7.0286994,0.8457376,323.02448,4
2016-12-18,7.6704087,14.644318,3.7199402,10.924377,2.8147504,3.5005255,-2.4686487,-2.5667942,3.7753744,6.3704906,0.7356618,43.88339,5
2016-12-19,9.333262,16.67743,5.858917,10.818512,2.7474325,3.3095806,-3.6299012,-3.4522915,5.0498147,7.566887,2.2591488,46.436577,0
2016-12-20,10.962917,20.053741,6.778473,13.275269,3.2134552,4.778982,-3.7940178,-3.1565382,5.013688,7.0826554,1.070116,50.240295,2
2016-12-21,12.626842,16.46347,10.120453,6.3430176,4.999348,7.6678896,-3.4043598,-2.1335607,4.1040616,6.1323414,1.4116716,57.924038,2
2016-12-22,11.920189,14.7473755,9.690857,5.0565186,7.0244355,7.6198206,-3.7427547,-3.287461,4.9966235,7.011006,0.6044715,48.705433,2
2016-12-23,11.513596,14.128967,9.972137,4.15683,8.112178,8.681358,0.06544145,2.6469111,2.6997821,7.319159,0.24969824,181.41629,16
2016-12-24,9.294324,11.595245,7.246765,4.34848,6.2889214,8.0244875,3.9642994,1.7497131,6.809571,10.64464,4.117362,246.1849,0
2016-12-25,5.8277154,10.507385,2.552063,7.9553223,3.9584272,4.720079,2.5217206,-2.107601,3.5670576,6.7810307,1.032747,309.88818,6
2016-12-26,7.53684,13.086212,4.877075,8.209137,3.5671165,4.310953,-3.8918884,-0.36259148,4.1719704,7.4752707,1.3359885,84.677345,4
2016-12-27,9.51678,17.845367,5.526123,12.319244,3.9931767,5.730088,-2.6461735,-2.906048,4.035089,6.290069,1.5085344,42.320194,3
2016-12-28,12.052472,20.531525,8.079987,12.451538,4.682759,5.9686356,-2.7405403,-2.710521,4.0247655,6.1301646,1.132828,45.315525,2
2016-12-29,13.716941,21.220917,10.107391,11.113525,5.1785965,6.6432858,-3.294034,-1.8276335,3.9979365,5.565538,0.45541587,60.977104,4
2016-12-30,13.186366,16.251556,11.095032,5.1565247,6.280561,7.7526817,-0.8196807,-0.86512345,2.3370192,4.1990843,0.51071435,43.454983,7
2016-12-31,10.984443,12.696472,9.997467,2.6990051,7.878654,8.27034,2.2662528,1.3203708,2.7660353,4.556706,1.6827086,239.77396,3
2017-01-01,8.230266,12.816925,5.606079,7.210846,5.57731,6.999524,3.2033122,-1.1918675,3.8599622,4.697327,2.5592306,290.4089,0
2017-01-02,8.83598,10.137604,7.8428345,2.2947693,6.3384624,6.6370907,2.2788801,2.4959846,3.4211667,4.387031,2.7673075,222.39667,0
2017-01-03,9.391156,12.533417,8.063629,4.4697876,6.2030487,6.441879,0.12575589,1.1574609,1.5162858,2.4196475,0.66055423,186.20076,20
2017-01-04,9.848611,12.776886,8.228546,4.54834,6.75349,7.780287,0.9054329,1.2247311,1.674276,4.1606684,0.24715075,216.47519,16
2017-01-05,11.869834,14.876495,10.47821,4.398285,8.530118,9.4814415,2.8446705,2.3640792,3.911745,6.374725,2.0790596,230.27155,0
2017-01-06,9.9730215,14.292419,6.105835,8.186584,6.1880307,8.814178,0.29404616,-1.2381357,3.3022785,4.9723005,1.1918048,346.64026,3
2017-01-07,9.976148,15.521179,6.652008,8.869171,5.372659,7.7293057,-2.5782351,-0.13545817,3.0039375,5.1575546,0.3730145,86.99249,4
2017-01-08,13.676517,19.443634,11.146179,8.297455,6.4633713,7.6084414,-1.647792,2.0180051,3.2829044,5.2103877,1.9289751,140.7668,1
2017-01-09,12.934863,14.886688,11.893555,2.9931335,8.538586,9.206594,1.3021894,2.0789392,2.6999724,3.6124213,1.0199062,212.06187,3
2017-01-10,10.60986,12.681671,9.019409,3.662262,7.6426353,8.290536,2.7024434,0.92025876,2.9179897,4.956155,1.9519719,251.19484,2
2017-01-11,12.2146,14.721008,10.991791,3.7292175,8.12205,8.971457,4.3715425,2.8557298,5.2817016,6.176856,3.6234818,236.84525,0
2017-01-12,10.296612,11.627289,9.7369995,1.8902893,7.5105042,7.7023997,1.8722538,2.9722707,3.726216,5.2272987,3.0138407,212.20712,0
2017-01-13,9.420775,11.9687195,6.952362,5.0163574,6.312362,7.291581,-0.41932777,-0.45047343,1.8078314,3.3817816,0.5831603,42.949238,16
2017-01-14,10.951454,17.199188,7.6725464,9.526642,6.2152286,6.728175,-0.58935183,-3.1053429,3.2753212,5.4813576,1.3810413,10.746154,3
2017-01-15,10.336545,14.75592,6.7349243,8.020996,6.296716,7.268937,-0.8082485,-1.1253251,2.424155,2.7953885,1.9155211,35.687252,3
2017-01-16,10.772648,15.244995,6.937805,8.30719,6.2132797,7.4685316,-0.6990383,-0.61434156,1.5838133,3.813978,0.36583927,48.68976,18
2017-01-17,9.548602,15.715088,5.7824097,9.932678,4.655708,6.0995913,0.17812109,-1.619408,2.1171935,3.0349379,0.9363109,353.72318,5
2017-01-18,10.063931,13.049438,7.276428,5.7730103,5.4875107,6.113162,1.2485858,0.6355514,1.8044199,4.0475864,0.29601914,243.02313,16
2017-01-19,10.689191,13.634399,8.681732,4.952667,7.104178,8.181132,2.5114486,2.7935658,5.1803336,7.073012,1.3966902,221.95593,1
2017-01-20,9.623467,12.107819,8.24884,3.8589783,7.210589,8.3741455,4.046819,3.9440231,6.316587,11.566869,3.4964895,225.73705,0
2017-01-21,9.166369,12.99118,6.0753174,6.915863,6.203951,6.9195976,6.474645,-0.12932163,6.656506,8.633052,5.1152763,271.14426,0
2017-01-22,9.351195,11.974609,8.27417,3.7004395,6.9578824,8.678709,-1.0737642,5.7667084,6.329014,11.657282,2.571271,169.45227,0
2017-01-23,9.308196,11.561462,7.8108826,3.7505798,6.8029385,8.500004,5.4595895,3.5590782,6.903286,8.361586,5.611361,236.89989,0
2017-01-24,6.2621346,9.737335,4.0064087,5.7309265,4.8955703,5.5323353,2.544143,-0.7132127,2.7201297,5.0618386,1.2406915,285.66006,7
2017-01-25,6.858954,12.269989,3.0525818,9.217407,4.1867824,5.174752,-0.13779737,-1.2595601,1.8098522,2.8526495,0.4108196,6.2433968,15
2017-01-26,7.3991866,12.938019,3.7070007,9.231018,4.1646304,4.9234266,-0.56263465,-1.782394,2.3510911,3.434754,1.8948045,17.518942,4
2017-01-27,7.490297,12.532806,4.304474,8.2283325,3.8815575,5.040191,-2.9143465,-3.8154109,4.89164,7.220671,1.7983669,37.37388,1
2017-01-28,9.33857,17.37564,5.791168,11.584473,4.0904737,5.3122997,-3.0958698,-3.650411,4.8132825,5.9380336,2.4686341,40.300877,0
2017-01-29,11.195952,19.47705,6.746582,12.730469,4.6664176,6.1244874,-2.7872941,-3.6579208,4.618092,5.958542,2.1865904,37.306988,0
2017-01-30,12.880296,20.576416,8.18985,12.386566,5.3007827,6.77882,-2.479452,-1.9969096,3.286239,4.966918,0.13797663,51.152603,4
2017-01-31,14.303684,19.546875,11.190247,8.356628,5.8687234,7.0570846,-0.5689874,-0.123511456,1.5484743,2.3857002,0.64880484,77.75267,21
2017-02-01,13.038689,17.188019,9.474304,7.7137146,6.0523047,8.009487,-0.32546127,1.3854995,1.9207397,3.781888,0.36258236,166.78058,15
2017-02-02,10.831288,15.277344,7.960968,7.3163757,6.381682,7.366633,0.0362197,1.6369835,1.7449164,2.4269867,0.8994059,181.26752,15
2017-02-03,12.02069,14.616791,10.233337,4.3834534,7.8648744,8.991986,0.827285,1.6255764,1.955718,3.788319,1.0513659,206.97237,16
2017-02-04,12.275744,15.822052,10.11673,5.7053223,8.083126,9.039249,2.1372557,0.173877,2.37933,3.803113,1.7598966,265.34894,10
2017-02-05,10.47112,13.634613,8.140106,5.494507,7.418223,7.938428,0.76312286,0.16431148,1.9225603,3.2937539,0.8179186,257.8489,14
2017-02-06,11.088673,14.386749,10.004272,4.382477,8.014106,9.217401,1.0386513,4.1916747,4.5677037,6.6482587,2.4241052,193.91696,0
2017-02-07,13.025569,15.938202,11.420685,4.517517,9.158295,9.665208,3.2654858,2.6211188,4.346182,6.138319,2.7746532,231.24692,0
2017-02-08,14.4623,19.738403,12.220734,7.5176697,9.520719,10.119259,1.5622927,0.48288253,1.9725065,4.296105,0.18939936,252.82437,12
2017-02-09,16.157675,21.084381,12.971039,8.113342,8.6697235,10.6655655,1.1252877,0.0236787,1.6569082,4.0258164,0.3981449,268.79456,16
2017-02-10,14.148815,17.139923,11.866333,5.27359,8.249664,9.555501,1.436535,0.7794828,1.9567991,3.3906646,0.31469756,241.51517,15
2017-02-11,12.815807,15.930756,10.193848,5.736908,8.087403,9.525294,2.5648003,-0.11371678,2.6869557,3.8512404,2.0312803,272.5387,0
2017-02-12,11.726813,17.898132,8.171478,9.726654,6.338782,7.198662,-0.5062366,-2.712286,3.3355892,6.2305307,0.41121128,10.572364,5
2017-02-13,13.365197,19.687744,9.566376,10.121368,6.11336,7.374975,-0.40224162,-2.5614665,2.845976,3.688485,1.1631712,8.924597,5
2017-02-14,14.208539,19.016632,10.219971,8.796661,6.9834495,7.9840684,-0.58673924,-0.70344645,1.3405061,2.5736086,0.60760546,39.831223,20
2017-02-15,14.186881,21.382599,10.282806,11.0997925,6.1759505,7.7451773,-0.78630775,-1.2426678,2.077548,3.1627624,0.6891963,32.3239,8
2017-02-16,15.031243,17.839783,11.796417,6.0433655,6.6848164,8.042602,1.3574044,0.92666334,1.8538889,4.2929826,0.2207996,235.6797,17
2017-02-17,11.619419,14.938019,10.6050415,4.3329773,8.0653715,8.284194,-2.2358592,5.8524933,6.764839,14.291047,0.7330431,159.09137,3
2017-02-18,9.967044,12.882019,8.040314,4.8417053,7.204611,8.344515,-0.66744876,2.8022897,4.012184,11.405877,0.92299664,166.6029,5
2017-02-19,10.678487,13.881134,8.868011,5.0131226,7.165651,7.5803995,2.6675575,0.6197719,3.0518582,4.691804,1.6507244,256.92014,5
2017-02-20,10.841309,14.263855,9.430634,4.8332214,7.3503838,8.316617,0.012328411,3.3227184,3.5447016,4.6382656,2.7893147,180.2126,0
2017-02-21,12.390919,15.204498,10.670807,4.5336914,8.029544,8.437189,0.69400626,1.5460496,1.8465571,3.553903,0.7032092,204.17485,15
2017-02-22,11.40212,14.464508,8.084503,6.380005,7.160066,8.616818,3.818053,-0.8780697,4.028895,6.9347363,2.4609256,282.9516,0
2017-02-23,7.9878464,12.32547,3.9449768,8.380493,4.8508134,6.4696727,3.6119747,-3.8840444,5.5502963,6.867395,4.278752,317.07864,0
2017-02-24,7.1611495,13.823425,3.0658264,10.757599,3.7725475,4.508985,1.5548652,-2.4962208,3.4483423,6.294057,1.5696453,328.08173,2
2017-02-25,8.431713,13.605255,4.9293823,8.675873,4.450063,5.199292,1.0713044,0.40202376,1.8357059,3.8967319,0.45583317,249.43062,15
2017-02-26,8.553889,12.256866,5.8593445,6.397522,5.821579,6.0660443,1.1474112,1.5268556,2.4641464,3.7296739,0.77201974,216.92438,5
2017-02-27,8.932187,10.925629,7.4824524,3.4431763,6.595968,7.503403,0.8100991,2.0288475,2.6073394,3.7010932,1.738124,201.76636,6
2017-02-28,9.427891,14.977814,5.377136,9.6006775,5.6747155,7.2273707,2.4271343,-1.5293993,3.392482,4.4038973,2.575334,302.21606,0
2017-03-01,10.225596,17.817139,5.665558,12.151581,4.881923,5.7475233,-1.2813251,-2.2579489,3.529626,6.3743715,1.8134234,29.57374,2
2017-03-02,11.986374,20.306122,6.7990417,13.50708,4.7569947,6.0816975,-2.6596625,-2.904588,4.1138825,6.336877,1.6606058,42.4796,2
2017-03-03,13.630094,21.475555,8.172607,13.302948,5.2049108,6.7715015,-2.0723617,-1.793941,3.4558108,5.2243385,0.8520754,49.118877,4
2017-03-04,13.296993,18.007233,10.180908,7.8263245,6.39798,7.0119767,0.40146816,2.0244255,2.3337474,4.4489913,0.7351442,191.21692,14
2017-03-05,11.006626,13.254944,9.392609,3.8623352,7.291242,8.043428,3.4881413,2.286002,4.3887525,8.883244,1.9089677,236.76062,2
2017-03-06,8.172343,14.848145,3.1567993,11.691345,4.433086,5.6313424,2.8763657,-2.4906926,4.429911,7.8942804,3.1718566,310.88983,0
2017-03-07,10.953584,19.502228,6.1408997,13.361328,5.2383776,5.826397,0.1422664,-1.9749502,2.8533103,4.2277384,0.32974067,355.8798,4
2017-03-08,15.014443,22.594818,10.397736,12.1970825,6.4832287,7.518669,-0.40322006,-2.3143182,2.8485973,4.48526,0.7222755,9.883347,4
2017-03-09,17.331408,24.084106,12.15448,11.929626,7.209511,8.615777,-0.8144006,-0.9725421,2.107673,3.8614008,1.1025617,39.942593,14
2017-03-10,18.09045,22.816742,13.476501,9.3402405,7.6650033,8.912482,0.43100846,-0.5060778,1.4365505,2.4155097,0.21047379,319.58014,20
2017-03-11,17.589104,23.453522,12.019928,11.433594,7.946241,9.568249,0.091896236,-1.1644734,1.772283,3.368031,0.4225099,355.48776,14
2017-03-12,17.591368,24.603851,12.476196,12.127655,7.9716496,9.473643,-0.41676053,-1.7593666,2.3199975,3.3791168,0.2461422,13.326641,7
2017-03-13,19.213177,25.971283,14.084869,11.886414,7.4702744,9.035249,-0.46910003,-0.8626078,2.000573,2.898152,1.5048298,28.53806,12
2017-03-14,20.032608,25.312286,15.603882,9.708405,7.51938,9.321373,0.07498501,0.6478087,1.5533718,3.7139616,0.36886382,186.60272,17
2017-03-15,19.681114,23.88684,17.05835,6.828491,7.64337,9.925307,2.189831,-0.4059447,2.4225247,4.7188997,0.26035002,280.5021,8
2017-03-16,17.744896,22.884216,12.950806,9.933411,7.8532467,9.828317,1.7711662,-0.28695607,2.0921385,3.3205054,0.16303481,279.20282,9
2017-03-17,17.856195,23.397095,13.841461,9.555634,7.8434367,9.833191,0.49803475,0.23115946,1.5100759,2.9984944,0.44254994,245.10196,17
2017-03-18,16.703833,22.146942,12.17453,9.972412,7.04155,8.890334,0.16299167,1.409324,1.8336197,3.1686325,1.0224973,186.59709,17
2017-03-19,16.16737,20.863861,12.527496,8.336365,7.290873,8.929622,0.13731961,1.6428655,2.1344001,4.8286176,0.6731505,184.778,15
2017-03-20,13.360822,17.425568,10.171417,7.2541504,7.1846185,8.104492,1.0043317,1.7074347,2.071821,4.2215242,0.7061476,210.46452,14
2017-03-21,13.211278,16.893036,10.989716,5.9033203,8.240536,9.566221,0.8824093,1.9931574,2.4883804,4.5907664,0.9268761,203.8799,9
2017-03-22,13.957249,16.46814,12.3663025,4.101837,8.72839,9.616211,2.7523766,1.0361232,3.5333164,6.7307367,1.7139112,249.37132,2
2017-03-23,11.822727,17.195618,7.8555603,9.340057,6.4405417,7.6096888,4.503825,-2.0835838,5.370665,6.543687,4.361282,294.82648,0
2017-03-24,12.496915,18.785126,8.677826,10.1073,6.875072,7.4472036,2.153325,0.4537343,2.2537029,5.6018476,0.13342322,258.10107,13
2017-03-25,13.386304,17.453308,10.434998,7.0183105,7.9549294,8.218769,3.6447074,0.31683552,3.6955023,5.8860273,1.4962925,265.03174,4
2017-03-26,13.044594,17.57727,10.043854,7.5334167,7.5391917,8.234644,2.1614053,-0.3380158,2.5120313,5.187259,0.27486408,278.88834,10
2017-03-27,12.99807,17.789703,9.2742,8.515503,7.3058953,8.105615,3.456165,-1.7898115,4.04561,8.961065,1.844131,297.37787,5
2017-03-28,13.552739,20.575317,8.410736,12.164581,5.8891587,7.210178,1.0670089,-4.6395645,5.300276,8.66895,2.8941658,347.0483,0
2017-03-29,15.949291,23.921661,10.596405,13.325256,6.2434425,7.3690248,0.14320865,-2.4514744,3.1993835,4.301285,1.0066496,356.65674,3
2017-03-30,15.940083,20.778503,11.994324,8.78418,8.471679,9.097526,3.0475323,-0.6638335,3.2549152,9.299021,0.6076247,282.28857,12
2017-03-31,12.414379,18.717041,7.09964,11.617401,5.6493015,6.4576306,3.743542,-4.5562377,6.0589576,9.110176,3.0144286,320.59244,0
2017-04-01,14.071031,21.162933,9.10376,12.059174,6.5197577,7.0349083,0.7103915,-1.3074906,1.9047047,3.5741584,1.1613865,331.4837,17
2017-04-02,15.949153,21.04538,12.103455,8.941925,7.128096,7.7878366,1.2158335,0.9569815,1.9991919,4.7347546,0.023447227,231.79375,13
2017-04-03,13.647992,18.496674,9.331268,9.165405,7.131868,8.012426,1.8582749,0.86202794,2.2328568,4.854777,0.4951473,245.11407,14
2017-04-04,13.860813,21.39569,8.502167,12.893524,6.9930954,7.9870105,0.30979,-0.09471593,1.9892287,4.4831824,0.45957124,287.0006,12
2017-04-05,17.647058,23.699097,13.42392,10.275177,7.1437173,8.000198,-0.09071049,0.76696855,1.8497438,3.6738327,0.22733383,173.25487,13
2017-04-06,17.126738,21.134247,13.463898,7.670349,7.119002,8.459615,1.1092085,1.4267865,2.0094798,4.2423534,0.12150584,217.86212,14
2017-04-07,13.924808,19.122375,9.306915,9.81546,6.9918327,8.153232,1.0210804,2.391131,2.862627,5.2626777,1.4331841,203.12386,7
2017-04-08,13.7249365,17.068878,11.479095,5.5897827,7.558544,8.575021,3.0846856,1.5001513,3.9143114,7.313352,1.6911513,244.0653,2
2017-04-09,11.5330925,18.539703,5.889374,12.65033,5.103506,6.4423003,1.1954082,-2.580551,3.7230828,7.406085,1.5018946,335.14465,4
2017-04-10,14.590207,21.60672,9.498474,12.108246,5.712261,6.4235797,1.0910636,-1.0441118,2.3651032,3.7365973,0.26189524,313.7403,6
2017-04-11,15.199455,20.274933,11.561279,8.713654,6.543186,7.4527445,1.6574289,0.59835917,1.9176565,4.9573483,0.2335591,250.1496,13
2017-04-12,14.779119,20.03778,10.097778,9.940002,7.769123,8.019063,2.451568,0.69621724,2.6941826,5.509174,0.20854485,254.14607,10
2017-04-13,14.117711,18.183594,11.375732,6.8078613,8.338866,9.158725,4.2143,0.8354942,4.3190475,7.334108,2.5328193,258.7864,0
2017-04-14,12.718226,19.027649,8.363464,10.664185,6.207544,7.2036567,2.974559,-1.9208008,4.052098,7.062038,2.815047,302.85208,0
2017-04-15,14.283585,22.016266,8.342316,13.67395,6.2058024,6.7867537,1.0066077,-1.0064306,2.9216738,4.555041,1.1510248,314.99496,4
2017-04-16,15.945057,21.408966,12.263458,9.145508,6.637942,7.592379,1.8351002,1.0255435,2.3567436,5.175876,0.40154946,240.80142,14
2017-04-17,15.022518,19.894043,11.083771,8.810272,7.606571,9.383444,2.5663433,0.72279054,2.6860876,5.130441,0.6382373,254.27054,11
2017-04-18,15.371137,19.625183,11.915009,7.7101746,9.369122,9.983005,2.922104,1.365358,3.2941647,6.171145,1.0993319,244.9556,9
2017-04-19,15.769328,21.847137,11.091705,10.755432,8.384601,9.892436,2.9098065,-0.39983907,3.3674724,5.690886,2.1162176,277.82407,0
2017-04-20,16.038939,22.602814,10.694672,11.908142,7.2176347,8.53754,2.7873423,-2.0730054,3.7508848,5.929971,1.6863995,306.63898,3
2017-04-21,17.59981,25.830017,11.677948,14.152069,6.9300866,7.772416,0.76661175,-2.6865432,3.7051437,5.848886,1.0524324,344.07376,3
2017-04-22,20.198479,26.233856,14.554321,11.679535,7.472647,8.626655,0.5250978,-0.476508,2.3369396,4.5660124,1.6050253,312.22266,12
2017-04-23,18.353014,24.039825,13.470612,10.569214,8.836182,9.618418,2.3613808,0.56012857,2.537432,5.7792587,0.012493803,256.65585,12
2017-04-24,15.51791,20.471191,11.340027,9.131165,7.921238,8.554492,3.7740471,-0.33654723,3.8302429,7.3150854,2.00864,275.09583,0
2017-04-25,15.328949,21.066132,11.296692,9.76944,7.3179307,8.483665,4.492632,-2.979757,5.6665306,7.250378,4.7795005,303.5545,0
2017-04-26,16.847742,23.657349,12.129608,11.5277405,8.029194,9.04604,3.278817,-2.793059,4.654453,7.4517446,2.751427,310.426,0
2017-04-27,17.73495,23.532562,12.864929,10.667633,8.679081,9.986136,3.8596075,-2.9415646,4.962975,8.366642,3.5102508,307.3125,0
2017-04-28,17.333178,22.580658,12.132782,10.447876,6.491676,7.334743,3.619358,-5.7904625,7.0566316,8.683076,5.6403146,327.99234,0
2017-04-29,17.418108,23.82016,11.914825,11.905334,4.759941,6.5485005,-1.6672497,-4.578638,5.6293664,7.984372,1.9599013,20.008415,1
2017-04-30,18.586138,25.14215,12.7453,12.396851,5.7320495,6.8644495,1.1475782,-0.36275437,2.3360143,4.4581676,0.90901166,287.54196,13
2017-05-01,19.119305,26.659973,13.0208435,13.63913,7.3726735,8.2850685,0.7884715,-0.11461571,1.8835758,4.488351,0.44827685,278.27084,15
2017-05-02,20.131752,27.051056,14.3403015,12.710754,8.079062,9.134103,0.83996075,0.08352041,1.6417712,4.097647,0.0854653,264.32153,17
2017-05-03,20.65315,27.67099,14.81485,12.85614,8.636609,9.418218,0.5521237,0.4772984,1.6839608,4.1161575,0.23512925,229.15733,16
2017-05-04,20.800697,26.992706,15.488739,11.503967,8.139485,9.529301,1.4624509,0.6570588,1.8993229,4.881774,0.09698906,245.80627,15
2017-05-05,17.98297,23.663727,13.765167,9.89856,7.8232017,8.875159,1.7584604,1.219214,2.2513912,4.5148478,0.23759127,235.26483,13
2017-05-06,13.910216,19.59497,11.760498,7.8344727,7.8722177,8.256454,2.5159824,2.0427701,3.256551,7.805451,1.1209228,230.92625,7
2017-05-07,10.454312,14.115845,7.9986877,6.117157,5.9450417,6.370014,2.2280505,1.9176039,3.733806,7.8331842,0.5709748,229.28261,10
2017-05-08,13.326279,21.26477,7.821289,13.443481,5.6278205,6.373357,0.37130848,-1.5558467,2.252948,4.0612264,0.49899998,346.57724,9
2017-05-09,15.816422,20.842346,11.172974,9.669373,8.194588,8.821335,0.7960231,1.118034,2.791939,5.0079308,0.5326889,215.4503,9
2017-05-10,15.180772,20.404266,12.322296,8.08197,8.729314,9.129339,-0.0505451,3.3496218,3.4536335,4.9996095,2.675061,179.13547,0
2017-05-11,16.591318,22.317505,12.379547,9.937958,8.730131,9.106244,1.6467861,1.4594498,2.4111488,4.951125,0.19417931,228.45131,11
2017-05-12,16.030794,21.641418,11.091858,10.549561,7.961202,8.337027,2.5257902,0.5951634,2.6976945,5.8586946,0.91743594,256.741,11
2017-05-13,15.37616,21.921204,9.84317,12.078033,6.3423285,8.046938,3.0222178,-1.7621678,4.098145,5.773986,2.6765468,300.24524,0
2017-05-14,14.391358,19.965607,9.690216,10.275391,6.9778614,7.4894595,1.7002468,1.461816,2.7742565,5.826862,0.29593587,229.31215,11
2017-05-15,12.970164,16.61258,10.207367,6.4052124,6.787258,7.5119395,3.771597,2.09082,4.371599,6.0420203,3.3246527,240.9978,0
2017-05-16,13.150731,18.055573,9.786377,8.269196,7.0839753,7.302729,3.870064,1.0142804,4.0946765,5.6328526,3.1065755,255.31403,0
2017-05-17,14.027619,19.456573,10.975159,8.481415,7.444908,7.7076263,3.3629944,0.38736287,3.497607,6.5904694,1.7880876,263.4294,5
2017-05-18,15.642486,22.826508,9.726868,13.09964,6.6559505,7.476614,1.5966083,-0.985347,2.6473498,6.3970003,0.92551184,301.68082,9
2017-05-19,18.44911,25.856964,12.3315735,13.525391,5.9060397,7.311461,-0.44221926,-0.8583968,2.3134186,3.7579882,0.22016113,27.25611,9
2017-05-20,21.013916,28.4021,14.444885,13.957214,6.5861716,7.835446,0.8306921,-0.60265094,1.9578938,3.898933,0.6025886,305.96014,13
2017-05-21,22.272055,28.01413,16.276337,11.737793,7.6225877,8.649256,1.9026569,-0.13867746,2.594944,5.2234917,0.5868872,274.1687,11
2017-05-22,21.582815,28.162872,15.536957,12.625916,7.6017075,8.804281,1.380339,0.0822439,1.7161523,5.0408087,0.3257371,266.5902,16
2017-05-23,21.836884,27.970917,16.439056,11.53186,7.8522887,9.21829,1.8665686,0.4552895,2.2420108,4.6144195,0.47812656,256.2922,12
2017-05-24,19.885118,26.29712,14.813232,11.483887,7.5256457,8.6933,2.0942938,1.0769418,2.4405344,4.653675,0.7031311,242.78656,11
2017-05-25,15.3682785,21.974548,11.001556,10.972992,7.7839084,8.586786,2.4790256,2.4418557,3.5057538,5.762147,1.8160466,225.43279,2
2017-05-26,15.01545,19.198212,12.428955,6.7692566,8.283722,8.91791,3.0058327,2.7835424,4.103925,5.1859646,3.0749264,227.19887,0
2017-05-27,16.530163,23.130524,12.275055,10.855469,8.440776,8.853645,2.6974485,1.0111543,3.0565617,5.0884824,1.3621905,249.4512,3
2017-05-28,18.360647,25.74289,12.506378,13.236511,8.475642,9.050012,2.0965407,0.44476023,2.4144876,4.2712955,0.64789623,258.02283,8
2017-05-29,18.608614,23.393097,13.575134,9.817963,8.341267,9.056079,1.865888,0.8640488,2.2665393,4.2105203,0.6971175,245.15225,11
2017-05-30,18.013935,24.360596,13.456726,10.90387,8.226523,9.008753,1.5940632,1.567499,2.273858,4.379344,0.83181465,225.48141,13
2017-05-31,16.702766,21.788116,12.638733,9.149384,8.129064,8.527561,2.1423514,0.63701373,2.6179605,4.5689716,1.0481809,253.44052,10
2017-06-01,17.967648,24.532837,13.134369,11.398468,9.166827,9.592547,2.328068,0.7628269,2.6438944,4.587725,0.9674128,251.85783,8
2017-06-02,19.972166,27.536682,13.473907,14.062775,9.180556,10.562781,1.2079765,0.59764004,1.7862004,4.5966187,0.23047799,243.67633,15
2017-06-03,20.78176,26.075104,15.455475,10.619629,7.988154,9.014972,0.95690256,1.500923,2.0830934,4.1561327,0.46718916,212.51926,13
2017-06-04,20.823524,26.475372,16.075348,10.400024,8.815629,9.194785,1.9399878,1.205041,2.4079514,4.7434406,0.67938995,238.15314,12
2017-06-05,20.140163,25.893585,14.722351,11.171234,7.7395325,8.46238,1.3689213,1.0693793,1.9044136,4.5320573,0.18976308,232.00363,14
2017-06-06,18.89469,24.927979,13.799347,11.128632,8.053695,9.317858,1.4296688,1.538959,2.1269114,4.669396,0.34820774,222.89162,13
2017-06-07,18.246626,23.898834,13.714752,10.184082,8.765611,9.7223425,1.6452222,1.934084,2.5526502,4.987836,0.40817413,220.38605,11
2017-06-08,17.420874,24.04544,12.310883,11.734558,7.907328,8.411291,2.6549714,1.0490603,2.9468353,6.0490546,0.8669266,248.43951,10
2017-06-09,18.264215,23.760529,13.006683,10.753845,8.987994,10.777235,3.0262067,0.72080994,3.1770487,6.6316934,0.20857926,256.60242,8
2017-06-10,17.310135,22.086182,13.345642,8.74054,9.383101,11.102804,3.9263322,1.1345893,4.169432,6.7741027,2.5062697,253.88232,0
2017-06-11,16.038357,20.024475,12.293243,7.7312317,8.121026,8.876602,3.8330734,1.5000566,4.1616826,6.9783745,2.3354185,248.62733,0
2017-06-12,15.451112,21.77713,9.993713,11.783417,6.49245,7.4681606,4.43443,-0.5746362,4.7850404,6.844668,3.3494914,277.38354,0
2017-06-13,17.957926,26.065948,11.599091,14.466858,6.9209366,7.6870937,2.012592,-0.84759825,2.7528775,6.0634317,0.8621469,292.83826,9
2017-06-14,20.754852,28.674805,14.200714,14.474091,7.4726334,8.000826,1.3814526,0.012606303,1.992726,4.1970606,0.44720656,269.47717,14
2017-06-15,22.431406,29.45813,16.111664,13.346466,8.042168,8.806663,1.7744704,0.22416717,2.0663795,4.6379876,0.5443968,262.80002,14
2017-06-16,23.417786,30.876282,16.31601,14.560272,7.858545,8.668332,1.4523344,0.06189518,1.9545321,4.221431,0.52935886,267.55966,15
2017-06-17,23.957863,30.73529,17.168915,13.566376,8.402013,9.135399,1.4858376,0.549216,1.8677603,4.2069874,0.16536362,249.71399,14
2017-06-18,24.447393,31.457825,18.383484,13.074341,8.99853,9.561039,0.9267905,1.1484753,1.7522751,3.994352,0.1794429,218.90265,15
2017-06-19,25.11654,31.201996,19.742828,11.4591675,9.276174,9.969794,1.6178993,0.80348104,2.0079072,3.939197,0.5371228,243.5901,15
2017-06-20,25.680082,32.165558,20.349152,11.816406,7.9218087,8.999851,1.8742185,0.72937363,2.1339138,4.300783,0.40952688,248.73593,12
2017-06-21,25.835938,31.17212,20.612976,10.559143,8.0930395,9.780861,1.7649521,0.807988,2.2092032,4.6305585,0.43920958,245.40189,13
2017-06-22,23.772322,28.979156,19.013306,9.965851,7.990895,8.944335,1.0807315,1.7569596,2.1563394,4.225032,0.38121614,211.5963,12
2017-06-23,22.053347,28.655884,16.679077,11.976807,8.126821,9.369466,1.8070637,0.9542289,2.2685225,4.083149,0.7347522,242.16348,12
2017-06-24,23.692984,29.873627,19.106384,10.767242,9.036134,10.71165,2.4753463,0.40036663,2.7463558,4.7753015,1.0475112,260.81244,11
2017-06-25,25.696144,33.411316,19.470673,13.940643,9.508175,11.451506,2.976991,-0.19652547,3.0510938,6.33198,1.0953621,273.7769,10
2017-06-26,26.619995,32.133423,20.092346,12.041077,7.0956454,7.9575877,4.211409,-0.8145687,4.5437217,7.628797,2.1952083,280.94696,0
2017-06-27,24.66683,30.338501,18.297516,12.040985,7.135535,7.9804473,3.072541,0.4817418,3.257219,7.1887846,0.7063069,261.08917,7
2017-06-28,21.993818,28.0849,15.67923,12.40567,7.4548554,7.8991895,2.0755682,0.9885277,2.342772,5.410948,0.14397039,244.53302,12
2017-06-29,20.458319,27.561188,14.313751,13.247437,7.9036026,8.5586405,1.7123135,1.1955527,2.152422,4.5148463,0.7956694,235.0769,13
2017-06-30,20.735022,28.176605,14.362976,13.813629,8.294934,8.691256,1.6642987,1.0012513,1.9856133,4.1254144,0.49157327,238.96866,14
2017-07-01,21.234707,26.636292,15.90213,10.734161,7.7892213,8.543402,1.6146708,1.2463769,2.1056187,4.4430532,0.42583835,232.33517,14
2017-07-02,19.84305,26.14502,14.52002,11.625,7.6844974,8.166406,0.4327933,2.2201405,2.4839058,4.2844777,1.0261016,191.03088,12
2017-07-03,21.357218,29.354004,15.223541,14.130463,6.904431,7.5297804,0.35494027,1.8009286,2.1231167,3.833141,0.70182246,191.14938,12
2017-07-04,23.988945,30.666016,17.799652,12.866364,7.0647316,8.105477,2.309263,0.678994,2.4717798,4.5916033,0.6024377,253.61505,10
2017-07-05,25.029703,31.038208,18.797272,12.240936,8.218802,8.636797,1.975166,0.44447818,2.1507425,4.369564,0.47869116,257.3178,12
2017-07-06,25.797722,32.429962,19.737122,12.692841,8.704921,9.150195,1.8122278,0.46118465,1.962823,4.473789,0.15587576,255.72217,14
2017-07-07,27.675417,34.60965,21.995636,12.614014,9.241311,10.152106,1.677198,0.43577576,2.1497421,4.2942715,0.84827363,255.43526,15
2017-07-08,28.792038,34.54953,23.429474,11.120056,8.973042,9.325594,1.3625706,0.4775506,1.913125,3.8998873,0.25961182,250.68558,15
2017-07-09,26.455141,32.042297,21.398773,10.643524,10.212557,11.193551,-0.11646999,2.65181,3.225036,6.4204903,1.2415524,177.48512,9
2017-07-10,25.550009,31.605804,21.618164,9.98764,10.242578,11.219808,0.3829156,1.6700435,2.1917524,4.9412856,0.22060539,192.91385,14
2017-07-11,25.002121,30.383148,20.421173,9.961975,9.307888,10.360138,1.5450577,1.5462694,2.325472,4.9186363,0.24963875,224.97755,12
2017-07-12,24.113977,29.891663,18.708405,11.183258,9.491115,10.111363,1.7270151,1.4897422,2.436859,4.733965,0.72583133,229.2186,12
2017-07-13,24.021828,29.777588,18.49002,11.287567,9.669039,10.098608,1.8846074,1.1552695,2.361274,5.082145,0.49389827,238.49161,12
2017-07-14,24.400192,30.401642,18.480225,11.921417,8.316745,8.79904,2.0522125,0.79864675,2.2528207,4.958112,0.074444115,248.73582,12
2017-07-15,25.861275,32.214294,20.39093,11.823364,8.70003,9.410557,1.7016422,0.51255804,2.0094893,4.3506126,0.10647468,253.23698,13
2017-07-16,25.966032,31.648956,21.216064,10.432892,8.940863,9.598892,0.6839769,1.7207314,2.255326,4.2459903,0.37448895,201.67743,11
2017-07-17,25.043112,31.19934,20.098572,11.100769,8.75241,9.849529,0.5964551,1.8447822,2.2037024,4.0480323,0.44105145,197.91707,12
2017-07-18,24.664383,31.78888,18.94815,12.840729,8.708158,9.458825,1.1392001,1.1165314,1.9147043,3.8938365,0.47530714,225.57578,14
2017-07-19,24.96797,31.017395,19.555206,11.462189,8.298023,8.886202,1.6510491,1.1077074,2.2756946,4.731322,0.48437178,236.1419,13
2017-07-20,24.364828,30.062775,18.574463,11.488312,9.077252,9.799691,1.4669752,1.6191298,2.400263,4.708222,0.7297435,222.17743,13
2017-07-21,23.539505,30.032898,17.547363,12.485535,8.504923,9.238019,1.5703996,1.0598897,1.964345,4.5306864,0.16021359,235.98392,14
2017-07-22,24.077417,30.901154,17.761963,13.139191,8.473474,9.092914,1.0846343,1.1918787,1.9769254,4.2781286,0.2888305,222.30284,13
2017-07-23,24.409836,30.147858,19.392578,10.75528,8.265103,8.730669,1.3700305,1.620063,2.2057197,3.9468572,0.56288785,220.22003,12
2017-07-24,22.988676,28.395264,18.805695,9.589569,8.917683,10.409982,0.5103696,2.2387292,2.5263488,3.8792622,0.93491995,192.8424,11
2017-07-25,22.810425,28.34491,18.48529,9.859619,10.970851,11.218923,1.3952912,1.954463,2.5611618,5.096807,0.8301873,215.52306,9
2017-07-26,23.465483,29.281921,18.883514,10.398407,11.638913,11.947203,2.241268,1.4115992,2.6950715,4.930339,0.36409968,237.79639,10
2017-07-27,24.195389,30.21109,19.422668,10.788422,9.559899,11.031589,2.2076843,0.7084139,2.4306633,4.81803,0.8372121,252.20932,12
2017-07-28,24.009989,29.944672,18.190582,11.754089,8.679843,9.193029,1.5727558,1.0681707,2.0048265,4.452382,0.064290255,235.81679,13
2017-07-29,23.268127,30.416565,17.469421,12.947144,8.610977,9.133834,0.88732463,1.8362433,2.333431,4.613385,1.0800217,205.79115,13
2017-07-30,23.570425,31.426666,17.851746,13.574921,10.122178,10.830699,1.6227827,1.0901917,2.0568244,4.4681487,0.19063649,236.10664,12
2017-07-31,24.725103,32.935944,18.174377,14.761566,8.683434,9.690295,1.8403816,0.1870416,2.082039,4.108574,0.5493182,264.19684,12
2017-08-01,26.96247,33.303802,22.094543,11.209259,9.558595,10.474371,0.31589678,0.77875805,1.6137252,3.4151502,0.114042036,202.07953,14
2017-08-02,26.113571,31.267517,23.639618,7.627899,11.788329,14.50564,0.58731085,0.6389343,1.4663085,3.6169512,0.3209812,222.58934,20
2017-08-03,25.44319,28.632294,22.929352,5.702942,14.733914,15.186955,1.552113,0.94438267,1.9013952,3.5798724,0.6621855,238.68161,12
2017-08-04,25.124731,30.660553,20.812988,9.847565,12.333386,13.423071,2.2044287,1.0212845,2.4719982,5.119109,0.7971975,245.1423,11
2017-08-05,23.9942,29.836212,18.57483,11.261383,9.722062,10.978141,1.4999431,1.3488315,2.3069496,4.7442117,1.049545,228.03638,14
2017-08-06,23.481318,29.135773,18.550903,10.584869,9.752918,10.984626,1.5791374,1.325952,2.1570492,4.8155646,0.36946815,229.98088,13
2017-08-07,23.524353,29.385498,18.278046,11.107452,10.668823,11.62072,2.535405,0.8011954,2.6930885,5.668376,0.6479177,252.46332,11
2017-08-08,24.1613,30.414764,18.646332,11.768433,8.492065,9.616911,2.1021624,0.65020996,2.3764567,5.643035,0.4339102,252.8129,12
2017-08-09,23.85658,30.01181,18.14801,11.8638,7.779343,8.250524,1.8665954,1.0446337,2.2063332,4.6886663,0.2141778,240.7666,12
2017-08-10,24.143044,30.195343,18.727142,11.468201,8.170906,9.398085,1.7214483,0.844172,2.1376903,4.5093246,0.44240698,243.87738,13
2017-08-11,24.903616,31.292389,19.60254,11.68985,8.0911875,8.905869,1.698722,0.71520096,2.0780108,4.765979,0.43997025,247.16779,14
2017-08-12,24.389124,29.779633,18.817383,10.96225,8.476015,8.761071,1.7473564,1.1582259,2.188217,4.534974,0.25472286,236.46182,13
2017-08-13,22.917068,29.590302,17.311798,12.278503,8.086429,8.57754,1.0116466,1.3241582,2.0331485,4.714747,0.54022896,217.37955,15
2017-08-14,21.162523,27.049377,15.907257,11.14212,8.2551775,8.53669,1.6633635,1.9663801,2.8151455,5.8418646,1.0987679,220.22794,12
2017-08-15,19.667841,24.786255,15.755127,9.031128,9.816454,10.475933,2.623028,2.340968,3.5295322,5.4334064,2.220633,228.25212,0
2017-08-16,19.91886,26.72174,15.564697,11.157043,9.723885,10.365316,1.6697391,1.6472206,2.3724504,4.4857287,1.2878672,225.38898,12
2017-08-17,21.610977,28.653107,16.433075,12.220032,9.44529,10.162204,1.2714592,1.0558887,1.7288316,3.6282768,0.4758827,230.29193,14
2017-08-18,22.633217,28.941711,17.423157,11.518555,8.334163,9.153367,1.4056908,0.97370607,1.8337046,4.409826,0.2068023,235.2901,14
2017-08-19,21.952652,27.644775,16.939331,10.705444,9.405343,9.940562,1.7495064,1.687944,2.516711,4.7640724,1.0132574,226.02603,12
2017-08-20,21.30979,27.859894,16.245026,11.614868,9.463931,10.476459,0.6988125,2.1611023,2.570233,4.524877,0.98279136,197.9191,12
2017-08-21,21.055832,27.414062,16.537598,10.876465,9.153091,10.4662285,0.9827983,1.6702638,2.0160367,4.254759,0.08335032,210.47295,13
2017-08-22,22.502298,28.67868,17.686554,10.992126,8.353618,8.975208,2.046836,0.64864117,2.4373453,4.983879,0.9902955,252.41663,14
2017-08-23,21.805243,26.950958,17.272003,9.678955,8.304286,9.058117,2.1361969,1.5301375,2.6732585,5.031271,0.63170606,234.38634,10
2017-08-24,21.181833,28.180359,16.176208,12.00415,9.341441,10.228739,1.3109758,1.182675,2.0413287,4.87596,0.4967701,227.94533,14
2017-08-25,22.762894,28.44168,18.191895,10.249786,9.198167,10.404679,0.64354724,1.246416,1.8248867,3.8178368,0.19999799,207.30814,14
2017-08-26,23.904312,31.310242,19.406952,11.90329,6.8867393,7.680378,0.9083999,1.0565524,1.7236301,3.7596908,0.139224,220.6882,14
2017-08-27,26.252554,32.983246,20.614594,12.368652,7.2349854,8.625421,2.1987894,0.22620635,2.440445,4.421144,1.0915732,264.12622,12
2017-08-28,27.884981,34.39566,22.38913,12.006531,8.384979,8.74135,1.5339385,0.18673368,2.1482918,4.2588854,0.32291275,263.05927,13
2017-08-29,29.569458,34.002655,25.439484,8.563171,8.797214,9.680913,1.4343877,0.5428097,1.9012785,3.7770152,0.15362957,249.27206,14
2017-08-30,29.196848,35.110535,23.753235,11.3573,9.397754,10.220005,0.5053078,0.0027120411,1.8039165,3.200491,0.35430577,269.6925,15
2017-08-31,29.634827,35.183136,25.12387,10.059265,10.224471,11.564811,-0.30812812,-0.0800549,2.0452404,2.7768369,0.73543936,75.43595,9
2017-09-01,29.149374,36.10315,23.87854,12.224609,10.289933,11.409331,-1.1773554,-0.72303444,1.765855,3.9021597,0.2326655,58.445187,16
2017-09-02,29.60517,34.589905,24.14743,10.442474,9.858372,10.583439,-0.5576993,0.19748123,2.1393273,3.5687041,0.67514735,109.49904,15
2017-09-03,29.567148,33.29135,26.40924,6.8821106,12.144567,14.054217,-0.80172175,1.3250958,1.9675177,4.8840055,0.3478524,148.82483,14
2017-09-04,24.160578,28.73816,21.076843,7.661316,13.896378,14.580439,0.28386712,3.0756567,3.3999865,5.434773,1.8887856,185.27316,3
2017-09-05,23.64754,30.202026,19.415863,10.786163,12.442215,13.638813,1.5962315,1.2088164,2.3568242,5.3470774,0.3595358,232.86359,13
2017-09-06,24.84224,30.575195,20.115662,10.459534,11.191598,12.409041,3.167983,0.22439532,3.321345,5.9677243,1.4135666,265.94836,5
2017-09-07,24.292265,30.357758,19.648163,10.709595,9.297851,9.904739,2.519806,0.50504804,2.8199475,5.533424,1.1628333,258.66632,12
2017-09-08,22.935873,27.796661,18.435791,9.36087,8.761283,9.509712,1.2857293,1.6374012,2.357852,5.189777,0.32871047,218.13992,12
2017-09-09,21.70344,27.671265,17.123291,10.547974,8.575389,9.115371,0.32624432,1.380973,1.9051093,4.0335374,0.77606416,193.292,15
2017-09-10,24.038256,30.269562,20.77597,9.493591,10.426676,11.240508,0.50039524,-0.22216181,1.5453805,3.0521746,0.7408134,293.9399,19
2017-09-11,25.09107,30.466675,21.313019,9.153656,11.826579,13.008987,0.79095584,1.2473344,2.0043526,4.915755,0.2559347,212.37949,13
2017-09-12,23.658262,28.4534,19.647552,8.805847,12.521794,13.572041,2.2311294,1.4608517,2.758999,5.1862135,1.1385996,236.78488,11
2017-09-13,20.919992,25.885895,16.40979,9.476105,10.693245,12.305806,2.720639,1.5769283,3.310547,5.6140633,1.5780827,239.90271,6
2017-09-14,18.794329,24.517975,15.6319275,8.886047,10.3031845,10.930471,3.6653183,1.3722101,3.947189,6.162892,2.7612724,249.47528,0
2017-09-15,19.753187,25.117432,16.236816,8.880615,11.188006,11.838421,4.0926347,0.90506107,4.2098646,6.1425347,2.9530833,257.5301,0
2017-09-16,20.049839,26.04425,15.751007,10.293243,9.947352,11.206233,1.9300146,0.7818091,2.4826505,5.121615,0.49793223,247.94815,10
2017-09-17,20.050482,26.290314,16.138,10.152313,10.439347,11.149432,2.083453,1.3119663,2.4689908,4.4841027,1.3708006,237.80106,10
2017-09-18,20.25948,25.976013,15.818054,10.157959,10.342097,11.288476,2.589588,0.8805817,2.7942371,5.537843,1.3931836,251.21956,11
2017-09-19,18.993635,25.149445,14.9435425,10.205902,9.9454565,10.748783,2.2987597,1.0078584,2.617239,5.5221243,0.46031168,246.32565,10
2017-09-20,19.268927,24.625702,14.755737,9.869965,10.028081,11.229318,2.6370523,0.82838774,2.915202,5.4893365,0.71827084,252.56073,10
2017-09-21,18.407759,22.346924,15.977875,6.369049,10.369561,11.290552,3.851301,1.7370123,4.271773,6.3424277,2.9440322,245.7237,0
2017-09-22,16.394333,21.704132,11.908051,9.796082,6.9362197,7.987302,1.9524204,-0.016809175,2.1692905,5.5878267,0.16783175,270.4933,13
2017-09-23,16.574293,22.554016,11.965912,10.588104,6.9912286,7.7628036,1.4115338,-0.024654543,1.8852698,4.986139,0.13267057,271.00067,14
2017-09-24,18.420713,25.169373,13.271301,11.898071,6.4937215,7.535136,0.19077583,-0.65266484,2.011617,3.609593,0.61707234,343.7062,12
2017-09-25,20.380014,26.58319,15.60672,10.976471,5.3908954,6.5933156,0.071817,-1.3650385,2.1826465,3.346003,0.5717787,356.98834,4
2017-09-26,20.924135,26.967255,16.359833,10.607422,6.0881557,6.640218,0.29378274,-0.7084202,1.6314672,3.5380375,0.6019956,337.47617,20
2017-09-27,21.471247,28.01239,15.704071,12.308319,6.9228477,7.5485973,-0.08525133,-0.57511884,1.2879995,2.5625732,0.3791596,8.431701,21
2017-09-28,22.836716,29.569122,16.752594,12.816528,6.837168,7.49482,0.3732829,-0.4648553,1.3552543,2.5817826,0.51078343,321.23523,21
2017-09-29,23.46669,29.54422,18.168365,11.3758545,6.9483643,7.6611276,1.1487375,-0.7924588,2.1168263,5.2567163,0.11015601,304.5999,14
2017-09-30,21.66426,27.036163,16.865631,10.170532,7.9246216,8.684697,1.836093,0.3088752,2.2190065,5.3365507,0.12123001,260.45087,14
2017-10-01,19.090395,25.572632,14.293213,11.279419,9.142318,9.944886,1.4879766,0.31019112,1.7590953,5.183955,0.08234783,258.2245,15
2017-10-02,18.009157,24.26175,12.895386,11.366364,8.023631,9.627874,1.3900372,0.5999972,1.9872099,5.183308,0.22323824,246.65298,14
2017-10-03,17.133558,21.77884,14.038208,7.740631,8.750861,9.690482,1.7969799,2.2443879,3.0741842,5.9599514,0.9995741,218.68268,10
2017-10-04,16.99843,25.724976,11.189972,14.535004,6.843677,8.821632,0.5230279,-0.75900203,2.1756787,4.8458214,0.53632,325.4293,13
2017-10-05,20.032015,27.68814,14.891571,12.79657,6.20294,6.9692698,0.8512349,-0.4402231,1.646588,3.4920604,0.33231533,297.34613,17
2017-10-06,21.33163,29.851349,15.310211,14.541138,5.3953824,6.593872,-0.23138554,-1.8935493,2.6593397,4.8625507,1.1453846,6.966818,6
2017-10-07,23.674545,31.282898,18.599762,12.683136,4.940235,5.7446833,0.09360048,-0.9142957,2.4156334,4.531704,0.8172031,354.15475,4
2017-10-08,20.674294,27.69757,15.240173,12.457397,7.1072516,8.344259,1.3064245,1.1119409,2.0788317,4.2121663,0.44706863,229.59781,13
2017-10-09,18.667913,25.902496,14.46875,11.433746,5.681357,8.877964,-2.6929467,-1.7786468,4.216471,7.9581823,0.5630446,56.555893,3
2017-10-10,19.406363,26.684021,14.150299,12.533722,4.7612996,5.478618,-1.4096417,0.014447053,2.2093432,3.4184327,0.8424154,90.58718,7
2017-10-11,19.366772,23.71222,15.90213,7.810089,6.829287,7.8324795,1.9832097,0.95135754,2.3365605,5.0039616,0.23530751,244.37268,13
2017-10-12,17.25334,24.574005,11.946625,12.62738,6.931131,7.7762547,0.93570584,-0.10442189,1.6889967,4.2438707,0.1635466,276.36768,14
2017-10-13,18.033272,25.229248,13.264221,11.965027,5.784982,7.163663,1.1779126,-0.5778932,1.9785519,3.9923568,0.8703661,296.13293,17
2017-10-14,18.544222,27.68924,12.751404,14.937836,5.465983,6.6355114,-0.536246,-1.4406925,2.3844304,4.3652143,1.4092387,20.415972,12
2017-10-15,21.71019,29.881683,16.861694,13.019989,4.557144,5.6434445,-2.4234738,-1.6540127,3.192826,6.4987617,0.73839676,55.686596,5
2017-10-16,23.039825,31.18277,17.83191,13.350861,4.731609,6.210001,-0.08518207,-1.6284984,2.398926,3.6163013,1.4543529,2.9942484,9
2017-10-17,23.952295,31.010345,19.704193,11.306152,5.2726054,6.4480734,1.0686375,-1.5465819,2.4981382,4.519777,1.41528,325.3568,12
2017-10-18,23.36469,28.249115,18.9346,9.314514,7.697596,8.380515,1.4229474,-0.30296794,1.7042938,4.1418104,0.36107463,282.01968,16
2017-10-19,19.68933,25.428955,15.100037,10.328918,8.243447,9.062048,2.228003,0.06651669,2.2880373,5.670027,0.43828934,268.28995,14
2017-10-20,17.566269,21.660828,14.313324,7.3475037,9.39565,11.164393,4.892054,-0.29621983,4.9808803,6.864308,3.178099,273.4651,0
2017-10-21,16.403442,24.080109,11.137421,12.942688,5.166799,6.3861823,0.9002479,-3.2760665,4.2761807,6.37461,1.1822158,344.63464,4
2017-10-22,20.535059,29.539032,15.593536,13.945496,4.9088426,5.4430256,-1.0340058,-2.3406403,2.842433,4.1823936,0.61296207,23.834015,5
2017-10-23,24.15947,33.082214,19.430237,13.651978,5.303821,6.372149,-1.9296627,-2.2138817,3.2449734,5.207349,1.5545726,41.076042,2
2017-10-24,26.42985,34.314514,22.269592,12.044922,5.499639,6.2993097,-3.0790765,-3.1890228,4.5720034,8.518194,1.519825,43.9951,2
2017-10-25,25.224794,32.782196,19.897644,12.884552,4.792016,5.09624,-2.1205018,-1.4319673,3.0231228,4.7555523,0.74620104,55.968983,6
2017-10-26,24.23889,30.039398,19.638458,10.40094,6.291594,7.115841,0.5587517,0.32699248,1.4055692,3.2590165,0.34758985,239.663,20
2017-10-27,22.768242,29.00534,17.396454,11.608887,6.9146667,7.374626,0.5883058,-0.60926783,1.5229654,2.786627,0.5429933,316.0028,18
2017-10-28,21.844564,28.69159,16.413116,12.278473,6.971109,7.4367456,0.16765285,-0.8734465,1.533454,2.602899,0.32154918,349.13458,20
2017-10-29,20.17761,24.66507,15.972443,8.692627,7.469589,8.245688,0.49293852,0.5864063,1.3985,3.7340531,0.19777563,220.05074,17
2017-10-30,16.117643,20.476685,13.251587,7.2250977,8.926017,9.887509,1.2229025,1.4925762,1.9947467,4.0458817,1.0859448,219.32857,16
2017-10-31,16.313826,19.410248,14.682831,4.727417,9.933349,10.319126,2.13136,1.6825441,2.8534229,3.871601,1.4837847,231.71164,3
2017-11-01,16.062708,20.254303,14.208618,6.045685,9.131181,9.701942,1.2597662,1.405394,2.0515685,3.8374155,1.0284724,221.8724,13
2017-11-02,15.084287,17.876709,13.417786,4.4589233,8.491742,8.851762,1.5804945,2.121428,2.660681,4.189048,1.6254901,216.68666,6
2017-11-03,14.610504,18.389435,12.404175,5.98526,7.9068894,8.164548,2.406091,1.3887353,2.8119366,4.325119,1.0286762,240.00754,5
2017-11-04,15.658801,20.522156,12.680878,7.841278,8.724799,9.356853,3.106322,0.09006614,3.3009691,6.1869287,2.0976305,268.3392,0
2017-11-05,15.252107,19.229553,12.53653,6.6930237,8.869939,9.853476,3.6563232,0.82653064,3.7632668,5.965971,2.589618,257.2621,0
2017-11-06,15.064364,20.557617,11.9201355,8.637482,8.041736,8.622856,2.480219,1.1612506,2.809717,4.9002905,0.7732548,244.9108,6
2017-11-07,16.610224,22.311005,13.955109,8.355896,7.9931674,8.595181,1.3062607,0.4125166,1.7495435,3.8114662,0.50882936,252.4739,18
2017-11-08,17.335146,22.41809,14.119965,8.298126,9.190324,9.611236,0.9368332,0.5705673,1.8633742,4.568198,0.15770684,238.657,15
2017-11-09,15.914643,20.901794,13.044098,7.8576965,9.110396,10.269035,2.6928005,0.13831575,2.74574,4.5610876,1.8567672,267.0596,3
2017-11-10,15.274608,19.74649,13.076019,6.670471,8.917621,9.739489,2.7073987,-0.38408628,2.8206336,4.5484943,1.680322,278.0744,5
2017-11-11,15.488633,21.761475,10.735626,11.025848,7.8401046,9.458607,1.486846,-0.629318,2.2407424,4.0391803,0.88992846,292.94086,11
2017-11-12,15.677188,18.961365,13.63382,5.327545,6.8595223,7.322002,1.0030843,-0.42477056,1.512681,2.9651666,0.123261146,292.95093,19
2017-11-13,15.743752,22.499512,11.667236,10.832275,6.5675664,7.7573733,1.5634842,-1.019793,2.2178173,3.9815128,1.08029,303.1147,12
2017-11-14,16.62366,23.242249,13.177032,10.065216,6.7444367,7.2414336,1.7255135,-1.6451613,2.8308718,3.9989886,2.0378635,313.6344,0
2017-11-15,18.200428,25.60913,15.009613,10.599518,6.8857865,7.7598352,1.0896845,-1.1695368,2.2955992,4.6774454,1.38252,317.0243,13
2017-11-16,18.45572,21.946472,16.12912,5.8173523,7.263658,7.804394,1.6366304,0.5057451,1.8876848,4.134547,0.16775566,252.828,14
2017-11-17,17.056229,20.582977,14.398315,6.184662,8.327591,10.060404,3.4456806,-0.06963378,3.4701736,6.029665,1.8147172,271.15775,2
2017-11-18,14.988064,21.866821,10.731476,11.135345,6.0030746,9.350846,-0.6837434,-1.8917288,3.2602053,6.7114806,0.6185228,19.871801,4
2017-11-19,14.952874,21.92044,10.292328,11.628113,3.3360827,4.101624,-1.1003891,-2.09387,2.7716835,4.102209,0.756905,27.723223,7
2017-11-20,16.066343,22.874847,12.495361,10.379486,4.3272705,5.852829,0.82654065,-1.1205708,1.8326197,3.2109122,0.74872226,323.58725,15
2017-11-21,18.979734,27.830475,14.759064,13.071411,5.4193435,6.4533415,-0.8193255,-1.6126622,2.1690824,4.494661,0.29359114,26.933199,11
2017-11-22,21.970854,30.120667,17.885284,12.235382,6.333938,6.5838385,-1.3975811,-1.5939654,2.3558233,3.799992,0.51919633,41.24412,7
2017-11-23,22.358252,27.605164,18.845032,8.760132,6.313234,7.1298575,-0.8520854,-1.5339562,2.3038342,3.1044784,0.7354716,29.051392,5
2017-11-24,20.620256,27.621094,15.838593,11.782501,6.68639,7.5482163,0.46513462,-1.560441,2.2493694,3.172729,0.8094765,343.4018,9
2017-11-25,20.45917,26.976349,16.440094,10.536255,6.6776047,7.618059,-0.71812147,0.0060839155,2.0964544,2.8902493,1.4875805,90.48539,11
2017-11-26,19.1596,23.825043,15.9366455,7.888397,6.3884583,7.429191,0.3445448,0.7882819,1.5438156,4.382466,0.027366085,203.60934,18
2017-11-27,14.386906,18.657013,12.506958,6.150055,7.0585594,8.646813,3.698994,-0.5161596,4.0039907,7.32867,1.90546,277.9438,4
2017-11-28,13.335982,20.847137,9.404449,11.442688,4.416494,4.864179,-0.836679,-2.1527712,2.734208,4.690428,0.10659072,21.238716,5
2017-11-29,15.154747,21.2547,11.355408,9.899292,4.7297654,5.617401,-1.9082026,-0.39526832,2.3148873,4.046487,0.28728408,78.29716,9
2017-11-30,15.283029,20.928528,12.02887,8.899658,5.388206,6.417844,-1.2577548,-0.2529559,1.88365,3.133072,0.57035863,78.62854,13
2017-12-01,16.633451,22.392609,13.267853,9.124756,6.2242494,6.997528,0.4682766,-0.0963751,1.4328922,3.3353431,0.40925384,281.62955,20
2017-12-02,17.008837,22.694244,13.540619,9.1536255,6.218675,6.6373444,0.50415295,0.40859798,1.6504599,3.914441,0.30944803,230.97647,17
2017-12-03,14.875099,19.046906,11.630188,7.4167175,6.9876823,7.753006,1.7805929,0.26384974,2.0422578,4.3349977,0.595742,261.5712,15
2017-12-04,11.986145,17.911896,8.141449,9.770447,4.390751,7.1520143,-1.9524742,-2.7348893,4.1101584,7.004367,2.609949,35.52355,0
2017-12-05,11.959167,16.863098,9.117615,7.7454834,2.5707905,2.851697,-4.830693,-5.076635,7.077675,10.27465,2.8398144,43.577965,0
2017-12-06,13.192829,20.930847,9.677582,11.253265,2.7720916,3.4410539,-3.1652384,-3.8899536,5.0650945,6.066808,4.345821,39.135098,0
2017-12-07,14.720444,20.493011,10.684998,9.808014,3.1150086,3.6552403,-4.276465,-4.3911595,6.1806693,9.059016,4.283709,44.24187,0
2017-12-08,14.824584,22.477234,10.437256,12.039978,3.2106009,3.61133,-2.0821624,-2.3348372,3.2800581,4.810143,1.2885944,41.725956,4
2017-12-09,15.938934,23.717804,11.878845,11.838959,3.5731957,4.1638484,-2.0516863,-2.3241558,3.5518863,6.2102013,2.0752497,41.436977,0
2017-12-10,16.304888,23.69632,12.735291,10.961029,2.8280458,3.0897727,-3.68534,-3.1619625,4.927168,6.8298607,2.1544864,49.370934,0
2017-12-11,17.366728,24.256134,13.488312,10.767822,2.5695255,2.8664882,-2.0930989,-1.7928988,2.8033626,4.6299133,1.4259877,49.417423,3
2017-12-12,15.610229,23.729279,10.704041,13.025238,2.746919,3.08244,-1.3994912,-2.4191773,2.9429085,4.3754306,1.1718313,30.049326,4
2017-12-13,16.392607,24.504913,12.195831,12.309082,2.9895685,3.5220044,-0.9369309,-1.9607338,2.4966414,3.2053137,1.2455888,25.540667,6
2017-12-14,15.952153,22.802643,11.362579,11.440063,4.182197,4.4614587,-1.3153039,-1.6948375,2.8605537,6.161118,0.59556866,37.81378,8
2017-12-15,16.106575,23.343048,12.457672,10.885376,3.67534,4.0401254,-1.195006,-1.16606,2.8991845,3.6856859,1.0265435,45.702396,2
2017-12-16,13.929214,17.995026,10.274628,7.720398,5.762758,7.077739,0.6198919,0.0018757706,2.125058,3.1128526,0.89818174,269.82663,11
2017-12-17,12.166022,17.73825,9.289307,8.448944,4.28644,6.445999,-3.2410696,-4.2643657,5.664827,10.118565,0.5279333,37.236122,3
2017-12-18,12.261594,18.940369,8.498932,10.441437,3.2424653,3.8273718,-1.4682218,-2.1126022,2.9036877,3.9217875,0.3356641,34.798626,5
2017-12-19,13.551479,18.417328,10.153687,8.263641,4.0045085,4.4783764,0.6076418,0.28413177,1.6553866,3.5593586,0.6629243,244.93933,19
2017-12-20,11.18919,14.676117,8.3220825,6.3540344,6.0419374,6.5469112,2.70099,0.7921385,2.8763523,7.174261,1.0040606,253.6548,12
2017-12-21,8.157058,13.004425,4.2015686,8.802856,3.6071422,5.9939604,-0.72682333,-5.20649,6.2466874,7.7840104,5.155096,7.947102,0
2017-12-22,9.146926,16.178894,5.346405,10.832489,1.9542176,2.1372173,-0.95034105,-2.093797,2.5503294,4.510186,0.43988845,24.412539,5
2017-12-23,11.516838,18.979462,8.222839,10.756622,2.597203,3.0406592,-0.32536888,-1.0837455,1.985693,2.6792479,0.7884811,16.711138,10
2017-12-24,12.867944,21.031097,8.941406,12.089691,3.206566,3.9056044,-0.7049074,-1.1388116,2.0462077,3.9518368,0.51831496,31.756887,13
2017-12-25,13.732624,19.406921,10.536377,8.870544,4.1821136,4.6976676,0.21342076,-0.43480834,1.1234044,1.9424033,0.20520693,333.8564,24
2017-12-26,13.6216,18.819214,10.7265625,8.092651,4.44988,5.182855,-0.020084495,-0.8447571,1.0842353,1.6317521,0.34010965,1.3619773,24
2017-12-27,15.018767,23.135925,10.995544,12.140381,4.981771,5.8644156,-0.6928542,-0.9644882,1.8423973,3.0370562,0.52389723,35.692127,14
2017-12-28,16.288988,23.978455,11.293091,12.685364,4.6120543,5.221567,-0.9738429,-1.2540501,1.9807674,4.256615,0.10905964,37.831417,15
2017-12-29,17.303091,25.461365,13.085999,12.375366,3.9045105,4.5250554,-1.1267148,-1.1137856,2.3518925,3.3084404,0.9421915,45.33063,8
2017-12-30,16.905216,22.141724,11.950958,10.190765,4.337501,4.618783,0.37284842,-0.30123454,1.464667,2.9126277,0.02049882,308.9357,16
2017-12-31,14.273856,18.73462,11.804474,6.9301453,4.7404838,5.1169777,0.31748447,0.48425362,0.98310894,2.7241495,0.44203085,213.2495,22
2018-01-01,14.173358,21.088593,9.722992,11.365601,4.104843,5.458568,-0.4496777,-1.0348991,1.746802,3.1901655,0.58177525,23.4856,16
2018-01-02,15.706917,22.161163,12.59967,9.561493,4.428922,4.917721,-0.7101586,-1.1379757,1.5709735,2.8639543,0.41735274,31.9664,16
2018-01-03,16.516447,20.659363,14.05957,6.5997925,4.1495786,4.860482,-1.5250217,-0.8843484,2.0915964,3.1775217,0.7225046,59.89088,11
2018-01-04,16.520273,21.240173,13.734436,7.5057373,5.2084403,7.568953,0.1993044,0.25590995,1.2149174,3.180818,0.29778817,217.91171,20
2018-01-05,15.515973,20.621643,12.659088,7.962555,8.352544,8.846939,1.2091625,-0.17612208,1.6233114,2.828391,0.64341265,278.28723,16
2018-01-06,15.630654,18.89151,13.714355,5.1771545,8.127753,8.489035,1.6535543,-0.2340746,1.8961145,4.4577727,0.6995035,278.0572,15
2018-01-07,14.934457,21.15744,11.352722,9.804718,8.347972,9.172961,0.10257762,-0.66818064,1.9640483,3.4194105,0.68169034,351.27222,13
2018-01-08,16.15731,20.218536,14.376831,5.8417053,7.3890595,9.648996,-1.1980553,0.9148898,2.5183876,6.7987523,0.9153562,127.367,16
2018-01-09,13.147437,15.31073,11.0017395,4.3089905,8.8087,10.052136,-0.47253215,5.0826035,6.4296594,8.40479,4.142812,174.68845,0
2018-01-10,11.116006,16.265228,8.930206,7.335022,7.153318,7.7151985,2.8565512,-1.4107012,3.3874052,4.828604,2.009186,296.28235,0
2018-01-11,12.4757185,19.826935,8.3341675,11.492767,7.308368,8.361157,-0.007672926,-1.0908022,1.9686879,3.430774,0.17702472,0.4030236,12
2018-01-12,15.401679,22.061798,10.990143,11.071655,6.588919,7.118886,0.31284577,-1.5500034,1.8433694,3.4870822,0.23726794,348.589,13
2018-01-13,16.036867,23.690918,12.398682,11.292236,5.5586715,7.3478956,-2.9988873,-2.5180542,4.058828,5.594138,1.9703693,49.981068,1
2018-01-14,15.713936,21.310028,12.558624,8.751404,5.4230304,6.713776,-2.7042923,-1.3706604,3.2144585,4.2928085,0.6594027,63.121994,5
2018-01-15,15.106019,19.466156,12.188232,7.2779236,5.9843774,7.281046,-0.036477756,-0.61703485,1.2434784,2.1351025,0.57787085,3.3832638,23
2018-01-16,15.132331,20.08606,11.989685,8.0963745,5.9635415,7.1664963,0.5504563,-0.6469573,1.2737024,2.8467703,0.28873408,319.60757,20
2018-01-17,15.282696,21.992554,11.8932495,10.099304,6.066917,7.091745,-0.5286908,-1.4788284,2.0572326,3.7360418,0.48231637,19.6723,12
2018-01-18,16.370508,21.690765,13.382385,8.30838,6.1377463,7.18751,-0.47938764,-0.2474715,2.1981823,3.5951054,1.1557825,62.69612,13
2018-01-19,13.252234,16.94168,9.87146,7.070221,7.6961045,8.040565,1.7991205,0.612706,1.9736646,4.516809,0.06726784,251.1933,16
2018-01-20,9.68291,12.958801,6.389496,6.5693054,5.646402,7.380681,4.031984,-3.1048248,5.3818517,7.947617,3.736362,307.59802,0
2018-01-21,8.147687,14.250458,4.134552,10.115906,3.7085898,4.598788,0.205976,-2.6777122,3.39832,6.1811843,0.88276505,355.60135,5
2018-01-22,10.551562,17.128448,6.540924,10.587524,3.6565583,4.004801,-0.41238126,-2.5367615,2.8137245,3.7806542,1.6155746,9.233353,2
2018-01-23,12.103068,19.796936,7.7676086,12.029327,4.440617,5.1600313,-1.2377595,-2.3440723,3.0763438,4.9127307,0.609934,27.835758,3
2018-01-24,12.746311,20.3255,7.924286,12.401215,4.310859,5.258095,-1.6796869,-0.85163236,3.1517878,4.5254464,1.2233285,63.11414,3
2018-01-25,11.29451,14.914612,7.689392,7.2252197,6.036939,7.242385,3.448583,0.18615544,3.4912555,6.5500946,1.9849846,266.91016,1
2018-01-26,9.342328,16.239532,4.7929077,11.446625,4.7377977,5.531669,0.99914914,-2.5369346,3.350467,5.0377274,1.1750329,338.50345,4
2018-01-27,11.3775,18.941956,6.8761597,12.065796,4.030119,4.7536063,-1.3565468,-3.1188552,3.684892,4.8605704,2.0226407,23.506641,0
2018-01-28,15.008321,23.595428,11.199493,12.395935,4.633727,5.068047,-3.3659327,-3.7192094,5.132504,7.9941697,2.1172233,42.145504,0
2018-01-29,17.192621,25.070343,13.162659,11.907684,4.6897545,5.209817,-3.7685843,-2.9117792,4.88837,6.567296,1.22016,52.308693,1
2018-01-30,16.83592,22.995697,13.295227,9.70047,5.015039,5.962858,-2.2460592,-1.3020598,2.7101214,3.880029,0.32918468,59.89876,7
2018-01-31,17.081335,23.789642,12.018951,11.770691,5.1668487,6.051936,0.07930435,-0.94114274,1.5224918,2.7173717,0.41869402,355.1834,19
2018-02-01,16.834236,23.453003,12.076355,11.376648,5.4160285,6.679761,-0.7154963,-0.6119805,1.5884095,2.8640397,0.7414126,49.458862,17
2018-02-02,17.299822,24.042358,12.943115,11.099243,5.31088,6.6642504,-1.4299574,-0.77430195,2.129297,4.100778,0.57021254,61.565067,14
2018-02-03,17.447453,23.556183,12.785156,10.771027,5.922446,6.5224824,0.15872006,-1.2563217,1.624905,2.6948128,0.8021284,352.79956,16
2018-02-04,17.08735,24.067657,12.438019,11.629639,6.140199,7.177022,0.14561746,-1.3718249,1.9193667,2.9439297,0.6914619,353.94083,13
2018-02-05,17.352917,22.64331,12.383759,10.259552,6.364929,7.5262265,0.13298672,-0.28991213,1.3162706,2.4491494,0.044205423,335.35843,18
2018-02-06,15.251491,21.78363,10.211945,11.571686,6.341762,7.332606,-0.69791204,-0.774898,1.621894,3.7545967,0.117934056,42.007786,16
2018-02-07,15.565552,23.285797,11.103821,12.181976,4.925531,6.5945973,-1.9413327,-1.6628284,2.6438055,4.671674,0.6812351,49.418633,8
2018-02-08,16.659674,24.53534,12.090729,12.444611,4.924377,5.871444,-0.4749683,-2.005442,2.3226597,3.2721412,1.1493442,13.324402,8
2018-02-09,17.157576,23.380035,12.641663,10.738373,5.779473,6.614742,0.4850873,-0.5887098,1.5185198,2.7543137,0.40620372,320.51202,19
2018-02-10,13.527427,18.802887,9.101746,9.701141,7.3884583,7.833953,1.2434667,0.46801338,1.6945796,4.8562355,0.15031561,249.37479,17
2018-02-11,12.895232,19.049103,8.275543,10.77356,4.9643264,8.476089,-0.6963319,-1.1023388,3.497708,6.13806,1.1172394,32.280025,5
2018-02-12,11.381451,15.12146,8.51297,6.60849,6.503126,7.8626704,3.2920914,1.9426054,4.0501366,6.206017,2.8963406,239.4559,0
2018-02-13,10.352131,15.812042,6.909546,8.902496,5.642309,6.2639527,-1.0950468,1.4510494,3.1549692,5.2427597,0.72461385,142.95966,6
2018-02-14,11.816873,15.775696,9.527954,6.2477417,6.250765,7.1617928,-1.2273974,1.1258023,2.1717737,3.8430104,1.4980854,132.5279,8
2018-02-15,12.824554,18.497253,8.525482,9.971771,6.5541883,8.014144,0.47887048,-1.0616313,2.4213285,3.34761,2.0011458,335.72128,0
2018-02-16,13.02456,19.719574,8.039825,11.679749,3.840863,5.417118,-1.8876647,-2.4745922,3.3887188,5.580353,0.99228394,37.337055,7
2018-02-17,13.669998,20.729523,8.511749,12.217773,3.9777966,4.5401807,-0.48315564,-0.61280006,2.1781824,3.2373962,1.0259986,38.25363,9
2018-02-18,12.720508,17.338074,9.036987,8.301086,5.467321,5.8636227,2.6927578,1.2251412,3.055917,6.168458,1.5949178,245.53558,8
2018-02-19,8.459117,13.891296,4.2138977,9.677399,4.9289317,7.2551327,5.7476907,-1.7296915,6.4844093,8.718384,4.1730947,286.74847,0
2018-02-20,6.247658,12.381073,1.773529,10.607544,2.7261887,3.2333715,1.1263386,-2.9734867,4.029803,7.733053,0.3169594,339.25363,5
2018-02-21,7.6396956,12.652649,4.2678223,8.384827,2.9663277,3.2554479,1.2329987,-0.6850751,1.973486,3.873715,0.80387384,299.0573,14
2018-02-22,8.006004,12.754395,4.6598816,8.094513,4.2218366,4.782928,2.640897,0.666755,2.9195335,6.505269,0.45972955,255.83049,9
2018-02-23,7.235836,11.31012,3.2122192,8.0979,4.3554444,5.5370893,4.7165036,-2.5444796,5.740339,8.177802,3.9902523,298.34616,0
2018-02-24,7.1748595,14.667511,2.38266,12.284851,2.3640952,3.0415585,0.33944073,-2.7050202,3.851977,7.252202,1.1957417,352.8476,3
2018-02-25,8.891392,16.848267,3.798645,13.049622,3.4142034,4.2267118,-0.65301937,-1.7738104,3.5196495,6.433137,0.479965,20.210928,3
2018-02-26,10.352973,15.3741455,6.1707764,9.203369,4.333245,4.884785,1.3094573,0.6002074,3.1430862,6.66553,1.007134,245.37503,6
2018-02-27,7.694307,11.842163,5.009735,6.832428,5.0258965,6.3895555,3.376049,0.98608065,3.6478624,6.3145237,1.5284995,253.71791,4
2018-02-28,7.5285263,14.073853,3.5817566,10.492096,4.046127,4.3307047,1.3837733,-0.17496371,2.096266,4.1501026,0.5329719,277.20624,12
2018-03-01,9.209175,14.454437,6.4360657,8.018372,5.1745896,5.5421495,1.0843896,1.9966015,2.5572822,5.2312922,1.2371861,208.50717,12
2018-03-02,10.049737,12.958252,7.9601746,4.9980774,6.96608,7.7557034,2.08072,3.8301604,4.5351715,6.9123917,2.7262752,208.51286,0
2018-03-03,10.282886,12.561737,8.588257,3.9734802,6.9407654,7.83911,3.471957,2.8058698,4.4898233,6.7184763,3.1994524,231.05652,0
2018-03-04,8.366523,14.477814,3.859497,10.618317,4.518374,5.9994864,2.8361547,-1.533621,3.7721024,6.554023,2.7726562,298.40186,0
2018-03-05,11.00199,18.3768,6.9167175,11.460083,3.4043157,4.216959,-1.5922041,-2.160858,3.395272,6.3460107,1.2793682,36.38423,2
2018-03-06,13.494332,21.050262,9.42868,11.621582,3.4977074,4.1351013,-2.1119425,-1.5633548,3.267724,6.233246,0.86427635,53.489487,5
2018-03-07,14.504578,19.858643,11.523804,8.334839,4.298674,4.906925,0.07821336,-0.6019555,1.2382785,1.9506774,0.38769987,352.59692,24
2018-03-08,15.02859,20.647919,11.3715515,9.276367,5.164219,5.854662,1.6665493,-0.5093717,1.8793415,4.7550325,0.7413534,286.99548,13
2018-03-09,14.454914,19.918732,10.368622,9.55011,7.0593586,7.779142,1.3752273,0.47598514,1.9594988,4.3839564,0.3075158,250.90857,14
2018-03-10,13.053187,16.818115,11.244385,5.5737305,8.441934,8.655304,0.9898672,1.8529812,2.3148015,4.4355774,1.3312455,208.11125,14
2018-03-11,13.577586,18.669342,11.368774,7.3005676,8.746253,9.220516,-1.1284919,1.9863974,2.5690606,4.21343,1.6808047,150.39865,6
2018-03-12,15.511117,21.766754,11.237793,10.528961,8.399052,9.274861,-0.5427605,0.3569692,1.6723232,3.4032145,0.38285476,123.332596,20
2018-03-13,15.379829,19.752106,12.127258,7.6248474,8.796701,9.110611,1.809733,1.0296216,2.160704,5.3985353,0.13039003,240.36292,14
2018-03-14,13.406474,16.904053,10.876251,6.0278015,8.144841,9.622453,3.8065977,1.6841692,4.2854233,7.2087607,2.8333278,246.13376,0
2018-03-15,11.91797,16.083588,9.26181,6.8217773,6.484632,7.9368277,4.322474,0.74712855,4.920074,6.4167786,3.9124396,260.19348,0
2018-03-16,10.126041,14.333191,7.21402,7.119171,5.6032734,6.2618546,2.8357992,1.9165958,3.5418565,7.084118,1.7774016,235.94693,7
2018-03-17,10.299554,13.86322,7.477478,6.385742,6.0067635,7.0698185,4.0731716,1.5034162,4.5315285,6.9078517,3.3546343,249.74078,0
2018-03-18,9.363313,15.267273,5.0690613,10.198212,4.7968936,5.824005,1.534648,-0.35225943,2.920756,6.5054,1.1832738,282.9276,5
2018-03-19,12.2699,19.387054,6.7156677,12.671387,4.0467906,4.9333863,-0.403201,-0.37053695,2.1919968,3.2413502,0.9810668,47.417355,9
2018-03-20,14.068896,17.98993,10.814606,7.1753235,5.1684303,5.814882,0.38006523,-0.15651132,1.4670373,3.1552713,0.043035563,292.38193,19
2018-03-21,14.585159,18.400085,11.6649475,6.735138,7.176595,8.064906,0.6983982,0.99379236,1.7848324,3.1256375,0.8017905,215.09805,16
2018-03-22,14.924111,17.641571,13.2864685,4.3551025,9.132247,10.198853,0.85931635,2.7925813,3.0630894,6.9561977,0.37032723,197.10388,9
2018-03-23,13.629234,18.020996,10.464844,7.5561523,8.149985,9.415834,2.2717457,1.2154824,3.1428044,5.088853,0.114647366,241.85129,5
2018-03-24,11.827266,15.818787,8.323029,7.495758,6.5078597,7.515736,2.8035061,0.59087926,2.9996884,5.8534317,1.0204573,258.0983,9
2018-03-25,10.742604,15.374481,7.0493164,8.325165,5.663559,6.7170167,3.8011055,-0.5628957,3.9702213,6.2951884,2.630106,278.42358,0
2018-03-26,10.3555565,17.141449,5.065735,12.075714,4.576827,5.523235,1.8703121,-3.2858717,4.3505893,5.9863763,3.196033,330.35156,0
2018-03-27,12.364136,20.052338,7.1125793,12.939758,4.064237,4.9407063,-0.6481604,-4.7555294,5.1774487,7.089332,3.602781,7.7613697,0
2018-03-28,15.018027,22.263306,9.5850525,12.678253,5.423618,5.77941,0.39120567,-1.3172296,1.9108176,2.926162,1.005773,343.45905,15
2018-03-29,16.17991,23.28717,10.588898,12.698273,6.4531384,6.968014,0.31577867,-0.35450324,1.4651675,3.105582,0.28672588,318.30652,17
2018-03-30,17.80919,24.507141,12.437042,12.070099,6.59125,7.476313,0.53985393,-0.26792458,1.7026483,2.8961065,0.8781958,296.39478,16
2018-03-31,17.028975,22.422974,13.490967,8.932007,6.258684,7.8098946,1.0860078,0.6571427,1.7246481,3.94476,0.33552018,238.8219,13
2018-04-01,14.878047,19.213165,11.328033,7.885132,6.744803,7.587129,0.8722739,0.5503658,1.1516191,3.3833327,0.17654943,237.74992,19
2018-04-02,13.400101,19.776215,8.979523,10.796692,7.120296,7.4688487,1.5855271,0.8133545,1.9839412,5.013494,0.56567186,242.84277,16
2018-04-03,14.798646,21.438354,10.712677,10.7256775,7.822438,8.336566,2.293227,0.14206697,2.6279345,5.1828127,0.26654178,266.45502,8
2018-04-04,15.182297,20.850647,11.169434,9.681213,7.7683983,8.320529,2.1520429,0.5708394,2.2512922,4.539222,0.34156466,255.14413,13
2018-04-05,14.909795,20.608948,10.220184,10.388763,6.915642,7.906014,2.036623,0.18531208,2.0887396,5.395008,0.5117831,264.801,13
2018-04-06,15.546436,21.784454,11.451752,10.332703,8.001083,9.215242,3.280058,0.020399118,3.3118923,6.675779,1.4429929,269.64368,9
2018-04-07,16.744268,21.867157,13.216858,8.650299,10.022815,11.133818,3.9362056,0.46837547,3.9862604,7.273865,1.077772,263.2142,6
2018-04-08,15.710491,23.321014,9.804871,13.516144,7.0468006,9.950181,2.461188,-1.8141826,3.4546146,6.398503,2.093415,306.39453,0
2018-04-09,18.667576,28.150513,12.362061,15.788452,5.711305,6.7088156,-0.895657,-2.0833335,3.3276825,5.0420427,0.63437384,23.263609,3
2018-04-10,21.087626,27.043488,15.48819,11.555298,6.0273285,7.375603,0.45543897,0.30033448,2.0055578,4.9731803,0.80566585,236.59756,18
2018-04-11,18.23047,23.981659,13.373077,10.608582,7.385465,8.030254,2.38807,0.98126477,2.827425,7.3652987,0.56357914,247.66211,13
2018-04-12,13.325593,19.056091,9.435333,9.620758,6.0372825,7.4106455,5.6324363,-2.2386303,6.6267986,10.002469,4.035307,291.6755,0
2018-04-13,13.769427,22.049042,8.364807,13.684235,4.0287437,4.688942,0.19521637,-5.0688424,5.956465,9.6588545,2.7954068,357.79446,0
2018-04-14,17.401308,24.805328,11.870361,12.934967,4.2539043,5.3317537,-0.04665609,-1.0642134,2.7914174,4.5142655,1.7401906,2.5102918,2
2018-04-15,16.74968,22.18393,13.032898,9.1510315,5.3058124,6.05214,2.0208757,1.1632352,2.5794842,5.16755,0.7602401,240.07486,10
2018-04-16,13.155975,17.798187,9.044159,8.754028,6.599673,7.582083,4.2822747,1.1072878,4.4854026,9.025816,2.6346114,255.50232,0
2018-04-17,10.917,18.363129,5.4053955,12.957733,4.7992787,5.8286986,2.7864847,-2.0551789,4.4596934,8.901148,1.0240072,306.41074,3
2018-04-18,13.605399,18.703339,8.648315,10.055023,4.8944697,5.4737988,0.76006883,0.378464,3.1033528,6.0007844,1.606559,243.52972,3
2018-04-19,11.416709,16.323425,7.53421,8.789215,5.76577,6.7590804,4.729301,0.65851766,4.9182615,7.2246385,3.421183,262.073,0
2018-04-20,12.94189,21.680115,7.4635315,14.216583,5.611111,6.270975,1.9945804,-1.0634018,2.5289986,7.0570173,0.49866965,298.06412,10
2018-04-21,16.528692,25.029327,10.391113,14.638214,5.900118,6.8215857,0.60098577,-0.85040504,2.1296966,4.035469,0.3341445,324.75095,11
2018-04-22,19.37816,25.574738,13.974487,11.60025,6.2755513,7.12022,1.5789446,-0.21544051,2.0614147,5.0440893,0.4220493,277.7698,14
2018-04-23,18.384718,24.504913,13.017151,11.487762,6.6926537,7.3979836,1.5788358,0.79850894,1.8661808,4.9883547,0.11421914,243.17163,15
2018-04-24,17.662626,23.13388,12.905548,10.2283325,6.1376967,7.2387357,1.2065552,0.8294423,1.6784471,4.4927087,0.105616696,235.49356,15
2018-04-25,17.190874,22.864044,12.381256,10.482788,5.9667535,6.6189823,1.3036791,0.9194455,1.8919564,4.0869393,0.13599834,234.80585,15
2018-04-26,15.734809,20.96762,11.488434,9.479187,6.513651,7.034642,2.2628877,0.80565387,2.490672,4.6477137,1.2164835,250.4028,13
2018-04-27,14.48413,20.782745,9.38913,11.393616,6.767611,7.526165,2.589908,0.56818086,2.7566001,5.693988,0.8652299,257.62634,12
2018-04-28,14.557244,20.849884,9.5451355,11.304749,6.5724587,7.1953683,3.0881531,-0.05815353,3.1894462,6.6131783,0.5333303,271.07883,9
2018-04-29,14.018331,19.187347,9.741699,9.445648,7.044937,7.6002817,3.5914757,0.41446808,3.6472733,7.1125846,0.87834626,263.417,6
2018-04-30,13.515073,17.618927,9.793762,7.825165,7.243227,7.768914,3.263244,0.24415612,3.4612796,6.767426,1.400577,265.7211,6
2018-05-01,11.869335,14.951691,9.73819,5.213501,6.7924137,7.328636,3.1522381,1.7500997,3.7888718,6.3111095,2.6820831,240.9613,0
2018-05-02,12.5126915,18.078857,9.812012,8.266846,6.855821,7.1606402,2.1315298,1.281866,2.5239303,4.4541416,1.6863204,238.97801,8
2018-05-03,14.933575,22.438812,10.32254,12.116272,7.134175,7.588758,1.7624279,0.18539037,2.0556924,4.212345,0.80588,263.99512,16
2018-05-04,19.091955,27.033142,12.797638,14.235504,6.536354,7.686767,0.6472425,-0.3782381,1.934081,3.621766,0.6195542,300.30133,13
2018-05-05,21.42832,27.595306,15.847473,11.747833,6.27573,7.640563,1.4443511,-0.34483734,2.3446054,4.985186,0.23808311,283.42795,13
2018-05-06,20.706995,25.793,16.287567,9.505432,6.496779,7.2917747,2.7771769,0.71511316,3.0813138,5.2716627,0.9268075,255.56024,7
2018-05-07,18.794907,25.120148,13.098907,12.02124,6.3389153,7.04102,2.001744,0.5814714,2.1670027,4.634165,0.26032907,253.80235,12
2018-05-08,18.751238,25.311493,13.845245,11.466248,6.960404,7.5777745,1.2847097,0.4305407,1.4629464,4.0631604,0.10208855,251.47263,16
2018-05-09,19.549698,27.5643,14.133575,13.430725,7.987791,8.587073,2.0329835,0.007541289,2.1900458,5.526888,0.13529773,269.78748,12
2018-05-10,18.718204,25.50705,13.087738,12.419312,8.359281,9.563114,2.3203037,0.690399,2.5894742,5.536655,0.31745082,253.42981,12
2018-05-11,16.061657,21.739777,12.479767,9.26001,8.479201,8.923013,2.2470677,2.3394387,3.3969622,5.5686526,1.7716153,223.84624,6
2018-05-12,14.806221,19.104431,11.90506,7.1993713,8.243073,9.119735,2.2511637,2.5244694,3.3894691,5.5236235,1.9856828,221.7246,1
2018-05-13,15.020474,20.23529,11.935455,8.299835,8.039872,8.559636,2.6433103,1.6337461,3.1387994,4.3199635,2.490542,238.28113,0
2018-05-14,15.928153,20.95465,11.927887,9.026764,8.247086,8.659659,3.228956,1.208237,3.5376327,5.288605,2.0374763,249.48474,0
2018-05-15,15.877831,21.319183,12.075439,9.243744,8.12725,8.514095,2.7065299,1.5922245,3.2302911,5.679461,1.9481654,239.53214,1
2018-05-16,15.506275,22.02005,10.409668,11.610382,6.720911,7.487379,3.1147702,0.9432299,3.2815378,6.1050124,1.115938,253.15237,5
2018-05-17,15.686923,21.121063,10.291107,10.829956,7.114731,7.573069,2.7580326,0.90450764,3.057532,6.1518097,0.6442453,251.8429,9
2018-05-18,15.892815,22.532715,11.587189,10.945526,8.282456,8.865394,2.9206514,1.0178596,3.1843727,5.182917,2.1657832,250.78635,0
2018-05-19,16.835821,22.990479,12.226624,10.763855,9.24007,9.723474,3.1900673,0.7964101,3.3171413,5.653195,1.7599331,255.98248,3
2018-05-20,16.734945,21.938019,12.022369,9.915649,8.76903,10.112417,3.145366,1.2494878,3.423865,5.768664,1.2965374,248.3347,5
2018-05-21,15.222695,19.177002,12.387939,6.7890625,8.35645,8.702099,3.329069,1.8386598,3.8294964,5.67877,2.9870543,241.08795,0
2018-05-22,15.424946,21.38446,11.856537,9.527924,8.376893,8.638832,2.5994503,1.3944534,3.0178986,5.0272136,2.1385727,241.78905,0
2018-05-23,16.208792,21.5979,12.624542,8.973358,8.643856,9.063367,2.4611938,1.7664789,3.0507946,4.9253616,1.815929,234.33176,5
2018-05-24,15.833051,21.143951,11.999756,9.144196,8.0283165,8.457823,1.770093,2.3703582,3.0505564,5.5848036,1.6193625,216.75098,5
2018-05-25,15.020877,19.91922,11.861359,8.057861,7.7691674,8.117095,3.7840633,1.6924772,4.2191405,6.8369546,3.1597178,245.90274,0
2018-05-26,15.073895,20.389465,11.171082,9.218384,7.869267,8.393733,3.9730618,0.5161595,4.0615916,6.4958367,1.7774583,262.5979,2
2018-05-27,16.572538,23.406525,11.876495,11.530029,8.190081,8.62215,2.657224,0.3072424,2.8804166,6.129615,0.2544122,263.40445,8
2018-05-28,18.254128,25.75122,12.356689,13.394531,8.467826,8.918061,1.820913,0.3211469,2.0094826,4.39187,0.65513444,259.99786,14
2018-05-29,19.186813,24.83548,13.869659,10.96582,8.288174,9.051191,1.4282328,1.0149113,1.8529644,4.037223,0.20816395,234.60216,13
2018-05-30,17.288282,22.79654,13.205505,9.591034,8.802521,9.52793,1.334397,2.7089462,3.1173108,4.684723,1.7302006,206.22435,3
2018-05-31,16.789183,21.12088,13.37207,7.74881,8.814959,9.348363,3.2530835,2.0113342,3.8554585,6.145117,2.2322967,238.2721,0
2018-06-01,17.168356,25.287384,10.936798,14.350586,7.10241,7.7892575,1.8045536,0.50120485,2.0829012,5.676229,0.2956126,254.47766,12
2018-06-02,20.39234,27.867249,14.098419,13.768829,6.5355163,7.2116647,1.1306897,0.030858941,1.7165905,3.5258489,0.5571363,268.43668,16
2018-06-03,21.677782,28.815002,14.8090515,14.005951,7.1762314,7.472502,1.8246793,0.54440314,2.0667713,4.7693377,0.5178876,253.38724,15
2018-06-04,21.52324,27.391876,15.618439,11.7734375,7.1242576,8.210169,1.2162659,1.1327463,1.931529,4.563471,0.13650905,227.0363,13
2018-06-05,19.051134,24.60727,13.771881,10.835388,7.7655396,8.910889,1.1189524,1.6057167,2.2089708,4.463678,0.63571405,214.87093,13
2018-06-06,17.820349,23.475006,12.96994,10.505066,8.331972,9.206397,1.8381773,1.7357754,2.5531547,5.26415,0.88407284,226.64122,12
2018-06-07,17.68122,24.777954,11.932983,12.844971,7.2651076,7.9309235,2.124419,1.0484766,2.4125137,5.124936,0.19077998,243.73203,11
2018-06-08,20.350447,28.612183,14.062714,14.549469,7.2171082,7.879616,1.8590093,0.1297168,2.1255274,4.9271946,0.5971953,266.0085,14
2018-06-09,21.348063,27.388367,14.952698,12.435669,7.834769,8.432347,2.4809513,0.17993069,2.6532185,6.217685,0.47360975,265.8519,12
2018-06-10,20.242964,27.449524,13.710724,13.7388,7.4289336,9.454383,2.3918388,-0.7980838,2.8807285,6.044702,1.2460217,288.4523,6
2018-06-11,21.602652,29.398804,14.782074,14.61673,6.9266205,7.3266287,1.2366308,0.14396116,1.8554615,4.2834716,0.32578626,263.35986,15
2018-06-12,22.727774,28.935974,16.479858,12.456116,7.6871095,8.232256,1.0128108,1.2113062,2.0112066,4.0090494,0.5978506,219.90005,13
2018-06-13,22.631447,28.2883,17.396332,10.891968,6.814024,7.4317126,1.3661371,1.3821303,2.0642853,4.507989,0.20521025,224.66658,14
2018-06-14,22.257025,27.908173,16.259552,11.648621,6.9235687,7.247461,1.3207577,1.8344883,2.4535303,5.6536736,0.7623308,215.75238,12
2018-06-15,21.19218,26.645294,15.845551,10.799744,7.58577,8.425103,1.2420706,2.3234484,2.8831453,5.3969893,0.9027279,208.1281,8
2018-06-16,17.660217,23.847595,12.936676,10.910919,8.205295,8.730586,1.0701408,3.467378,3.7746313,6.5266476,1.830644,197.15187,4
2018-06-17,15.644452,19.691345,12.917755,6.77359,8.245794,8.51457,2.317521,3.3256376,4.1769433,5.9316826,2.8228369,214.8713,0
2018-06-18,17.264055,24.154327,12.826935,11.327393,8.519337,8.820783,3.1662197,1.0841204,3.5103035,5.5509844,2.3273807,251.0987,0
2018-06-19,19.7045,28.08319,13.375061,14.70813,8.746031,9.362057,2.098431,0.6254838,2.4583461,5.1048155,0.78263605,253.40216,10
2018-06-20,21.46522,28.855865,15.207367,13.648499,8.168467,8.955308,1.432732,0.84048146,1.9236392,4.3139505,0.32919353,239.6029,14
2018-06-21,21.572779,28.21936,15.511261,12.708099,8.138234,9.187083,1.8245206,1.1650156,2.2500832,4.63922,0.39789027,237.44046,12
2018-06-22,21.877632,29.97931,15.125641,14.853668,7.223433,8.12327,1.6378616,0.59433466,1.9199301,4.396119,0.2877356,250.05557,14
2018-06-23,21.297443,27.713348,15.022583,12.690765,7.6022296,9.371264,1.0103965,1.8457454,2.3226378,4.512039,0.5533991,208.69716,12
2018-06-24,19.77269,26.822937,13.936127,12.88681,8.61078,9.167182,-0.5450092,2.7777202,3.0667503,4.3991256,2.0665677,168.89915,0
2018-06-25,20.011005,27.272247,13.989288,13.282959,7.7938995,8.284863,1.4950318,1.7316421,2.3472984,4.7091594,0.4319657,220.80605,12
2018-06-26,21.246214,27.83963,15.130646,12.708984,7.3544,8.463043,2.0278282,1.0116444,2.2895117,4.6153593,0.55535346,243.48628,13
2018-06-27,21.733688,27.545105,15.848419,11.696686,7.4210434,7.98089,1.9628924,1.1516172,2.3571258,5.1744194,0.31159297,239.60011,12
2018-06-28,20.715555,26.798828,14.132599,12.666229,6.9645677,7.514399,2.2556274,1.1379039,2.5577915,5.268966,0.47539544,243.23027,12
2018-06-29,19.74167,26.45279,14.348511,12.104279,9.001843,9.681094,1.5725565,1.8444538,2.5756369,5.1792355,1.2710793,220.45047,12
2018-06-30,20.201118,28.025421,14.637329,13.388092,9.217449,9.932074,0.7373342,2.0594366,2.423666,4.3610134,1.2907945,199.69876,10
2018-07-01,21.257507,27.91156,15.908569,12.002991,8.040321,9.071526,0.46473515,1.8760203,2.045057,4.0227146,0.50428027,193.91345,13
2018-07-02,21.293417,27.516632,15.531769,11.984863,7.9380536,9.09285,2.1293294,1.1766939,2.4698637,4.2493796,0.7541113,241.07442,11
2018-07-03,20.744608,26.402008,14.950623,11.4513855,8.761003,10.127444,1.6931969,1.8894025,2.764656,4.7636833,1.133033,221.86526,8
2018-07-04,20.451572,27.540009,14.519501,13.020508,8.377945,8.938538,0.5229366,2.4965622,2.8623807,4.9258657,1.2344185,191.8303,11
2018-07-05,22.962034,32.43991,16.657501,15.78241,7.223515,8.688006,1.5316776,0.43020225,2.0350816,4.664577,0.17084031,254.31155,15
2018-07-06,29.286768,38.097168,22.347443,15.749725,7.091212,8.125794,1.6386484,-1.5678568,3.1188471,4.885835,0.75647277,313.73526,3
2018-07-07,31.20408,36.36743,25.733795,10.633636,8.222259,9.602655,0.8621474,-0.47403178,3.1410878,5.4588675,1.0666127,298.8032,2
2018-07-08,29.24823,34.77469,23.976196,10.798492,9.287972,10.1130495,0.29086414,1.088764,1.7475863,3.41594,0.29637966,194.9573,14
2018-07-09,27.742743,32.967438,22.684387,10.283051,8.813273,9.940378,0.5686758,1.4648668,1.9259267,3.9254034,0.6736696,201.21672,15
2018-07-10,25.88015,30.947601,20.946625,10.000977,9.455716,10.348331,0.18550521,1.1306587,1.8789196,3.1720452,0.21763752,189.31741,11
2018-07-11,25.491644,30.810577,20.76117,10.049408,9.758464,10.896444,1.0297236,1.7810198,2.3653176,4.5916576,0.6843219,210.035,13
2018-07-12,24.812082,29.907043,20.84903,9.058014,11.33752,12.254846,1.3749493,2.0955203,2.6033509,4.862094,0.9843536,213.27039,9
2018-07-13,25.027586,30.630585,20.3031,10.327484,9.823591,10.246405,1.9790497,1.0523218,2.3687718,4.7097964,0.6520967,241.99905,12
2018-07-14,25.462029,31.945526,20.184845,11.760681,9.8758,10.516916,2.5270896,0.8373868,2.6972218,5.1016927,0.49260962,251.66666,9
2018-07-15,25.713491,31.478607,20.499542,10.979065,10.51255,10.924623,1.9568712,1.085871,2.2927217,4.9921355,0.27579424,240.97404,12
2018-07-16,24.52392,30.300415,19.789948,10.510468,9.773036,10.369678,1.9744543,1.4675039,2.5069911,4.514857,0.64371973,233.3786,11
2018-07-17,24.473885,30.68753,19.103851,11.583679,10.155683,10.954246,1.9779421,1.2320503,2.3588364,4.260465,0.4573543,238.08142,11
2018-07-18,23.822687,30.413513,19.721588,10.691925,11.196435,12.287531,1.0909524,1.3255311,2.334999,4.435423,0.770413,219.45543,10
2018-07-19,24.472925,30.988281,19.811768,11.176514,12.121826,12.684227,0.948939,2.4261272,2.8195126,5.179366,1.6318293,201.36214,9
2018-07-20,24.092855,29.510803,19.884613,9.62619,13.464162,14.027884,1.5020345,2.5382977,2.9797962,4.7340536,1.5425466,210.61488,6
2018-07-21,23.705389,28.83957,19.14627,9.693298,12.432774,13.068699,2.6941252,1.1586391,3.0074112,4.6696005,1.1766447,246.72934,5
2018-07-22,24.660156,31.206757,19.372192,11.834564,11.038901,12.283787,2.612024,0.6329767,2.8008988,5.4188676,0.7325013,256.37802,9
2018-07-23,27.27986,34.280273,21.59021,12.690063,10.706744,11.740955,2.6060283,-0.27465758,2.9148235,5.429305,1.3641675,276.0164,12
2018-07-24,28.733171,34.937195,22.972198,11.964996,10.741609,11.597436,1.9823337,0.20702451,2.3526738,5.1925507,0.58295393,264.03793,14
2018-07-25,28.200493,33.557922,22.804382,10.75354,10.100315,11.308946,1.2981128,1.1236697,2.0044768,4.657814,0.053552486,229.11995,14
2018-07-26,27.175638,32.02722,21.57904,10.448181,9.015208,10.889184,1.1746848,1.0723435,2.0060122,4.29794,0.03851683,227.60774,14
2018-07-27,26.115698,32.097504,20.912323,11.185181,9.119331,9.7588415,1.668671,0.942272,2.0846775,4.3301563,0.3918103,240.54727,13
2018-07-28,25.84736,31.79715,20.168701,11.6284485,9.1311455,10.529478,0.99156505,1.4348398,1.9581137,4.1257906,0.6668388,214.64693,14
2018-07-29,25.483084,32.870026,20.276428,12.593597,8.431403,8.89733,0.510409,1.6107945,2.0512922,4.131879,0.71960914,197.58174,14
2018-07-30,26.164358,31.891968,21.281311,10.610657,9.407752,10.06073,0.82074326,1.0150329,1.7465105,4.193432,0.44377282,218.9586,17
2018-07-31,27.463114,33.30899,22.691528,10.617462,10.076051,11.036157,1.627676,0.9942141,2.0309021,4.9100213,0.3840207,238.58266,13
2018-08-01,27.084452,33.10678,22.31903,10.78775,9.649868,10.559756,1.7724477,1.3705794,2.29665,4.8029885,0.69527304,232.28633,12
2018-08-02,26.430883,31.426605,21.602753,9.823853,9.605591,10.219992,2.0381207,1.5016955,2.5873969,4.9340305,0.8287264,233.61707,11
2018-08-03,26.39206,33.28769,20.96524,12.322449,8.550323,9.468452,1.4088349,0.7708095,1.7689868,4.4015956,0.05278563,241.31581,16
2018-08-04,26.256205,32.82953,19.71524,13.114288,8.166518,9.352378,1.6185995,0.65730315,1.9141163,4.3529654,0.11657147,247.89824,14
2018-08-05,25.864891,32.863007,19.385345,13.477661,8.078859,9.277485,1.9673182,0.08149403,2.2237825,5.047619,0.27303097,267.62793,13
2018-08-06,26.577616,34.81198,19.873322,14.93866,7.8929725,8.831753,1.6411139,-0.36498585,2.1177168,4.778581,0.93331486,282.53857,15
2018-08-07,27.792154,34.130127,21.654877,12.47525,8.188611,9.213824,1.3190043,0.2570556,2.1692145,4.167139,0.1865373,258.97208,13
2018-08-08,27.09136,33.307404,21.328735,11.978668,7.954058,9.094066,-0.06729186,1.9109215,2.5670388,4.7834525,0.92167395,177.98318,10
2018-08-09,27.509537,34.6727,22.157928,12.5147705,8.732112,10.00661,0.63329303,1.3277404,2.1953478,5.3422685,0.68507516,205.49977,14
2018-08-10,26.677164,31.966278,22.233978,9.7323,10.460166,11.439595,1.3685468,2.103289,2.6375206,5.476474,0.6016982,213.05086,12
2018-08-11,25.45873,31.208221,20.428741,10.77948,10.187814,11.353052,2.327938,1.3095204,2.744643,5.3813033,0.70437896,240.64122,9
2018-08-12,24.422892,30.220001,19.238312,10.981689,10.796696,12.219619,2.307433,1.9373928,3.094649,5.4978895,1.4674199,229.98213,9
2018-08-13,23.894339,30.236511,18.501251,11.73526,9.052746,9.647801,1.6780668,1.7273737,2.525964,5.106217,0.99258024,224.1705,12
2018-08-14,23.711843,29.922424,18.181122,11.7413025,8.898118,9.317742,1.9213581,1.3816401,2.425937,4.694715,0.8239575,234.28027,13
2018-08-15,23.88623,29.823395,18.82962,10.993774,9.997439,10.701375,1.7438517,1.5156065,2.3467262,4.8706365,0.49090865,229.00565,13
2018-08-16,24.066526,30.352814,19.40686,10.945953,11.24144,12.085534,1.3393825,1.6459335,2.2222683,4.4284472,0.35051474,219.13707,11
2018-08-17,24.935583,31.158722,20.074493,11.0842285,12.225895,12.891329,1.896491,1.3258532,2.3516533,4.8343263,0.54646295,235.04228,11
2018-08-18,24.966253,31.2388,19.869263,11.369537,12.208171,12.962361,2.0758722,1.276096,2.4768512,4.6979876,0.86611813,238.41982,10
2018-08-19,25.641611,33.042114,20.173035,12.86908,11.332166,12.727578,2.223265,0.77511686,2.4279776,4.5520153,0.6153801,250.77946,10
2018-08-20,24.641851,30.140839,19.7659,10.374939,11.136448,12.320812,1.3640419,1.7568407,2.3750842,4.71925,0.9202174,217.8264,13
2018-08-21,23.544249,29.434265,19.173096,10.261169,10.577073,11.109335,1.3993815,2.0594041,2.6000063,4.847783,0.58287406,214.19643,9
2018-08-22,23.004175,29.000946,18.007202,10.993744,9.1895,9.564877,1.7126398,1.6962671,2.5079792,5.1353326,0.70955455,225.27519,13
2018-08-23,23.148813,28.999847,18.40628,10.593567,8.872825,9.287384,2.1118774,1.278083,2.4849956,5.7709284,0.24350026,238.81819,12
2018-08-24,22.16442,28.20819,17.185913,11.022278,8.467346,9.26278,2.048951,1.1001996,2.3920379,5.2817965,0.035509635,241.7661,12
2018-08-25,22.194925,28.186462,17.022644,11.163818,9.274924,9.879554,2.002764,1.135718,2.3185506,4.920639,0.27463213,240.44351,13
2018-08-26,21.782661,28.50879,16.725311,11.783478,9.590201,10.954399,2.2778127,1.0100013,2.5022314,5.2787485,0.4747259,246.0871,12
2018-08-27,20.849472,27.082672,15.309021,11.773651,7.7640038,8.702366,2.411209,1.1386387,2.688572,5.9818344,0.26524293,244.72205,13
2018-08-28,20.561956,27.617737,15.96109,11.656647,9.390737,10.227006,2.4084966,1.174306,2.6980133,5.784426,1.0427961,244.00761,11
2018-08-29,22.503906,28.973755,18.266388,10.707367,9.353101,9.921271,2.415699,0.42150465,2.4987752,5.5182385,0.66200167,260.10236,13
2018-08-30,23.149836,29.915222,18.183075,11.732147,7.3467,8.631368,2.1306121,0.48683906,2.2908075,5.403512,0.30423224,257.12903,13
2018-08-31,23.011637,29.821747,17.578888,12.242859,8.207359,8.927298,2.0694752,-0.22619204,2.404576,4.8866487,0.8867947,276.23764,12
2018-09-01,21.919,28.453583,16.701324,11.752258,9.659188,10.887246,1.6331815,0.85655403,2.0026486,4.944107,0.5835749,242.32436,15
2018-09-02,21.961283,29.134705,17.027039,12.107666,10.8122635,11.534227,0.70844936,1.3410625,1.8200685,4.279324,0.5507993,207.84637,15
2018-09-03,22.165619,28.6474,17.581177,11.066223,11.569507,12.614631,0.84942865,1.6497935,1.9570166,4.204862,0.024306204,207.24257,14
2018-09-04,21.919184,28.644592,16.648468,11.996124,10.463454,11.474748,0.99570465,1.1969683,1.9076637,4.119787,0.46244866,219.75557,14
2018-09-05,21.482954,28.213379,16.500275,11.713104,9.752734,10.548151,1.145821,1.254644,2.0511754,4.093923,0.48094776,222.40433,15
2018-09-06,21.79281,28.203186,17.240509,10.962677,8.496911,9.286191,1.7975368,0.7313371,2.0099669,3.9800406,0.64578825,247.86081,15
2018-09-07,23.060738,30.205933,18.02835,12.177582,8.18912,9.055522,1.5672559,0.6378203,1.8923451,4.002754,0.57200617,247.85535,14
2018-09-08,25.514048,32.857483,20.444122,12.413361,7.385226,8.50667,1.7484988,0.3220225,2.0974,4.957221,0.44877613,259.56473,14
2018-09-09,26.058914,32.360535,20.127563,12.232971,8.111756,8.883965,1.5015827,0.6681054,1.9419805,4.470738,0.2587252,246.0141,14
2018-09-10,23.391815,29.59842,17.209778,12.388641,8.163811,9.231527,1.0549864,1.2512361,1.9146734,4.312412,0.43417203,220.1361,15
2018-09-11,21.626358,28.150757,16.40915,11.741608,8.234132,9.036256,1.0986274,1.3710752,1.958794,4.2658367,0.62109023,218.70483,15
2018-09-12,20.775642,26.904266,15.793213,11.111053,8.921958,10.080679,1.6020136,1.387544,2.3225613,5.2632313,0.6427609,229.10335,13
2018-09-13,21.256735,28.97821,15.570526,13.407684,8.015619,9.601669,1.9854282,0.6521347,2.3232973,5.069305,0.34019533,251.81671,13
2018-09-14,23.932898,30.666138,18.49759,12.168549,6.303986,6.76903,2.1951015,-0.056405663,2.763897,5.1029677,0.9478515,271.47195,10
2018-09-15,23.123009,28.789032,17.63675,11.152283,7.088034,8.485835,2.613899,1.086464,2.9422817,4.993351,1.025823,247.42984,7
2018-09-16,22.667938,28.683014,17.436707,11.246307,6.971273,7.4808893,2.0192766,0.82790905,2.3908055,4.839475,0.44680905,247.70624,12
2018-09-17,22.45238,29.154816,17.050201,12.104614,6.0684304,6.6576395,2.156332,0.54664963,2.4220765,5.318063,0.46786392,255.77469,11
2018-09-18,21.77301,28.1167,16.266602,11.850098,6.64888,7.1646113,2.098023,0.7767188,2.324855,5.250677,0.3761093,249.68472,12
2018-09-19,20.910927,28.291107,14.83548,13.455627,6.783993,7.25107,1.7739366,0.13739622,2.0300667,4.602543,0.25953186,265.57114,14
2018-09-20,21.28405,28.0997,15.762268,12.337433,7.800909,8.559976,0.43136516,0.9965408,2.105663,4.4035387,0.35288453,203.40598,13
2018-09-21,21.095861,27.905975,16.6734,11.232574,7.7445126,9.467047,0.27523103,1.5733579,2.1495883,3.9279752,0.9758186,189.9225,13
2018-09-22,23.07473,29.590607,18.822388,10.768219,6.820849,7.7479086,1.7817773,0.6702761,2.119772,5.19884,0.36192194,249.38452,15
2018-09-23,22.352396,27.009949,18.258911,8.751038,8.720074,9.617039,2.011344,0.9339382,2.322168,5.075888,0.13597585,245.0929,12
2018-09-24,20.234224,25.830414,15.783264,10.04715,8.615178,9.247052,1.6067566,1.2489411,2.0445726,4.5258937,0.7298308,232.14188,15
2018-09-25,20.051723,27.182037,15.61908,11.562958,8.623269,9.272079,1.1012864,0.49171388,1.3946754,3.9685576,0.019771261,245.9397,17
2018-09-26,22.08259,29.238312,17.351349,11.886963,7.679004,9.252407,0.81235784,0.29273286,1.4352298,3.0714262,0.36188164,250.1834,17
2018-09-27,23.405397,29.768127,19.104767,10.663361,7.2812824,9.135749,0.70235425,0.778111,1.487545,3.8685234,0.16921517,222.0707,15
2018-09-28,21.91539,26.834534,17.762054,9.072479,7.9507256,8.343495,0.71613693,2.0630252,2.3928754,5.003355,0.843817,199.1434,13
2018-09-29,18.836401,24.195099,14.325928,9.869171,7.7656693,8.33135,1.0273296,2.2743123,2.5684178,5.484972,1.1552298,204.30917,14
2018-09-30,19.921782,26.57605,15.789124,10.786926,8.9740095,9.774711,1.3046441,1.8374386,2.4848793,5.891621,0.28397527,215.37607,12
2018-10-01,22.35878,28.56427,18.440979,10.123291,10.308164,11.578457,1.0257081,1.2427934,1.9958826,4.624221,0.13438985,219.5337,14
2018-10-02,22.60698,25.843506,20.05304,5.7904663,9.540273,10.651469,1.9547753,1.4126506,2.5651813,5.5942025,0.43947527,234.14563,12
2018-10-03,19.237606,22.499481,16.796906,5.7025757,11.176814,11.614708,0.7199896,3.0132458,3.258481,5.9297476,1.1068283,193.43839,8
2018-10-04,18.545927,22.74881,15.806976,6.9418335,10.892693,11.617116,2.5744545,1.5873607,3.088072,5.3431735,1.8590499,238.3428,2
2018-10-05,18.861614,25.493439,14.863617,10.629822,10.066677,10.696062,2.3433166,-0.081749,2.5471866,4.929301,1.1883694,271.99802,7
2018-10-06,18.875576,23.397186,15.094238,8.302948,9.914796,10.696754,2.4471152,0.4490653,2.5983984,5.234352,0.8955953,259.60147,12
2018-10-07,17.857973,23.393677,13.448242,9.945435,8.997182,10.480337,1.8055471,-0.5752407,2.2555206,4.869029,1.0575056,287.6717,10
2018-10-08,17.783792,23.428802,13.418732,10.010071,7.8375816,8.973781,0.5283943,0.5688222,1.472909,3.7152407,0.46125364,222.88985,17
2018-10-09,17.266033,23.12091,13.632965,9.487946,8.432315,9.6473875,0.5282113,1.9104058,2.3646708,4.882654,1.1227094,195.45569,14
2018-10-10,16.4398,21.783081,13.207672,8.575409,8.368323,9.234785,1.544387,1.8406506,2.5014286,4.941738,1.0433486,219.99814,10
2018-10-11,16.164036,21.756714,13.259186,8.497528,8.398089,8.77048,1.7271099,0.89895517,2.0500915,4.6736703,0.900404,242.50317,14
2018-10-12,18.347284,24.135376,15.001221,9.134155,8.661714,9.072759,-0.46841565,-0.67629594,2.52306,3.9264407,1.2407082,34.707222,6
2018-10-13,17.684227,21.589142,14.800476,6.788666,10.122695,10.632856,1.7646343,0.5868977,2.0469403,3.2370882,0.84380066,251.60345,10
2018-10-14,17.552713,23.444061,13.85025,9.593811,9.578163,10.891714,1.8903694,0.6802611,2.1610034,3.7394683,0.23950005,250.20844,10
2018-10-15,17.077375,22.084045,14.015289,8.068756,5.2219815,8.772512,-3.3329957,-4.410424,5.9899406,11.406866,1.1897551,37.07865,5
2018-10-16,17.322424,24.41098,12.683868,11.727112,4.4189124,5.0582085,-1.7163614,-2.9104106,3.4894264,6.0077662,2.2319984,30.5292,0
2018-10-17,18.140469,24.614075,13.438293,11.175781,5.5536537,6.3463893,-0.9214253,-1.3264068,1.9580578,3.4754107,1.0933573,34.786846,15
2018-10-18,18.982998,26.079376,13.896759,12.182617,6.1366467,7.273465,-0.734474,-1.3065077,1.8936977,3.198507,0.9185809,29.343204,15
2018-10-19,20.012629,26.865387,15.412231,11.4531555,6.508276,7.570505,-1.8087851,-1.9104056,3.03321,5.141093,1.6081631,43.43488,6
2018-10-20,20.604069,26.949615,15.798645,11.15097,6.49783,7.314061,-1.2120379,-1.483369,2.196474,3.9799137,0.39445397,39.251724,12
2018-10-21,20.306982,24.78946,16.957123,7.8323364,8.871871,9.492621,0.38945028,0.38354936,1.2634197,2.6577039,0.4785867,225.43738,21
2018-10-22,18.500982,23.919617,13.889832,10.029785,8.384374,9.310839,-0.08941102,0.12139381,1.2615347,2.546747,0.6336075,143.62697,22
2018-10-23,18.800182,24.895935,15.051666,9.844269,8.009181,9.170855,0.7671018,-0.079393424,1.2866521,3.2402718,0.25988463,275.90897,18
2018-10-24,19.83941,25.850342,15.351227,10.499115,7.8148875,8.742835,0.93632674,-0.34232,1.5554003,3.6987453,0.14615674,290.08237,17
2018-10-25,19.258047,26.258331,14.675446,11.582886,7.4592795,8.704725,0.37266,-0.25607726,1.2882951,3.3982084,0.18097155,304.49533,21
2018-10-26,21.102781,28.44226,16.895477,11.546783,6.412075,7.2483697,-0.013232638,-0.6852226,1.5342479,2.2589278,0.5428647,1.1063267,20
2018-10-27,22.35913,28.613678,17.53778,11.075897,6.283273,7.4695263,0.40349916,-0.1792152,1.6217588,3.2289402,0.3641484,293.94855,17
2018-10-28,21.203787,26.969025,16.690002,10.279022,6.50394,7.1949925,0.67169493,0.08235553,1.5405992,3.589921,0.30983418,263.00995,17
2018-10-29,19.277704,24.74878,14.544464,10.204315,7.4521203,7.9197454,0.9554636,-0.34010354,1.6926407,3.575624,0.3466396,289.59354,17
2018-10-30,16.934422,23.462189,11.818024,11.644165,7.0990157,8.771523,0.68546635,-1.5446573,2.0695965,3.8395042,0.7115112,336.06998,14
2018-10-31,17.24734,24.183136,12.695801,11.487335,4.7912865,6.757312,-1.3607229,-1.9909266,2.9080474,5.0665984,0.3359101,34.351124,5
2018-11-01,18.580782,26.036041,14.5321045,11.503937,5.1707454,6.025031,-0.6663316,-1.5464687,1.9492617,3.1662748,1.2150241,23.309902,17
2018-11-02,20.897915,28.026398,17.049347,10.977051,6.5857544,7.17784,0.49995735,-1.4810929,2.1772604,3.951441,1.0490448,341.34738,7
2018-11-03,20.5471,27.50296,15.5937805,11.90918,7.217569,8.227508,0.13234486,-1.645352,2.4361296,3.71789,0.8300946,355.40128,10
2018-11-04,20.826878,27.29361,16.982666,10.310944,6.639073,7.2181926,-0.4420124,-0.54444677,2.3142164,4.2745895,1.2713442,39.07163,8
2018-11-05,18.484632,24.782898,13.788452,10.994446,7.4984665,8.472966,0.3525472,0.48169765,1.1675612,3.725754,0.21586305,216.19984,20
2018-11-06,17.316366,23.89862,12.981476,10.917145,7.80661,8.696665,-0.59645855,0.13879314,1.3305353,2.4267826,0.30169815,103.09934,21
2018-11-07,16.505278,22.9021,11.7682495,11.13385,6.9916034,7.80111,1.3298291,-0.5060055,1.8009402,4.3674264,0.3303607,290.83203,18
2018-11-08,15.926628,22.115051,11.404816,10.710236,6.3608384,8.485949,-0.23485982,-1.8689023,3.2664464,6.2486615,0.72429556,7.162656,7
2018-11-09,16.79029,22.526978,13.060577,9.4664,3.2026222,4.012266,-5.0785503,-4.274299,6.676192,9.561791,4.013553,49.914772,0
2018-11-10,15.791778,22.80487,11.316742,11.488129,3.4009905,4.333798,-0.77677745,-1.2490631,2.79056,3.8680723,0.9478272,31.876986,3
2018-11-11,15.122372,21.648956,10.658478,10.9904785,5.01593,6.217496,-0.6704066,-1.1861696,2.6979885,6.3261623,0.2925812,29.47453,10
2018-11-12,14.268658,21.237274,10.055969,11.181305,3.293431,4.3075385,-3.339693,-2.5045593,4.238031,6.989023,1.6885709,53.132412,2
2018-11-13,14.173107,20.801025,9.91217,10.888855,3.104808,3.8129752,-3.2307022,-2.0865169,3.9205058,7.1012487,1.9304858,57.144,1
2018-11-14,16.102987,22.921661,12.572052,10.349609,3.3978252,3.692726,-2.6185224,-1.7007179,3.2701204,4.925552,1.1993767,56.996464,2
2018-11-15,16.559332,23.652863,12.509949,11.142914,4.1724205,4.807692,-0.66071635,-1.4122186,1.9285879,2.8154056,0.069147654,25.072872,9
2018-11-16,17.155931,21.821991,13.864868,7.957123,5.337355,6.261123,0.39412475,-0.00069019943,1.3179737,2.395887,0.29317266,270.10034,18
2018-11-17,15.55866,20.580292,11.547089,9.033203,5.784679,6.485613,0.41069666,1.0187584,1.6324929,2.9151602,0.21913026,201.95607,17
2018-11-18,15.835464,21.90866,12.110931,9.7977295,5.414164,6.4178143,-0.5765936,0.03253145,1.336258,2.9238467,0.061895423,93.2292,18
2018-11-19,15.188969,19.31012,12.080383,7.2297363,5.0531545,6.0690145,-1.6406313,-0.35530278,2.0000956,3.3147438,0.71545637,77.78046,14
2018-11-20,15.731114,20.943268,11.888153,9.055115,5.8465505,6.4235516,-0.60234517,0.56788296,1.3879052,3.0245688,0.42101553,133.31317,18
2018-11-21,14.457709,19.597656,11.129669,8.467987,7.8272896,8.884722,-0.3424181,1.5983003,2.1816077,4.442703,1.0172987,167.9078,13
2018-11-22,14.619128,18.218292,12.272308,5.945984,8.585113,9.766678,2.833854,0.82385343,3.6576345,5.8959465,2.327807,253.78989,0
2018-11-23,13.459025,18.99002,9.986237,9.003784,7.86755,8.399566,2.5107286,-1.0416025,2.8937683,5.6194897,1.5332333,292.53165,8
2018-11-24,14.593909,19.68515,11.639435,8.045715,9.05334,9.608807,2.470867,-1.5123616,2.981816,4.494361,1.8250171,301.46985,2
2018-11-25,14.825034,20.39096,11.164581,9.226379,7.8972116,10.113596,-0.9459526,-1.828537,2.812006,5.633349,0.766519,27.353771,7
2018-11-26,14.717631,21.571594,10.718048,10.853546,4.531183,6.557989,-1.7380791,-2.0032456,2.8589745,4.536726,0.5255347,40.94594,5
2018-11-27,15.510997,21.56488,12.406128,9.158752,5.082358,6.0648527,-0.24235661,-0.85747004,2.438653,3.4794502,0.5756205,15.782494,4
2018-11-28,14.392432,17.769867,10.703857,7.0660095,6.905785,7.8756986,1.0602951,1.2267828,1.8598024,4.383011,0.46137893,220.8365,15
2018-11-29,13.674454,14.861755,12.606201,2.2555542,8.91843,10.031308,3.7060077,4.0723133,6.0802975,9.531569,2.2638686,222.30376,0
2018-11-30,12.468444,16.449066,9.710602,6.7384644,7.2396455,8.038197,5.7059345,-0.91735226,6.094843,8.105106,4.0493913,279.1334,0
2018-12-01,11.040563,16.083008,7.8056946,8.277313,6.092776,6.9630537,2.624501,-2.4014845,3.9591691,6.572573,2.9357612,312.4593,0
2018-12-02,10.017151,15.0061035,6.263214,8.742889,5.618789,7.265081,3.1017666,-3.092928,4.7301307,5.577714,3.3744729,314.91824,0
2018-12-03,10.58553,16.909393,6.889862,10.019531,4.5095277,5.0078845,-1.4546288,-1.2341796,2.6806777,3.578676,0.8572532,49.68706,3
2018-12-04,11.870255,17.797485,8.4756775,9.321808,4.0407324,4.7362413,-3.6145096,-0.38354185,4.0414367,7.100161,0.09064643,83.9429,4
2018-12-05,10.628849,13.411652,8.714813,4.6968384,5.8526855,7.9130754,-3.3278058,1.6649634,3.807908,5.928461,1.8454025,116.57966,1
2018-12-06,10.730876,12.1484375,9.590515,2.5579224,7.603479,8.298962,-4.8679976,0.9612039,5.041744,5.6600294,3.9843857,101.16958,0
2018-12-07,12.167413,17.496124,9.725708,7.7704163,7.138771,8.237029,-2.7450054,-1.5755514,3.4085093,4.933461,0.69666916,60.145454,5
2018-12-08,12.495347,18.766418,8.592255,10.174164,6.7876954,7.469425,-0.81819016,-1.263345,1.9767538,3.472491,0.3130048,32.928623,11
2018-12-09,12.576255,17.396057,9.04483,8.351227,6.5720496,7.654533,-1.2721099,-1.4613272,2.3754616,4.613292,0.23337883,41.040115,11
2018-12-10,13.261775,16.31842,11.182526,5.135895,6.336635,7.423732,-1.090806,-1.3295822,1.8473028,2.537109,0.45712462,39.365883,12
2018-12-11,12.994662,18.481567,9.533997,8.947571,5.827614,7.097949,-1.5236315,-1.5744377,2.3071191,4.3443713,0.7025729,44.06047,11
2018-12-12,12.045676,17.753723,8.759552,8.994171,6.10553,6.467975,-0.02298834,-1.160088,1.5754437,3.4832423,0.6069829,1.1352264,20
2018-12-13,12.308433,20.124512,8.262665,11.861847,4.8641896,6.6925936,-2.4623964,-1.6649724,3.3099792,5.9126377,0.22332531,55.935036,6
2018-12-14,12.544224,16.674225,10.214264,6.459961,4.9723372,6.2428036,-2.7260866,-0.9579155,2.9556105,4.671814,0.36291787,70.63911,5
2018-12-15,13.846553,20.392975,9.870789,10.522186,5.171141,6.7775836,-0.42425978,-0.5301449,1.3997273,2.3922453,0.27271774,38.66929,19
2018-12-16,13.893348,19.741913,10.557617,9.184296,5.7134113,6.940196,-0.27510485,-0.09665976,1.8439935,3.1552167,1.0670195,70.64076,15
2018-12-17,12.516776,16.328735,9.84671,6.482025,7.6685576,8.206871,1.8175579,0.6839705,2.0075238,3.809003,0.26686174,249.37804,14
2018-12-18,12.42852,18.577454,9.28125,9.296204,7.664057,8.532862,1.4458128,-1.2174323,2.285506,2.9338324,1.5006322,310.09872,8
2018-12-19,13.445095,21.350647,9.429047,11.9216,6.934137,8.023557,-0.75578135,-1.8947772,2.7294486,4.283816,0.24095789,21.745874,4
2018-12-20,14.7435875,20.679443,11.9131775,8.766266,6.0351086,7.8861976,-0.7716899,-0.668752,1.8379596,2.5738437,0.27482107,49.08756,10
2018-12-21,15.156021,18.509674,13.226898,5.282776,6.9599776,7.5376706,1.019513,-0.019523552,1.2348045,2.2548575,0.3683049,271.09708,21
2018-12-22,13.398231,19.34552,9.123291,10.222229,6.6859307,7.7738814,-0.5661406,-0.7945156,1.7085032,3.2508464,0.7745217,35.472176,17
2018-12-23,13.335335,18.285278,10.666595,7.618683,6.53029,7.9148736,-0.37819624,-0.73212415,1.4839935,2.5790148,0.37030303,27.319695,19
2018-12-24,12.768409,18.69223,9.03479,9.65744,6.952276,7.736605,0.8921246,-1.4215641,2.31046,3.5064113,1.3705711,327.88904,8
2018-12-25,11.862502,14.97171,9.351837,5.619873,7.433634,8.737647,4.1620183,-1.8425032,5.0690155,6.425205,3.0357637,293.87872,0
2018-12-26,10.392034,16.23764,6.314514,9.923126,5.3967705,6.151402,0.74420863,-4.07649,4.3942575,6.294878,1.9330434,349.65396,1
2018-12-27,9.325986,14.462219,5.2461853,9.216034,4.8372197,5.486138,1.103875,-3.4222314,3.648887,6.2932014,2.1686652,342.12238,0
2018-12-28,7.9165688,12.136261,4.5559387,7.5803223,3.6223278,4.7446117,-1.9345379,-5.6914744,6.239656,7.9698515,5.338467,18.772947,0
2018-12-29,7.4827704,14.135803,3.6364136,10.49939,2.8362362,3.098944,-1.9948043,-3.4635246,4.0622997,6.285408,1.6052601,29.93963,1
2018-12-30,10.059892,16.350159,7.080353,9.269806,3.9929028,5.43423,0.66395277,-1.2655052,2.1701164,3.3698585,0.53295153,332.31607,6
2018-12-31,8.974438,13.143524,5.8957825,7.2477417,5.2759213,6.215175,0.5419592,-1.4251652,3.1161392,5.0593944,1.3249004,339.1793,6
2019-01-01,6.506714,11.044495,2.9480896,8.096405,2.6699085,3.2058299,-4.3506866,-4.683424,6.433613,8.963952,3.7115812,42.890675,0
2019-01-02,7.444374,13.901978,4.594879,9.307098,2.4670572,2.9090981,-2.0125763,-2.7827644,3.494686,5.1676483,0.42200208,35.87555,2
2019-01-03,8.61464,15.746674,4.6912537,11.05542,3.175193,3.755751,-1.5345016,-1.2650892,2.2711892,4.051621,0.3519856,50.496803,11
2019-01-04,9.7733,17.034943,5.7462463,11.288696,4.0108814,4.923081,-1.2754492,-0.20739152,2.0059655,2.7372358,0.35079804,80.76437,9
2019-01-05,9.991341,12.005005,8.820831,3.1841736,6.074187,7.886484,-0.6600426,2.7797687,3.0187244,6.211107,0.32968992,166.64275,6
2019-01-06,10.4520235,13.2659,8.115967,5.149933,6.893996,8.149822,2.098816,1.8266678,3.8887775,5.3579917,2.208316,228.9659,0
2019-01-07,10.473508,13.4122925,8.817932,4.5943604,7.303562,7.5724773,0.24251218,3.480169,3.7714252,5.4517837,1.5569154,183.98618,1
2019-01-08,11.802788,17.452667,8.980438,8.472229,6.971519,7.5267043,-1.9837564,-0.4528202,2.6022503,3.4603927,0.4242707,77.14174,4
2019-01-09,12.545555,17.097992,10.309509,6.7884827,7.664888,8.079615,-0.11229109,1.5398241,1.8585715,3.1574852,1.0973467,175.8291,16
2019-01-10,12.102994,17.180695,8.88147,8.299225,7.6531014,8.233838,1.2712046,-0.54469043,1.8675483,3.6703365,0.3256619,293.19434,14
2019-01-11,11.385513,15.644165,8.624634,7.0195312,6.9763293,7.4376206,-0.7992833,0.97211295,1.8426275,4.635489,0.2782591,140.57253,15
2019-01-12,10.710778,12.93692,9.36319,3.5737305,6.672319,7.163537,-1.7396075,1.9803373,2.68643,4.5726004,0.493223,138.70262,6
2019-01-13,9.575841,14.484528,6.280792,8.203735,6.05681,6.7527585,-1.5542297,-0.10963593,2.1252174,3.6465023,0.14716204,85.96502,13
2019-01-14,9.8260765,11.641205,8.55481,3.0863953,6.706085,7.5074534,-4.8399653,2.249569,5.354529,8.7822895,1.7587795,114.92854,1
2019-01-15,10.008339,12.601807,8.790192,3.811615,6.968925,7.576921,-1.443027,2.9727745,3.405962,7.112075,1.2948408,154.10739,9
2019-01-16,12.293836,15.332275,10.255402,5.076874,8.67925,9.202983,-1.0423392,5.0564156,5.252018,6.534557,3.239164,168.3521,0
2019-01-17,13.501695,15.057159,12.795197,2.261963,9.596301,9.979578,2.6525612,4.685044,5.8084884,7.094012,4.1049085,209.51753,0
2019-01-18,12.242932,17.263428,9.290894,7.972534,7.8274612,9.41354,2.339303,-0.7066045,2.6674488,3.503761,1.599456,286.80734,3
2019-01-19,13.138287,21.249725,9.233551,12.016174,6.83424,8.200061,-1.130949,-2.3427181,3.0723808,4.7807164,1.4638933,25.76896,3
2019-01-20,14.405496,18.947906,12.0961,6.8518066,7.3172736,9.410957,-0.030125042,-0.6065604,2.1243453,4.2439857,0.48826167,2.8432794,12
2019-01-21,10.907433,14.724609,6.9683228,7.7562866,6.904999,9.571638,5.064184,-2.894832,6.29797,8.853052,3.791799,299.7535,0
2019-01-22,9.095483,15.020294,5.4923096,9.527985,4.345206,5.579733,-0.8724701,-5.518456,6.327948,7.350024,4.2141833,8.984123,0
2019-01-23,10.036479,17.896667,6.171997,11.72467,3.5897014,4.8827257,-1.3619537,-2.2359264,3.0565655,4.035696,0.5237657,31.346544,3
2019-01-24,12.71771,19.887238,8.471436,11.415802,5.494737,5.9691052,-1.3369374,-2.0353498,3.1696618,5.2989616,1.2528799,33.29926,6
2019-01-25,12.889665,20.269684,8.081879,12.187805,5.2584424,6.9423428,-1.9073044,-2.1377344,2.9903939,4.3838096,0.9954632,41.739605,7
2019-01-26,13.791266,20.477844,10.102203,10.375641,5.217755,7.0929823,-1.805766,-2.7787287,3.4017274,5.262911,1.6260964,33.017956,1
2019-01-27,14.3764,20.714478,10.873077,9.8414,5.7819786,7.2843084,-1.0289253,-1.4351033,2.5502303,3.1472313,0.65933627,35.63937,4
2019-01-28,15.125016,20.228577,11.806702,8.421875,7.090669,8.2666,-0.14849667,-0.89296144,1.4213958,2.3596482,0.14728026,9.441704,19
2019-01-29,15.312313,19.722687,13.377563,6.3451233,7.084661,8.322745,0.3858743,-0.33523905,1.6816292,3.7744174,0.3243745,310.9834,18
2019-01-30,13.511502,18.356995,10.82547,7.5315247,7.6427383,9.066155,-0.28210214,-0.2949343,1.5360678,2.4002132,0.7876624,43.726063,22
2019-01-31,12.036824,15.113739,10.486176,4.6275635,8.054061,8.339074,-0.8366119,2.3067153,2.752145,6.3368897,0.9934126,160.06502,9
2019-02-01,11.192878,14.459839,8.891083,5.568756,7.4281163,7.789548,-1.0601703,1.3293113,2.1146681,5.0863967,0.14626071,141.42647,15
2019-02-02,11.748538,14.33728,10.701111,3.6361694,8.184049,9.374215,-1.9098779,6.323648,7.490948,13.259221,2.7687042,163.19455,0
2019-02-03,10.213435,11.979736,9.126404,2.8533325,7.2225137,7.700134,3.0698636,4.4398355,5.4504337,6.408372,3.5876012,214.66139,0
2019-02-04,10.620955,12.21405,9.799591,2.4144592,7.527569,7.830572,3.2807178,4.9445558,6.0557075,8.662093,3.5289323,213.56432,0
2019-02-05,9.065605,10.844788,7.501526,3.3432617,6.2143974,7.198254,5.7891617,2.397376,6.422896,7.8166814,4.7428155,247.50485,0
2019-02-06,6.004049,10.52478,2.1496277,8.375153,4.2497196,5.417295,3.7995234,-2.4773092,4.81847,6.7437844,3.5576348,303.10455,0
2019-02-07,6.651091,12.861938,2.8181458,10.043793,3.787133,4.3345323,-1.1619493,-1.12154,3.2939727,4.6835537,1.489325,46.013813,1
2019-02-08,8.210195,13.617706,4.047821,9.569885,4.003594,4.914441,-0.7531373,0.40727785,2.4096649,4.454068,0.7251265,118.40341,8
2019-02-09,8.210564,11.980133,6.195038,5.785095,5.845907,6.2313256,2.6734743,1.6785978,3.2935936,4.9563484,2.346555,237.87646,0
2019-02-10,8.4661255,10.867706,6.840637,4.027069,6.1396728,6.47076,3.8540103,1.9652847,4.3801255,8.930349,1.8684258,242.9815,2
2019-02-11,6.3271813,13.046112,1.5683899,11.477722,3.9453137,5.9869156,0.77527785,-2.3684576,3.8022492,7.4273725,0.1504897,341.87494,5
2019-02-12,8.961745,16.52655,4.21109,12.31546,3.9217398,5.3539863,-2.4516995,0.37612382,3.3111534,4.9353175,0.9339327,98.72194,6
2019-02-13,10.499446,12.864868,9.524139,3.3407288,6.5134797,7.538403,-2.123174,3.227356,3.9958897,6.8200836,2.0922852,146.66035,0
2019-02-14,12.28683,14.448181,9.768127,4.6800537,8.955769,10.414946,0.67581624,5.297665,7.082369,9.997337,5.1366606,187.2699,0
2019-02-15,9.747215,11.827209,8.277344,3.5498657,6.9225354,7.7541256,4.173838,1.5589017,4.5454283,6.817053,2.803824,249.51967,0
2019-02-16,9.05114,12.352478,5.1197815,7.2326965,5.911863,7.1740465,5.0846934,-0.88315505,5.629276,6.6749673,4.383777,279.85333,0
2019-02-17,7.2895217,10.725128,4.362091,6.363037,5.445955,5.9771667,5.52631,-0.9540055,5.848959,9.46955,3.8859773,279.79443,0
2019-02-18,6.3563066,10.651611,2.5744019,8.077209,4.4453883,5.509923,2.902003,-3.0225084,4.7408557,8.38197,2.957656,316.16525,0
2019-02-19,6.1864777,11.555298,2.0603943,9.494904,3.5631218,4.4757147,-0.063662596,-3.279888,3.5491505,5.073526,1.418345,1.1119709,4
2019-02-20,6.80352,10.637695,4.0114136,6.6262817,4.2799244,5.46283,2.358186,0.7995718,2.8099754,5.748462,0.20051076,251.27014,9
2019-02-21,6.8557563,9.137665,4.2550354,4.8826294,5.160155,5.9712524,4.2527523,-1.3315059,4.6222486,5.802633,3.3557086,287.38495,0
2019-02-22,6.353087,12.4314575,2.5420227,9.889435,3.880585,4.666381,0.14697355,-3.549812,3.9019072,5.2686806,2.436484,357.62912,0
2019-02-23,7.843488,13.417938,3.9999695,9.417969,4.3832183,4.7193704,0.19432335,0.07081754,2.2424145,3.544772,1.3302947,249.97668,9
2019-02-24,9.80026,16.236786,5.447998,10.788788,4.8662033,5.539966,0.09874461,-1.0946536,1.9571323,3.1229594,1.061474,354.84552,11
2019-02-25,11.494537,16.371857,8.392731,7.979126,6.2404037,6.6476355,0.9351327,0.48945454,1.721228,3.2877522,0.34046203,242.37216,15
2019-02-26,11.302661,14.262085,8.745972,5.5161133,6.6127677,7.510329,0.38808408,0.9008426,1.4880728,3.0723157,0.41062605,203.30644,19
2019-02-27,11.029605,15.243805,8.688019,6.555786,7.2393556,7.7301745,1.213909,1.849239,2.269274,3.6323817,1.4008919,213.28238,11
2019-02-28,12.546112,16.3573,10.785034,5.5722656,8.337694,8.805624,1.3520727,1.5727745,2.2235937,4.70737,1.2202245,220.68478,15
2019-03-01,12.550092,16.141602,10.364136,5.777466,8.152279,8.801232,1.5936403,0.30318284,1.7904024,3.5026617,0.41402927,259.22845,14
2019-03-02,12.16795,14.623291,10.600739,4.0225525,8.605095,9.471053,1.2510251,3.7199078,4.39415,7.570068,1.4411772,198.58807,5
2019-03-03,12.070054,14.494995,10.437927,4.057068,8.319205,9.4148855,3.521289,2.0616715,4.0960307,6.498008,2.8112938,239.65155,0
2019-03-04,11.6548,16.310974,9.125488,7.185486,7.263073,7.922877,2.9114563,0.23911132,3.2097213,4.8319387,1.6358117,265.30496,2
2019-03-05,12.356918,16.738403,9.259277,7.479126,7.230188,7.457821,0.8742115,0.97886604,2.2449815,4.6289535,0.107504554,221.76761,14
2019-03-06,12.310276,14.481964,10.756409,3.7255554,8.259871,9.165943,-0.42829904,4.5758386,4.990767,6.614425,2.4643161,174.65268,0
2019-03-07,11.5524435,14.162689,9.134827,5.0278625,7.506939,8.924445,3.0755098,1.651054,3.6652334,5.939468,2.43773,241.77136,0
2019-03-08,9.380258,12.787537,6.4687805,6.318756,5.885863,6.9133773,5.265675,0.016278079,5.394676,7.817209,4.375629,269.82288,0
2019-03-09,8.986267,13.166077,6.0071716,7.158905,5.617245,5.9961677,2.473825,0.6497168,2.7663176,6.3972836,0.72560084,255.28438,9
2019-03-10,8.811721,11.51474,7.3279724,4.1867676,5.707001,6.2206707,1.8016485,0.5556973,1.9658318,5.0753894,0.511235,252.85825,13
2019-03-11,9.823314,14.340881,6.491028,7.8498535,5.936423,6.25923,-0.81607765,-1.4828306,2.6414993,4.414828,1.0705869,28.826239,7
2019-03-12,11.804103,17.26712,8.613312,8.653809,6.5769677,6.737321,1.2626208,-3.0587177,3.9463532,6.2306314,2.5612578,337.56946,0
2019-03-13,10.697864,15.4599,6.041626,9.418274,5.9865966,7.5668116,2.6224756,-3.0671785,4.828452,6.0211678,3.5217862,319.46915,0
2019-03-14,10.18488,16.188263,5.5658264,10.622437,4.4575863,5.976075,-2.6642647,-3.415539,4.7482204,7.930108,2.683983,37.955734,0
2019-03-15,11.112019,18.009796,6.329651,11.680145,4.6263046,5.4341655,-2.4518092,-2.6582832,3.6845226,6.108629,1.1892784,42.68621,3
2019-03-16,12.84071,20.8685,7.962982,12.905518,5.0964365,6.2376657,-2.527632,-3.0779068,4.064685,6.0567646,1.341853,39.393448,1
2019-03-17,15.4576235,22.585724,10.209991,12.375732,6.1500397,7.3121786,-1.1844678,-1.377004,2.5322106,4.080749,1.1600643,40.70137,6
2019-03-18,16.175528,21.192993,11.494049,9.698944,7.5441437,8.429604,-0.08083833,0.52169293,2.0464985,3.6585057,0.66004044,171.19183,15
2019-03-19,14.669034,18.465057,11.8750305,6.590027,8.269837,9.405422,-0.03524649,1.9616956,2.2717438,5.5331373,0.34233946,178.97064,13
2019-03-20,11.796033,15.344238,9.473358,5.87088,7.483768,8.083999,0.50613433,2.400937,2.9382422,5.2806363,1.587473,191.90407,7
2019-03-21,10.344949,12.858093,8.087402,4.770691,6.9033446,7.4989443,3.5258644,1.02962,3.780587,5.19492,2.8374174,253.72119,0
2019-03-22,10.980575,16.560577,8.132324,8.428253,6.5999885,6.9207463,2.513003,0.015174811,2.6226094,5.176829,1.2572818,269.65402,9
2019-03-23,12.046795,16.339905,9.443237,6.8966675,7.374134,7.724198,2.7227287,0.6081333,2.816902,5.416836,1.5825536,257.4094,8
2019-03-24,12.541575,18.741669,8.365692,10.375977,7.144966,8.198794,1.7775408,-0.32524332,2.4378583,5.2336936,0.69671017,280.36893,11
2019-03-25,14.415142,20.290955,10.21521,10.075745,6.8921533,7.980762,1.0343986,0.44665074,1.6034285,3.8877528,0.29040712,246.64545,15
2019-03-26,14.127252,19.114807,10.264099,8.850708,7.2460027,8.245018,1.8981094,0.5445606,2.1447582,3.9538755,0.3798267,253.992,12
2019-03-27,13.057643,18.217926,10.036499,8.181427,8.049362,8.504291,2.4796302,0.7535856,2.626256,5.801469,0.49856892,253.09543,11
2019-03-28,12.973988,17.398132,9.612213,7.785919,7.8823066,8.80556,3.7824404,-0.12881815,3.9263084,6.2717257,2.6432526,271.95056,0
2019-03-29,12.92157,19.202667,8.386749,10.815918,6.800844,7.869055,2.5800169,-1.5902352,3.6630192,5.8924866,2.8965979,301.6483,0
2019-03-30,14.228841,21.169373,9.1405945,12.028778,6.6544595,7.7285824,0.3991566,-2.3272061,3.0736399,4.300965,0.9707486,350.2675,4
2019-03-31,16.148378,22.848175,10.884674,11.963501,6.4904923,8.129649,-0.4710008,-1.8584405,2.673331,3.667705,0.22880886,14.221526,5
2019-04-01,17.033243,21.829895,12.712036,9.117859,7.1136546,8.500523,-0.48187613,0.019592175,2.2601013,2.9119277,1.5950195,92.328255,7
2019-04-02,15.06775,19.44867,11.361145,8.087524,8.679033,9.629214,1.9603592,2.3654096,3.2230797,6.5528274,1.3760053,219.65062,8
2019-04-03,13.1386795,17.22165,10.72522,6.4964294,7.861403,8.553286,3.0102818,1.4594301,3.5682564,6.4654884,1.5033425,244.1352,3
2019-04-04,13.033252,16.559326,11.119202,5.4401245,7.894196,8.220365,1.6522354,1.8856636,2.5914137,5.054787,1.182986,221.22514,10
2019-04-05,12.598553,16.792664,9.971344,6.8213196,7.5880837,7.925064,2.6223238,1.0572938,2.928027,6.316276,1.3162407,248.04123,9
2019-04-06,13.381405,19.135223,9.662537,9.472687,7.700396,8.220577,3.2291095,0.06341242,3.3323314,5.37395,1.2500514,268.875,4
2019-04-07,15.659585,23.501495,11.10614,12.395355,8.318177,9.1259985,1.4441853,-0.812021,2.063388,4.8222785,0.6898615,299.34772,15
2019-04-08,18.80999,24.902771,15.121582,9.781189,8.7147875,9.993794,1.2715777,-1.5824617,2.6958752,4.7796955,0.66781425,321.21658,4
2019-04-09,17.495525,22.729584,13.712158,9.017426,9.166709,11.103282,4.079603,-2.0035467,4.5845494,9.023076,2.301686,296.15625,0
2019-04-10,13.763709,19.494476,8.704376,10.7901,5.9564767,6.8046355,3.786277,-5.8955445,7.143704,9.484257,5.5028286,327.29034,0
2019-04-11,14.044747,19.547516,9.22583,10.321686,6.4230003,7.0622067,2.406494,-2.7365592,4.1702495,6.58161,1.6977762,318.67203,1
2019-04-12,13.7913475,19.663025,9.54895,10.114075,6.802622,7.8336635,2.4752004,-3.5919893,4.6155562,6.0261493,3.2575579,325.4297,0
2019-04-13,15.008344,21.478271,9.511993,11.966278,6.8581448,7.5219374,0.22523738,-0.5120072,2.6999295,4.118459,1.5009793,336.2548,7
2019-04-14,15.631671,19.961182,11.415161,8.5460205,7.1710486,8.620795,1.9656492,0.6906478,2.3099217,4.665672,0.1257057,250.64066,13
2019-04-15,14.160873,18.04007,10.612091,7.4279785,6.7615776,7.9805665,2.2338998,1.3471028,2.7717361,5.425809,0.8026108,238.90887,9
2019-04-16,12.461648,16.561676,10.020599,6.5410767,7.4579835,7.6275935,2.7204335,1.4132229,3.3785126,6.026443,1.7528112,242.54883,2
2019-04-17,14.034584,22.106201,9.043732,13.0624695,7.229145,7.781812,1.343846,-1.4323624,2.8535957,5.885314,0.51665664,316.8262,3
2019-04-18,17.49294,24.965942,11.792419,13.173523,7.163323,8.261346,0.013411338,-0.7431298,2.0850298,3.028445,0.7780039,358.9661,11
2019-04-19,18.851126,23.239166,14.215973,9.023193,7.898351,9.489519,1.2157961,0.37589285,1.9371403,5.006905,0.38393635,252.81973,15
2019-04-20,13.615392,19.58136,9.388763,10.192596,7.69964,8.381539,2.2510102,1.6718946,2.864336,5.0738773,1.1059653,233.3976,11
2019-04-21,13.646091,18.457672,10.007843,8.449829,7.57156,8.586289,3.7127914,0.33768633,3.7983115,4.834643,2.944722,264.80313,0
2019-04-22,15.018388,21.816315,10.369263,11.447052,7.670658,8.296555,1.9097623,-1.1379193,2.8155158,4.8818707,1.6782703,300.78833,5
2019-04-23,17.659718,24.867706,12.238281,12.629425,7.7926564,8.886161,0.4825898,-1.6528162,2.436848,3.7270975,1.5195864,343.72324,8
2019-04-24,18.554686,24.390808,14.106873,10.283936,7.912065,9.052584,0.7348027,0.7470815,1.553956,3.9836192,0.025651319,224.52527,16
2019-04-25,18.415316,24.310822,13.41507,10.895752,7.8797355,9.205925,0.6036305,1.2246872,1.8106946,3.6630037,0.5645423,206.23802,16
2019-04-26,17.811138,22.864227,13.314301,9.549927,8.322303,9.524772,1.2643557,1.1379133,1.9110088,4.8412323,0.41733667,228.01297,15
2019-04-27,15.5321665,21.844116,10.770416,11.0737,8.137585,8.821843,1.7405087,1.0543128,2.130988,5.565545,0.47924024,238.79462,15
2019-04-28,15.571561,20.5802,11.528931,9.05127,8.645619,9.679162,1.7424178,1.7559563,2.6118639,4.529908,1.0595582,224.77827,10
2019-04-29,14.11113,18.094116,11.5642395,6.5298767,8.076171,8.460924,1.3636308,2.4166567,2.9994297,4.842768,1.6882704,209.43446,7
2019-04-30,13.75682,16.934479,11.50296,5.4315186,8.3579855,8.923179,3.3068635,1.9469348,3.8906662,5.3976073,2.7901971,239.51231,0
2019-05-01,14.360938,20.40747,10.956085,9.4513855,7.561957,8.115422,2.0660489,0.06805558,2.4333127,5.0204473,0.514183,268.11337,6
2019-05-02,15.354117,21.023407,10.895508,10.127899,7.9072795,8.519474,2.2963316,0.29539493,2.4197447,4.570229,0.7797013,262.66986,11
2019-05-03,16.329884,22.223877,11.264679,10.959198,8.0710745,9.127727,1.5254427,0.7693453,1.9181045,4.4488935,0.35079798,243.23627,15
2019-05-04,16.011904,21.360168,11.219025,10.141144,8.130435,9.247721,1.8866339,1.1646997,2.2379096,4.4862766,0.63678795,238.31119,13
2019-05-05,14.610993,19.268341,10.581116,8.687225,7.850736,8.795747,2.6995728,1.7852936,3.2799723,6.1129136,1.8969508,236.52237,2
2019-05-06,14.130947,17.643738,11.457367,6.186371,8.19373,8.867771,3.4145482,1.5241857,3.764306,5.806556,2.8845978,245.94498,0
2019-05-07,14.23436,18.189423,11.71759,6.4718323,8.431466,8.778082,3.3836586,1.2892855,3.6611798,5.2868624,3.0110574,249.14151,0
2019-05-08,15.275182,20.983795,11.906799,9.076996,8.74078,9.126441,3.3818753,0.9186236,3.618311,4.9392724,2.3706589,254.80334,0
2019-05-09,15.37035,19.079102,12.625641,6.4534607,9.183113,9.668972,2.0216367,1.8591743,2.8752234,4.8073854,1.3334451,227.39719,3
2019-05-10,14.780124,19.033539,12.3732605,6.6602783,8.67322,9.03351,-0.32584623,1.4496106,2.1876113,4.1788597,0.73215884,167.3315,11
2019-05-11,16.212265,21.000153,12.369812,8.630341,9.054929,9.450762,0.24699605,0.07329863,1.0215076,2.7962883,0.17360014,253.4712,22
2019-05-12,17.78176,23.808044,12.8107605,10.997284,9.465802,10.5029335,1.3069242,0.82133704,1.9476713,3.8901117,0.25125825,237.85269,13
2019-05-13,17.485762,22.836395,13.110107,9.726288,9.366174,10.008318,1.4128336,1.222313,1.9233751,4.062825,0.3728124,229.13528,14
2019-05-14,17.09652,22.568298,12.349182,10.219116,8.683089,9.651386,1.771535,1.0951833,2.1545162,4.4394393,0.16774344,238.27518,11
2019-05-15,15.66048,20.479828,12.401337,8.078491,8.204094,8.628315,1.8641669,1.984938,2.921901,5.420489,0.7500681,223.20287,9
2019-05-16,14.365959,18.128937,12.358276,5.7706604,8.211819,9.315523,3.3099263,3.2233515,5.3549924,8.558402,2.9553785,225.75922,0
2019-05-17,13.716281,19.063019,9.275024,9.787994,6.897367,7.678559,4.848568,-1.358943,5.2461247,8.480003,3.6508155,285.65698,0
2019-05-18,14.248344,19.742584,9.588287,10.154297,7.4792194,7.837875,2.0351079,0.6215539,2.6283216,6.613331,0.35071173,253.01651,12
2019-05-19,13.077571,16.962921,10.238556,6.724365,7.8574486,8.83857,3.1178465,2.3840823,4.137407,7.8925858,2.4741998,232.59642,0
2019-05-20,12.881051,18.677673,8.944397,9.733276,7.009401,7.7412243,5.368664,-0.15301211,5.5331798,8.060057,4.0649204,271.63254,0
2019-05-21,13.636361,17.316498,10.43573,6.880768,7.523312,8.092465,5.1728954,1.0565037,5.308174,8.522626,3.4542592,258.45676,0
2019-05-22,12.860523,16.575287,9.191925,7.383362,7.021684,7.6869216,4.7594113,-1.6061713,5.2037683,8.371402,4.3440304,288.64813,0
2019-05-23,12.527574,15.992981,10.153778,5.839203,7.8672986,8.15268,1.8422121,1.791491,2.9907029,5.486462,0.89045143,225.79971,9
2019-05-24,14.592819,20.69757,10.1813965,10.516174,7.818086,8.240399,0.8105653,0.66697526,1.6799707,4.238381,0.19433826,230.55069,16
2019-05-25,15.23434,19.412323,11.205566,8.206757,8.405376,8.842047,1.9354702,1.6610237,2.6707506,5.0755424,1.3026749,229.36375,10
2019-05-26,13.089687,17.496002,11.239227,6.256775,7.988632,8.678017,3.3440654,3.118314,4.6047173,6.96995,2.9729302,227.00072,0
2019-05-27,12.337512,17.920074,8.285492,9.6345825,6.7329154,7.561662,4.353693,0.16964877,4.5877185,6.8896384,3.0523758,267.7685,0
2019-05-28,14.405621,21.070343,9.851227,11.219116,7.669885,8.068228,2.4400926,-0.2039342,2.7004921,5.1109443,1.7395165,274.77747,4
2019-05-29,16.788885,22.566193,12.013947,10.552246,8.99944,9.271774,1.3519834,0.7219483,2.030273,4.6252446,0.084249966,241.89813,13
2019-05-30,17.596598,22.86438,12.619537,10.244843,8.053525,9.417098,1.2768141,1.093643,1.8187319,4.034121,0.14023577,229.41862,13
2019-05-31,16.465399,21.740997,11.623077,10.11792,7.5021806,8.190248,1.3322309,1.295396,1.9923347,4.4076753,0.3022808,225.80315,14
2019-06-01,15.744992,21.715546,11.358673,10.356873,8.280515,9.476077,0.8760774,1.4386736,1.7694259,4.2659974,0.07738283,211.33925,14
2019-06-02,16.864729,22.080597,13.014954,9.065643,9.547647,10.214,1.2998952,1.3640686,1.9076715,3.4618297,0.42410403,223.62006,14
2019-06-03,17.956278,24.077454,13.593994,10.483459,9.717771,10.890225,2.0987172,0.65607816,2.2654502,3.8179262,0.9905627,252.64029,11
2019-06-04,18.668247,25.849243,13.162659,12.686584,9.183511,10.321507,1.8880352,0.47321245,2.0579636,3.929331,1.1595924,255.92938,15
2019-06-05,19.5371,25.208466,14.216827,10.991638,9.041431,10.206479,1.1708432,1.199526,1.852603,3.9548383,0.056250274,224.30673,15
2019-06-06,18.636595,24.113556,14.046875,10.066681,7.851036,8.438593,0.97473305,1.7542013,2.3675728,4.2333393,1.0365093,209.05904,13
2019-06-07,17.63893,23.67154,12.806793,10.864746,8.209336,8.754485,1.9849519,0.8841984,2.5695732,5.5274167,0.44918272,245.98938,12
2019-06-08,18.066284,25.42923,11.751556,13.677673,7.9936805,8.886395,0.46843687,0.36443755,1.8846492,5.2292495,0.027436927,232.11757,14
2019-06-09,21.3236,28.803558,15.022461,13.781097,7.7023063,9.197868,-0.64932436,-0.35839042,1.8369718,4.268893,0.34985808,61.10378,15
2019-06-10,23.439789,30.492401,17.978485,12.513916,7.3053155,8.641943,0.1258912,-0.04187341,1.3800701,3.040397,0.47284728,288.39795,20
2019-06-11,25.993357,30.931427,21.21408,9.717346,8.23846,10.154789,0.84206057,0.73684233,1.8609635,4.1655517,0.32458448,228.81256,14
2019-06-12,23.577805,28.652527,18.95932,9.693207,9.360223,10.941942,1.74826,1.3628565,2.2635953,5.0560193,0.33994657,232.0618,11
2019-06-13,19.610106,25.569916,14.585999,10.983917,7.914308,9.03888,1.9970694,1.3131922,2.436206,5.0098658,0.24357213,236.6727,11
2019-06-14,18.306158,24.798157,13.110901,11.687256,8.827558,9.630785,2.088009,1.4651299,2.5650625,4.5974956,1.262353,234.94315,10
2019-06-15,19.129833,26.046661,14.271973,11.774689,9.93872,11.17883,2.2844512,1.111642,2.5795977,4.832941,0.9172488,244.05188,7
2019-06-16,18.86181,23.941925,14.432983,9.508942,9.6494465,10.590079,2.5809114,1.1181084,2.879712,4.7872176,1.4350412,246.57666,7
2019-06-17,18.045698,24.468872,13.4114685,11.057404,9.737091,11.351427,1.3157485,1.6371411,2.261463,4.6354513,0.28750387,218.78839,11
2019-06-18,19.779772,26.699432,15.028717,11.670715,10.890808,12.552649,1.0338855,1.4032712,1.8645954,3.7213285,0.076512456,216.3816,13
2019-06-19,19.877018,26.200195,15.233704,10.966492,10.3708315,10.779118,1.8317795,1.6404434,2.484248,4.2888,1.1528938,228.1541,9
2019-06-20,18.481321,23.854279,14.041534,9.812744,9.590026,10.919087,1.8141375,2.3467,3.024536,5.4774666,1.1419576,217.70615,9
2019-06-21,17.785265,22.731506,14.133331,8.598175,10.063863,10.754835,2.9494164,2.3554316,3.7941377,5.337823,2.2031384,231.38881,0
2019-06-22,19.16516,26.014008,13.932098,12.081909,9.138759,10.794823,2.2265422,0.12236325,2.7291667,4.6986456,0.5141105,266.85437,4
2019-06-23,20.320312,26.367676,14.45871,11.908966,9.06128,10.10209,2.030469,0.76406604,2.3531597,4.600137,0.12011022,249.37866,11
2019-06-24,19.732155,25.007172,14.564667,10.442505,8.654673,10.322233,2.2168257,1.1928923,2.561404,4.5908647,0.57793814,241.71494,11
2019-06-25,18.371933,23.00467,14.247314,8.757355,9.432946,10.890584,1.3574,1.6834774,2.2043788,4.2568293,0.7353048,218.87949,13
2019-06-26,18.243374,24.33435,13.57486,10.759491,9.285665,9.788687,1.7191392,1.2262343,2.1716974,4.6384435,0.6617815,234.50035,12
2019-06-27,19.059767,25.544952,13.227905,12.317047,8.557103,9.381382,2.133536,0.7524634,2.3941007,5.095856,0.5333287,250.57309,12
2019-06-28,19.559347,25.961975,13.738007,12.2239685,8.195649,9.354043,1.8804784,1.0413336,2.263002,4.8509645,0.2604697,241.02408,13
2019-06-29,20.522566,26.426056,15.302429,11.123627,7.886351,8.726459,1.6979189,0.88569856,2.3112905,4.711813,0.22685798,242.45177,13
2019-06-30,22.043297,28.08017,16.97052,11.10965,8.177703,9.191255,2.3826334,0.9227622,2.6637418,5.4760976,1.095438,248.82928,12
2019-07-01,22.05371,28.38086,15.907837,12.473022,7.724303,8.759762,2.4098818,0.39706448,2.6285055,5.167872,1.0051199,260.64374,12
2019-07-02,21.171535,26.675812,15.084595,11.591217,8.342717,9.25913,2.2027557,0.68782467,2.40848,5.1402707,0.24214509,252.65869,12
2019-07-03,20.066214,25.665222,14.800415,10.864807,9.413516,10.454693,1.8766731,1.3083893,2.4909337,5.4015017,0.34641713,235.11635,11
2019-07-04,19.612558,25.936157,14.274872,11.661285,9.294146,9.932245,2.2066815,1.2488288,2.5969257,5.1999598,0.5030016,240.49316,11
2019-07-05,19.885105,26.29422,14.386871,11.907349,9.056183,9.656129,1.90661,1.132584,2.2690706,4.817467,0.190293,239.28842,12
2019-07-06,20.625713,26.467712,14.881378,11.586334,8.529883,9.181883,1.5480932,1.0856738,2.0424201,4.3977556,0.10086147,234.95813,13
2019-07-07,19.354082,24.553558,14.6474,9.906158,8.003548,8.397814,1.1383319,1.823321,2.276082,4.886512,0.7664478,211.97728,13
2019-07-08,18.594952,24.583466,14.379852,10.203613,9.408639,10.375924,1.6058407,2.120513,2.748311,4.830486,1.5569316,217.13625,8
2019-07-09,19.606833,26.794952,14.558868,12.236084,9.10609,9.744031,1.5925127,1.6775609,2.3396723,4.5186715,1.0624233,223.5102,12
2019-07-10,21.475952,28.017426,15.849823,12.167603,7.848353,8.30632,1.747057,0.7373071,2.143999,4.3872485,0.4588955,247.1189,13
2019-07-11,23.03366,29.817993,16.918365,12.899628,7.9465194,8.724802,1.8277525,0.48155928,2.1369019,4.162283,0.21729724,255.23969,12
2019-07-12,24.055315,30.611969,17.953918,12.658051,8.43826,9.5002985,1.5380325,0.4069982,1.8849214,3.982376,0.3301298,255.17798,13
2019-07-13,24.569458,29.495575,19.41214,10.083435,8.303422,9.248069,1.1148926,1.0635523,1.9027029,4.1693344,0.337927,226.35008,15
2019-07-14,23.867981,30.736115,18.358612,12.377502,7.587053,8.152844,1.352961,1.1375564,2.002147,4.8285623,0.093102366,229.9432,14
2019-07-15,24.36078,31.243622,18.141418,13.102203,7.822454,8.42517,2.1018214,0.110343,2.3658454,4.606394,0.36919788,266.9948,13
2019-07-16,24.314423,29.702179,18.33017,11.372009,8.526081,9.9496355,1.6449131,0.6510387,2.0849762,4.350131,0.33427212,248.40689,13
2019-07-17,22.0625,27.611176,16.908356,10.70282,8.285416,9.190528,0.90155935,1.7300447,2.1931708,4.6807437,0.23811817,207.52489,13
2019-07-18,20.658129,26.816437,15.284851,11.531586,7.7605414,8.423456,1.1330527,1.9688631,2.3743823,4.9408345,0.40501273,209.91983,13
2019-07-19,19.839108,25.67331,14.388153,11.285156,7.501343,8.145557,1.594294,1.9282345,2.568936,5.007626,0.39623678,219.58447,13
2019-07-20,20.009495,26.736328,14.369965,12.366364,8.303265,8.700962,2.3447948,1.4851617,2.799174,5.284373,0.6970528,237.65039,8
2019-07-21,22.16807,29.609894,16.768341,12.841553,7.5991836,8.673279,2.1787348,0.78574306,2.3554742,4.704606,0.6316533,250.16858,12
2019-07-22,23.50064,28.916138,18.207642,10.708496,7.815779,8.840827,1.231121,1.1924216,1.8496786,4.191337,0.14591141,225.91483,14
2019-07-23,25.16599,31.06311,20.580841,10.482269,9.549959,10.965056,0.8667138,0.50582105,1.9791079,4.55708,0.4915143,239.73184,13
2019-07-24,27.080263,33.05356,22.756226,10.297333,9.722519,10.54249,2.03272,0.81726,2.3847196,5.232429,0.61392844,248.09729,13
2019-07-25,26.71456,32.17621,22.774231,9.401978,10.187971,10.814049,0.75669175,1.2100426,1.7864708,4.868513,0.33971107,212.01952,14
2019-07-26,26.626543,32.240295,21.478088,10.762207,10.319944,11.106456,1.6641554,0.99154806,2.050105,4.940492,0.48238954,239.2124,14
2019-07-27,26.775381,33.19388,20.940948,12.25293,9.696313,10.400116,2.0798597,0.12361749,2.3569105,5.184012,0.7065813,266.5986,14
2019-07-28,26.320192,31.558502,20.743042,10.81546,8.87452,10.007904,1.7671629,0.55918056,2.1099133,4.935933,0.2878033,252.44116,13
2019-07-29,23.880838,30.072113,18.622345,11.449768,7.9322124,8.7322035,1.4314898,1.2166122,1.9477005,4.1792717,0.2839659,229.63905,14
2019-07-30,24.188883,30.458649,18.410858,12.047791,8.409156,9.132701,1.1310161,0.91953546,2.0982726,4.785794,0.30301103,230.8883,15
2019-07-31,23.113937,28.56784,17.979584,10.588257,7.696352,8.327008,1.6245022,1.3376547,2.2384613,4.9583426,0.27845553,230.53113,14
2019-08-01,23.035856,29.830994,17.621216,12.209778,7.0969415,8.193513,1.7865905,1.257732,2.2517998,4.7783685,0.31848574,234.85506,13
2019-08-02,24.57395,31.120148,18.25711,12.863037,7.253801,8.1282425,1.7872156,0.39994988,2.1553743,4.547322,0.49519148,257.38596,12
2019-08-03,25.254059,30.609558,20.101624,10.507935,7.514746,8.312934,1.6147665,0.58529085,1.9041983,4.0634527,0.32876137,250.07637,14
2019-08-04,25.039557,31.134186,19.307373,11.826813,7.68663,8.254632,1.429789,0.9522458,2.018445,4.4719973,0.31455252,236.33621,13
2019-08-05,25.404936,31.757446,19.853912,11.903534,7.0039935,7.609163,2.0793269,0.71350473,2.3160782,5.4920487,0.7488529,251.06076,14
2019-08-06,25.603426,31.908203,20.325928,11.582275,7.9874654,8.668144,1.5875373,0.7763586,2.0077224,5.392771,0.22561531,243.93983,15
2019-08-07,23.841394,29.060364,19.100952,9.959412,8.692668,9.598427,1.7936254,1.3473101,2.2837172,4.8598914,0.14746584,233.08739,13
2019-08-08,22.755373,28.224731,17.916595,10.308136,7.187435,7.69187,2.213208,1.1784159,2.5480056,5.520383,0.04286622,241.96707,10
2019-08-09,22.393152,27.886719,17.413452,10.473267,7.055757,7.7629538,1.7435145,1.604136,2.4347725,5.080884,0.26389733,227.38412,12
2019-08-10,21.725626,27.975494,16.243286,11.732208,8.077995,8.484661,2.213381,0.8878854,2.4253728,5.6538134,0.3288023,248.14209,11
2019-08-11,21.84971,28.311768,16.04663,12.265137,8.958093,9.60409,1.8743205,0.4930196,2.2066638,5.425675,0.4911008,255.2628,14
2019-08-12,22.225382,29.39624,15.984161,13.412079,7.848085,8.716398,1.2611272,0.78792953,1.8382291,4.4955263,0.14590946,238.0036,14
2019-08-13,23.261992,30.164764,17.810822,12.353943,7.0122604,7.713851,1.1770017,1.0192192,1.8166032,4.042453,0.24162973,229.10924,13
2019-08-14,25.377665,32.251312,19.945984,12.305328,6.5938973,7.539775,1.371435,0.7294715,1.7782985,3.9169955,0.36988163,241.99133,15
2019-08-15,25.504463,32.325226,19.449646,12.87558,6.793985,7.7897716,1.6340543,0.8136236,1.9518467,4.2421227,0.23006073,243.5305,14
2019-08-16,24.564215,30.188477,18.808136,11.380341,7.5883813,9.814557,1.4290032,1.1584216,2.0238266,4.4273953,0.40374446,230.97006,14
2019-08-17,20.860483,27.302856,15.148773,12.154083,8.026932,8.719782,0.9481581,2.0927808,2.5502262,4.668564,1.0143842,204.37346,12
2019-08-18,20.36181,26.841217,15.556824,11.284393,8.49673,9.371299,1.027935,1.9058908,2.3568418,4.406982,0.78868157,208.34004,12
2019-08-19,21.402191,27.681366,16.220734,11.460632,7.4892693,8.017264,1.6929837,1.1916295,2.1300306,4.9851685,0.38194808,234.85968,14
2019-08-20,23.108725,30.461182,17.664429,12.796753,6.979861,7.745093,2.3195076,0.5415836,2.4462478,4.78867,0.6825017,256.85742,12
2019-08-21,24.492514,32.26245,18.154266,14.108185,7.4328065,8.466152,2.1468842,-0.07112226,2.4292986,4.793465,0.81111205,271.8974,12
2019-08-22,24.234224,30.12967,18.455292,11.674377,8.55333,9.1893215,1.406786,0.89957374,2.0499332,4.61158,0.28863522,237.403,13
2019-08-23,21.752363,28.61911,16.078766,12.540344,8.797273,10.599556,-0.1621054,2.0283148,2.2891655,4.2000413,1.1701874,175.43056,14
2019-08-24,23.47207,30.95169,18.470856,12.480835,8.544345,9.176526,0.49522707,1.9383215,2.4393377,4.870901,0.8459114,194.33206,12
2019-08-25,24.92565,32.121124,19.934357,12.186768,8.215253,9.381142,1.8128201,0.89255095,2.1321375,4.8714247,0.33563396,243.78645,13
2019-08-26,25.99026,31.503784,21.284363,10.219421,7.7157173,8.31662,1.3392664,0.85518664,1.9089204,4.663178,0.44552863,237.4398,14
2019-08-27,25.560678,31.399384,20.412567,10.986816,8.998462,9.562727,1.0169151,1.4527467,1.9686404,4.0567493,0.6108136,214.99182,14
2019-08-28,23.703873,28.679382,19.119843,9.55954,9.386605,10.002862,1.1478661,1.835327,2.2655966,4.5395637,0.59781003,212.02304,13
2019-08-29,24.12239,31.303436,19.398712,11.904724,8.433419,9.736551,2.0693424,0.64427596,2.2625563,5.0096664,0.48708045,252.70638,14
2019-08-30,25.502977,32.10501,19.771118,12.333893,10.524139,11.250723,2.3877068,0.5224827,2.532715,5.467259,0.4541064,257.65698,12
2019-08-31,25.152048,32.645416,19.0802,13.565216,8.700391,9.590637,2.358371,0.5013163,2.4222794,5.2727857,0.28204474,257.99933,12
2019-09-01,25.931229,32.558624,20.446869,12.111755,8.368258,9.2074,1.4811732,0.5281877,1.9686579,5.044703,0.29302713,250.37372,14
2019-09-02,26.369392,31.98059,22.212952,9.767639,8.695662,9.494935,0.2463224,1.7375917,2.069948,4.2851315,0.21116784,188.06854,14
2019-09-03,26.592422,32.36136,22.453094,9.908264,10.419611,10.7014065,1.2439972,1.4480329,2.0475805,4.4016547,0.5522181,220.66571,13
2019-09-04,27.545021,33.45584,23.26123,10.194611,10.099633,10.352586,1.8074259,0.8134556,2.1553993,4.778851,0.5245789,245.76926,13
2019-09-05,27.330551,31.901398,23.399689,8.501709,10.335036,10.95054,1.6649256,1.0141282,2.1596863,4.47381,0.24828216,238.65385,13
2019-09-06,26.257858,31.804016,22.098602,9.705414,9.835506,10.44527,1.9541827,1.2038819,2.3318949,5.188025,0.39249876,238.36472,13
2019-09-07,25.631369,31.040283,20.466156,10.574127,10.430928,10.918675,3.124134,0.32152614,3.1894891,7.1867104,0.7779847,264.124,10
2019-09-08,21.871542,28.551788,16.199768,12.35202,8.957906,10.333153,3.6618118,-0.3945628,3.80957,6.944896,1.777424,276.14993,3
2019-09-09,21.012894,26.94522,16.217133,10.728088,9.554359,11.093636,2.4419053,0.5816441,2.5771868,5.3811083,1.1790715,256.60223,13
2019-09-10,19.833242,24.824768,15.638519,9.186249,9.988442,10.638386,1.8394364,1.4716129,2.5198505,5.443071,0.7947778,231.33899,13
2019-09-11,20.314068,27.777802,15.571899,12.205902,9.743257,10.858129,1.9297739,0.5142495,2.0857947,5.039561,0.42777196,255.07848,13
2019-09-12,22.977015,30.66861,17.710297,12.958313,8.003647,9.641739,0.3304452,0.19882894,1.410961,3.278211,0.05195695,238.96469,20
2019-09-13,25.426722,32.58676,19.93631,12.650452,6.964407,7.371934,0.90054464,-0.70797515,1.6065677,3.0821126,0.7140864,308.17313,19
2019-09-14,26.09668,32.51056,20.29889,12.21167,7.33255,7.805373,1.39265,-0.041987285,1.9463668,3.8935122,0.15935336,271.7269,13
2019-09-15,24.920187,30.382294,20.83612,9.546173,7.5945144,8.29738,1.4600407,1.3741137,2.2212791,4.4568434,0.618665,226.7366,13
2019-09-16,22.22785,27.075745,17.555084,9.52066,8.311253,9.519885,1.5484533,1.6690432,2.464113,4.853805,0.6419259,222.8536,12
2019-09-17,20.61656,27.087524,15.304474,11.783051,8.506246,9.699794,1.5018524,0.6547281,1.7965714,4.642978,0.18738963,246.44534,15
2019-09-18,20.559,26.888306,15.25293,11.635376,8.477291,9.4914255,1.8326734,0.63446754,2.1268787,4.618303,0.09251076,250.90427,13
2019-09-19,19.581135,24.828094,15.619934,9.20816,9.51286,10.905389,2.7350962,0.89322835,2.9179332,5.629981,1.5681043,251.914,10
2019-09-20,19.406084,26.649475,14.105225,12.5442505,8.793761,10.133832,1.6399447,-0.46686783,2.158448,5.3549333,0.7172601,285.89087,13
2019-09-21,21.217386,28.812775,15.616608,13.196167,7.8787627,8.874901,0.4413091,-0.31039515,1.3302783,3.4304795,0.2665584,305.12067,20
2019-09-22,22.809412,27.54419,18.954193,8.589996,7.1105294,7.800067,-0.45509443,0.37425745,2.0887203,3.095341,1.0956113,129.43295,10
2019-09-23,21.890497,26.881042,17.22522,9.655823,8.375816,9.150693,0.37207317,1.7559614,2.1197612,4.2198486,0.6255002,191.96355,12
2019-09-24,22.378252,31.188904,16.784454,14.404449,7.6141343,8.274576,-0.40930858,-1.4176987,2.2165534,3.765002,0.32178494,16.104136,9
2019-09-25,24.097824,29.915253,18.932648,10.982605,9.034081,10.037514,-0.5354862,0.43326998,1.8935236,3.5005774,0.21026585,128.97684,12
2019-09-26,20.82907,26.225342,17.999939,8.225403,11.270793,12.069602,-0.5936003,3.1918755,3.3759668,4.350459,2.6794534,169.46492,0
2019-09-27,20.011436,24.74588,16.679413,8.066467,11.92173,12.723167,2.7846441,1.9114599,3.5728638,5.610179,2.0244803,235.53317,0
2019-09-28,19.120779,22.375824,16.600433,5.7753906,11.635017,12.51858,3.5604181,2.135063,4.1785483,6.6740537,2.7520897,239.05031,0
2019-09-29,16.366667,21.867157,11.811218,10.055939,7.160417,9.517883,3.5479527,0.4275876,3.8323524,6.3477063,1.7443871,263.12805,2
2019-09-30,15.871459,22.00467,11.009125,10.995544,6.4060073,7.251636,2.227279,0.089482926,2.5181525,5.912584,0.28762725,267.69934,11
2019-10-01,16.14313,22.457611,11.436707,11.020905,6.3841023,7.559758,2.263467,-0.49764267,2.5801923,5.8852897,0.59798634,282.3997,12
2019-10-02,17.088423,25.358398,11.194855,14.163544,5.6221657,6.468499,0.42000568,-0.38283873,2.1103156,4.564164,1.2099816,312.34943,12
2019-10-03,18.83953,24.57425,14.408539,10.16571,6.735878,7.324274,0.7834074,1.1941187,1.8078947,4.6433554,0.1732692,213.26707,14
2019-10-04,17.900196,25.72586,12.268555,13.457306,6.5155873,7.8589115,1.2001363,-0.08453893,1.7703491,4.0062437,0.2245402,274.02933,13
2019-10-05,19.343567,27.369232,14.160919,13.208313,5.407953,6.1673584,0.5401704,-0.5142224,2.244204,3.694751,1.3927765,313.59027,9
2019-10-06,21.36792,28.853882,15.565155,13.288727,6.1660333,7.1335955,-0.20581812,-0.0048074075,1.494584,3.014718,0.080840886,88.66195,18
2019-10-07,22.07664,28.592224,17.265533,11.326691,5.965776,6.670831,0.70221204,-0.25157702,1.5122557,4.2048116,0.30439958,289.71075,19
2019-10-08,21.36477,27.298126,16.748383,10.549744,6.1987324,7.1602454,1.9172405,0.581677,2.0476534,4.236776,0.3427602,253.12259,14
2019-10-09,18.245527,24.423553,13.34668,11.076874,7.0790105,7.6817966,1.8825537,1.14786,2.3052888,5.041905,0.80077803,238.62787,14
2019-10-10,16.445765,23.175323,11.816895,11.358429,5.7543883,8.651422,-1.2132105,-1.7590085,3.542495,7.7703123,0.46503264,34.59452,9
2019-10-11,18.652458,25.661346,14.404663,11.256683,3.5672617,4.1502547,-3.9407036,-1.9902,4.517508,8.46756,1.8107082,63.204544,1
2019-10-12,19.016607,26.087555,14.216034,11.871521,4.7610703,5.289768,-0.84185094,-0.19217579,1.5608555,2.7526793,0.5501063,77.14099,19
2019-10-13,18.754538,23.831573,15.393738,8.437836,7.316464,8.194689,0.5855513,1.5485592,1.8711737,4.4326644,0.07926458,200.71295,15
2019-10-14,16.607054,23.487854,12.668274,10.81958,8.103246,9.298127,1.1368562,0.8784396,1.5976356,3.9118552,0.4734722,232.30704,19
2019-10-15,18.960764,27.300262,14.112457,13.187805,6.352427,7.275533,0.4812038,-0.51015764,1.3348767,2.86079,0.5341377,316.6729,21
2019-10-16,21.607061,27.477142,17.731201,9.745941,6.53855,7.109571,0.10609583,-0.2424659,2.0732958,3.6532888,1.3843634,336.36725,14
2019-10-17,18.821592,23.289734,13.879425,9.410309,8.100074,8.82623,1.8794388,0.7208193,2.2122016,5.993238,0.07756723,249.01674,15
2019-10-18,17.10978,24.473358,11.903656,12.569702,6.593193,8.128781,2.3512716,-2.3933277,3.919014,5.7285643,1.4087983,315.50787,1
2019-10-19,18.417295,25.202423,13.568695,11.633728,6.564356,7.4075003,1.7473955,-1.7933778,2.7630603,4.707931,1.162547,315.74402,7
2019-10-20,18.81846,26.794373,14.069946,12.724426,7.656843,9.223743,0.7522213,-3.1443179,3.7083504,5.978278,2.6137533,346.5459,0
2019-10-21,21.206089,28.685608,16.190125,12.495483,6.009562,6.524636,-1.6424767,-2.4017255,3.1475837,4.5465364,0.5580898,34.36719,4
2019-10-22,23.07138,30.554718,18.029205,12.525513,6.054189,7.410298,-0.38125166,-1.787227,2.4827156,3.973209,0.7179177,12.041856,5
2019-10-23,22.69372,29.055725,17.67566,11.380066,6.301501,7.0975,-0.16166808,-0.9722545,1.7859856,3.1681483,0.36784592,9.440856,15
2019-10-24,22.572348,29.404816,18.81134,10.593475,5.0828032,7.1472664,-2.9075286,-2.5152328,4.018952,8.143962,0.7787566,49.137707,4
2019-10-25,22.539215,29.723145,18.146942,11.576202,4.1454244,4.9190273,-2.5535538,-1.7161465,3.2699625,5.2220845,0.3781157,56.09645,4
2019-10-26,22.126925,27.995392,17.574554,10.420837,6.0973277,6.4634404,0.82269883,0.20193706,1.5991106,4.2039714,0.27554932,256.209,16
2019-10-27,17.342398,24.002014,14.241455,9.760559,9.219981,10.666055,0.9721716,2.4583566,2.8638685,5.2072926,1.3885278,201.57663,4
2019-10-28,15.556077,21.712433,11.779236,9.933197,4.176802,8.373213,-1.9726171,-1.7788967,3.6537411,6.8367677,0.7273393,47.95601,4
2019-10-29,15.2867155,20.606049,11.157166,9.448883,5.879934,7.518346,2.1060698,0.6015298,2.2910886,3.8285894,0.97596145,254.05975,12
2019-10-30,13.757943,19.102264,10.290588,8.811676,3.2247639,5.9027696,-5.7067513,-3.6896808,7.2601304,11.708666,0.76265764,57.115444,3
2019-10-31,14.289299,22.265594,9.6297,12.635895,2.2980824,2.7702844,-4.1972136,-2.5980394,4.9623976,7.059837,1.2215191,58.242844,3
2019-11-01,15.569477,24.773163,10.183685,14.589478,2.923928,3.3757904,-2.010514,-1.7885507,2.998599,4.8320827,0.37374544,48.343746,6
2019-11-02,17.553728,25.428009,13.108215,12.319794,3.7021797,4.5434136,-1.1067117,-1.2284356,2.0318,3.474396,0.5451856,42.01605,8
2019-11-03,18.613611,25.05838,14.817413,10.240967,6.380875,7.068457,0.37422276,-0.31018916,1.0989264,2.253848,0.35258937,309.65497,22
2019-11-04,19.131117,25.722198,14.554443,11.167755,5.064975,6.418975,0.29901853,-0.311292,0.9956353,2.4836452,0.05505723,316.15207,22
2019-11-05,18.90752,25.820007,13.90921,11.910797,5.2411685,5.542679,-0.08128374,-0.5942686,1.1435782,2.1891382,0.07164504,7.7885547,22
2019-11-06,18.932615,24.495575,14.5598755,9.935699,6.2110476,6.825288,0.8004236,-0.054934125,1.2679969,3.411191,0.13263391,273.92615,19
2019-11-07,17.720045,25.247986,13.092651,12.155334,5.967217,7.011816,-0.5481779,0.13094375,1.3583002,2.8300238,0.14475495,103.43454,22
2019-11-08,19.625866,27.488739,14.920593,12.568146,4.9801593,5.934905,-0.7937455,-1.3827492,1.8812827,3.4706478,0.9926424,29.857304,17
2019-11-09,20.546354,27.775635,15.688263,12.087372,4.8098507,5.4498634,-0.916646,-1.7644895,2.446063,3.6119301,0.40486258,27.451714,7
2019-11-10,18.891663,24.591583,14.051788,10.539795,5.6239486,6.110468,0.051107835,-0.80665463,1.7303371,2.5103528,0.38243607,356.37473,16
2019-11-11,17.610455,24.822052,12.391357,12.430695,5.943892,6.5898833,-0.44697675,-0.33636165,1.1430854,1.8468385,0.4212486,53.037582,24
2019-11-12,18.4182,25.50592,13.969513,11.536407,5.700873,6.2063146,0.11126465,-0.4988381,1.2459788,2.652406,0.6024006,347.42615,22
2019-11-13,18.281006,23.64502,15.438293,8.206726,5.154657,6.3481803,0.9643552,0.2175039,1.1552206,3.726841,0.22984359,257.28998,18
2019-11-14,16.39005,21.434753,13.706024,7.7287292,6.00252,6.8458514,0.9872052,0.79753894,1.5425383,3.7700868,0.16528197,231.06612,16
2019-11-15,15.438542,19.164215,12.514252,6.6499634,6.712027,7.390927,1.1393648,0.036084738,1.3751402,3.0041192,0.7371834,268.186,22
2019-11-16,17.157091,25.714264,12.753693,12.960571,6.1190453,7.635373,-0.5082639,-2.0455194,2.5516632,4.40962,0.50882936,13.954068,6
2019-11-17,19.731047,28.05066,15.549072,12.501587,5.0303493,6.14235,-1.7883581,-2.5504658,3.3401463,5.8240323,1.5631989,35.03771,5
2019-11-18,20.481993,28.553497,15.535858,13.017639,4.7250566,5.1160793,-1.7765001,-1.4430718,2.75389,3.789999,0.7333796,50.912636,6
2019-11-19,19.182667,23.180939,16.16742,7.0135193,7.2870345,8.699689,0.68430144,2.0671713,2.4021988,6.2755656,0.22767472,198.31625,16
2019-11-20,12.947315,17.247986,10.980713,6.267273,8.140187,9.631233,3.1470501,2.6193035,4.4356666,6.9456844,2.5725522,230.22925,0
2019-11-21,11.310269,15.682373,9.253906,6.428467,6.803112,7.2937584,-0.5567503,0.78523344,1.380381,2.052496,0.32039252,144.66238,23
2019-11-22,12.913247,18.248108,9.7213745,8.526733,7.0537934,7.7923346,-1.5606017,0.4027976,2.1095254,3.3787947,1.0516438,104.47241,11
2019-11-23,14.33665,19.980255,11.434418,8.545837,6.3357453,6.9491906,-2.1020908,-1.5781957,2.7570047,5.6374216,0.29064977,53.10172,5
2019-11-24,14.466964,21.357971,10.292938,11.065033,5.3090873,6.43746,-1.3130109,-1.7636133,2.4121923,4.054368,0.3908493,36.667698,8
2019-11-25,13.704219,18.067657,9.754272,8.313385,6.8213425,8.175899,2.244876,-0.8852575,2.634858,7.335626,0.24234173,291.5216,11
2019-11-26,11.168609,16.295502,6.44339,9.852112,3.8378189,5.7004642,-0.45288363,-2.764348,3.8215702,5.2758594,0.64981526,9.304123,4
2019-11-27,10.304532,12.686066,8.585907,4.1001587,5.8613524,7.6766405,3.1702797,3.376425,4.992663,7.8061075,1.6147608,223.19646,3
2019-11-28,8.181222,9.679321,7.294586,2.384735,6.1701417,6.786288,0.98556757,3.2501976,3.7899883,5.8747473,2.268399,196.86905,0
2019-11-29,7.3018136,10.065704,5.932495,4.133209,5.3928146,5.8471975,3.6397312,0.9255231,4.4057393,6.6265736,2.4929821,255.73302,0
2019-11-30,8.016236,11.816742,5.9233704,5.8933716,5.385517,5.67128,-0.2601922,0.45456836,2.8024967,4.502742,1.0915843,150.21344,7
2019-12-01,10.088753,14.667053,7.787384,6.879669,5.0754056,5.685925,-3.124072,0.098715626,3.2621605,3.8645408,1.9054135,91.809845,1
2019-12-02,12.467457,17.675629,10.134033,7.5415955,5.740917,6.7424393,-1.154279,0.49083292,1.5778896,2.1616187,0.6064187,113.0366,21
2019-12-03,12.994904,16.185211,10.996429,5.1887817,6.3388085,7.6051693,-1.4858278,-0.7458002,1.9488543,3.4974287,0.10555663,63.34597,16
2019-12-04,12.568589,15.026978,11.162933,3.8640442,8.048625,9.498419,-1.7575172,2.3304002,3.8432083,4.9890733,1.8882351,142.97751,1
2019-12-05,12.328229,16.53711,9.9852295,6.55188,8.009,8.682687,-0.34009027,1.307659,1.9001797,3.5505824,0.5688405,165.4217,13
2019-12-06,13.277831,17.421295,10.41745,7.003845,7.8359528,8.7068815,-2.0819323,0.47003898,2.6531725,4.334648,0.059246004,102.72239,6
2019-12-07,13.43773,15.532166,12.359161,3.1730042,9.140897,10.406501,-0.8813229,2.0996323,2.5101352,3.418331,1.9808893,157.22972,1
2019-12-08,13.238209,14.197052,12.146088,2.0509644,9.406355,10.31328,2.6969318,1.8028598,3.374478,5.4760513,1.6451042,236.23785,4
2019-12-09,12.3074465,17.85495,9.115631,8.739319,7.369704,8.643566,1.9081048,-1.7941856,3.1902552,3.787992,2.3375936,313.23758,0
2019-12-10,11.742448,16.418488,8.103912,8.314575,6.5068765,7.2861943,-1.2987962,-0.7707109,2.159898,3.2592654,0.7139741,59.31493,9
2019-12-11,12.556642,17.868378,8.88089,8.987488,5.8050056,7.714246,0.34869972,-1.140149,1.7417902,3.8013136,0.11404306,342.99445,15
2019-12-12,14.025669,20.665497,10.938751,9.726746,7.5189114,9.198429,0.70912987,-1.3420792,1.8559834,3.2273276,0.7859025,332.14886,16
2019-12-13,14.8226595,20.525818,11.230682,9.2951355,8.787824,9.483028,0.97585493,-1.2590451,2.1441712,4.265373,1.2031465,322.22162,15
2019-12-14,13.377509,16.892609,11.085327,5.8072815,8.849663,9.430467,2.6874456,-0.52196807,2.793657,5.7035475,1.7148294,280.9914,13
2019-12-15,9.990159,13.990021,6.708069,7.281952,5.9537024,7.726647,3.5104878,-3.7932117,5.38694,7.492758,4.1308746,317.2168,0
2019-12-16,9.6141615,15.649689,6.5295715,9.120117,4.274508,5.077021,-2.2584584,-3.7163699,4.9701924,6.8046646,3.8066516,31.287277,0
2019-12-17,9.18227,14.545807,6.241699,8.304108,3.2095253,3.945576,-5.2963223,-1.9663178,5.7893715,7.858523,2.9772892,69.631996,0
2019-12-18,9.11412,14.818054,5.645813,9.172241,3.5614364,3.9596465,-2.9901562,0.07362995,3.554613,5.12903,1.4890631,91.41057,4
2019-12-19,10.010816,16.47879,6.192169,10.286621,4.608151,4.9663897,0.14631768,-2.1997201,2.6239884,3.799598,1.0446215,356.1945,4
2019-12-20,11.707852,19.501404,8.158142,11.343262,4.567265,5.8073645,-2.077937,-1.8850194,3.053735,4.871609,0.6781763,47.786964,5
2019-12-21,12.55021,18.03305,9.576233,8.456818,5.347695,7.2902474,-2.9447963,-0.017581165,3.3241806,4.536029,0.45208308,89.65793,3
2019-12-22,12.450799,16.062042,10.360352,5.7016907,6.944741,8.809434,-2.0485766,3.6475296,4.4886413,7.658628,1.7365979,150.67995,2
2019-12-23,11.66566,13.216003,10.5364685,2.679535,8.107244,9.044042,-1.7422634,2.58386,3.3490322,5.0706196,2.0310626,146.00871,0
2019-12-24,9.984769,13.527405,7.68042,5.846985,6.419314,6.9853516,1.1053674,-0.7280442,2.389537,5.7202973,0.35981184,303.37067,12
2019-12-25,8.572749,10.963898,6.473938,4.4899597,5.881994,6.47149,2.9568894,0.66124344,3.2673438,4.3681364,2.1874206,257.39447,0
2019-12-26,7.611347,8.857086,5.773346,3.0837402,5.987795,6.8902426,-2.475982,1.9821469,4.3403254,8.31256,1.625437,128.679,3
2019-12-27,7.2354836,12.71405,4.5502014,8.163849,4.894729,5.324094,-0.06763824,-3.5262787,3.7439897,5.0612516,1.9618897,1.0988667,1
2019-12-28,7.5262694,12.882172,3.9649963,8.917175,4.608642,5.593568,-1.2114183,-1.7142605,2.4557123,3.303145,0.8694837,35.24774,6
2019-12-29,7.9626794,12.14444,5.1504517,6.993988,4.6279836,5.557691,-1.6865988,0.055814087,2.047291,3.3142774,0.093036264,91.89538,11
2019-12-30,8.741679,12.1059265,7.297333,4.8085938,5.355976,5.6885204,-3.6693811,-0.7760336,4.2434807,6.77897,1.3621807,78.05853,4
2019-12-31,10.989856,16.897064,8.570038,8.327026,4.976523,6.0177584,-3.3991501,-4.0380797,5.32264,7.2307334,1.853544,40.089794,1
2020-01-01,11.0525055,16.646698,7.7276917,8.919006,5.429634,6.5214753,-0.2525225,-1.2240218,2.4450188,3.4310462,1.0957501,11.656894,3
2020-01-02,11.118386,17.730011,7.8140564,9.915955,6.5688667,7.1630535,0.15978841,-2.6870584,3.4206371,5.0141854,1.447779,356.59686,3
2020-01-03,12.903633,19.678009,9.607208,10.070801,6.077312,7.448959,-1.3897823,-1.372612,2.5899982,4.212381,1.1300712,45.35613,8
2020-01-04,13.732265,18.003326,10.098602,7.904724,6.477934,7.5196977,0.8971146,0.086910546,0.9860762,3.0504267,0.12151495,264.46658,19
2020-01-05,11.785327,17.03836,8.127686,8.910675,6.0294337,7.2966166,0.5129537,-2.5534816,2.9476635,4.8258276,2.0311658,348.64136,0
2020-01-06,12.497974,20.210968,8.728546,11.482422,4.9916534,6.479552,-2.4601536,-4.0651417,5.040993,6.817803,1.4716234,31.1816,1
2020-01-07,12.381032,19.14038,8.625763,10.514618,4.943934,7.4674935,-2.8380413,-2.3691525,3.9385796,5.8066792,0.27372938,50.145393,5
2020-01-08,11.225791,14.951721,7.1119995,7.8397217,6.284144,6.9291615,1.8283544,-0.8620699,2.2620947,3.6913233,1.1351987,295.2439,11
2020-01-09,9.072673,12.442749,6.800171,5.642578,6.0797124,6.4588943,3.3143718,-1.2935451,3.6591027,7.467654,1.5361805,291.3199,4
2020-01-10,9.116761,15.797211,5.3890686,10.408142,5.080316,6.477697,-0.3160224,-2.5599306,2.928037,4.072574,0.39633983,7.0375347,5
2020-01-11,9.968324,14.29068,6.875244,7.415436,5.413803,6.4410877,1.4646753,-0.26884732,1.9327999,4.338283,0.73535085,280.4011,17
2020-01-12,8.830151,14.850433,5.172577,9.677856,5.690825,6.2205667,0.8328245,-1.6599222,2.508933,3.4319336,1.0711012,333.35593,5
2020-01-13,9.065511,14.139069,5.9653015,8.173767,5.7971873,6.853617,1.5696055,-0.8621085,2.0947363,3.2085006,1.33109,298.77786,14
2020-01-14,9.173083,15.061066,5.4535217,9.607544,5.9112034,6.283565,1.4815478,-0.73961216,1.8982984,3.788112,0.52353185,296.5291,14
2020-01-15,9.389253,15.745941,5.1577454,10.588196,5.6820374,6.759382,0.17221397,-0.9455097,1.914967,3.083469,0.35304007,349.67737,13
2020-01-16,9.60355,13.081818,7.1497498,5.932068,6.200352,6.6822567,0.83288366,1.9789854,2.3977213,5.7200365,0.2847694,202.82448,14
2020-01-17,9.500949,14.224274,5.830902,8.393372,5.730509,7.2511725,1.3048639,0.37321767,3.3537076,5.223917,0.30929482,254.03839,4
2020-01-18,10.045627,17.46289,6.193878,11.269012,4.313278,5.4837446,-1.7567997,-2.106271,3.0136654,5.0287642,0.67464375,39.830826,6
2020-01-19,12.407109,19.81305,8.9592285,10.853821,5.07662,7.432436,-3.0647519,-2.021493,4.0693173,6.200285,1.3548555,56.591377,2
2020-01-20,13.042512,16.253815,11.031464,5.222351,6.9555016,7.531182,-0.3994657,0.5616901,1.6366081,4.1637907,0.17401695,144.58011,16
2020-01-21,11.280547,13.947845,9.448273,4.4995728,7.426388,8.022142,1.7949286,0.9368954,2.327968,3.9893956,0.9999532,242.43689,11
2020-01-22,11.25117,16.684753,8.376099,8.308655,7.158192,7.7943983,1.5842549,-0.49083272,1.802804,3.1857688,0.50962657,287.214,14
2020-01-23,13.075589,20.30191,9.403015,10.898895,7.0969944,8.281043,-0.12480094,-1.7981586,2.1669629,3.1069229,1.0500054,3.9702384,9
2020-01-24,14.491843,20.47638,10.992432,9.483948,6.935642,7.874299,0.48503542,-1.5785341,2.1036417,3.0276415,0.76469505,342.9194,10
2020-01-25,13.630534,19.97754,9.485199,10.49234,6.777817,8.439343,-0.22324876,-1.7345446,2.2257197,3.287962,0.17342135,7.3340716,7
2020-01-26,12.880753,16.21756,9.303284,6.914276,6.6906924,7.417,0.5479236,0.101392,1.2131976,3.8359714,0.107074134,259.51614,19
2020-01-27,12.3807535,19.337158,8.485504,10.851654,7.121935,7.9780416,1.1008722,-2.8205013,3.422552,4.9307346,2.533994,338.67877,0
2020-01-28,13.4774885,19.898193,9.689697,10.208496,6.4245453,7.119394,0.6740419,-3.4568794,4.0683064,4.9295397,1.9579159,348.96658,1
2020-01-29,12.072926,17.160034,8.720917,8.439117,6.11698,7.427998,0.23369189,-5.145127,5.6629143,8.5374775,3.5484843,357.3994,0
2020-01-30,12.698753,19.764557,8.44635,11.318207,4.843345,5.9821196,-0.9863046,-3.416762,3.62872,6.0863824,1.5256417,16.101652,3
2020-01-31,14.58842,22.156616,10.548004,11.608612,5.953569,7.216431,-1.2251555,-1.9842224,2.5059059,4.096773,1.371611,31.6932,8
2020-02-01,15.9101305,24.224243,11.473053,12.75119,5.7521744,7.2812123,-1.063674,-1.7167758,2.3932266,3.4866714,1.0265834,31.781382,7
2020-02-02,15.691598,19.2677,12.717133,6.5505676,6.5818152,8.009445,0.65688807,0.5373716,1.9755503,5.101574,0.57125056,230.71489,17
2020-02-03,9.06332,14.840851,4.901764,9.939087,4.765352,8.5174,1.490759,-5.826552,6.880283,9.473052,3.2083912,345.6484,0
2020-02-04,6.643556,11.911499,2.8115234,9.099976,2.381973,3.1050127,-3.1929178,-5.6972084,6.662552,8.277322,5.4624844,29.267817,0
2020-02-05,7.707554,14.852814,3.5933228,11.259491,2.7096293,3.5521517,-0.45033813,-2.4643872,2.8541784,3.9047675,1.8073567,10.355874,3
2020-02-06,10.297889,17.219574,6.3339844,10.88559,4.643584,5.945344,0.10567987,-0.088375516,1.3495156,2.4587543,0.34490377,309.9043,21
2020-02-07,12.414643,19.589966,8.177765,11.412201,6.8726325,7.2769823,0.4999095,-0.36084703,1.1876866,2.5668206,0.2782657,305.8227,21
2020-02-08,13.512516,18.622833,9.541748,9.081085,6.5904326,7.7209225,1.0490972,0.08400334,1.5616592,4.467229,0.22411114,265.422,17
2020-02-09,10.803777,14.83963,8.928741,5.9108887,7.0228868,7.8128467,-0.49581656,0.8419986,2.5457413,4.343684,0.9486249,149.508,6
2020-02-10,11.020665,17.40799,8.115845,9.292145,4.7332454,5.738531,-3.4793189,-4.90693,6.1305566,8.062655,3.8501887,35.339016,0
2020-02-11,11.964335,17.350372,8.196259,9.154114,4.0978913,5.293708,-2.4278486,-4.3170743,5.2628665,8.599765,1.5985987,29.352654,1
2020-02-12,11.845641,16.49942,8.214783,8.284637,5.8257766,6.2632513,0.7186167,1.0398358,1.7730612,3.0784495,0.78039795,214.64784,16
2020-02-13,11.812354,17.902283,7.9443665,9.957916,6.02553,6.540847,-0.5172858,0.7168989,1.5509834,2.4336884,0.6901657,144.18727,18
2020-02-14,12.427424,17.962433,8.853058,9.109375,5.7998314,6.3719664,0.63168734,0.5111974,1.2806284,2.6945746,0.18060873,231.01825,19
2020-02-15,12.402402,18.61316,8.258331,10.354828,6.0844035,7.028166,1.0679156,-0.3384653,1.6329069,3.157743,0.6310944,287.5855,15
2020-02-16,13.25747,19.766357,9.182098,10.584259,6.8482056,7.4270525,1.3200494,-0.27661297,1.6835045,4.1374803,0.35432327,281.83496,15
2020-02-17,13.20901,20.121368,8.357697,11.763672,7.229513,8.082599,0.8477325,-0.90626335,1.8675699,3.5219254,0.18452537,316.91125,15
2020-02-18,13.534522,19.260895,9.824738,9.436157,6.0366726,7.598115,-0.7150933,-0.81363654,1.9420398,3.7471325,0.8445563,41.311764,14
2020-02-19,13.067519,18.845703,8.19693,10.648773,6.485659,7.319262,0.9198882,-0.015275036,1.4288445,2.7591548,0.23341437,270.95132,16
2020-02-20,13.627112,20.716156,9.152374,11.563782,5.7523437,7.1841583,-1.0648245,-0.53316,2.4002552,4.600078,1.0091708,63.402763,10
2020-02-21,14.915413,20.97342,10.463562,10.509857,6.061724,7.0648746,-1.6223189,0.6808524,2.6402771,4.8702188,0.34488842,112.76674,8
2020-02-22,12.138214,17.212433,9.825653,7.38678,7.554711,8.39484,0.8744318,2.6616492,3.1601217,4.153045,2.548729,198.1869,0
2020-02-23,11.947166,17.510315,9.533112,7.9772034,7.300646,7.6232486,3.1938343,0.274353,3.2370026,4.081329,2.4611392,265.0903,0
2020-02-24,12.992856,20.870728,8.416046,12.454681,6.7736726,7.614089,0.8450487,-1.2142562,2.2429166,3.4627705,1.0403929,325.16443,9
2020-02-25,15.127984,22.895294,10.760986,12.134308,5.3820457,6.8875294,-1.8381993,-2.5213737,3.4885952,6.3519044,1.7789576,36.093796,2
2020-02-26,14.877126,22.125092,9.567413,12.557678,4.666302,6.0936213,-2.2584147,-1.2897662,2.7269623,3.895527,1.2083116,60.269585,6
2020-02-27,15.837113,23.442322,10.848297,12.594025,5.3225136,6.398394,-1.9343262,-1.3737273,2.659983,5.162799,0.34879526,54.61824,10
2020-02-28,17.476738,23.797638,13.618103,10.179535,5.62139,6.9425945,-2.0280218,-0.3798827,2.7973258,3.5959654,0.46418193,79.39047,2
2020-02-29,15.041118,20.357147,10.85141,9.505737,6.931198,7.683436,0.0020953466,2.1444898,2.5674753,5.0070143,1.5435916,180.056,10
2020-03-01,11.842242,16.01477,9.573914,6.440857,6.9509315,8.439343,3.2981274,2.309057,4.097609,6.62424,2.6200821,235.0037,0
2020-03-02,10.380901,17.112427,6.7119446,10.400482,5.2441926,6.179537,-1.6891559,-2.7567394,4.8523574,8.77629,1.3764509,31.497337,3
2020-03-03,13.813094,22.126099,8.809235,13.316864,4.515429,5.4271703,-0.1873554,-4.2332397,4.4308906,5.565274,2.1170323,2.5341518,0
2020-03-04,15.413798,20.298615,10.681427,9.6171875,6.649576,6.9552073,0.0084992135,0.57325786,1.5468324,3.0888581,0.09114733,180.84943,15
2020-03-05,15.043533,21.896912,10.675812,11.2211,6.4690228,6.8912024,-0.1354637,0.6696194,1.3933741,2.534773,0.34002045,168.56343,21
2020-03-06,16.113914,20.302216,12.6953125,7.606903,7.2418675,8.029505,1.0570143,0.9380345,1.757507,4.4810953,0.3048515,228.41295,15
2020-03-07,11.673209,16.960114,9.262634,7.6974792,7.098721,7.6724534,1.9843217,2.1672494,2.971619,5.6633077,1.42426,222.47705,8
2020-03-08,11.062037,15.509216,8.310028,7.199188,6.423613,7.293975,2.256221,1.414064,2.9279144,5.5536065,1.050062,237.92297,9
2020-03-09,11.935364,18.056671,8.553375,9.503296,6.454876,6.799239,-0.9970632,1.2704167,2.3811743,4.702933,1.332647,141.87404,11
2020-03-10,13.540034,17.499847,11.119904,6.379944,8.250067,9.539055,-2.8817918,2.5674016,4.344493,6.3735356,2.5831983,131.69798,0
2020-03-11,14.005946,18.487915,11.103363,7.384552,8.59641,9.150903,-0.7862862,2.1898892,2.5762742,4.4112196,1.7012084,160.24916,7
2020-03-12,13.476954,16.941345,11.176331,5.7650146,8.421449,8.852528,0.26563984,-0.37259817,1.3200654,3.0075064,0.23037064,324.51343,22
2020-03-13,11.626658,14.613617,9.711395,4.9022217,7.6895804,8.580597,1.4813938,2.5268052,2.9847052,5.800849,1.8278631,210.38188,6
2020-03-14,12.20536,14.847015,10.665985,4.1810303,7.883352,8.301516,2.250163,3.7594712,4.386916,5.9095283,3.2883208,210.90187,0
2020-03-15,11.861369,14.995911,10.160065,4.835846,7.258738,7.841511,2.5408103,3.2274902,4.126594,5.4559436,2.9222813,218.21124,0
2020-03-16,10.973599,13.897491,9.264435,4.6330566,6.848421,7.2545166,0.9005092,4.387219,4.602387,8.858198,2.6701353,191.59929,0
2020-03-17,9.375785,12.68988,6.1154785,6.574402,5.5471325,7.5322413,2.4524453,1.6433911,3.2199953,7.3627977,1.1233946,236.17384,6
2020-03-18,9.742995,15.1215515,5.9788513,9.1427,4.834821,5.257864,0.8019104,-0.7631549,2.1682055,6.0708194,0.90661496,313.58148,13
2020-03-19,9.551055,13.448517,7.0536194,6.3948975,6.12603,6.312802,4.084908,1.7931356,4.849441,6.819212,2.9556396,246.30017,0
2020-03-20,10.351964,14.362457,8.22998,6.132477,6.380215,6.702397,-0.51689124,2.154895,2.6417172,5.285375,1.6297634,166.51138,7
2020-03-21,12.240157,16.490295,9.268524,7.2217712,6.784594,7.1019325,0.35420704,1.0112333,1.293239,4.1467357,0.036757026,199.30396,17
2020-03-22,11.976972,16.328827,9.145294,7.1835327,7.15102,7.771511,-0.5833478,1.9064827,2.6256113,4.6038914,0.7556961,162.98686,7
2020-03-23,12.316892,15.75296,9.050079,6.702881,7.561891,8.7794895,2.8266914,2.440457,4.4591384,5.790405,2.866294,229.19394,0
2020-03-24,11.905266,15.492249,9.725861,5.766388,7.248362,7.663453,2.8303413,1.0853072,3.0626647,5.8377686,1.4752713,249.02045,7
2020-03-25,10.802799,14.349365,7.686432,6.6629333,6.488131,7.0340295,3.8942087,0.7679146,4.050883,6.9865417,2.6522784,258.84476,0
2020-03-26,9.157298,13.434784,5.1224976,8.312286,5.315579,6.6367774,4.6443725,-0.52551097,4.989084,7.466636,3.5356598,276.45557,0
2020-03-27,9.126537,15.2907715,4.3923035,10.898468,4.9493365,5.6915207,3.906127,-1.8615383,4.681446,7.1029353,4.1379905,295.48102,0
2020-03-28,10.62429,15.487915,6.819153,8.668762,5.8416696,6.2652526,1.5390419,0.39332828,1.9469652,5.139342,0.10495133,255.66396,13
2020-03-29,11.656602,15.884155,7.9644165,7.919739,6.7114396,7.212506,2.5681272,-0.35695085,2.8162363,6.8350716,0.844153,277.913,11
2020-03-30,12.663403,20.160736,7.5787354,12.582001,6.783051,7.52529,2.2470217,-0.90808654,2.903901,6.672886,0.8161392,292.00507,4
2020-03-31,14.533086,20.67157,10.631897,10.039673,7.0987988,7.7445655,0.7937549,-1.271281,2.283766,4.462605,0.64634824,328.02042,7
2020-04-01,15.768654,20.541138,11.617432,8.923706,8.110231,8.989288,2.0989316,-0.5144959,2.45641,5.2903814,0.82082343,283.77295,10
2020-04-02,13.954506,18.652405,9.967285,8.68512,7.5199075,8.825983,2.2060688,0.24711926,2.4907556,5.1952615,1.2518613,263.6085,9
2020-04-03,12.71351,18.684814,7.702118,10.982697,6.035112,7.356224,2.4618218,-0.64573556,2.8015022,5.105088,1.2873247,284.69757,6
2020-04-04,12.756322,17.576508,9.513855,8.062653,7.1520705,7.4128294,1.8633842,1.4535109,2.543362,5.212996,1.1112727,232.04442,13
2020-04-05,12.15517,15.35791,10.122345,5.235565,7.564935,7.965953,2.6904576,3.2444277,4.2869935,6.54146,3.067951,219.66739,0
2020-04-06,11.596538,13.267914,10.679474,2.58844,7.708197,8.230857,2.3451176,5.7686462,6.4955516,7.7212615,4.982872,202.12314,0
2020-04-07,11.196626,16.240845,7.818817,8.422028,6.570404,7.1250563,0.23814906,0.70427054,2.189531,4.8619895,1.1506611,198.68297,14
2020-04-08,10.17479,13.229034,8.071686,5.1573486,6.5814857,7.6304502,1.6801032,1.7193445,2.750206,4.9760017,1.4684671,224.33864,8
2020-04-09,9.236652,10.748596,8.089203,2.6593933,6.373157,6.6340923,-0.5342896,2.5496254,2.989376,4.5902042,1.7620227,168.16458,1
2020-04-10,9.691226,13.198395,7.860199,5.338196,6.4907303,6.628197,-2.5418332,-0.6068812,2.7460306,4.738094,1.2172803,76.57161,5
2020-04-11,12.438134,19.354126,7.8585815,11.495544,7.075215,7.706928,1.1280819,-1.088737,2.203802,5.432261,1.2345469,313.98322,16
2020-04-12,13.042308,16.995575,10.960236,6.0353394,8.237697,8.754126,3.0569694,2.0651982,3.7279108,5.422497,2.8973978,235.95822,0
2020-04-13,13.201306,18.325989,10.44693,7.879059,7.94302,8.273297,3.1257417,0.5817227,3.3774955,4.9785295,2.4836922,259.45746,0
2020-04-14,14.0231085,21.103119,8.453949,12.64917,6.7921257,8.36831,0.822604,-1.4945465,2.7972162,4.957484,1.3324893,331.17145,7
2020-04-15,16.281923,22.913818,10.619263,12.294556,6.213529,7.5655646,0.6276029,-1.2727433,2.659659,5.3809,0.41320032,333.75162,3
2020-04-16,15.673206,20.64621,11.204315,9.441895,8.297109,9.148125,1.5133233,1.6286145,2.5817006,5.1801386,1.154799,222.89853,10
2020-04-17,13.38142,18.201965,10.42926,7.772705,7.3112855,8.124951,1.0521641,1.9574289,2.2865264,4.086889,1.1903368,208.25908,12
2020-04-18,13.263129,17.079407,10.863373,6.216034,7.716564,8.001138,3.2057116,1.6254005,3.6667967,5.5699215,2.5423048,243.1135,0
2020-04-19,13.618381,18.573975,10.821228,7.7527466,7.8527107,8.107364,3.3034267,0.7799473,3.401405,5.6946154,1.8910091,256.7156,1
2020-04-20,14.060622,18.353851,10.808868,7.544983,8.153995,8.610305,3.9335346,0.5077618,3.9886181,6.2671957,2.7761881,262.64462,0
2020-04-21,14.515719,20.659637,10.449829,10.209808,8.132628,8.579413,3.8764257,-1.3953637,4.379412,5.940087,3.8167093,289.79694,0
2020-04-22,16.860765,25.06018,11.183899,13.876282,8.225313,9.070801,1.7760154,-2.037008,3.2454135,4.8021283,2.0372448,318.91565,0
2020-04-23,19.368965,26.519806,14.113068,12.406738,9.031883,9.762649,1.5227617,-2.945287,3.5434477,4.871505,2.8284678,332.6603,0
2020-04-24,21.100847,29.419464,15.181091,14.238373,8.721607,10.795068,-0.0933213,-2.5827353,3.2630053,4.851315,1.1493772,2.069353,2
2020-04-25,21.866539,27.858002,16.285614,11.572388,9.308206,10.653511,0.004740832,-0.67501265,2.632684,3.7261577,2.025515,359.5976,0
2020-04-26,21.23195,26.451447,16.210907,10.24054,8.883166,10.748433,1.4210728,0.2166969,1.7358783,4.1506767,0.13792291,261.32986,14
2020-04-27,19.4841,25.697296,13.743835,11.953461,8.988314,11.064635,1.3689747,-0.52473766,1.8834871,3.7945487,1.2160254,290.97217,18
2020-04-28,20.043966,27.348938,14.542511,12.806427,9.03709,10.103349,0.4630517,-0.29044902,1.7844499,3.337656,0.92074233,302.098,18
2020-04-29,20.368172,25.759918,16.314972,9.444946,9.304271,10.559383,0.8493418,0.9365166,1.7961382,4.2779856,0.46799636,222.2054,16
2020-04-30,18.965088,24.909515,15.187073,9.722443,9.243299,9.806369,1.7242107,-0.4402368,2.1543684,4.27475,0.07904466,284.32312,9
2020-05-01,18.369816,23.947754,12.705566,11.2421875,8.278443,9.791469,2.395051,-0.9000721,2.7861176,4.901023,1.2877569,290.59647,10
2020-05-02,17.771328,23.731903,12.380066,11.351837,8.180643,9.265817,2.9265168,-0.40615714,3.0673351,6.1808233,1.5341624,277.90134,10
2020-05-03,17.110842,23.182953,11.848602,11.334351,8.326712,9.150266,2.6424818,-0.62120646,3.0448005,5.749585,1.0109257,283.22913,8
2020-05-04,17.732956,26.236237,10.878174,15.358063,7.5075746,9.366506,1.2006899,-1.5538143,2.6052287,5.362961,0.92188483,322.30542,5
2020-05-05,20.72088,28.255524,14.631134,13.62439,7.321753,8.901469,1.004185,-1.1555539,2.4612153,3.921667,0.2256976,319.00912,4
2020-05-06,21.56228,29.157227,15.159637,13.997589,7.7434916,9.720991,1.5688272,-1.8033031,3.1054008,3.9246557,2.1315024,318.97757,0
2020-05-07,22.217508,29.27713,16.225555,13.051575,7.950811,9.526154,0.03694485,-1.119131,2.5863461,3.4903889,1.1954318,358.10922,3
2020-05-08,21.526497,26.904907,16.639862,10.265045,8.710612,10.001825,0.3014724,1.0964476,2.025279,3.9808662,0.61540186,195.37381,16
2020-05-09,19.965498,24.66864,15.75296,8.91568,8.492478,9.393964,0.9198761,1.45112,2.0249412,4.0407386,0.1687191,212.37093,12
2020-05-10,18.433016,23.176727,14.572754,8.603973,8.0679865,9.338647,1.7672892,1.4255008,2.4467618,5.285319,0.5294108,231.11026,12
2020-05-11,15.9574,21.661407,11.4982605,10.163147,7.7900558,8.511767,2.8246238,1.3614289,3.1727607,6.365061,1.3915858,244.26659,8
2020-05-12,15.291053,19.641876,11.467285,8.174591,8.010288,8.577102,3.898613,1.0415319,4.0755897,7.370294,1.2251954,255.0425,4
2020-05-13,15.338712,21.12146,10.992279,10.129181,7.7211003,8.603212,3.9971473,0.0653932,4.197288,7.086107,2.2488458,269.06274,0
2020-05-14,16.598108,22.85437,11.895538,10.958832,8.1854515,8.787375,3.4444559,-0.94949484,3.7797625,6.0992556,1.8046589,285.41135,2
2020-05-15,17.903912,24.319855,12.617798,11.702057,8.508258,8.892293,3.148063,-1.4886082,3.7161381,6.0146623,2.5002565,295.30783,0
2020-05-16,18.897112,25.284668,13.38623,11.8984375,8.740463,9.427134,1.8779435,-0.1508862,2.638672,4.7885084,1.012721,274.59366,13
2020-05-17,18.433058,23.263397,13.282288,9.98111,9.078554,9.609629,1.9583625,1.4963802,2.5819027,5.515046,0.45034713,232.61665,11
2020-05-18,16.817383,21.588013,13.469147,8.118866,9.638749,10.246695,3.550927,1.7940207,4.005776,6.8404427,1.9406128,243.19592,3
2020-05-19,14.544949,18.998413,10.046143,8.9522705,7.262033,8.505608,4.719869,-0.16853242,4.9412246,6.6981187,3.366493,272.04498,0
2020-05-20,15.6325,22.108246,10.45697,11.651276,7.2777658,8.07881,3.026202,-0.5644575,3.3563263,6.624589,1.3640121,280.5656,4
2020-05-21,17.568384,24.955322,11.220001,13.735321,7.3475575,8.059747,1.2201394,-0.3274288,2.3149278,5.1197276,1.0362865,285.0216,13
2020-05-22,18.240921,23.616455,12.774628,10.841827,8.273504,8.8424425,1.9658874,1.3247832,2.6398985,5.549215,0.6411957,236.02454,11
2020-05-23,16.812725,22.579376,11.854767,10.724609,7.643209,8.713741,1.559466,0.41227975,2.1044526,5.474384,0.31019107,255.19138,15
2020-05-24,17.787027,25.302002,11.286896,14.015106,7.2677703,8.040062,1.1043278,0.25885168,1.790825,3.8475556,0.48243538,256.80817,16
2020-05-25,20.28411,27.53775,14.090118,13.447632,7.6664944,8.613529,0.761614,-0.11757342,1.588768,3.804595,0.41584516,278.7757,16
2020-05-26,22.15915,28.651062,15.908844,12.742218,8.459578,9.217859,1.5834074,0.23141815,1.9411178,3.782734,0.51497763,261.685,13
2020-05-27,22.36954,28.21344,17.026337,11.187103,9.076633,9.782583,1.6894426,0.8211077,1.9488688,4.3770523,0.26531374,244.0792,14
2020-05-28,21.217947,26.492432,16.242218,10.250214,8.986118,9.704459,1.4039477,1.2842951,2.0881445,4.2664986,0.20209485,227.54854,12
2020-05-29,19.032284,24.093658,15.191101,8.902557,9.223338,9.521862,1.2222,1.9769856,2.4206593,5.1299143,0.47700366,211.72495,12
2020-05-30,16.82734,22.172607,12.251526,9.921082,8.349105,9.015071,2.6682396,1.1279904,3.0143108,5.9894385,1.1081662,247.08394,9
2020-05-31,17.400751,23.279297,12.684021,10.595276,8.67497,9.466366,2.73334,-0.11073484,2.9574604,6.0180106,1.1366459,272.31995,10
2020-06-01,20.115421,26.783783,15.483887,11.299896,8.5374,9.190712,2.64412,-0.35891774,2.866866,5.32632,0.76448953,277.7302,10
2020-06-02,21.184086,26.15384,16.799072,9.354767,8.877507,9.293846,1.2534926,0.54040164,2.2741547,5.1851225,0.5964486,246.67831,12
2020-06-03,23.4139,31.068787,18.522736,12.546051,9.471955,10.309898,1.4046336,-0.84461135,2.3738077,3.8978093,0.94568974,301.01865,8
2020-06-04,22.153,28.864105,17.062286,11.801819,9.928903,10.820061,0.43819442,2.1684668,2.5399425,4.595088,0.7876471,191.42424,11
2020-06-05,18.467993,23.449768,15.273804,8.175964,9.647514,10.187163,0.97422045,3.0743797,3.299037,5.853111,1.7405572,197.58257,5
2020-06-06,16.9409,20.84317,14.024536,6.818634,9.200248,10.259743,4.635527,1.7526876,5.0157456,6.1758204,4.4366097,249.28845,0
2020-06-07,16.958178,22.491058,11.856323,10.634735,7.318062,9.242118,4.1168885,-1.3069888,4.671505,7.4675035,2.674459,287.6131,0
2020-06-08,17.846945,25.924957,11.4852295,14.439728,5.224811,6.5031667,0.92608,-4.723819,6.023247,8.110324,3.607526,348.90814,0
2020-06-09,21.695704,29.985138,14.596039,15.389099,4.948811,6.1549244,-1.3040991,-1.9967693,3.4612992,4.635551,1.3512167,33.148735,4
2020-06-10,23.602571,30.61847,16.89392,13.724548,6.1702137,7.056924,0.76390743,-0.65590477,2.421244,4.277917,1.0294176,310.65,9
2020-06-11,23.346437,29.008484,18.105469,10.903015,7.227346,7.997089,1.2822033,1.6119256,2.4455357,5.0597095,0.41995418,218.50044,12
2020-06-12,19.87687,26.539368,14.171448,12.36792,7.600395,8.400222,1.3250908,2.487581,3.0429866,5.6685677,1.3081967,208.04344,9
2020-06-13,18.301111,23.695831,13.67453,10.021301,7.64934,8.707408,3.3371537,-0.235569,3.6904962,6.895011,1.547632,274.0378,4
2020-06-14,18.62475,25.87503,12.60437,13.27066,7.607963,8.223062,2.0900946,-0.13969778,2.4914207,6.6888533,0.4709301,273.82385,12
2020-06-15,19.943487,26.50763,14.028748,12.478882,8.409276,8.744202,1.499694,0.8693343,2.1313362,5.060007,0.16207004,239.90024,13
2020-06-16,19.227474,24.272583,14.218903,10.05368,9.176354,10.099959,1.7626725,1.2935954,2.5527942,5.4316797,0.09603472,233.7257,11
2020-06-17,18.813189,25.37024,13.472046,11.898193,8.653556,9.299476,1.0812087,1.7049183,2.4307375,5.4883413,0.6346412,212.38167,11
2020-06-18,19.505648,25.692657,14.2812805,11.411377,8.775978,9.974832,0.9428289,1.3769234,1.7714367,3.677234,0.21842739,214.40085,15
2020-06-19,19.684746,26.210968,14.521027,11.689941,9.233754,9.884088,2.1151342,1.446885,2.638959,4.6449428,1.6485773,235.62543,8
2020-06-20,19.756445,26.643585,14.739746,11.903839,9.657987,9.882654,2.5223677,1.4934095,2.963082,5.039032,1.8652488,239.37164,2
2020-06-21,20.10734,26.305237,14.912628,11.392609,9.380603,10.016434,2.4610307,1.3747239,2.8379507,5.101444,1.1671145,240.81242,10
2020-06-22,20.70064,27.22754,14.940735,12.286804,8.9729595,9.569389,1.3816223,1.2350825,1.9082866,3.945145,0.15840454,228.20532,14
2020-06-23,21.640493,27.499542,16.269257,11.230286,8.667734,9.11656,1.8981041,1.0647225,2.268254,4.3165517,0.85481185,240.71019,12
2020-06-24,21.579706,27.208527,16.35727,10.851257,8.576373,8.899736,1.853138,1.2258056,2.2703826,4.2393613,0.07724473,236.51636,13
2020-06-25,20.204199,26.002655,15.670502,10.332153,8.871503,9.128461,1.2647686,1.8195348,2.2955878,4.6711154,0.7942328,214.80338,13
2020-06-26,21.236246,27.812775,15.789703,12.023071,8.55358,8.853179,1.5697902,0.73605233,1.8406814,4.3065624,0.36228642,244.87878,15
2020-06-27,21.62915,27.14212,16.420563,10.721558,9.235034,9.517828,1.9835981,1.4365219,2.494457,4.7091475,0.6525914,234.08795,11
2020-06-28,19.261196,24.53006,15.130066,9.399994,9.908635,10.632913,1.912261,2.8060253,3.5177367,6.742995,1.4548744,214.2738,5
2020-06-29,17.877913,24.248749,13.3941345,10.854614,8.473839,10.003319,3.0572975,2.0677564,3.7142706,6.5816355,1.7506344,235.92816,2
2020-06-30,19.22803,26.417511,13.223572,13.193939,8.240361,9.032945,2.1318705,0.64175004,2.4766724,5.2079,0.97359467,253.2468,13
2020-07-01,19.25542,24.54007,14.465759,10.07431,9.158793,9.663013,1.666161,2.2418327,2.9674408,5.276988,1.1114833,216.62025,8
2020-07-02,19.010221,25.331024,13.819275,11.511749,8.660431,9.206209,1.3888148,2.1581,2.6582696,4.9057174,1.0480651,212.76274,11
2020-07-03,21.151518,28.766449,15.530487,13.235962,7.3235564,8.861329,1.4711767,1.360755,2.1407335,4.5601497,0.13046613,227.23293,12
2020-07-04,23.568663,29.85495,17.53946,12.315491,7.908419,8.362978,2.7514713,0.37766352,2.95951,5.248417,1.4503708,262.1845,10
2020-07-05,24.028143,31.270477,17.387115,13.883362,8.334361,9.20351,2.180917,0.6424693,2.3043728,5.002134,0.30238825,253.58572,12
2020-07-06,24.44753,31.155487,17.915497,13.23999,8.171781,8.923802,1.5327439,0.9023487,1.9217081,4.302269,0.099292554,239.51407,13
2020-07-07,23.872202,29.660065,17.724182,11.935883,8.322578,9.387725,1.9754381,0.70831615,2.410691,5.147242,0.35855004,250.27412,12
2020-07-08,22.259766,28.35147,15.758606,12.592865,8.490581,9.608272,1.3025652,1.5797921,2.3613496,4.6638284,1.0776095,219.50616,13
2020-07-09,22.235937,29.700226,15.930237,13.769989,7.7792892,8.802332,1.4494591,1.2833759,2.0059726,4.2421618,0.5321443,228.47777,14
2020-07-10,23.856546,31.840881,17.527008,14.313873,7.5005813,8.1776705,0.9635725,1.0954818,1.7976183,4.3087697,0.16096905,221.33447,15
2020-07-11,26.424484,33.297516,20.636902,12.660614,7.6668296,8.447944,2.027501,1.2657012,2.5998173,5.3052616,0.32964987,238.02484,12
2020-07-12,27.235239,33.394806,21.410187,11.984619,8.543143,9.262622,2.3682892,0.7597583,2.6034515,5.0888867,0.74444175,252.21353,12
2020-07-13,25.021896,30.963837,19.18216,11.781677,9.342021,10.367787,1.5742522,2.2191746,2.977853,5.4748516,1.1263794,215.35138,11
2020-07-14,22.033167,27.546051,16.762878,10.783173,8.703041,9.550396,2.3460934,2.0552654,3.1579792,5.289935,1.3060068,228.78044,6
2020-07-15,21.055592,27.20813,15.423859,11.784271,8.520446,9.022673,2.0796814,1.6155964,2.6621954,5.1237864,0.6116525,232.15823,10
2020-07-16,21.333176,27.619995,16.052704,11.567291,8.267192,8.608791,1.7295977,1.4732195,2.3039215,4.436664,0.8183608,229.57664,13
2020-07-17,21.446592,27.577332,16.320374,11.256958,8.519185,9.050683,1.848934,1.5087137,2.442334,4.7194304,0.58222145,230.78587,12
2020-07-18,22.464386,29.213257,17.18637,12.026886,8.215248,9.222884,2.239031,0.9002123,2.5211143,4.7343516,0.90943116,248.0972,13
2020-07-19,23.302942,29.330261,17.513428,11.8168335,8.565478,9.194149,3.135183,0.59520715,3.217406,6.169096,0.70671785,259.25046,7
2020-07-20,22.906782,29.64264,16.601318,13.041321,8.891776,9.220671,2.7546775,0.3550075,2.8185952,5.62026,0.95584273,262.65652,9
2020-07-21,22.539255,27.836426,17.235443,10.600983,9.018374,9.537488,2.2761495,0.8691006,2.5213642,4.8669434,0.84301496,249.10168,11
2020-07-22,20.693962,25.856506,14.991882,10.864624,8.243125,9.110522,1.8993435,1.7340794,2.663811,5.2409167,0.38114524,227.60428,11
2020-07-23,19.300333,25.56961,14.100769,11.468842,8.197676,8.640703,1.6950946,1.6396174,2.4077287,4.859788,0.52842134,225.95311,12
2020-07-24,20.197752,26.424377,14.943909,11.480469,8.472745,8.942126,1.4581228,1.3607844,2.039792,4.618394,0.03300343,226.97768,14
2020-07-25,21.004105,27.688568,15.485352,12.203217,8.6773405,9.333882,1.5437123,1.3685049,2.0949929,4.2462945,0.243697,228.44295,13
2020-07-26,22.582672,29.17752,17.425537,11.751984,8.074256,8.796481,1.5979065,1.1887373,2.0714207,4.915103,0.23920232,233.35318,13
2020-07-27,22.663607,27.940552,17.85025,10.0903015,8.246715,8.759394,2.5679219,0.8257492,2.7824466,5.089624,1.0765767,252.17413,10
2020-07-28,22.540298,28.855103,16.999756,11.855347,8.106404,8.32933,2.2712572,0.94315094,2.5354042,5.0186796,0.77381,247.4491,11
2020-07-29,22.96138,29.320618,17.306152,12.014465,7.648481,8.432217,1.9780134,1.0369483,2.3206933,4.5293407,0.38568518,242.33481,13
2020-07-30,24.399323,32.410736,18.36441,14.046326,7.3197045,7.9305525,2.6330183,0.54442436,2.7964618,5.6117086,1.0750533,258.3177,11
2020-07-31,27.051483,33.198303,21.707275,11.491028,7.991137,8.53888,3.2154043,0.3748745,3.519079,5.5282106,1.6953853,263.3501,3
2020-08-01,26.773468,32.60794,20.66571,11.94223,7.1490836,7.6145496,2.325075,0.19921719,2.8185084,5.000755,0.77459073,265.10275,12
2020-08-02,25.015451,31.384735,19.152771,12.231964,8.197049,8.932803,1.5081009,1.120442,1.9852762,4.270517,0.45611703,233.38954,14
2020-08-03,24.364563,32.247925,17.665894,14.582031,7.984612,8.814531,2.2230868,0.08136487,2.4780462,5.4152026,0.26627687,267.90393,12
2020-08-04,23.371683,29.364807,17.731812,11.632996,8.623958,8.959654,1.757915,1.0909206,2.2454898,5.0645094,0.12834708,238.17725,13
2020-08-05,21.398972,27.020508,16.051788,10.9687195,9.516004,10.063521,2.003753,1.3515291,2.517635,5.45263,0.23651755,236.00038,11
2020-08-06,19.984007,25.432068,15.044312,10.387756,9.225459,10.06051,2.049236,1.7326406,2.722243,5.3018394,0.7944931,229.78531,10
2020-08-07,20.772802,27.572021,15.127075,12.444946,8.767838,9.108791,1.8838981,0.8969512,2.1298435,4.772519,0.09179981,244.5402,13
2020-08-08,21.903015,28.04309,16.607208,11.435883,9.092416,9.834996,1.8660613,1.1150953,2.2188842,4.4673553,0.20622446,239.13889,13
2020-08-09,22.77066,29.374237,17.532288,11.841949,8.596381,9.135448,1.8592483,0.89859563,2.1166234,4.395673,0.66994447,244.20502,13
2020-08-10,22.874456,28.93991,17.471802,11.468109,7.856375,8.497346,2.1823456,1.030463,2.4753628,4.702229,0.63851595,244.7242,12
2020-08-11,22.962454,29.78769,17.65155,12.136139,6.896459,7.581479,2.1533287,0.82896286,2.3552935,4.809597,0.74108166,248.94489,12
2020-08-12,24.303934,31.579987,18.937042,12.642944,7.0758286,7.6978793,2.2062676,0.7053096,2.522927,5.1975846,0.57138526,252.27173,12
2020-08-13,25.961523,32.49878,21.763458,10.735321,7.9016137,8.609427,2.2406828,0.4012433,2.331055,5.02532,0.51250565,259.84753,12
2020-08-14,27.636206,33.807373,22.296661,11.510712,9.770145,10.204915,2.1249943,0.16995247,2.4698422,4.899315,0.88066614,265.42734,11
2020-08-15,28.943016,35.19687,23.236053,11.960815,10.520163,11.205186,2.434006,-0.17185502,2.8949654,4.662342,1.727334,274.03873,3
2020-08-16,27.825554,33.702423,23.543,10.159424,12.568683,14.253665,0.580601,0.86879635,1.63027,3.694012,0.14148484,213.7541,16
2020-08-17,27.51423,34.027527,23.076385,10.951141,11.018641,11.626367,0.8758807,1.1559874,1.6606404,4.3009114,0.03226444,217.15088,16
2020-08-18,28.651098,36.15033,23.41272,12.73761,10.720248,11.329955,1.3610996,0.84219027,1.9339304,4.428708,0.39313823,238.25256,15
2020-08-19,28.857248,35.49109,24.313751,11.177338,11.929554,13.2290325,1.1557733,0.71101016,1.6094261,4.262581,0.13201599,238.40094,16
2020-08-20,28.219725,34.90454,23.084229,11.8203125,11.131828,12.158904,1.7233225,0.40777293,2.0321076,4.5869613,0.06868285,256.6875,14
2020-08-21,27.197332,33.15927,22.58496,10.57431,10.906333,12.207424,0.8287137,1.1504403,2.0643785,4.837815,0.13081355,215.7669,15
2020-08-22,27.041239,32.235626,23.552979,8.682648,11.526226,12.528814,0.24687405,1.6970091,2.2348564,4.112595,0.39661384,188.2771,11
2020-08-23,26.064959,31.92337,21.27652,10.646851,13.243244,13.91175,1.4755245,2.02296,2.5592263,4.626726,0.7324698,216.10661,9
2020-08-24,26.088434,31.778992,20.87558,10.903412,12.53242,13.944023,2.118608,0.99959105,2.4663706,5.1177177,0.2915272,244.74136,10
2020-08-25,25.649588,31.57132,20.833618,10.737701,10.711061,10.932299,2.9045112,0.48443308,3.0793865,5.870597,0.8598406,260.531,8
2020-08-26,25.836975,31.91748,20.447113,11.470367,10.432965,11.769337,2.8025525,0.42703938,3.0943787,5.6296473,0.73327273,261.33618,8
2020-08-27,26.250162,32.91629,20.989777,11.926514,9.881688,11.52458,2.7847042,-0.31869945,3.1944675,6.2070417,1.3857443,276.5289,8
2020-08-28,24.893782,30.39685,19.916687,10.480164,7.88164,9.358759,2.5291913,1.0974191,2.8303115,5.88849,0.7699218,246.54391,11
2020-08-29,22.815195,28.875122,17.203613,11.671509,7.438047,8.631735,1.6413149,1.3489347,2.3081837,4.7671466,0.40606767,230.58452,12
2020-08-30,21.545141,28.269531,16.2359,12.03363,7.799442,8.404095,1.6340976,1.0182573,2.034629,4.266518,0.50563043,238.07169,14
2020-08-31,21.079985,27.323334,15.8368225,11.486511,8.063587,8.865332,1.3011006,1.355979,2.0496147,4.519801,0.17181747,223.81682,14
2020-09-01,20.896582,27.921906,15.858429,12.063477,8.479704,9.037302,1.4228898,1.1976503,1.8781573,4.121735,0.4447437,229.9126,14
2020-09-02,22.215616,30.15155,16.94049,13.21106,8.887055,9.589215,2.4149992,0.3509039,2.5739534,5.093261,1.4776348,261.73267,12
2020-09-03,24.085546,32.33139,18.231995,14.099396,9.700527,10.12632,1.7608925,0.36040008,1.9583029,5.0011697,0.21271022,258.43307,15
2020-09-04,25.936316,33.431152,20.38974,13.041412,9.5264015,10.016319,1.2414651,0.35064426,1.7426697,4.203451,0.10239944,254.228,15
2020-09-05,29.593252,37.793182,24.069214,13.7239685,8.818104,9.756679,1.351972,-0.0524049,1.9166425,3.7909641,0.9411218,272.2198,16
2020-09-06,32.940414,39.011505,28.23352,10.777985,7.752456,8.088256,0.89414114,-0.9345291,1.9856228,3.1900902,0.18805417,316.26523,14
2020-09-07,29.073294,35.356934,23.756927,11.600006,9.717641,10.711306,0.64369553,-0.48372388,1.4644051,3.3497646,0.33699834,306.9241,18
2020-09-08,24.47235,30.047852,20.032501,10.01535,10.719902,12.465719,-0.043601852,-0.030173821,1.8639941,3.52254,0.5535443,55.31557,16
2020-09-09,23.221807,28.817566,18.991089,9.826477,5.992199,7.300708,-1.5143661,-2.037327,2.8262196,4.5056963,0.8968476,36.6238,7
2020-09-10,23.04689,29.454376,18.257843,11.196533,6.3701987,7.7730746,-0.21884637,-0.4456985,1.6202406,2.823399,0.6035359,26.151909,16
2020-09-11,23.497168,29.601837,18.679932,10.9219055,6.566499,7.426299,0.95750123,-0.47290286,1.6959034,3.2351706,0.5401503,296.28442,17
2020-09-12,24.097773,30.56311,19.22464,11.33847,7.411646,7.7385116,1.1180621,-0.31830075,1.6072127,3.4360282,0.27168572,285.8911,16
2020-09-13,23.556917,29.786682,19.04773,10.738953,7.8879924,8.392279,1.4561672,0.3517438,1.6973151,3.7763405,0.29957464,256.42007,15
2020-09-14,24.009481,30.061005,19.787628,10.273376,7.7816806,8.014255,1.1890258,0.58591515,1.7352448,3.9615052,0.3634886,243.76736,14
2020-09-15,24.553808,30.50882,20.364807,10.144012,7.8099923,9.119642,1.4869353,0.45603204,1.8637795,3.8879604,0.44774258,252.94962,14
2020-09-16,24.73218,31.714691,19.859406,11.855286,6.642244,7.046391,1.9497309,-0.36266622,2.3776112,4.558685,0.80703276,280.53708,12
2020-09-17,24.803833,31.441772,19.903564,11.538208,6.7218475,7.4220195,1.4384518,0.04571247,2.2921486,4.2033525,0.64077467,268.1798,13
2020-09-18,25.586344,32.01175,21.487854,10.523895,7.6955743,8.550131,1.9379457,0.18098779,2.3681166,5.610432,0.55494153,264.66455,13
2020-09-19,24.4779,29.752289,19.199677,10.552612,9.419071,10.472831,2.347313,0.2446038,2.7695172,5.3662214,0.76294607,264.0509,12
2020-09-20,22.639776,28.895874,17.420868,11.475006,8.370923,9.2438965,0.73357624,1.2100958,2.1241996,4.616153,0.15504028,211.22481,13
2020-09-21,21.768408,28.073273,17.476166,10.597107,8.276856,9.152239,0.6284525,1.4538059,1.7995906,4.1066093,0.46293655,203.37791,14
2020-09-22,22.127642,28.74356,17.456512,11.287048,7.861595,8.692225,1.1305732,1.0633397,1.8620914,4.352684,0.32618773,226.75531,15
2020-09-23,22.644577,30.167328,17.415466,12.751862,7.772494,8.207655,1.380116,0.42852485,1.6334333,4.115397,0.3205653,252.75049,15
2020-09-24,23.493402,30.17981,18.22638,11.95343,8.116008,8.736138,1.426693,0.124319196,1.9462916,4.29262,0.45320302,265.01996,14
2020-09-25,22.304907,28.756409,16.846924,11.909485,9.0363035,9.8094,1.451568,0.32746774,1.6428038,4.226735,0.06410775,257.28714,15
2020-09-26,21.625956,28.800537,16.202698,12.597839,8.916007,9.572069,1.0967854,0.122339,1.3847889,3.7973654,0.08861011,263.63538,17
2020-09-27,22.003227,29.33902,16.479004,12.860016,9.248599,10.113854,-0.13043068,0.6763678,1.6263094,3.5457408,0.35611656,169.08507,15
2020-09-28,23.574148,31.179413,18.619965,12.559448,7.9625506,9.471353,-0.93331003,-0.61396164,1.5715524,4.4702706,0.0916325,56.66178,17
2020-09-29,25.37319,33.521057,19.362,14.159058,6.660938,8.178212,0.22745426,-1.44146,1.8637314,3.7910779,0.57911265,351.033,14
2020-09-30,27.405848,35.165253,22.184143,12.98111,6.670894,7.406066,0.7952644,-1.8799063,2.3296099,3.4974265,1.3679132,337.06998,7
2020-10-01,27.555582,34.702667,21.773193,12.929474,6.849795,7.7566366,0.19369055,-1.7187548,2.196757,3.230766,0.16424306,353.57034,6
2020-10-02,26.935598,34.182648,20.886719,13.295929,6.9743876,7.608979,0.085530646,-0.8281242,1.7281866,2.6290529,0.68026334,354.10327,15
2020-10-03,26.02333,32.955933,20.680054,12.275879,7.8303695,8.834369,0.08810275,-0.10236446,1.6327146,3.2112856,0.6261821,319.28217,18
2020-10-04,25.477455,32.56659,21.274353,11.292236,7.0764656,8.408595,0.033440173,0.9797452,1.481534,3.6796331,0.17813839,181.95485,18
2020-10-05,25.33164,30.931763,21.726746,9.205017,6.2239113,6.878918,0.7480578,0.39757273,1.1927347,3.451187,0.01844015,242.01056,19
2020-10-06,24.234276,29.568085,20.15866,9.409424,7.293115,7.6809673,1.165905,0.38764545,1.7062821,3.4906344,0.20866817,251.60884,14
2020-10-07,22.923792,27.657288,19.170319,8.486969,7.861859,8.456911,1.629093,1.1130661,2.0916054,4.2681584,0.19370009,235.65744,14
2020-10-08,19.326738,24.471222,15.342865,9.128357,9.527607,10.253884,1.617495,1.0628476,1.9757891,4.377755,0.50065684,236.6913,15
2020-10-09,18.758387,24.259369,15.132172,9.127197,9.718967,10.328115,2.6965973,0.90814334,2.8533256,4.761231,1.4080509,251.38782,6
2020-10-10,18.937128,24.272308,15.413208,8.8591,10.06805,10.557233,2.5187204,0.8322339,2.6856966,5.145926,0.49328136,251.71545,12
2020-10-11,19.534197,26.872253,15.336884,11.53537,10.020538,10.886808,1.6074051,-0.004313735,1.8081323,4.6903696,0.35282734,270.15378,16
2020-10-12,22.671144,31.87384,17.397522,14.476318,8.0948,9.521503,0.5108105,-1.651076,2.5470524,3.98957,0.94646686,342.80896,5
2020-10-13,25.079657,32.410797,20.199951,12.210846,7.7362876,8.766271,1.1332163,-0.38724723,1.9373093,3.6795352,0.59129906,288.86652,14
2020-10-14,24.98952,32.375275,20.06778,12.307495,7.2164993,8.027901,0.2217803,-0.58007926,2.210354,3.4358783,1.1224746,339.07678,10
2020-10-15,25.375183,32.24054,20.231201,12.009338,7.8504424,9.384977,-0.2427069,-0.15624835,1.4498978,2.788403,0.15685718,57.227623,16
2020-10-16,25.197762,31.732819,21.115265,10.617554,6.9004655,8.603903,-0.4823278,-1.9058138,2.3666897,4.5635276,1.3090295,14.202337,9
2020-10-17,24.545341,30.65274,19.582458,11.070282,6.8857093,7.6806054,0.53986317,-0.64343643,1.7066685,4.009745,0.53511703,320.00232,19
2020-10-18,22.396027,28.789948,17.522156,11.267792,8.893918,9.657946,2.0582736,0.24069868,2.127483,5.316966,0.32145733,263.33002,15
2020-10-19,21.035627,28.565308,15.546143,13.019165,8.379456,9.361915,1.727107,-0.13912399,1.9721018,4.4476433,0.7875484,274.6054,16
2020-10-20,20.139656,26.997284,15.267731,11.729553,7.428209,9.016231,0.7584167,-0.08354038,1.6879917,3.6498928,0.6273976,276.28586,16
2020-10-21,19.386803,25.266998,15.264557,10.002441,7.571949,8.649366,0.83684015,0.3986319,1.4552613,3.5169744,0.20288654,244.52902,17
2020-10-22,17.74873,23.61554,14.048828,9.566711,9.138862,10.016498,1.0373477,0.9737,1.4598862,3.4771502,0.24671578,226.81276,16
2020-10-23,17.619759,21.818024,15.045776,6.7722473,10.080483,10.554528,0.88057977,1.3752416,1.7115864,3.4363725,0.79366255,212.63182,16
2020-10-24,17.248047,20.245758,15.559479,4.6862793,9.86766,10.325223,2.0246937,1.2917048,2.4081104,4.505683,1.3744365,237.46313,10
2020-10-25,15.948819,18.649506,14.143463,4.5060425,9.103585,9.773202,3.897609,1.0872799,4.0731063,6.4729233,2.7987723,254.413,0
2020-10-26,14.32907,19.109406,10.730316,8.379089,4.7349677,9.036442,-2.2804754,-4.7148046,6.781257,11.440711,2.2798724,25.812307,0
2020-10-27,15.494023,23.126373,11.185577,11.940796,2.9240673,3.8169458,-1.2941486,-3.0878265,3.5973253,6.5442905,1.2189972,22.739197,2
2020-10-28,17.640448,24.893097,12.744995,12.148102,5.4372354,5.8217716,0.5772044,-0.8925815,1.4461356,2.4362323,0.93766105,327.11053,23
2020-10-29,18.641863,26.540985,13.428833,13.112152,5.279773,6.4822817,0.07498046,-1.0425563,1.8393477,3.123954,0.27121902,355.88638,14
2020-10-30,19.984472,26.754517,15.497406,11.257111,5.6419253,6.521307,-0.09308063,-0.54793733,1.3448304,1.9288232,0.5234107,9.641062,24
2020-10-31,20.265108,27.687042,14.799988,12.887054,5.6585727,6.767419,-0.4510115,-0.7767871,1.6161022,2.9754057,0.35230932,30.13994,17
2020-11-01,21.025766,27.47992,16.551422,10.928497,5.737591,6.215108,-0.8581743,-0.3300564,1.5359426,2.4741468,0.7969439,68.963104,18
2020-11-02,20.518404,25.918945,16.28537,9.633575,6.634014,7.333001,-0.09957331,0.21220626,1.3965783,3.0522962,0.49692732,154.86266,19
2020-11-03,19.61838,25.443085,15.892059,9.551025,7.582401,8.283211,0.5730615,0.20686269,1.032113,2.783031,0.15446478,250.15152,19
2020-11-04,20.374172,28.903992,15.264435,13.639557,6.663386,7.7301826,0.08330792,-1.0749477,1.5191021,2.9656255,0.19981238,355.56845,17
2020-11-05,22.164438,29.506073,18.138489,11.367584,5.2896056,6.2627516,-1.6543108,-1.9674934,2.9604576,4.8300347,0.43384728,40.057842,6
2020-11-06,20.546394,24.41333,15.877991,8.535339,8.097992,10.070382,1.1421791,1.4971243,2.5767694,5.9383993,0.21698242,217.34058,12
2020-11-07,12.142022,17.859406,9.372742,8.486664,6.9053535,9.040909,6.091086,1.5148147,6.397802,8.947545,4.3351545,256.03424,0
2020-11-08,10.235766,13.212952,8.533417,4.679535,6.0465713,6.7058296,6.6530533,0.22259319,6.6760635,10.6555395,4.286963,268.08374,0
2020-11-09,8.962203,14.617706,4.4466248,10.171082,4.3850894,5.4967628,2.397096,-1.6442275,3.572953,9.450743,0.31407753,304.4472,7
2020-11-10,10.662787,17.205536,6.245392,10.960144,3.8058836,4.0463057,-0.14847304,-1.6040716,2.2144508,3.6117241,1.1549636,5.288235,9
2020-11-11,12.466923,18.906311,8.864014,10.042297,4.6619267,5.049815,0.8531206,-0.5630176,1.7578878,2.9833217,0.35086346,303.42285,14
2020-11-12,13.479424,19.549927,10.142151,9.407776,5.623398,6.046722,0.6650375,0.07290611,1.3825163,3.6445167,0.22362809,263.74384,18
2020-11-13,13.267348,18.520569,9.735291,8.785278,6.230368,6.5879526,1.6401962,0.18267144,1.766296,4.9481845,0.119801976,263.64508,14
2020-11-14,13.326023,21.761597,8.283264,13.4783325,6.4206443,7.28535,1.0849427,-1.1903026,2.30748,4.100657,1.1883532,317.6513,11
2020-11-15,16.776741,25.613037,12.388214,13.224823,5.277468,6.226416,-0.9466426,-2.1508267,2.712513,3.6266508,1.0519178,23.755716,6
2020-11-16,18.27155,26.811829,13.439392,13.372437,4.510771,5.9820347,-2.6335332,-1.6151336,4.001843,5.7655854,2.1678133,58.4794,0
2020-11-17,17.573626,22.669647,13.4219055,9.247742,6.322121,7.153183,-0.47338903,2.4332924,2.7691886,4.79433,1.2673876,168.99081,4
2020-11-18,14.975547,18.66217,11.357666,7.3045044,7.2562127,8.343258,1.8659662,1.3054835,2.3128097,4.687876,1.0101422,235.02228,15
2020-11-19,14.380923,21.102081,10.447266,10.654816,7.78538,9.310337,1.1023856,-1.577684,2.4914377,3.7224858,1.9476912,325.05658,2
2020-11-20,15.771565,21.84787,12.8638,8.98407,5.555885,6.1036043,-0.27395907,-1.5400109,2.0418985,2.7371576,0.24355417,10.087066,6
2020-11-21,16.476015,22.163025,13.045563,9.117462,5.4909744,6.236995,-0.78208095,-1.3828611,1.794608,3.0893981,0.8312145,29.49045,14
2020-11-22,16.630495,21.100372,13.360413,7.7399597,6.0097766,6.336891,0.19243367,-0.7815266,1.6136719,3.069592,0.3611175,346.16736,20
2020-11-23,13.429353,18.0607,9.869659,8.19104,6.962658,7.784071,1.5241283,-0.6808281,1.9360781,4.5547357,0.6442026,294.0703,15
2020-11-24,12.09666,18.85257,7.918518,10.9340515,5.9546432,6.801991,-0.5317052,-1.0078448,2.0842307,3.6414552,0.69135064,27.814627,9
2020-11-25,13.36876,18.329437,10.667938,7.661499,5.9082375,6.8542843,0.8808813,0.23865432,1.5226752,3.9981005,0.3341386,254.84094,17
2020-11-26,11.616279,17.576447,7.267029,10.309418,5.7811737,7.6202955,-0.8867662,-2.7428334,3.5396662,6.3542805,1.2804639,17.916172,5
2020-11-27,11.628917,18.361633,7.9898987,10.371735,2.7359517,3.230843,-2.8510637,-3.6838095,4.684021,7.010942,2.029172,37.737877,0
2020-11-28,12.108834,19.684418,7.5548096,12.129608,3.2825272,3.5191236,-1.6070623,-2.1032124,2.8489084,4.8056073,0.6288075,37.383408,7
2020-11-29,13.057113,21.219696,8.75766,12.462036,3.7336395,4.2421236,-1.1102993,-1.9839784,2.495714,3.4597788,0.61710745,29.232805,6
2020-11-30,15.089288,22.466492,11.718994,10.747498,4.201341,4.720493,-0.9351137,-1.80507,2.3525417,3.2496948,0.37487856,27.386343,6
2020-12-01,15.125504,22.674133,10.638611,12.035522,4.3227286,4.903636,-1.2460833,-2.1413405,2.665952,3.892492,1.096219,30.19587,3
2020-12-02,15.032726,21.013794,11.429718,9.584076,4.053946,4.83857,-2.0748358,-2.1100624,3.0893648,4.9882193,1.1698371,44.51772,2
2020-12-03,13.400756,18.96878,9.007721,9.96106,3.2195816,4.411323,-4.60782,-2.936201,5.5618153,8.080123,1.856406,57.493847,1
2020-12-04,12.332442,20.463257,7.6696167,12.79364,2.8584337,3.3635867,-1.5803491,-2.1124358,2.9508507,3.9438295,0.8145789,36.800785,6
2020-12-05,13.373886,19.982819,9.792786,10.190033,3.6566422,4.36117,-0.6703264,-0.5973913,1.7952055,2.4407144,1.2109427,48.292744,14
2020-12-06,13.86105,21.020782,9.426941,11.593842,3.7168274,5.0885406,-0.32741794,-0.84306717,1.8986534,2.8485148,0.52892816,21.224436,12
2020-12-07,13.77782,18.960358,10.628235,8.332123,4.170504,4.614656,-2.558447,-1.6148888,3.52374,6.5702868,0.4876569,57.73992,6
2020-12-08,16.566057,22.19925,13.852173,8.347076,3.352555,3.8229032,-4.585941,-3.3358362,5.8261466,7.1775217,3.7545364,53.967667,0
2020-12-09,15.902531,21.247253,12.709015,8.538239,4.435496,5.74992,-0.86786956,-0.48920846,1.7623142,3.0172174,0.71371865,60.590523,15
2020-12-10,12.989361,16.823517,9.322754,7.500763,6.492779,7.0508237,1.3033463,0.923929,1.8144821,3.4015715,0.7840144,234.66757,18
2020-12-11,9.9388075,14.05838,6.8506165,7.2077637,5.6212387,6.3498564,1.4463979,0.34295723,1.589415,3.1059942,0.45590356,256.6609,16
2020-12-12,10.162841,15.577576,7.3410034,8.236572,6.303402,7.382555,2.2421367,-1.3893203,2.7971451,6.878156,0.9856461,301.78406,14
2020-12-13,11.223256,17.199127,7.1045227,10.0946045,4.376385,7.078055,-1.4833039,-1.9089756,3.6747081,5.088839,1.2778441,37.847763,2
2020-12-14,11.495422,15.453552,7.7473145,7.706238,6.127047,7.773151,3.053131,-2.243432,4.2492185,6.6511846,2.526194,306.30835,0
2020-12-15,10.641735,17.372345,7.4667664,9.905579,4.2682996,5.1988716,-1.3363055,-4.1611786,4.697163,6.219416,2.4317055,17.803709,0
2020-12-16,12.065036,19.44345,7.9380493,11.505402,3.6926727,4.4714704,-1.1825441,-2.1703014,2.7362251,4.2878256,0.449672,28.584883,4
2020-12-17,12.840446,16.20282,10.258972,5.9438477,6.046717,7.146598,1.9911838,0.3585993,2.4432077,6.881547,0.63889337,259.79083,15
2020-12-18,10.777835,17.51297,6.519104,10.993866,5.4912114,6.8521423,-0.08621695,-3.4169436,3.9087307,4.9957447,2.6971776,1.4453909,0
2020-12-19,11.679326,19.441254,7.8597717,11.581482,3.5785408,4.2335534,-1.3631634,-2.733908,3.2277825,4.523689,0.94882274,26.501463,4
2020-12-20,13.618847,22.839203,9.604462,13.234741,3.912646,4.611004,-1.5147667,-2.5906622,3.283332,4.7223186,1.0325087,30.314932,4
2020-12-21,15.38605,23.335968,11.406677,11.929291,3.729707,4.5383563,-1.4472685,-1.6426195,2.943373,4.14097,1.0598204,41.38242,4
2020-12-22,14.847553,20.007935,10.384399,9.623535,6.2876415,7.885685,0.91067475,0.65874344,1.4343882,2.7582161,0.30238166,234.11963,18
2020-12-23,12.000156,18.18106,8.504364,9.676697,4.571771,6.314023,-2.499669,-2.3136508,4.0116825,7.6355243,1.1556565,47.21318,6
2020-12-24,12.607104,15.031555,10.886536,4.1450195,2.8750894,3.1661787,-4.9150276,-2.3109243,5.445247,6.87867,3.8112004,64.818245,0
2020-12-25,12.4169235,19.215607,8.731384,10.484222,3.581524,4.69689,-2.0924234,-1.5711282,3.261486,4.967242,0.6426302,53.09838,5
2020-12-26,13.242034,18.004303,9.164551,8.839752,5.735686,7.024892,2.0241997,-0.8912761,2.3763769,4.8988824,0.90962064,293.7644,14
2020-12-27,11.06792,16.046173,8.847931,7.198242,6.243595,7.0504074,-0.39523867,-0.9544403,2.366704,3.6354685,1.7097905,22.494698,5
2020-12-28,9.534721,12.105988,8.111938,3.994049,6.607317,7.2537565,3.014346,3.1503508,4.612716,6.6309967,1.866805,223.73616,2
2020-12-29,8.92566,14.572632,5.704071,8.868561,5.414,6.427354,0.030041764,-2.7817013,3.8558824,6.2624164,1.4639329,359.38126,4
2020-12-30,9.347148,16.985168,5.0207825,11.964386,3.4917471,4.2176976,-0.51856846,-3.033727,3.3797657,4.2488904,1.2554516,9.700073,2
2020-12-31,9.922382,15.529846,5.752716,9.77713,4.5307946,5.4610114,1.3087776,-3.2934868,3.736922,7.173787,2.1255243,338.32794,0
2021-01-01,10.390827,16.730865,6.83963,9.891235,4.287576,5.0364714,-1.3789619,-4.177815,4.5923567,6.4791436,1.1170847,18.266388,2
2021-01-02,11.156562,16.3779,8.197479,8.18042,5.041881,5.6816273,0.33726802,-0.070756026,1.4945065,2.7616355,0.535544,281.84836,18
2021-01-03,10.490783,14.987579,7.2164,7.771179,5.6359177,6.072655,0.79776525,-0.38132575,1.1642381,2.4769535,0.5297572,295.54745,21
2021-01-04,11.159919,16.943909,8.332397,8.611511,5.8746567,6.343467,1.0985802,-0.8152644,1.8709136,4.588879,0.80319,306.57938,18
2021-01-05,11.241496,19.055695,6.6825256,12.373169,6.141941,6.9189997,0.52739084,-1.9456633,2.440485,3.7848508,1.2181044,344.83386,5
2021-01-06,12.870465,19.830902,9.493774,10.337128,4.8543754,6.166289,-0.993238,-1.2818989,2.4588597,3.3704834,0.78101355,37.769157,7
2021-01-07,12.75449,18.625122,8.597015,10.028107,5.1618495,6.118934,-0.74317116,-2.2623723,2.6296,4.110802,1.2374463,18.184935,9
2021-01-08,12.963168,19.631195,9.191711,10.439484,4.607755,5.9659414,-0.52215356,-2.253246,2.5925744,3.5405393,1.6578237,13.047083,1
2021-01-09,11.814143,18.346893,7.759186,10.5877075,4.6002107,5.543141,-0.5221179,-4.055162,4.529979,6.89499,2.953758,7.336691,0
2021-01-10,11.408822,17.77298,7.3532715,10.419708,3.99951,4.620761,-2.1557417,-2.8383038,3.6812317,5.552112,0.70513195,37.217308,4
2021-01-11,11.561421,18.872314,7.3684998,11.503815,4.338617,5.2547245,-1.9139284,-2.024645,3.057492,4.986781,0.8404849,43.38979,5
2021-01-12,11.780444,17.668732,8.056091,9.61264,4.464338,5.301056,-1.3944267,-1.3326879,2.2742407,3.4780886,0.40049765,46.296886,7
2021-01-13,12.996296,20.816742,8.749023,12.0677185,4.3430595,5.5902767,-0.62771755,-1.9808292,2.2896185,3.9404504,0.8840228,17.583218,8
2021-01-14,16.1228,24.946991,11.918091,13.0289,5.2315087,6.107206,-1.7419777,-2.9777033,3.7327347,6.1101465,1.2687266,30.327936,3
2021-01-15,17.319658,26.099823,12.700562,13.399261,4.8799357,6.6711097,-2.4187982,-3.784172,4.573982,6.403204,1.9742488,32.58623,1
2021-01-16,17.806688,25.178741,13.7388,11.439941,5.408952,6.0242667,-1.6772789,-3.1750672,3.691474,5.74137,2.3861175,27.845953,0
2021-01-17,17.355532,24.144928,12.858795,11.286133,4.873266,5.88546,-2.88634,-2.3733304,3.7938557,5.457207,0.46645328,50.570805,3
2021-01-18,16.117174,21.68576,10.805267,10.880493,4.9523916,6.0970063,-1.517889,-1.6257992,2.3952706,4.910117,0.9447623,43.03404,12
2021-01-19,12.130155,16.985931,8.950226,8.035706,4.762641,6.1138043,-4.6580777,-2.7051811,5.6870365,11.638522,0.9800693,59.8541,8
2021-01-20,14.015452,18.628418,11.9808655,6.6475525,5.5019975,6.260649,-7.0676155,-3.7550876,8.050712,10.741219,5.5932207,62.017887,0
2021-01-21,13.48476,18.693085,9.853607,8.839478,6.718167,7.041413,-0.6905299,-0.7169778,2.4224102,3.7860293,0.48970598,43.923504,4
2021-01-22,11.868905,15.2030945,10.213379,4.9897156,7.4536996,8.368646,1.9110397,2.7047555,3.401189,6.4739337,1.7859731,215.24306,3
2021-01-23,8.9235,10.869904,7.901642,2.9682617,6.049772,6.670334,3.014659,0.872612,3.1824026,5.313661,1.818288,253.85658,3
2021-01-24,7.665213,13.144043,4.34256,8.801483,4.951304,5.39469,1.6911393,-1.4704949,3.0527022,5.869281,1.0661786,311.0079,6
2021-01-25,7.49534,10.244232,5.4837646,4.7604675,5.249865,6.2213006,6.6287804,-0.63294196,6.9062486,10.386833,4.3447814,275.45428,0
2021-01-26,5.7533507,11.095428,2.3969116,8.698517,3.8766508,4.3901224,4.765948,-2.1282341,5.4560237,9.617158,3.2529848,294.06317,0
2021-01-27,7.2443366,11.466217,4.4434814,7.0227356,4.9191127,5.4698844,-1.2419176,4.182737,4.557384,6.7765036,2.444578,163.46304,0
2021-01-28,9.151834,14.126495,6.3765564,7.749939,5.803949,6.862199,-2.0062954,4.072748,4.7785535,8.014816,3.2561848,153.77446,0
2021-01-29,8.907475,11.336578,6.8916016,4.444977,6.4896984,7.722301,2.004354,3.279103,4.472755,7.4033976,2.4594698,211.4354,0
2021-01-30,7.9902596,14.55954,3.9258728,10.633667,4.841387,5.384366,-0.87773323,-0.5414372,1.4460882,2.7985015,0.14678179,58.33128,16
2021-01-31,10.456668,16.912628,6.9455566,9.967072,4.4603934,5.3612647,-2.1078494,-1.5986196,2.9122887,4.682291,0.5271411,52.822857,5
2021-02-01,13.164834,17.802399,10.803619,6.9987793,5.5425296,6.716508,-1.058016,-0.14044034,1.8705487,3.4470968,0.35171813,82.4388,14
2021-02-02,14.057201,19.047546,11.309479,7.7380676,6.260614,7.06463,1.6112615,0.30078128,1.885573,4.4036746,0.6257183,259.42606,16
2021-02-03,13.154971,18.070465,9.936493,8.133972,6.880319,7.301586,2.102488,-1.177209,2.8184116,5.7174807,1.3568741,299.245,7
2021-02-04,10.488537,16.21878,6.0663147,10.152466,5.4428964,6.6487985,0.12914844,-2.345207,2.988917,5.63577,1.0614179,356.84796,4
2021-02-05,11.397775,19.521027,6.8577576,12.663269,4.417843,5.1455116,0.3443493,-1.8250111,2.5014436,3.6813908,1.5296568,349.31485,4
2021-02-06,12.999012,21.213898,8.189301,13.024597,5.0581603,6.3471584,-0.9016412,-1.6317235,2.7082412,4.8735056,0.22469798,28.923716,9
2021-02-07,14.082398,20.169556,9.204498,10.965057,4.8832874,5.674935,0.22760981,-0.69412726,1.4470506,2.177529,0.24946387,341.84528,20
2021-02-08,12.481056,17.519257,8.057068,9.462189,5.31708,6.183939,0.2545257,0.9800388,1.6069056,3.6222587,0.12638779,194.55865,16
2021-02-09,9.823582,14.167755,7.543213,6.624542,5.522223,5.7140055,-0.03287554,0.8959673,1.2253809,2.3614354,0.54773015,177.89859,23
2021-02-10,10.825812,17.811493,7.576355,10.235138,6.338575,6.607758,1.7344061,-0.25822654,1.9532858,4.338163,0.76546675,278.46826,17
2021-02-11,11.916188,18.389282,8.160461,10.228821,6.868566,7.1562176,1.2537345,-0.37515888,2.0529099,4.8701463,0.4820323,286.65894,16
2021-02-12,11.933136,16.65509,9.50589,7.1492004,7.0022864,7.898575,3.3933258,-1.2482609,4.1867,8.19263,1.1365458,290.19644,5
2021-02-13,10.703631,14.752289,7.8819885,6.8703003,6.3934693,6.7539926,3.1910236,-1.6425114,3.6233737,8.177818,0.7628627,297.23618,10
2021-02-14,10.502955,15.775238,7.080597,8.694641,5.5185905,6.3104587,2.8751888,-4.4206047,5.5151534,6.994258,4.780384,326.95978,0
2021-02-15,10.988717,16.194366,8.175293,8.0190735,6.0070477,7.207523,2.9261034,-1.8602719,3.5920289,5.101802,2.1789193,302.4462,0
2021-02-16,11.505889,16.831512,7.345337,9.486176,6.5879593,8.054354,3.911521,-2.0712323,4.7532573,7.3945613,3.1589465,297.90216,0
2021-02-17,10.334824,16.184387,5.634094,10.550293,5.0233207,5.875409,1.5635408,-4.1116447,4.704754,6.41731,4.09508,339.17963,0
2021-02-18,10.355847,17.215271,5.6350403,11.580231,3.4908497,4.8103366,-1.7106333,-3.212843,4.0126266,6.188197,1.462371,28.032444,3
2021-02-19,12.351151,19.417023,8.415375,11.001648,4.336816,5.314199,1.0631504,-0.9116885,1.7330977,4.2788324,0.73503816,310.61426,16
2021-02-20,11.753987,16.366882,8.055939,8.310944,5.7225623,6.554337,2.6252196,-3.290364,4.3173714,9.282138,1.3186435,321.41534,6
2021-02-21,10.963813,18.735413,6.3962097,12.339203,3.9770114,4.842918,-1.7237158,-4.559751,5.3830466,7.5516434,2.5572653,20.70802,0
2021-02-22,12.965165,22.039185,7.917206,14.121979,3.7834034,4.7030616,-2.6352427,-2.4917715,3.892011,6.7401953,0.76637655,46.60291,3
2021-02-23,15.099567,22.141937,10.489288,11.652649,4.858803,5.4349604,-0.47254214,-1.2189718,1.7571421,2.6227093,0.44063976,21.189135,15
2021-02-24,14.854304,20.93509,9.989166,10.945923,6.248571,6.7205377,0.5289733,-0.37196875,1.7257694,3.595043,0.45826808,305.1145,15
2021-02-25,12.243875,17.895874,8.136993,9.758881,3.794121,6.519129,-2.8179877,-4.352695,5.9053884,9.66797,2.7065506,32.91951,0
2021-02-26,12.38927,20.496826,6.9365234,13.560303,3.6070738,4.109112,-0.08046576,-2.020683,2.9294136,4.6270175,0.82859284,2.2803743,4
2021-02-27,11.924698,18.57489,7.073578,11.501312,5.3522086,5.940532,1.4164414,-2.7160995,3.4114525,5.437965,1.5347143,332.45804,3
2021-02-28,11.880246,17.61737,7.9375305,9.67984,3.471666,5.1795487,-3.571556,-4.2677827,6.227426,9.160782,3.2351851,39.924767,0
2021-03-01,11.641769,19.70343,6.0015564,13.701874,3.3462543,3.9895983,-2.8527534,-0.17388143,3.5573547,5.370248,1.1897717,86.51201,4
2021-03-02,12.502415,19.864532,6.3293457,13.535187,3.8842278,5.173773,-1.7662687,0.68833846,3.0908234,4.579522,0.63191986,111.29152,4
2021-03-03,10.478928,16.169983,7.592987,8.576996,5.9166718,6.6972976,-0.48754716,2.8360043,3.2969291,6.773768,1.3371153,170.24544,5
2021-03-04,10.614792,18.080353,6.4096985,11.670654,5.8766894,6.4199634,-0.19961697,0.39116803,1.5029353,2.7510555,0.8721199,152.96432,18
2021-03-05,14.109633,21.843597,9.115143,12.728455,5.3537107,6.276497,-0.07248249,-0.43507627,2.188553,3.9234538,1.4715705,9.458449,11
2021-03-06,13.057556,18.480743,7.967224,10.513519,6.3327546,7.0135584,2.907486,0.09869643,3.1059647,5.3076286,1.2912061,268.05582,4
2021-03-07,10.975186,15.830109,7.0841064,8.746002,6.570221,7.240833,0.8864539,0.37538078,1.9471718,5.3173537,0.33923006,247.04913,16
2021-03-08,11.7503395,16.516052,9.149475,7.366577,6.648935,7.2982726,2.8640769,1.2421962,3.253928,6.2200766,1.8194861,246.55286,4
2021-03-09,10.446769,14.755249,6.332062,8.423187,5.4500637,6.279296,4.249464,-0.51989895,4.5004787,8.67769,2.2243855,276.97516,0
2021-03-10,8.948635,12.3550415,7.656616,4.6984253,5.7327094,6.321692,4.9225307,2.4064505,5.57288,7.645625,4.4541216,243.94763,0
2021-03-11,7.165259,10.135468,4.990692,5.1447754,5.049533,5.490135,1.9713532,1.3066508,2.4458764,6.0783896,0.25928953,236.46283,8
2021-03-12,7.532303,11.97641,4.2960205,7.6803894,4.4312725,4.8764668,1.1236811,-0.5010261,1.7443568,3.265308,0.9975395,294.0311,16
2021-03-13,9.189561,15.578308,5.202423,10.375885,5.0951343,5.4483647,3.0986366,-0.85204774,3.2507305,5.3963876,2.2549052,285.37494,0
2021-03-14,10.237579,16.244019,7.0151978,9.228821,5.905094,6.137681,2.35003,0.94121855,2.6568346,5.706003,1.1926141,248.17325,12
2021-03-15,9.715575,13.348419,7.981598,5.3668213,5.9263477,6.6975017,4.950875,1.0736471,5.2588825,9.187877,3.3943653,257.76428,0
2021-03-16,7.8866386,14.730743,3.1817932,11.54895,4.2321277,4.550775,4.1663136,-1.3060504,4.7920775,9.161751,1.7983453,287.4051,1
2021-03-17,9.890317,16.287964,6.011261,10.276703,4.902606,5.205072,0.15760432,1.1539091,1.9346037,4.3395367,0.2656429,187.77751,15
2021-03-18,12.290265,19.01358,8.575958,10.437622,5.2461276,5.6253467,1.3695716,0.75777465,1.6771063,4.4345183,0.17320761,241.04454,16
2021-03-19,13.733418,19.998718,9.360046,10.638672,6.5972657,7.98234,2.2072334,0.3655369,2.3758276,6.274678,0.41857907,260.59668,13
2021-03-20,13.067666,17.282349,9.821045,7.4613037,7.283549,8.634516,3.4857666,-0.07995844,3.5999641,5.8742704,2.3820739,271.31406,0
2021-03-21,10.818214,17.11087,5.432678,11.678192,4.874783,5.5886636,1.6657795,-2.4096081,3.366544,5.7327623,1.7326368,325.34363,1
2021-03-22,11.646346,18.574463,5.8735657,12.700897,4.667295,5.349959,1.6570212,-2.0369916,3.567876,5.6541343,1.4335591,320.87286,2
2021-03-23,11.514327,17.082,7.8188477,9.263153,6.056366,6.675201,3.5325859,-2.0934925,4.543143,6.592521,2.9228349,300.65198,0
2021-03-24,12.488109,19.203003,7.238434,11.964569,4.0865674,5.3990984,0.5915479,-3.407007,4.498017,6.362173,1.9464942,350.15012,1
2021-03-25,11.010311,16.854828,7.8981323,8.956696,5.864979,6.9032097,3.5823696,2.3499775,4.4926887,7.7488403,2.01289,236.73578,0
2021-03-26,10.672401,17.292755,7.0216064,10.271149,5.4788127,6.308628,2.8663733,-0.82874566,3.7662802,7.6328917,2.0394268,286.126,0
2021-03-27,13.034916,21.701263,6.8876038,14.81366,4.610857,5.713892,0.48705366,-1.8095316,2.6436536,3.925025,1.3019602,344.9353,5
2021-03-28,16.939821,25.475098,10.647247,14.82785,4.63979,5.431043,-0.10597291,-0.9573317,2.128316,3.313981,0.8457267,6.3167033,11
2021-03-29,17.533781,23.933777,11.724976,12.208801,5.4321303,6.321069,2.2318478,-0.53817964,2.8104355,5.8635244,1.1454102,283.55728,11
2021-03-30,14.834975,21.83963,8.7677,13.07193,5.6601815,6.908829,-0.42817298,-0.70960814,2.2225206,5.2305646,0.50352436,31.106506,13
2021-03-31,16.33268,25.317657,10.902039,14.415619,3.955561,5.24024,-2.8902807,-1.352028,3.4107437,7.304392,0.58701736,64.93054,5
2021-04-01,18.173653,26.097656,11.990631,14.107025,4.0106945,5.137369,-1.6581949,-1.274423,2.8906724,4.800175,0.53819954,52.455544,7
2021-04-02,17.402838,23.021027,11.291443,11.729584,6.043232,6.4340835,1.1900835,1.1797409,2.0862458,3.8630345,0.89953315,225.25006,12
2021-04-03,16.143894,22.944366,11.20578,11.738586,5.9650025,7.197804,1.9441644,0.75563526,2.146703,5.082204,0.33587328,248.76047,14
2021-04-04,16.817705,24.601257,10.945129,13.656128,5.8669205,6.399487,2.6771033,-0.33832252,2.8842962,5.7454386,1.1471082,277.20264,12
2021-04-05,15.9402895,21.817871,10.508362,11.309509,7.1522803,7.543962,3.421564,-0.21574403,3.471756,6.9995704,1.4613675,273.60797,8
2021-04-06,15.228988,21.385803,10.277313,11.10849,7.010063,7.739925,2.5596385,-0.45537186,2.9812012,6.2875376,0.7567691,280.08765,6
2021-04-07,16.73129,23.89917,12.096954,11.802216,6.818316,7.6720467,2.087166,-0.055462886,2.4082425,5.87801,0.6335454,271.5222,12
2021-04-08,16.954824,23.465118,11.758881,11.706238,6.6523285,7.4994993,2.9986725,-0.82804793,3.2291114,5.8960233,1.5338184,285.43686,9
2021-04-09,16.437304,24.441315,10.766693,13.674622,5.888382,6.367762,1.8826691,-1.0378048,2.6274881,5.7127347,0.6071526,298.86536,11
2021-04-10,17.171711,24.702911,10.918579,13.784332,6.0873303,7.1073823,1.8613113,-0.985418,2.4229486,4.683019,1.5622528,297.8977,9
2021-04-11,15.94751,22.139923,11.084045,11.055878,6.4133763,7.0235434,1.1706444,-0.3547846,1.8530632,4.3319025,0.05549202,286.86038,15
2021-04-12,15.518071,21.854065,10.163971,11.690094,7.276323,7.834594,1.4120835,0.77467614,1.6814446,4.8972096,0.018912015,241.25061,16
2021-04-13,13.71742,18.732422,10.451202,8.2812195,7.4898496,7.716305,2.840557,1.9470562,3.4547348,5.812092,1.7874479,235.57137,5
2021-04-14,12.042163,16.59201,7.855255,8.736755,6.180767,7.553358,4.0802016,1.8705031,4.5421715,6.026906,3.016598,245.37167,0
2021-04-15,12.63272,19.893585,7.557678,12.335907,5.6693597,6.2691493,2.3847249,0.21057944,2.6346483,5.6397524,0.8382561,264.95367,11
2021-04-16,14.337479,21.004852,9.271942,11.73291,5.92577,6.680588,1.6322699,0.24888349,2.1116993,5.431098,0.41642833,261.3305,15
2021-04-17,14.926404,21.856445,9.058655,12.797791,6.0934663,6.794611,0.46489272,-0.40721944,1.6856626,4.2349076,0.34566626,311.2165,15
2021-04-18,17.67359,25.693909,12.5928955,13.101013,4.6148534,6.1674747,-1.341299,-3.293436,3.9851742,7.2309346,1.7818354,22.159315,4
2021-04-19,19.076227,26.189026,12.81131,13.377716,4.7721934,5.2423124,2.0165827,-1.1539105,3.0870025,6.041641,1.0214545,299.77866,3
2021-04-20,16.98092,23.536285,11.561859,11.974426,6.343998,6.745057,1.4329292,1.4797896,2.498131,5.797589,0.25296757,224.0783,12
2021-04-21,13.484275,18.611725,10.193634,8.418091,6.911138,7.2727914,2.636068,2.43897,3.684714,5.952946,2.0731738,227.22406,0
2021-04-22,13.553264,19.627441,10.371582,9.255859,7.281217,7.550532,3.1194417,1.1614166,3.3704803,6.0545096,2.0118592,249.57892,0
2021-04-23,14.02388,19.73169,10.10022,9.63147,7.253538,7.677108,3.4177864,1.4224033,3.7502644,5.797695,2.005644,247.40407,0
2021-04-24,14.207881,19.299408,10.193085,9.106323,7.2750015,7.517693,3.061632,1.3783231,3.3980644,6.0324006,0.9089982,245.76309,7
2021-04-25,13.2631,18.054535,9.594757,8.459778,6.7058716,7.1219172,2.9956462,2.0097492,3.7157862,6.2084365,1.6486286,236.14273,2
2021-04-26,12.573914,16.591553,9.635712,6.955841,6.6753654,7.4154534,4.4326544,0.7704344,4.572905,7.16311,3.1913037,260.14,0
2021-04-27,12.186714,17.84372,8.064972,9.778748,5.7889495,6.4843698,2.8363478,0.09365233,3.101052,6.474533,1.1765103,268.10886,9
2021-04-28,15.682945,25.19693,9.154327,16.042603,5.3400364,6.550419,1.3662041,-2.1073542,3.0515423,4.375972,1.9512589,327.04453,2
2021-04-29,19.877298,28.60965,12.791595,15.818054,5.0248995,5.752554,0.40616462,-1.7163801,2.6365364,4.214488,1.0039835,346.68643,6
2021-04-30,22.653818,29.433746,16.416748,13.016998,5.8385797,6.4615617,1.5237411,-0.13848118,2.4363644,5.2333183,0.4131557,275.1929,13
2021-05-01,19.24703,26.781036,14.497681,12.283356,6.707129,7.161985,1.8648062,1.1420995,2.3224695,5.292407,0.49837646,238.51465,12
2021-05-02,15.649787,21.759521,10.457123,11.302399,6.9462476,7.654749,2.8649724,0.14254306,3.0368412,6.7205267,1.3683223,267.15167,9
2021-05-03,17.022074,24.904114,11.247772,13.656342,6.551883,7.585098,1.803948,-1.4056548,2.9298737,6.2828255,1.8205403,307.9261,6
2021-05-04,19.235313,26.602295,13.215759,13.386536,6.5831437,7.392114,0.4468948,0.60236436,2.0971377,4.4094787,0.87087256,216.57178,16
2021-05-05,20.498238,26.709473,15.042267,11.667206,6.818461,7.3326826,0.6568716,1.3008554,2.166178,4.478678,0.49596047,206.79167,13
2021-05-06,18.733805,24.320007,13.691956,10.628052,7.106029,7.446353,1.3819221,1.7501682,2.2991025,5.372806,0.08777132,218.29442,13
2021-05-07,16.207367,22.478882,11.405487,11.073395,7.1365905,7.2848144,1.9465036,1.2530466,2.455508,5.7052903,0.057054717,237.22891,12
2021-05-08,16.842442,24.631226,10.536774,14.094452,6.810597,7.4717817,1.502833,0.7218631,2.015209,5.4042435,0.27649164,244.3434,14
2021-05-09,17.611832,24.313324,11.932404,12.38092,6.9608855,7.793749,1.494297,0.8736739,1.8139172,5.316424,0.28121474,239.68637,15
2021-05-10,17.07487,24.197662,12.055939,12.141724,7.821171,8.430005,1.417912,1.8064874,2.463255,5.2196474,0.3481339,218.12837,8
2021-05-11,18.34372,25.556,12.706451,12.849548,7.739221,8.938546,1.2503444,0.75352913,1.9877872,3.8454432,0.9705964,238.92444,15
2021-05-12,18.785397,25.25113,13.212311,12.038818,7.5156455,8.377553,1.5196882,1.1529716,2.1877558,5.074501,0.3023572,232.8128,14
2021-05-13,17.76563,23.552277,13.259979,10.292297,7.293047,7.6372304,1.9452461,1.4720627,2.518039,4.909476,0.8710183,232.88344,12
2021-05-14,17.248188,23.752472,12.245026,11.507446,6.9300957,7.424819,1.9902252,1.4804335,2.5083206,4.7786193,0.8925439,233.3562,11
2021-05-15,15.676854,21.384521,11.294891,10.08963,7.686049,7.888199,2.5657308,2.1793916,3.4059594,6.761554,1.4112695,229.65466,6
2021-05-16,14.401848,18.686157,11.488251,7.1979065,7.825499,8.138509,3.8471668,2.2866411,4.4778275,6.64479,3.613625,239.27402,0
2021-05-17,16.029362,22.830963,11.888428,10.942535,8.302827,8.709504,3.9523861,0.7325415,4.0892997,6.326704,2.7796652,259.49988,0
2021-05-18,17.96058,25.926025,12.366821,13.559204,8.463912,9.4148445,3.3078487,0.0024144202,3.5201118,5.9864883,1.8443097,269.9582,2
2021-05-19,17.973783,24.075043,12.029083,12.045959,6.8659425,8.03447,2.6609907,0.3239796,2.8201005,6.447912,0.46587515,263.05832,10
2021-05-20,15.989118,21.647278,11.258484,10.388794,6.286644,7.6278534,3.7137535,0.0649106,3.9189167,7.008859,2.336199,268.99866,0
2021-05-21,14.276692,19.40744,8.924988,10.482452,5.3237743,6.1119804,5.181745,-0.66730475,5.3993573,7.371144,3.3192503,277.33817,0
2021-05-22,13.865281,19.205841,9.134338,10.071503,5.900036,6.756486,2.8780231,1.1542546,3.1256962,7.1699586,0.5113172,248.14635,9
2021-05-23,15.3895035,22.620209,9.470459,13.14975,6.23674,7.228846,2.3455772,0.04423903,2.657537,5.2125077,0.8576969,268.9195,10
2021-05-24,19.099882,27.863525,12.373749,15.489777,5.694346,6.7819405,0.6245911,-1.1060419,2.5558145,4.7087646,0.45376024,330.54623,9
2021-05-25,21.397924,27.032928,15.519501,11.513428,6.331164,7.101016,1.8365537,-0.06875835,2.293645,5.281759,0.49643677,272.1441,13
2021-05-26,19.580082,24.880554,14.480499,10.400055,7.417225,8.108771,1.2463154,1.6659842,2.3861904,5.112325,0.14644274,216.8,12
2021-05-27,17.582163,24.410034,11.795349,12.614685,7.1133485,7.6459913,1.9997519,1.2731305,2.4173183,5.134268,0.5450255,237.51738,12
2021-05-28,18.089787,25.343842,12.061035,13.282806,6.8635216,7.353038,2.0300448,0.54334897,2.322922,5.5491767,0.0953386,255.01581,13
2021-05-29,17.478275,23.203064,12.945557,10.257507,7.8321414,8.238692,2.090614,1.243112,2.464123,4.9511404,0.8985866,239.26363,12
2021-05-30,18.285646,26.521027,12.4513855,14.069641,7.9873695,8.534116,1.6300043,0.9938052,1.999856,4.5999894,0.79537445,238.62958,14
2021-05-31,19.571085,26.475372,13.749298,12.726074,8.202049,8.976053,0.9234519,1.5453486,1.9904708,3.7588925,0.11382003,210.86124,13
2021-06-01,20.593916,27.581024,14.864044,12.71698,7.206875,7.5331635,1.1940222,1.4796234,1.9749202,4.2369366,0.05582374,218.90274,14
2021-06-02,21.663168,28.592438,16.60846,11.983978,7.014423,7.2818294,1.9660492,1.0468774,2.2868211,5.0591164,0.67763245,241.9657,13
2021-06-03,20.8317,26.948242,15.3797,11.5685425,7.3844094,7.729686,1.284227,1.7557417,2.2885406,4.7521563,0.5628294,216.1834,13
2021-06-04,20.25682,26.126495,15.060059,11.066437,7.138393,8.1032715,0.35744545,2.238413,2.7241614,4.694593,1.212848,189.0728,11
2021-06-05,19.735802,25.755157,14.312927,11.44223,7.294391,7.720348,1.2363054,1.8346742,2.3325264,4.9478645,0.6254057,213.97427,13
2021-06-06,18.24518,23.64801,12.831665,10.816345,7.711516,8.138266,1.4041828,2.496523,2.9888027,5.3157563,1.2467223,209.35582,9
2021-06-07,16.134502,20.946075,12.997131,7.948944,8.010022,8.305943,1.3230864,2.3490074,2.730978,4.9913907,0.93173575,209.39053,6
2021-06-08,16.754942,23.141357,12.604034,10.537323,8.128706,8.670157,3.466901,1.6982235,3.9387999,6.1333194,2.5335097,243.90259,0
2021-06-09,17.598415,23.310486,12.701813,10.608673,7.2261834,8.37425,3.5225995,1.1925297,3.8068278,7.6090965,1.450501,251.29715,6
2021-06-10,17.292349,24.794464,10.904572,13.889893,5.527929,6.6108336,3.2273076,-1.2394251,4.109473,7.1326833,2.7608001,291.00894,0
2021-06-11,19.059816,27.12085,12.193451,14.927399,5.5352516,6.3646917,2.149916,-0.5709819,2.7767665,5.073397,1.2094398,284.87347,12
2021-06-12,21.177608,28.983337,14.25296,14.730377,6.1051097,6.6712093,1.814715,0.23404056,2.3990395,4.913718,0.60355633,262.65125,13
2021-06-13,22.039284,28.48645,15.737335,12.749115,7.0633736,7.510791,1.9591473,1.2602295,2.3566926,5.3402214,0.29557332,237.24869,13
2021-06-14,23.411997,30.93277,16.723602,14.2091675,7.4922333,8.114203,2.4970658,0.4458133,2.84085,5.408969,1.0902098,259.87738,11
2021-06-15,25.282309,32.183624,19.29425,12.889374,7.9945493,9.527946,2.0310571,-0.5042835,2.9182255,5.202719,1.5762874,283.9438,6
2021-06-16,26.432692,32.833466,20.352112,12.481354,7.035608,8.134767,0.6425488,0.15939151,1.5873032,3.4044163,0.36798513,256.06836,15
2021-06-17,25.74323,31.072754,21.358337,9.7144165,8.8160925,10.149447,-0.060828716,1.40617,1.900252,3.4245114,0.48891696,177.52301,14
2021-06-18,24.510798,29.638885,19.854858,9.784027,8.102988,8.976672,0.96358633,1.0404599,1.5192113,3.213481,0.071465045,222.80327,15
2021-06-19,23.59191,29.252502,18.222992,11.0295105,8.25722,8.3989315,1.7868,1.0404809,2.1383734,4.9594245,0.39753395,239.78711,14
2021-06-20,23.30423,28.733612,18.075623,10.6579895,7.789079,7.985591,2.5065436,0.9035868,2.7469456,5.3683405,1.0662591,250.17621,12
2021-06-21,21.500145,27.979431,15.700195,12.279236,8.253959,9.017362,2.0875092,1.5906352,2.710087,5.4754434,0.109618634,232.69342,11
2021-06-22,22.097351,27.770721,16.583527,11.187195,7.390499,7.9213037,2.364285,1.4005438,2.8764946,5.5228786,0.1369534,239.35855,8
2021-06-23,21.889883,27.234222,17.450104,9.784119,8.084426,8.505999,1.8796142,1.5509027,2.6349483,5.362984,0.71150714,230.47336,12
2021-06-24,20.621828,26.214111,15.25589,10.958221,8.227849,9.109171,2.8218014,1.1987454,3.1053486,5.592279,0.7931152,246.98346,8
2021-06-25,21.254534,28.48468,15.248627,13.236053,7.7991467,8.477037,2.6323843,0.43434712,2.7389576,5.6712184,0.56951964,260.63055,11
2021-06-26,23.573774,32.178345,16.66388,15.514465,8.122838,8.877639,1.8431209,-0.15984926,2.083769,5.6186805,0.5457924,274.95673,15
2021-06-27,26.339584,33.97711,19.829529,14.147583,8.857308,9.79313,1.1676632,-0.04863823,1.8008713,3.85733,0.25337076,272.38525,17
2021-06-28,25.984808,32.421417,19.624512,12.7969055,8.9865675,9.734741,0.89739007,0.8764496,1.7526073,3.778725,0.4437901,225.67636,15
2021-06-29,23.91133,29.305206,18.92044,10.384766,9.567552,10.239646,0.77622604,1.5939413,1.8730847,3.599083,0.3009696,205.96541,14
2021-06-30,22.812037,28.592285,17.65268,10.939606,9.765794,10.844183,0.35851693,1.8666586,2.4859378,4.8357053,0.9432447,190.87204,11
2021-07-01,22.601202,29.036163,16.85849,12.177673,9.226296,9.915521,1.1575955,1.7824179,2.4911153,5.1904283,0.2574534,213.00182,13
2021-07-02,23.480698,29.772186,18.13327,11.638916,7.888655,8.983961,1.800877,1.5104536,2.4196668,5.251782,0.086837456,230.01237,12
2021-07-03,23.919992,30.519836,18.233856,12.28598,7.765138,8.372449,2.4143157,0.98742014,2.6221335,6.112962,0.6464583,247.75616,12
2021-07-04,23.031168,28.774323,17.218658,11.555664,7.3826213,7.939957,2.4722958,1.2621784,2.8566067,6.134943,0.40427652,242.95439,11
2021-07-05,22.58857,28.957092,16.201263,12.755829,6.849224,7.11235,2.2942927,0.9420095,2.5168953,5.1210604,0.33677846,247.67752,10
2021-07-06,23.293768,29.65628,17.17099,12.485291,7.1942863,7.416649,1.6531674,0.93343574,2.0579193,4.437774,0.11835024,240.54942,12
2021-07-07,24.450745,30.711884,18.7742,11.937683,7.2467675,8.526784,1.5561533,1.0920446,2.0319428,4.283707,0.40425146,234.9404,13
2021-07-08,25.476639,31.641998,20.334442,11.307556,8.840858,9.557373,1.0849266,1.6373562,2.1565588,4.824561,0.24553096,213.52881,12
2021-07-09,26.163706,31.70456,21.894653,9.809906,9.868693,10.345163,1.4721085,1.4878782,2.3231437,4.658417,0.13261473,224.69475,11
2021-07-10,26.063293,31.237335,21.653656,9.583679,9.521049,10.069427,2.1108966,1.1357046,2.4581892,4.370912,0.7608175,241.71887,11
2021-07-11,25.538809,32.708557,19.929565,12.778992,10.036775,10.843217,0.994291,1.5885687,2.2322433,3.7423198,0.60644954,212.0426,12
2021-07-12,24.536392,30.15332,19.4805,10.672821,9.439111,10.149185,1.1874298,1.5408344,2.0250623,4.203096,0.6308232,217.61932,14
2021-07-13,24.35863,30.320679,19.542603,10.778076,9.283046,9.70538,1.2208956,1.8798965,2.404761,4.8817434,0.6661131,213.00165,11
2021-07-14,23.761099,28.48059,19.609161,8.871429,9.397092,9.835385,0.36279425,2.6700954,2.9589188,4.7200294,0.8492609,187.73758,8
2021-07-15,23.55719,29.293243,18.33725,10.955994,8.75722,9.510671,1.1566325,2.362358,2.8005276,5.260363,1.0536668,206.0868,11
2021-07-16,23.10549,29.541382,17.601654,11.939728,8.730517,9.272106,1.7680082,1.8221823,2.6605077,5.299639,0.8085963,224.13551,12
2021-07-17,23.879877,30.455048,18.089142,12.365906,8.58044,9.016743,1.6029171,1.6511502,2.4518266,4.9522867,0.8307694,224.1508,12
2021-07-18,25.194138,32.019867,21.261108,10.758759,8.762816,9.510339,1.5688056,0.9338515,1.9176992,4.295169,0.71792865,239.23625,14
2021-07-19,25.957016,31.49936,20.362274,11.137085,10.112718,10.866215,2.1080558,1.3510405,2.585779,5.5437846,0.32076037,237.34444,12
2021-07-20,25.684639,31.33017,20.179016,11.151154,9.431156,10.233408,2.428444,1.0025817,2.6461027,5.394428,0.73481476,247.56674,12
2021-07-21,25.801363,31.702667,20.49414,11.208527,9.204284,9.690702,1.6340445,1.174673,2.141235,4.721134,0.24578972,234.2886,14
2021-07-22,25.301989,29.712006,20.929382,8.782623,9.061179,9.648841,1.1558656,1.9940372,2.478859,4.6290274,0.75790787,210.0992,12
2021-07-23,23.561834,28.842041,19.018951,9.82309,8.949777,9.15547,1.0863146,1.9470787,2.3334248,4.8532143,0.28945762,209.15804,11
2021-07-24,22.862734,28.579102,18.226257,10.352844,8.343776,8.577054,1.1001467,1.7018467,2.100694,4.396256,0.7385459,212.88037,13
2021-07-25,22.444763,27.546204,18.14267,9.403534,8.609854,9.209555,1.0277841,1.9126579,2.244736,4.427052,0.61804867,208.25177,13
2021-07-26,21.473663,25.35147,18.569489,6.7819824,9.757022,11.900503,0.83232576,1.3389603,1.7162586,4.312314,0.20267043,211.86597,15
2021-07-27,22.945913,28.774597,18.310577,10.46402,10.463024,11.317681,1.2032286,1.0828328,1.8889413,4.459106,0.42723787,228.01471,13
2021-07-28,25.048088,30.888733,20.914154,9.974579,8.813054,9.296204,2.5495875,0.81747895,2.795112,5.2328167,1.1455468,252.2225,9
2021-07-29,25.267416,30.717499,20.391937,10.325562,9.292249,9.874507,2.6092348,0.38505137,2.7098827,5.1676273,0.8911815,261.60532,10
2021-07-30,24.741371,29.227081,20.181152,9.045929,8.491898,9.129745,1.4958235,0.9966011,2.1010373,4.93968,0.33406037,236.32623,14
2021-07-31,24.187803,30.45633,19.24054,11.21579,8.42167,9.2326145,2.0553064,1.0376091,2.3678663,5.2695055,0.1162375,243.21335,12
2021-08-01,24.93264,31.077728,19.118988,11.95874,7.987713,8.359724,2.525932,0.6748137,2.6616485,5.946507,0.3413062,255.04251,11
2021-08-02,25.890936,32.57083,20.516083,12.054749,7.454453,8.0951,2.9445333,0.3506228,3.091605,5.9513593,0.959782,263.20944,7
2021-08-03,26.440025,32.59738,20.593292,12.004089,7.7556224,8.479913,2.0961626,0.4236684,2.418029,5.239306,0.85415876,258.57355,13
2021-08-04,26.46586,32.15634,21.061737,11.0946045,8.400756,8.799131,2.1026185,0.62528723,2.3487446,5.040841,0.601764,253.43832,13
2021-08-05,25.982214,31.621613,20.52005,11.1015625,8.259938,8.687142,2.2724335,0.80159736,2.5704737,5.1955256,0.63826925,250.5698,12
2021-08-06,24.02098,29.95575,18.164093,11.7916565,7.5909505,8.334209,1.1037385,1.1718187,1.8532397,4.5415807,0.49879873,223.28635,15
2021-08-07,22.444502,29.084412,16.979126,12.105286,7.6442,8.232234,0.7521506,1.3665994,1.8285156,4.0746613,0.5444396,208.82756,15
2021-08-08,22.337381,28.426575,17.396606,11.029968,7.860712,8.355059,1.1393646,1.5390086,2.1945941,4.551275,0.5178272,216.51343,13
2021-08-09,22.92279,29.93097,17.5737,12.357269,7.763292,8.718666,1.1125656,1.6482787,2.3391562,4.6324754,0.44207448,214.01883,11
2021-08-10,24.584864,31.435974,19.660004,11.77597,8.149544,8.738065,1.1691711,1.075023,1.6978117,4.4495745,0.058299657,227.40227,14
2021-08-11,25.641108,31.026886,21.218536,9.80835,8.9014,9.489855,1.6226406,0.81231624,1.8768582,4.3088627,0.6004165,243.40683,16
2021-08-12,25.561491,32.367676,20.001953,12.365723,8.868241,9.971013,1.8713465,1.3024507,2.38994,4.5433555,0.75684786,235.16223,13
2021-08-13,25.153189,31.470856,19.63208,11.838776,8.249693,8.761527,1.6156613,1.4573035,2.2075694,4.448877,0.5699458,227.95,14
2021-08-14,24.830618,30.761566,19.704865,11.056702,9.05642,9.744213,1.3150254,1.2930117,2.0079029,3.997907,0.58332443,225.48361,14
2021-08-15,24.682144,30.189972,20.178497,10.011475,9.691958,10.368789,1.313892,0.7148041,1.9186906,4.2475977,0.18477204,241.45224,12
2021-08-16,25.54008,31.065125,21.125824,9.939301,10.140073,11.041992,0.9125851,1.742601,2.240164,4.3786254,0.74253535,207.64067,14
2021-08-17,23.60588,28.329132,19.300598,9.028534,10.96637,12.614004,0.9633134,2.464873,2.874134,5.539297,1.4065613,201.34639,11
2021-08-18,21.27667,25.380096,18.005981,7.374115,12.487462,12.870613,1.7291803,3.4668663,3.9416714,6.2115927,2.3828444,206.5088,0
2021-08-19,20.858465,26.915924,17.299591,9.616333,11.400112,11.991849,1.9740609,1.8478512,2.7616284,5.6639266,1.5976516,226.89139,7
2021-08-20,21.71451,27.602661,17.294525,10.308136,11.006427,11.685823,1.5721216,1.4286528,2.3263009,4.16191,0.8145818,227.73727,12
2021-08-21,20.692596,25.55194,16.849579,8.702362,11.00632,11.328425,1.8271894,2.0714629,2.8356113,4.8373356,1.6084111,221.41478,8
2021-08-22,20.63389,27.027039,16.520905,10.506134,10.295884,10.723639,1.6637679,1.7284894,2.4549634,4.6873984,1.1607362,223.90698,12
2021-08-23,20.540037,26.271332,16.481201,9.790131,10.321374,11.084826,2.0704143,1.5730262,2.6680784,4.6233177,1.4921104,232.77374,12
2021-08-24,20.871407,27.40213,16.151642,11.250488,8.840743,9.816051,1.3879722,1.3758236,2.091191,4.5483866,0.15251851,225.25186,13
2021-08-25,23.173325,30.096466,18.711456,11.38501,7.789959,8.289373,1.7447227,0.89626503,2.0236979,4.9867864,0.34931716,242.81042,14
2021-08-26,25.732904,32.983917,20.22342,12.760498,7.267933,8.119515,2.4885705,0.09226432,2.7522538,5.6641426,1.1045542,267.8767,11
2021-08-27,25.878748,32.858063,19.74997,13.108093,6.7093163,7.4863667,1.5445619,0.61847144,2.1926403,5.258875,0.39515737,248.17792,13
2021-08-28,25.69045,31.646545,20.386353,11.260193,6.7444744,7.545632,1.3752264,1.1687852,2.0960178,4.4682426,0.22513694,229.63928,12
2021-08-29,25.435823,33.259796,20.890503,12.369293,7.869597,8.507328,1.8401152,0.7976691,2.2803705,5.7724204,0.638758,246.56381,15
2021-08-30,25.005331,29.621704,19.897736,9.7239685,8.247082,8.938996,2.0347872,1.037444,2.3997107,4.958985,0.6377325,242.98508,11
2021-08-31,22.030893,27.054657,18.119476,8.935181,8.457183,9.082218,1.0934463,1.8518906,2.362219,3.907357,0.63635606,210.55968,11
2021-09-01,20.622805,26.609406,16.572388,10.037018,10.548347,11.408384,1.8056525,2.2105236,2.8911445,4.801254,1.633023,219.24347,6
2021-09-02,20.98444,27.284424,16.552216,10.732208,10.827469,12.039687,2.239894,1.2546012,2.6030161,5.469638,0.7015302,240.74611,11
2021-09-03,21.535553,28.69696,16.44748,12.249481,7.95467,9.409828,2.253342,0.60765713,2.427633,5.3054643,0.5592518,254.90808,13
2021-09-04,24.40342,31.75946,18.99701,12.762451,6.414766,6.988159,1.9158373,-0.12967186,2.138976,4.9251337,0.8754658,273.87213,14
2021-09-05,26.833563,33.746155,21.942535,11.803619,6.472492,7.119966,2.037082,-0.13571166,2.274391,4.4692435,1.1767135,273.81146,12
2021-09-06,26.039492,32.246674,20.248718,11.997955,8.716517,9.438333,0.5072965,0.88262606,1.9196197,4.611536,0.49224514,209.88849,14
2021-09-07,24.247498,30.89804,19.762177,11.135864,10.338211,10.717972,-0.053331047,2.01744,2.2856169,3.8388038,1.2011781,178.48573,11
2021-09-08,24.550522,31.16922,19.697937,11.471283,9.15743,10.000187,1.1657805,1.1864854,1.7854319,3.739769,0.5595265,224.4957,15
2021-09-09,25.944483,30.809479,22.012268,8.797211,9.322558,10.291922,0.963289,1.578373,2.0405972,4.2142615,0.054109246,211.39594,13
2021-09-10,25.855684,31.01825,22.263641,8.754608,10.109356,10.703753,1.814621,1.3653399,2.3717384,5.276402,0.30830425,233.04181,13
2021-09-11,25.476538,31.450714,21.16919,10.281525,9.815607,10.169186,2.1924489,0.6173093,2.438145,5.6496606,0.56077677,254.27484,12
2021-09-12,25.285233,30.770111,20.300354,10.469757,8.250824,9.311955,2.535006,0.6037375,2.8023243,5.5142126,0.3349853,256.604,10
2021-09-13,24.410376,30.81845,19.204803,11.613647,6.58135,7.360304,1.9158887,0.9667172,2.3554525,5.0187,0.39104658,243.22545,12
2021-09-14,22.495478,28.543884,16.822754,11.72113,6.811688,7.58777,0.6662591,1.9102157,2.3572733,4.3859115,1.0466615,199.22813,14
2021-09-15,21.021418,27.276764,15.725616,11.551147,7.2141185,7.766486,1.197463,1.2233099,1.8207814,4.3967733,0.21759364,224.38828,15
2021-09-16,19.440695,25.29364,14.376434,10.917206,7.4271607,7.895303,1.601534,1.2655863,2.092114,4.6760063,0.13367143,231.68301,14
2021-09-17,18.891102,25.393585,14.508514,10.885071,7.654167,8.293651,0.7793167,1.5055262,1.8478495,4.323917,0.1437494,207.36778,14
2021-09-18,18.768847,24.515228,14.2091675,10.306061,7.521833,8.090945,1.3413262,1.3694935,2.078494,4.928884,0.34873652,224.4047,14
2021-09-19,18.96375,25.876984,13.753998,12.122986,8.190284,8.811642,2.2114892,0.0014375076,2.3562148,5.2812715,0.7153948,269.96277,13
2021-09-20,20.724562,29.318329,14.593536,14.7247925,8.776642,10.353597,-0.37190667,0.061050404,2.1500604,5.0594177,0.34332126,99.32225,13
2021-09-21,24.067663,32.04599,18.643738,13.402252,6.9774566,8.504434,-0.94518644,0.18900692,2.0700715,3.9290342,0.21485507,101.30816,12
2021-09-22,26.072823,31.665314,22.005585,9.659729,8.031172,8.971472,2.5347106,-0.27019724,2.7109501,6.2227235,1.1510577,276.0847,12
2021-09-23,24.33468,28.933868,19.786316,9.1475525,9.8582735,10.8016615,2.5233562,0.22968732,2.5988562,6.1086717,0.77715355,264.799,9
2021-09-24,22.127893,27.831818,17.953888,9.87793,7.834135,8.577766,0.40117964,1.0318388,1.7003874,4.156884,0.14448714,201.24612,15
2021-09-25,21.087217,25.97293,17.330048,8.642883,9.007297,9.305467,1.1060511,1.2019781,1.7515627,3.8328683,0.32133248,222.62003,16
2021-09-26,19.303373,24.764832,15.246002,9.518829,8.790959,9.197577,1.9114927,1.1692389,2.2783594,4.569792,1.014349,238.54636,13
2021-09-27,18.151049,23.748932,14.596985,9.151947,9.310161,9.969087,2.1871274,0.79979056,2.3602989,4.603315,1.0943856,249.91351,13
2021-09-28,17.811052,22.339325,14.586945,7.7523804,9.810306,10.322893,2.929642,0.9645657,3.1064377,5.482133,0.88668394,251.77621,7
2021-09-29,17.909883,25.2836,13.02298,12.26062,7.615679,9.290971,1.9938074,-0.8112343,2.5953689,4.9600873,0.9000348,292.1403,6
2021-09-30,20.293253,28.56784,14.881378,13.686462,5.5225186,6.621428,-0.14503585,-1.8278302,2.5059037,4.4404206,1.3873595,4.536836,7
2021-10-01,22.07199,29.216156,16.237457,12.978699,5.103527,6.0324707,-0.64114195,-0.4663492,2.0469625,2.7474663,1.3462443,53.968872,12
2021-10-02,23.138245,29.760742,17.800415,11.960327,5.3140364,6.4437127,-0.22313194,-0.18175882,1.2854122,2.084814,0.255635,50.834423,22
2021-10-03,23.807531,30.422424,18.611298,11.811127,6.3839474,7.2406473,-0.30304304,0.23197126,1.8244516,3.240266,0.32141322,127.433075,11
2021-10-04,23.661684,28.313416,20.908966,7.4044495,7.2145762,8.056774,0.7916191,0.8560653,1.7632626,3.935759,0.05606395,222.76013,16
2021-10-05,20.783005,26.228699,17.29486,8.933838,10.296588,11.292476,0.5497528,1.4832363,2.259413,4.1071625,0.4596777,200.33693,9
2021-10-06,18.985964,22.978607,15.947754,7.0308533,10.833966,11.4062395,1.5408672,1.2618891,2.0416708,4.0389056,1.0747516,230.68434,13
2021-10-07,17.941687,21.71344,15.748199,5.9652405,10.339507,10.680927,1.3679829,1.9209299,2.570793,4.729421,1.1186528,215.45644,10
2021-10-08,16.814756,20.325317,14.8533325,5.471985,9.823913,10.665248,2.7963922,2.2429152,3.7708924,5.4083266,2.1261663,231.26779,0
2021-10-09,16.182674,22.592682,11.627472,10.96521,7.247019,8.690444,2.6532168,-1.027974,3.1307108,5.22696,1.2283832,291.1786,6
2021-10-10,17.783127,25.507202,12.351685,13.155518,6.1668534,7.348808,0.60164016,-1.6816279,2.6959045,4.39424,0.22798501,340.31418,3
2021-10-11,16.740398,22.881317,12.707794,10.173523,7.2034802,8.48268,3.5110807,-0.66356224,3.6712716,10.449714,1.2639519,280.70215,10
2021-10-12,13.856545,19.055298,8.609131,10.446167,3.8857975,4.552205,4.20711,-3.7641275,5.7792506,10.275639,3.399899,311.8192,0
2021-10-13,14.514229,21.690338,9.622223,12.068115,4.1841245,4.675918,0.5360972,-1.4845222,2.7635326,4.02442,0.40758374,340.1441,3
2021-10-14,16.21846,23.67215,11.432953,12.239197,5.572088,5.9077516,0.27465978,-0.6429476,1.3600817,3.9843388,0.11645187,336.86838,20
2021-10-15,18.491304,26.299652,14.01767,12.281982,5.179767,6.376107,-2.534775,-1.772823,3.420809,6.2849,0.9985422,55.031036,4
2021-10-16,19.37866,27.195435,13.965454,13.22998,4.107903,4.8728094,-2.1242745,-1.2393721,3.0076237,4.907936,1.5014721,59.739296,6
2021-10-17,18.264505,23.883972,13.997345,9.886627,6.824492,7.936415,1.7769521,1.752968,2.6985493,5.971637,1.103647,225.3893,13
2021-10-18,14.368019,18.414032,12.281189,6.132843,7.671219,9.031294,3.6693332,1.08567,4.007755,5.2125425,2.6731367,253.51776,0
2021-10-19,13.219708,20.357971,8.256958,12.101013,6.148195,6.993463,0.26783812,0.17173296,1.9965639,4.7303467,0.73330694,237.33275,14
2021-10-20,15.486848,22.805603,11.57016,11.235443,6.7464843,7.616125,1.0607471,0.081645004,1.6617798,3.436702,0.31337252,265.59866,17
2021-10-21,17.763954,24.26358,13.786377,10.477203,6.168804,6.6791186,0.98076105,-0.26277646,1.6148754,3.5175734,0.20117493,284.99902,17
2021-10-22,16.922224,21.37918,12.765869,8.613312,6.671161,7.4902806,1.8650926,0.24853587,1.9496274,5.1278586,0.16205813,262.40967,13
2021-10-23,15.583145,20.067596,13.008514,7.059082,8.752511,9.780663,2.600652,0.32438448,2.6699927,4.6785808,1.6661664,262.8901,8
2021-10-24,15.267571,20.516876,12.450226,8.06665,8.357166,8.735044,2.2712739,1.0366486,2.647544,4.9268165,1.0680739,245.46722,10
2021-10-25,14.42542,18.260376,13.1910095,5.0693665,9.40602,9.687838,2.3105018,3.4895961,4.774904,9.4305,1.9455976,213.509,2
2021-10-26,12.952068,19.861603,9.366333,10.49527,7.0390506,8.060098,2.6210954,-2.1475413,3.7521744,7.1273656,2.5603023,309.3288,0
2021-10-27,16.187775,25.255157,11.494202,13.760956,6.2804475,6.821299,-0.5395073,-2.8135521,3.181235,4.622058,0.9974439,10.85488,4
2021-10-28,20.146002,27.538086,16.345123,11.192963,7.512446,8.173572,-1.2954093,-2.252589,2.846051,4.6880093,1.0784972,29.902164,5
2021-10-29,20.369432,26.572296,16.52237,10.049927,7.6004295,8.863795,-0.31199184,-1.1185762,2.1156085,2.7243698,0.60713094,15.584782,6
2021-10-30,18.133417,22.61853,14.076935,8.541595,7.6177964,8.883026,0.48040256,0.99522734,1.6141104,3.1813054,0.042063203,205.7669,16
2021-10-31,14.804524,19.522614,10.863525,8.659088,8.038022,8.236927,0.80408216,1.0228003,1.5881404,3.8021498,0.025594262,218.17293,17
2021-11-01,14.738486,18.594269,12.015045,6.5792236,8.488811,8.9628525,1.6131579,0.36278233,1.6760429,3.4219728,0.2462715,257.32565,15
2021-11-02,15.539799,21.866486,12.226288,9.640198,8.75942,9.089808,1.7349957,-0.4750612,1.8911451,3.7355926,0.6443336,285.31293,15
2021-11-03,17.192944,24.515839,12.875305,11.640533,8.192294,9.582815,0.34166214,-1.0673063,1.9366504,3.0973616,0.5138577,342.2493,14
2021-11-04,18.401907,24.949799,13.624084,11.325714,7.1560216,7.875981,0.81344,-0.7402074,1.6016618,3.4155548,0.1996483,312.3013,17
2021-11-05,17.894646,24.81781,13.892212,10.925598,7.3880353,8.560779,-0.20997505,-0.86197853,2.3541296,3.0492952,1.5940505,13.69042,6
2021-11-06,16.362885,21.878906,12.002014,9.876892,6.543303,7.669104,0.51699847,0.34044552,1.455033,3.5542583,0.23918603,236.63495,18
2021-11-07,14.553616,20.488312,10.533234,9.955078,6.679512,7.2377505,1.1597656,-0.6401234,1.9431916,4.0936837,0.8371693,298.89615,16
2021-11-08,14.031465,19.776642,10.321686,9.454956,7.1833014,7.990215,-0.018586555,0.29190543,1.6229881,3.171453,0.30648363,176.3567,17
2021-11-09,14.006804,19.260223,10.742798,8.517426,7.6167417,8.834148,2.013315,0.35697356,2.1894872,6.0456634,0.22946975,259.9456,16
2021-11-10,15.700585,23.627625,11.430359,12.197266,8.6400385,9.714687,1.5956974,-1.6303452,2.7871256,4.964312,1.8020374,315.61536,2
2021-11-11,18.985762,27.13144,14.880554,12.250885,6.6773567,7.4736767,-1.3445052,-3.3796723,3.8534381,5.148151,2.4766958,21.693708,0
2021-11-12,20.710112,28.6828,16.218567,12.464233,6.482071,7.408282,-1.8108219,-2.9373138,3.5719898,5.568155,1.9299016,31.653376,1
2021-11-13,20.562113,27.593292,15.831696,11.761597,6.419529,7.334633,-1.7946781,-1.5953451,2.7342656,3.723664,0.42264748,48.365105,5
2021-11-14,20.610586,28.196136,15.427368,12.768768,6.0094047,7.486929,-0.89073116,-1.2294675,1.9807124,3.6408327,0.32111952,35.922775,12
2021-11-15,20.510616,26.045288,16.443512,9.601776,6.0638657,7.2404222,0.6912624,-0.20655215,1.5308942,4.0106025,0.23992471,286.63638,17
2021-11-16,16.744566,21.01596,13.569397,7.4465637,6.1736755,7.189624,0.95838803,0.22412197,1.0701481,3.1503897,0.03549069,256.83774,18
2021-11-17,14.262372,20.457916,10.3307495,10.127167,6.3780875,6.7454357,-0.40246806,0.060315862,1.2271322,2.1994321,0.0392075,98.52319,23
2021-11-18,15.691124,20.94159,13.0303955,7.911194,6.2194304,6.7667093,0.19132982,0.42655906,1.1254562,2.7852397,0.17219411,204.15826,19
2021-11-19,15.295029,19.872955,12.244598,7.628357,6.162948,6.78462,0.9734137,0.26946738,1.3157924,2.9893765,0.3272921,254.52646,17
2021-11-20,13.918641,20.821411,10.059174,10.762238,6.1821404,6.8306427,0.1144853,-1.2421843,1.6513263,2.9073782,0.68437284,354.73425,16
2021-11-21,17.06344,24.198975,13.821747,10.377228,5.3369117,6.7480097,-2.818021,-2.8004322,4.367908,8.323138,1.5459191,45.179363,4
2021-11-22,17.244106,24.404968,12.901215,11.503754,3.8836143,4.6330614,-3.4583492,-1.9797331,4.117094,5.621864,0.40779558,60.211002,4
2021-11-23,16.989931,21.101074,13.957214,7.14386,6.7426276,8.537397,1.0021428,0.53697735,1.502688,3.8619502,0.05950143,241.8163,18
2021-11-24,14.37574,20.171906,10.098816,10.07309,6.52747,7.9273677,-1.1208538,-1.6662645,2.5924628,5.936947,0.2256105,33.927715,11
2021-11-25,14.28162,20.312683,10.4583435,9.85434,3.1092942,4.2454996,-4.3972936,-4.839412,6.6138935,8.953313,3.5119596,42.259605,0
2021-11-26,14.359589,22.520905,9.686554,12.834351,3.1420124,3.7413511,-2.0347083,-2.575322,3.5376632,4.85258,1.7257276,38.311527,5
2021-11-27,16.002954,23.02417,12.088196,10.935974,4.473171,5.192589,-0.7191706,-0.6966501,1.7719227,2.58289,1.1303577,45.911285,17
2021-11-28,17.160769,24.836243,12.072754,12.763489,4.9080596,6.298557,-0.33705977,-0.9404147,1.4784797,2.9778957,0.20032226,19.718496,19
2021-11-29,17.71743,24.629639,13.520233,11.1094055,5.1218734,5.9485936,0.12109212,-1.0733956,1.7001618,2.2922125,0.14510152,353.56354,18
2021-11-30,17.76811,25.052338,13.484009,11.568329,5.516514,6.3395844,-0.7543778,-1.533856,1.9926156,3.4754503,1.1475248,26.188784,17
2021-12-01,18.041737,24.872925,13.855621,11.017303,4.9629693,5.9237185,-1.5146456,-1.8200439,2.5737555,4.2081614,0.26100352,39.76732,7
2021-12-02,16.675684,21.449677,13.914093,7.5355835,5.1035686,5.740872,0.4458511,-0.33334517,1.2903699,3.2801769,0.5720482,306.784,20
2021-12-03,13.647145,18.73526,10.52359,8.21167,5.7180543,6.06024,0.9511447,0.019482028,1.2688147,2.8092752,0.058180604,268.8266,18
2021-12-04,13.325164,18.983429,9.887421,9.096008,6.004251,6.300302,1.0741247,-0.20856571,1.4037604,2.6458745,0.21385689,280.98853,16
2021-12-05,13.548116,21.809357,8.750732,13.058624,5.843989,6.561336,0.46866354,-1.8084526,2.2183444,2.957649,1.300554,345.4713,10
2021-12-06,15.010491,21.159027,11.5303955,9.628632,5.4696536,6.413972,-0.12807284,-0.6021635,2.4262972,3.8614473,1.5683386,12.0071945,4
2021-12-07,12.379612,15.64035,10.92215,4.7182007,7.392243,7.7558575,-0.77039385,0.6744335,1.3379554,2.833927,0.45078692,131.2002,21
2021-12-08,12.98281,18.463867,9.395111,9.068756,6.687052,7.353242,0.09409132,-0.24798243,1.7598072,4.526468,0.52213514,339.2219,18
2021-12-09,11.643616,14.568329,10.841248,3.7270813,7.817044,8.313214,3.7774277,1.1373779,4.0984197,6.4421306,1.7024972,253.24304,2
2021-12-10,9.483127,14.45752,6.510498,7.9470215,5.5485096,6.590161,0.68516946,-2.343601,3.4580061,4.7824144,0.9021124,343.7033,3
2021-12-11,9.584252,16.557404,5.555298,11.002106,3.3365479,4.49077,-1.8488933,-1.2753345,2.7297037,4.7192388,0.36987397,55.40276,8
2021-12-12,11.099948,16.1156,8.111786,8.003815,3.8323586,4.7242346,0.30931222,0.20169227,1.4595528,3.601907,0.4323798,236.89297,19
2021-12-13,9.815433,12.649261,7.667938,4.9813232,6.3124213,6.7930617,1.1047109,2.6835945,3.153225,5.578982,1.8640616,202.3747,4
2021-12-14,11.105655,12.457306,8.91507,3.5422363,7.7913527,8.87108,2.5988607,6.7282357,8.566816,11.350246,4.9525723,201.11966,0
2021-12-15,6.920606,11.816193,3.9745178,7.841675,4.475138,5.424379,3.0642376,-1.4689289,3.7109907,8.279344,1.518903,295.61206,3
2021-12-16,8.234393,11.799866,5.962677,5.8371887,4.9289494,7.264991,1.757616,-0.1232524,1.8638996,4.1769495,0.634423,274.0113,16
2021-12-17,10.212064,16.45108,6.5273438,9.923737,6.0986958,7.6112375,-0.95153767,-1.8818067,2.8479767,5.0775094,0.055715803,26.823492,6
2021-12-18,9.809545,17.29956,5.668976,11.630585,3.9157531,5.0429373,-1.4656361,-3.0725014,3.5512645,5.2342443,0.6586227,25.501945,4
2021-12-19,10.459836,17.210907,6.910797,10.30011,4.3561525,5.474691,-1.1197549,-0.37549567,2.380541,2.9523315,1.2929221,71.46177,2
2021-12-20,10.648498,16.576904,6.604889,9.972015,4.8521233,5.9125185,-0.65255326,-0.018058112,1.4551157,2.7549968,0.23468594,88.414856,16
2021-12-21,12.118604,17.852448,9.498566,8.353882,4.808333,5.88412,-1.0011948,-0.54710627,1.7825217,2.4468982,0.39913338,61.34545,13
2021-12-22,13.133933,17.66037,11.2659,6.39447,5.808889,6.615773,0.3977882,-0.19188671,1.1784786,2.9695683,0.42019016,295.75192,20
2021-12-23,11.854072,13.657532,10.2413025,3.4162292,7.544296,8.967986,-0.47647166,1.9933668,2.6070747,6.026039,0.20206872,166.5569,13
2021-12-24,11.987972,13.083069,10.529755,2.5533142,8.385564,9.112695,3.3399518,3.5983799,5.5189366,6.829973,4.460437,222.86693,0
2021-12-25,9.975166,11.17749,9.386993,1.7904968,7.0065017,7.6784515,2.7195718,2.0412765,3.5056508,5.701911,2.1707942,233.10858,0
2021-12-26,9.089985,12.2778015,6.0371094,6.240692,5.913292,7.293251,4.3691144,1.4020668,5.391306,7.501851,3.9971974,252.20836,0
2021-12-27,7.319299,9.978699,5.5486145,4.430084,5.5610847,6.637282,3.7521274,1.2304507,4.0395756,7.4606395,2.6595256,251.84392,0
2021-12-28,7.5417137,10.315094,4.7086487,5.6064453,5.612219,6.902575,4.9391084,-0.03772746,5.113932,6.5298243,3.4641497,270.43765,0
2021-12-29,6.9946046,10.203278,5.222046,4.9812317,5.7784195,6.8596725,0.50971323,2.407807,3.8870218,7.4933143,1.2777944,191.9526,3
2021-12-30,9.843716,12.14447,8.6510315,3.4934387,7.410366,8.090189,-2.5814455,4.325602,5.1527314,5.748802,4.215731,149.17197,0
2021-12-31,10.380851,13.69989,8.407013,5.292877,7.171959,8.083801,1.1218193,-0.33424106,2.6952877,6.10463,1.2119809,286.5912,10
2022-01-01,7.581946,12.786346,3.529541,9.256805,4.475991,6.690589,-0.8262914,-2.9368637,4.4905987,5.983037,1.5384943,15.714033,1
2022-01-02,7.471452,14.080566,3.4818115,10.598755,3.537803,4.2392597,-2.9772923,-1.2818464,3.324187,5.3948274,0.58373183,66.70614,5
2022-01-03,8.37336,15.009308,4.902954,10.106354,3.923893,5.665969,-0.3454237,-0.99972266,2.32073,3.7254713,0.4072181,19.061028,7
2022-01-04,9.397891,15.733154,5.7652893,9.967865,5.41505,6.5729194,1.2790264,-1.4408941,2.178614,3.3822665,0.91326797,318.40576,10
2022-01-05,10.426098,17.499084,6.794983,10.704102,6.3496804,7.591586,0.20885877,-2.8051157,3.0275545,4.1766806,2.2136247,355.74182,0
2022-01-06,13.378978,20.368744,10.300568,10.068176,6.4745574,8.11444,-0.93063325,-1.53095,2.5427094,3.5443606,0.6509107,31.294563,5
2022-01-07,12.7680235,15.910767,9.12735,6.7834167,6.9963717,8.255233,1.0046277,0.75728536,1.4679457,3.463718,0.37660027,232.99112,18
2022-01-08,10.671578,15.58493,7.348175,8.236755,6.55963,7.5775137,0.407295,-0.6684758,1.2945241,2.4508467,0.30774224,328.6465,20
2022-01-09,10.585872,18.017334,6.8845215,11.1328125,5.3279376,6.364383,-2.2326887,-1.8639666,3.358197,6.009074,1.0351055,50.14308,7
2022-01-10,11.6943865,17.520752,8.705994,8.814758,5.0476775,6.385206,-3.3495038,-2.725765,4.3464265,5.841041,1.362033,50.86193,2
2022-01-11,12.381428,19.518585,8.6579895,10.860596,4.6114345,5.5644746,-3.4157467,-3.608265,4.987643,6.404965,2.6055622,43.429993,0
2022-01-12,12.726025,20.450806,8.632446,11.818359,4.8051763,6.745361,-2.7389019,-2.3650196,3.6620567,4.8513827,0.6535042,49.189655,3
2022-01-13,14.365826,18.784546,12.330933,6.4536133,6.0162034,8.367789,-0.87051946,-0.3414146,2.0213435,3.0069802,0.9282616,68.58506,11
2022-01-14,14.340154,18.76651,11.017212,7.749298,7.1418304,8.123804,-0.07336411,-1.1584132,2.182681,4.484082,0.9589605,3.6237907,15
2022-01-15,13.2201605,15.85965,11.500977,4.358673,6.075642,6.8922706,-2.7666748,-1.8013366,3.3944063,4.9403706,1.8390838,56.932507,2
2022-01-16,13.783254,18.7565,10.955017,7.801483,6.2645707,7.7216454,-1.9264663,-0.29157683,2.293338,3.1274374,1.1837394,81.39342,10
2022-01-17,13.799477,15.85022,11.871338,3.9788818,8.809646,9.307895,0.18823755,1.5716677,1.6421477,3.4621494,0.72105455,186.82976,17
2022-01-18,12.666739,16.194305,10.755859,5.438446,8.244716,8.903233,1.4202625,0.2936835,1.7729836,3.263939,1.0730014,258.317,17
2022-01-19,11.259628,17.224762,7.924164,9.300598,7.2124457,7.961584,0.6180981,-1.0258548,1.76989,2.7847285,0.6579411,328.9302,16
2022-01-20,12.612889,19.757935,8.879639,10.878296,5.880901,7.541913,-0.5095176,-2.272855,2.5947962,3.4696126,1.6470759,12.635391,3
2022-01-21,13.177487,17.693756,9.34491,8.348846,6.1165147,7.144534,0.009711404,-1.7900434,2.196355,6.062134,0.593885,359.68915,16
2022-01-22,11.630558,16.075653,8.465546,7.6101074,4.488546,5.265945,-3.650362,-5.976359,7.0139165,9.028638,5.1574955,31.416597,0
2022-01-23,11.870307,19.040466,7.8366394,11.203827,4.7500663,5.5532203,-1.8915898,-3.6874979,4.2285614,5.4665904,1.9271502,27.156633,2
2022-01-24,12.747574,19.457855,8.38385,11.074005,5.6104584,6.6056933,0.20673804,-1.4438006,2.176575,2.731491,0.33834365,351.8512,5
2022-01-25,11.707929,17.337769,7.805023,9.532745,6.6165137,7.5328617,-0.6950662,-0.84238595,1.5983418,3.4416554,0.53933585,39.526585,15
2022-01-26,10.656563,17.126282,6.865265,10.261017,4.7656417,6.155854,-2.4100692,-1.735662,3.0190327,5.409862,0.39512488,54.239655,7
2022-01-27,10.950513,18.18222,6.2502747,11.931946,4.561847,5.7311397,-2.2251232,-1.7561188,2.9407866,4.511812,0.46842027,51.718678,5
2022-01-28,11.168605,16.256989,8.109436,8.1475525,4.2740273,5.776794,-3.8843136,-2.8210332,4.9256363,7.7659664,1.0816737,54.01048,2
2022-01-29,10.645985,15.784851,7.2705383,8.514313,4.430447,5.29608,-2.8335583,-1.6375862,3.2941139,4.2946424,1.3323236,59.975273,3
2022-01-30,11.559779,19.244232,6.08667,13.157562,4.6357713,5.835233,-0.17443444,-2.0583293,2.509343,3.384286,0.35038352,4.843993,4
2022-01-31,11.35126,16.487396,8.7569275,7.7304688,5.7156296,6.643657,0.11605532,-0.13697356,1.5274191,3.2330647,0.7537242,319.72598,19
2022-02-01,10.567494,15.419617,7.1687927,8.250824,6.311955,6.965942,-0.1040558,-0.35261312,0.8042205,1.5715148,0.067894995,16.441278,24
2022-02-02,8.978595,13.476868,5.425476,8.051392,4.182561,6.434348,-2.281686,-4.438284,5.374162,10.090157,1.2377926,27.207329,2
2022-02-03,8.836747,16.00534,4.6714478,11.333893,3.4774303,4.145651,-2.1278882,-2.5134497,3.3102753,4.91744,0.634433,40.251274,4
2022-02-04,10.112889,16.244415,5.735504,10.508911,4.168021,5.119637,-2.7891328,-1.8071462,3.4613152,6.935031,0.34050453,57.059826,6
2022-02-05,10.380058,18.011322,5.6767883,12.334534,3.9788697,4.626823,-2.3908207,-2.2979014,3.4021242,5.036554,1.0233821,46.135315,6
2022-02-06,12.433503,20.67575,7.955475,12.720276,4.712569,5.8368983,-1.3355583,-3.1027648,3.6193473,5.2985697,1.3614596,23.289042,2
2022-02-07,13.535763,20.872467,8.731201,12.141266,4.743793,5.819619,-2.4662936,-2.0598629,3.3069155,4.309019,1.0244029,50.13117,3
2022-02-08,14.018932,22.025055,9.270355,12.7547,5.182345,6.4319167,-2.0003738,-1.87918,2.9070435,3.5370736,1.1618872,46.789288,3
2022-02-09,15.759361,23.988312,10.832001,13.156311,5.254167,7.101687,-1.7494682,-3.30631,3.8592212,5.8895926,1.4351094,27.884665,1
2022-02-10,16.620424,24.075897,12.888855,11.187042,5.5409904,6.444909,-2.426493,-4.0833178,4.898857,7.628607,2.4108338,30.720703,0
2022-02-11,17.118502,24.780396,12.265869,12.514526,6.1113315,7.2386265,-0.6647087,-2.1799917,2.5189166,3.3642035,0.9290256,16.957165,7
2022-02-12,17.156794,24.756012,12.122742,12.63327,5.5166554,8.02392,-2.0931704,-1.3190901,3.1522882,5.117003,1.396426,57.781376,7
2022-02-13,17.680967,25.144073,12.096802,13.047272,5.321328,6.9999976,-1.5911611,-0.85168505,2.170593,3.6290982,0.34601805,61.84163,9
2022-02-14,16.742977,22.107574,12.498169,9.6094055,6.190079,7.3129106,0.9484648,-0.4990233,2.012975,5.026681,0.65801877,297.75055,15
2022-02-15,11.665105,17.202423,9.94632,7.2561035,7.306484,8.254456,3.54601,1.0212264,3.797104,6.7634425,2.2562315,253.93396,0
2022-02-16,9.728825,16.630646,5.4799194,11.150726,5.0260277,5.319924,3.0907667,-2.202708,4.2647986,6.5241375,2.1953764,305.47647,0
2022-02-17,10.904506,17.920563,6.7550354,11.165527,4.9170365,6.413991,-2.1804707,-1.724878,3.4611099,7.4899325,0.58982676,51.65397,6
2022-02-18,12.498538,19.522217,7.3099365,12.21228,4.3680263,5.019026,-0.7626026,-1.5195981,2.2658565,3.405586,0.25160682,26.649553,5
2022-02-19,13.7916155,20.542572,9.173706,11.368866,5.2454643,6.1057115,-0.2216618,-0.6948278,1.9802618,2.8188038,1.4144626,17.69356,12
2022-02-20,13.786689,18.14505,9.80191,8.34314,6.381105,7.0601263,1.4842373,0.6456565,1.8982624,5.324029,0.41183838,246.49054,16
2022-02-21,11.01463,14.069855,9.372864,4.696991,6.581831,7.2723885,3.4864025,1.9431187,4.279915,6.3561997,2.4369137,240.86725,0
2022-02-22,9.071303,11.790161,6.8441772,4.945984,5.7396927,6.2312593,5.259077,0.9330093,5.3960443,9.27064,3.896977,259.93988,0
2022-02-23,7.0908165,9.716675,4.4973755,5.2192993,4.7077527,5.612938,5.3850236,-1.3530307,5.9814477,8.681557,4.8873672,284.10406,0
2022-02-24,6.599819,13.314026,2.1913757,11.12265,3.0187027,3.8162832,0.03126967,-2.3081038,3.4260876,6.150738,0.44325545,359.22382,4
2022-02-25,8.447349,15.191925,3.6681824,11.523743,3.5596926,4.2311625,0.1775825,-1.2331637,2.4042304,3.516483,0.32295555,351.80542,5
2022-02-26,10.048607,17.328827,4.981903,12.346924,3.6987789,4.602732,-1.160388,-1.901872,2.8395522,5.1531034,1.0895054,31.38859,3
2022-02-27,11.508168,19.701782,6.2590637,13.4427185,3.7964783,5.062907,-1.8499895,-2.2560608,3.2632377,5.0144053,1.229923,39.352047,3
2022-02-28,14.59459,23.861023,9.365997,14.495026,4.4099474,5.5662427,-1.543836,-3.166256,3.6524293,5.4545827,1.4525765,25.993418,1
2022-03-01,16.611246,25.534058,10.674591,14.859467,4.872571,5.6071024,-0.5422397,-2.6043432,2.9832642,4.1589336,1.0460767,11.761293,6
2022-03-02,17.3162,24.042511,12.755798,11.286713,6.148142,7.0311513,-0.32243097,-0.22806877,2.1304924,2.9543366,1.3920993,54.726646,8
2022-03-03,15.399765,20.572937,12.401611,8.171326,6.943283,8.125793,0.07895136,1.9264107,2.229369,4.738883,0.2832386,182.34688,15
2022-03-04,11.830429,14.938538,9.936737,5.0018005,7.224543,7.893662,2.6674376,2.0501058,3.8621128,7.324605,2.303155,232.45529,0
2022-03-05,9.44534,12.49295,5.085724,7.4072266,5.8247294,7.5796194,5.6213818,-0.47984156,5.7879868,8.047345,4.0731807,274.87897,0
2022-03-06,8.313987,14.784576,3.843628,10.9409485,4.4936523,5.2048917,2.8528898,-1.5931259,3.88226,7.853016,0.8600123,299.1801,3
2022-03-07,9.877636,16.865723,4.9200745,11.945648,4.1988063,4.9186406,-0.8450472,-2.367936,3.3259027,6.0565066,1.9352798,19.639997,2
2022-03-08,11.290553,18.367401,6.1318054,12.235596,3.8301842,4.5229826,-0.8418248,-2.3460398,3.0731518,4.6302924,0.87664294,19.739408,3
2022-03-09,12.335137,18.470123,7.677948,10.792175,5.9645753,6.476906,1.9425478,0.107565545,2.0601547,4.4159,0.26330003,266.83057,12
2022-03-10,12.171451,16.955109,8.62442,8.330688,6.4899216,7.5143147,1.2336369,-0.6087475,2.6886075,4.7681327,0.9544517,296.26437,7
2022-03-11,11.799629,19.591705,5.8921204,13.699585,3.6690476,5.2323956,-1.7195969,-2.2335532,2.9817092,5.753969,0.709004,37.59242,5
2022-03-12,13.919753,21.50122,8.583618,12.917603,4.282698,4.795718,-0.08903867,-1.143053,2.2853029,4.3845925,0.43784708,4.454088,8
2022-03-13,13.699786,19.492584,8.147766,11.344818,6.127546,6.6982055,2.6108265,-0.6061978,2.7138987,6.069323,0.505985,283.0717,11
2022-03-14,14.13009,22.542725,8.100983,14.441742,6.1790237,7.0456414,1.097637,-1.344182,2.8093102,5.7672358,0.61652,320.7655,3
2022-03-15,16.323057,22.209503,11.672882,10.536621,6.4650226,7.2213907,1.28366,-0.9389921,2.1800277,4.707887,0.9327609,306.18533,14
2022-03-16,15.668358,21.733948,11.418732,10.315216,7.7879434,8.788891,2.7933884,-2.770799,3.9990485,6.3078046,2.4299495,314.7674,0
2022-03-17,16.17477,22.694855,11.049713,11.645142,6.136307,7.761022,0.48389113,-2.4320445,3.5922668,5.9878583,0.6949801,348.7471,2
2022-03-18,16.289425,23.150604,10.9627075,12.187897,6.3928876,7.142053,0.94789505,-0.7631228,1.9173673,4.143009,0.12852193,308.83655,16
2022-03-19,15.001906,21.019348,11.337524,9.681824,7.116524,7.885771,1.8398291,1.9264506,2.8324668,6.5102806,0.7278784,223.68248,10
2022-03-20,13.126221,18.662018,9.612366,9.049652,7.0647793,8.141618,4.1588087,-1.9215258,5.353537,7.1028943,3.6075473,294.7987,0
2022-03-21,14.209766,22.300323,8.455231,13.845093,5.359377,6.2079697,0.99198866,-3.5363579,4.137879,6.5759187,2.3709903,344.3306,0
2022-03-22,17.637993,25.205688,12.876862,12.328827,6.275622,6.954727,-0.6660034,-2.0337949,2.7784297,4.2031994,0.95537055,18.13198,4
2022-03-23,19.1136,25.347443,13.578491,11.768951,6.4384236,8.147626,-0.92495507,-0.46734205,2.5098085,4.874526,1.1923732,63.19439,8
2022-03-24,19.541853,25.6521,14.813416,10.838684,6.8495765,7.6761003,1.2367854,0.022185728,1.6827163,4.0412,0.30924755,268.97235,15
2022-03-25,19.61299,25.22107,15.62088,9.600189,6.826527,8.098927,1.3405555,0.81021136,1.7069477,3.9609005,0.09639152,238.85187,14
2022-03-26,18.162561,22.63153,13.764404,8.867126,6.70756,8.2823515,1.2340088,1.3934568,2.1751564,4.401452,0.15942755,221.52727,12
2022-03-27,13.76382,20.053833,9.854675,10.199158,6.589086,7.056746,0.11861896,3.1571693,3.3892126,6.334846,1.8374577,182.15167,4
2022-03-28,12.011494,15.084961,10.155182,4.929779,7.5662174,8.395507,0.2865686,5.6620765,5.994597,9.232189,3.6251533,182.89738,0
2022-03-29,12.477866,18.31253,9.20105,9.111481,7.158173,7.8206325,3.200497,0.09319236,3.8990638,6.009601,1.8723555,268.33212,2
2022-03-30,13.79643,20.626434,9.987701,10.638733,7.391464,7.8018093,2.1480849,-0.3758365,2.6002328,5.5711927,0.7266139,279.92422,10
2022-03-31,13.863908,19.08612,10.592621,8.4935,7.825312,8.331262,2.0774567,0.78666925,2.2988956,5.472887,1.0040396,249.25986,13
2022-04-01,14.811301,21.65451,10.566345,11.088165,7.7732263,8.410338,1.5413874,0.36809006,2.033378,4.1648326,0.72420615,256.56906,13
2022-04-02,15.185664,20.6763,11.156189,9.520111,8.102675,8.429522,1.7613276,1.1350709,2.14695,4.4001474,0.34851184,237.20064,13
2022-04-03,14.577054,19.027893,11.628387,7.3995056,8.2785425,8.690732,3.1458225,0.59716874,3.2748003,4.3279676,2.4458594,259.2515,0
2022-04-04,14.694798,22.676544,8.89328,13.783264,7.0328736,8.384162,2.6442168,-0.72569245,2.8779497,4.438405,1.8350441,285.34668,3
2022-04-05,17.210901,25.305115,12.226593,13.078522,7.64154,8.179676,2.1935735,-2.5031164,3.461314,4.694286,2.3418353,318.77072,0
2022-04-06,19.444452,27.426971,13.956299,13.470673,7.069964,8.271988,-1.2484466,-2.1058652,3.0914602,4.9853106,1.2733498,30.661264,3
2022-04-07,21.290062,29.976044,15.048676,14.927368,5.308349,7.4820395,-2.389762,-2.2469375,3.3343413,6.271698,1.483737,46.76432,5
2022-04-08,22.91931,30.799591,16.4151,14.384491,5.4393845,7.250373,-1.0908142,-1.7585894,2.9502099,4.4351463,0.9107225,31.810413,4
2022-04-09,21.374186,27.854492,16.00412,11.850372,7.7149024,8.455379,2.3391373,-0.28733656,2.6433694,5.2643356,0.5750159,277.00305,11
2022-04-10,16.08118,22.707,10.351776,12.355225,6.853148,8.486877,1.0059592,-0.032014426,1.9756368,5.128757,0.41477758,271.8228,14
2022-04-11,14.412686,18.829071,10.663361,8.16571,7.2268357,7.7722306,3.4513855,1.337475,3.745514,8.260873,1.470493,248.81775,7
2022-04-12,11.835731,17.270172,6.1292725,11.1409,4.941241,7.987285,4.6673713,-4.12637,7.280903,8.414221,6.1586823,311.47952,0
2022-04-13,11.895381,19.616241,6.00473,13.611511,3.936821,4.5737777,2.79407,-2.7788951,4.631256,7.9985247,1.8329759,314.844,1
2022-04-14,13.311104,19.899536,7.777649,12.121887,5.3754325,5.802634,2.3422544,-0.15933381,2.8194473,6.0009193,1.0235598,273.8916,11
2022-04-15,14.011104,20.609192,9.244232,11.36496,6.975029,7.5452967,2.7325966,-0.09952053,2.8943958,6.280926,0.3765328,272.0858,9
2022-04-16,14.195702,18.64383,10.987427,7.6564026,7.717861,8.348004,4.267468,1.1105168,4.456613,7.5901446,2.368385,255.41353,0
2022-04-17,14.421834,22.634247,8.987213,13.647034,6.92071,7.8372164,2.6635616,-0.10472986,2.8611107,6.9404235,0.9921094,272.25168,10
2022-04-18,16.624557,23.797882,11.637665,12.160217,6.946856,7.5124207,2.4013414,0.14380111,2.4832485,5.654027,0.20408937,266.573,13
2022-04-19,16.6483,21.535492,12.233948,9.301544,7.4045415,8.147018,3.4813817,0.067862056,3.5086823,7.5659537,0.8865824,268.8833,10
2022-04-20,14.817569,19.597504,10.786163,8.81134,7.3611374,8.513511,3.5605667,1.145579,3.7936962,7.1530805,2.2785041,252.16492,0
2022-04-21,13.455643,19.062164,9.205566,9.856598,7.121071,7.5970473,3.2671528,1.4626316,3.6441104,7.369901,1.507948,245.88301,6
2022-04-22,12.9049835,16.871124,9.422272,7.4488525,7.162061,8.3916235,5.6577315,0.4619732,5.8475947,7.1034193,4.512808,265.33197,0
2022-04-23,13.892142,21.745453,7.9648438,13.780609,5.8613067,6.64534,1.5620483,-2.0509658,3.1685896,6.421864,1.6303247,322.7065,1
2022-04-24,17.169146,24.855225,11.445892,13.409332,5.249075,6.5842137,-0.13530338,-2.6833408,3.6164315,5.3258967,1.0157036,2.8866076,3
2022-04-25,18.985645,26.09085,12.921478,13.169373,5.0424604,6.710547,-0.25903416,-0.8188465,2.4937906,3.5506392,1.3101689,17.554262,5
2022-04-26,19.005043,24.014404,14.612244,9.402161,6.682001,7.535822,1.4613305,0.8772425,2.0222456,4.2483053,0.13587162,239.02345,12
2022-04-27,16.010967,21.364227,10.951447,10.412781,7.65354,8.203769,1.5397648,1.1735245,2.103165,4.530624,0.2094794,232.68735,12
2022-04-28,14.642726,19.105011,11.123749,7.981262,7.376123,8.295715,3.0651855,1.1153508,3.33694,5.952229,2.3141341,250.00473,0
2022-04-29,14.755069,23.623322,8.385101,15.23822,6.0779953,6.835123,1.7797657,-0.7865781,2.6656358,5.993507,0.36456645,293.84332,9
2022-04-30,17.67784,24.697052,11.699219,12.997833,6.7660966,7.4196954,1.5860013,0.43264762,2.0633373,5.6894975,0.024954166,254.74146,15
2022-05-01,16.471865,22.394714,11.217743,11.176971,7.4340496,8.247491,2.0234506,0.68264675,2.198017,5.325526,0.3461299,251.35727,13
2022-05-02,15.720543,22.790558,10.183563,12.606995,6.874166,7.67291,1.776384,0.19309466,2.088522,5.7410026,0.26881844,263.79626,14
2022-05-03,15.946349,22.784637,10.968597,11.81604,7.135132,8.277091,1.2344161,0.49809352,2.0223763,5.7123632,0.316378,248.02567,15
2022-05-04,17.500021,25.215424,11.131378,14.084045,6.235624,6.815198,0.39850685,-0.44637552,1.6780428,2.9932096,0.11861273,318.24274,14
2022-05-05,18.958197,24.230438,13.492981,10.737457,6.862798,7.9078927,1.8526987,0.75835997,2.1834588,4.9849186,0.0605297,247.73938,13
2022-05-06,18.954248,25.068756,13.401825,11.666931,7.0844626,7.789396,2.3614874,-0.010241315,2.633582,5.1762443,0.66162884,270.24847,12
2022-05-07,18.276426,23.447174,13.203857,10.243317,8.2196455,9.082621,2.621007,0.19503157,2.7099617,6.3826504,0.18037872,265.74442,12
2022-05-08,15.484399,21.203796,11.292664,9.911133,7.1839843,8.242701,3.9588315,0.40628314,4.02788,7.686587,2.0151675,264.14044,0
2022-05-09,13.5295,18.611359,8.399384,10.211975,5.2220206,6.368252,3.5677273,-0.79647726,4.2265444,7.520948,2.5159638,282.58466,0
2022-05-10,13.394512,19.078644,8.078308,11.000336,5.1897745,5.807357,3.6361482,-0.6235177,4.145662,6.9423556,2.3309517,279.73032,0
2022-05-11,12.615898,18.326385,7.340027,10.986359,4.5511646,5.3739448,3.7378528,-2.1464865,4.6858535,7.7865734,2.7546606,299.86688,0
2022-05-12,15.286698,24.092316,8.863525,15.22879,4.5093284,5.019309,1.8271939,-2.5696852,3.9933016,7.6530867,1.5335345,324.585,2
2022-05-13,19.10245,27.937164,12.6423645,15.2948,5.680368,6.3697233,1.0920807,-1.6749731,2.9685411,5.311962,0.24716172,326.8957,3
2022-05-14,21.55379,29.804932,14.82019,14.984741,6.4355507,7.3464417,0.71452874,-0.779954,2.3259404,3.9806035,0.5160315,317.50668,5
2022-05-15,22.05365,27.484497,16.746857,10.73764,6.746765,8.024492,1.551219,0.6604715,1.8543391,4.6243234,0.07277973,246.93687,14
2022-05-16,19.024466,25.163544,13.325958,11.837585,7.5226307,7.9555473,2.4801369,0.28750867,2.6067002,5.6185656,0.5289499,263.38754,12
2022-05-17,17.493727,23.98059,11.673859,12.306732,7.4814315,8.132581,2.4957283,0.46678123,2.5759923,5.4731164,0.49210814,259.40625,11
2022-05-18,18.19552,26.845184,11.908936,14.936249,7.4312997,7.772135,1.4018731,0.6979402,1.7378026,5.0639586,0.04400525,243.53302,15
2022-05-19,18.698332,24.856781,13.127808,11.728973,7.91857,8.161333,1.7244053,1.2029992,2.2101364,4.957143,0.7653074,235.09917,13
2022-05-20,16.437634,22.304047,11.815399,10.488647,8.047402,8.3575735,1.3764982,1.9694105,2.5276172,4.8602233,0.09679554,214.95122,8
2022-05-21,16.785147,22.791077,12.200287,10.59079,8.000972,9.306315,1.8900652,0.85302275,2.2206209,4.614009,0.19506633,245.70944,14
2022-05-22,17.237835,24.331238,11.600952,12.730286,7.263883,8.243576,2.7023933,0.628213,2.9063761,5.359239,1.6626514,256.91315,8
2022-05-23,17.750284,25.655334,12.089233,13.566101,7.222688,7.825029,1.5314671,0.9566016,1.9897752,5.2220526,0.20929767,238.00983,15
2022-05-24,19.218555,26.89331,12.973633,13.919678,7.4235497,7.980531,0.84297943,0.7455217,1.7710613,4.2885904,0.25339216,228.51082,16
2022-05-25,20.534971,26.393036,16.07959,10.313446,7.1206107,7.5267487,0.7958757,1.6302372,2.0057924,4.492051,0.3083906,206.02147,14
2022-05-26,19.207266,25.018066,14.346954,10.671112,7.556968,8.116304,1.0762981,2.202262,2.5780878,5.1907535,0.6447458,206.04588,11
2022-05-27,17.386442,23.022919,12.886261,10.136658,7.7133007,8.038755,1.8713034,1.7470322,2.6103392,5.2035236,0.82271725,226.96704,11
2022-05-28,16.951788,22.134064,12.866058,9.268005,8.716603,9.08477,3.5968113,1.306455,3.850338,6.9115634,2.2671065,250.03767,0
2022-05-29,17.242636,23.550415,12.136261,11.414154,7.928898,9.077781,4.732053,-0.858277,5.0226097,7.1689076,3.516071,280.28027,0
2022-05-30,17.632793,24.165955,11.327911,12.838043,6.6789646,7.3531866,3.0962307,-0.764723,3.4079456,6.8739123,1.1944731,283.87357,9
2022-05-31,17.98802,25.06662,11.4505005,13.616119,6.8038597,8.0840845,1.548808,-0.218314,1.8703486,6.017891,0.6712999,278.02335,16
2022-06-01,20.594143,27.709473,13.823578,13.885895,6.585608,7.1036687,0.48900494,-0.22741728,1.6455778,3.5148046,0.55273664,294.9413,17
2022-06-02,20.437548,25.802246,15.13269,10.669556,7.0981236,7.7667947,1.18971,1.3128141,2.0222926,4.41609,0.30076015,222.18378,13
2022-06-03,18.6033,24.469482,13.731323,10.738159,8.034667,8.46682,1.9016365,1.2121468,2.338583,5.4272532,0.30443135,237.48563,13
2022-06-04,18.694052,24.056305,14.061432,9.994873,8.740111,9.678848,3.117037,1.1788977,3.3465137,5.678039,1.5717047,249.28284,5
2022-06-05,19.459166,26.907227,13.846985,13.060242,8.874614,9.671862,3.4026089,0.22089137,3.4375954,6.2005725,1.1219789,266.28568,7
2022-06-06,21.386755,27.96811,16.026154,11.941956,10.530872,11.830049,2.8522508,0.04737157,2.9999409,6.0890517,1.2744702,269.0485,6
2022-06-07,21.691292,29.61026,15.227081,14.383179,8.906539,9.851635,1.8147016,0.32204583,1.9357538,4.7563853,0.26544735,259.93677,15
2022-06-08,22.029459,28.891907,15.533051,13.358856,7.9133224,8.736239,2.0076091,0.46746406,2.3344252,4.4637804,0.34067282,256.89246,13
2022-06-09,22.93239,29.813019,16.911896,12.901123,8.290097,9.075692,0.8147946,1.104714,1.8023943,3.9586415,0.24175331,216.41107,14
2022-06-10,24.136057,30.115784,18.997528,11.118256,8.461779,9.109774,1.1325251,1.0468664,1.8731222,4.199232,0.15390316,227.2508,14
2022-06-11,24.251205,30.425323,18.56955,11.855774,7.9989796,8.451932,2.1560504,0.7827692,2.5489852,5.5193014,0.329678,250.04622,12
2022-06-12,22.641062,28.12674,16.945251,11.181488,7.698574,8.42509,1.8525423,1.7940365,2.7144816,5.82072,0.73341715,225.91919,12
2022-06-13,20.619366,26.643707,15.521606,11.122101,9.310254,10.684628,2.4755452,1.28014,2.9656522,6.1943326,0.57885003,242.65587,7
2022-06-14,20.731653,28.443542,13.809631,14.633911,6.9937997,8.179952,1.4750446,-0.29834053,2.318534,6.063346,0.552901,281.43433,13
2022-06-15,22.304464,29.859283,15.669739,14.189545,7.1906304,7.9078784,1.0724124,0.5020303,1.9331617,4.277569,0.15295283,244.91422,14
2022-06-16,22.539948,28.50534,17.171082,11.334259,7.88768,8.369093,1.2749728,1.7081412,2.4260776,5.6318107,0.48335865,216.73802,12
2022-06-17,19.073902,24.941315,14.136322,10.804993,8.137046,8.914921,2.1117735,1.9349195,2.9376354,5.904879,0.7512884,227.50244,10
2022-06-18,17.70371,23.410187,12.443909,10.966278,7.312479,8.488091,2.679815,1.2820624,3.1644304,6.0388975,0.61410224,244.43288,9
2022-06-19,18.981062,26.75467,12.552582,14.202087,6.75279,8.293699,2.5345135,-0.200606,2.9535573,5.5902734,1.1989648,274.5255,7
2022-06-20,21.97576,30.749146,14.674164,16.074982,6.4787393,7.376816,0.5011776,-0.45450273,2.2969835,5.124421,1.2522283,312.20392,11
2022-06-21,24.019522,29.256744,18.236969,11.019775,6.7727084,7.526372,-0.5094933,2.1227608,2.8904736,6.2188835,0.7506181,166.50348,12
2022-06-22,23.489197,29.136292,19.477203,9.659088,7.776689,9.353958,0.05130452,1.3573017,2.2244587,5.351828,0.53790647,182.1647,14
2022-06-23,24.575628,30.275635,19.380981,10.894653,9.386138,11.447776,2.0867386,0.7155881,2.4814227,5.6148043,0.5141718,251.07205,11
2022-06-24,24.538767,30.85907,18.705109,12.153961,7.6261888,8.216022,2.669339,0.61401373,2.8355625,5.405389,1.001824,257.0459,9
2022-06-25,24.526987,31.378235,18.060974,13.317261,6.8284135,7.2398314,1.8462032,0.85929984,2.1262126,5.311228,0.1730333,245.04077,13
2022-06-26,25.011414,32.006897,18.37799,13.628906,7.298357,8.130233,1.2799205,0.7270624,1.7799987,4.074485,0.26368806,240.40114,15
2022-06-27,26.120508,33.289032,20.31717,12.971863,7.693653,8.091487,0.53627855,1.3892846,1.9550896,4.1100435,0.49108857,201.10712,14
2022-06-28,26.71044,32.02005,21.153595,10.866455,7.392732,8.013313,1.5738015,1.4752808,2.3467426,5.242317,0.13791159,226.8507,13
2022-06-29,25.079916,31.082794,19.156525,11.92627,7.686913,8.285313,0.94804925,2.157656,2.6627114,4.9727263,0.91169494,203.72014,10
2022-06-30,23.875864,29.36847,18.138031,11.230438,8.301797,9.125075,1.8340908,1.7699099,2.6202805,5.5501494,0.35533497,226.02023,11
2022-07-01,23.20471,28.198181,17.42102,10.777161,8.099183,8.842241,2.5618236,1.5200564,3.0211737,5.8483367,0.82097983,239.31726,11
2022-07-02,21.994513,27.107605,16.439667,10.667938,7.857905,8.630747,2.7304993,1.8452891,3.335644,5.8869786,1.1854154,235.94891,9
2022-07-03,20.186775,25.43686,14.426239,11.01062,8.205837,8.96633,2.3996994,1.5315012,2.8693135,5.855488,0.2650746,237.45377,11
2022-07-04,19.961555,26.421936,14.536072,11.885864,8.790202,9.485442,2.3329942,1.374061,2.7340248,5.5006046,0.5583654,239.50323,10
2022-07-05,20.997911,27.128998,15.745056,11.383942,10.451685,10.871973,2.4508402,1.2074481,2.778752,5.9758987,0.65131843,243.77206,11
2022-07-06,21.411291,26.651154,16.56897,10.082184,10.836452,11.701205,3.1260278,1.3564996,3.4546044,5.868203,1.6814135,246.54219,4
2022-07-07,22.14673,28.698517,16.071686,12.626831,8.980747,10.373666,2.0454676,1.1655596,2.6826952,5.377211,0.21245135,240.3244,10
2022-07-08,22.072603,28.010284,16.322968,11.687317,8.340911,9.314882,1.7445049,1.4950138,2.412598,5.18091,0.017428169,229.40393,12
2022-07-09,22.96667,30.540802,16.761597,13.779205,7.71978,8.681235,1.8382632,0.86227924,2.205077,4.664112,0.22546779,244.87001,12
2022-07-10,24.355684,30.814209,17.712189,13.10202,8.167435,8.968726,2.1217155,0.30418214,2.477352,4.7827606,0.6182046,261.84134,12
2022-07-11,23.942963,29.710175,17.71814,11.992035,7.905489,8.689307,1.6622138,0.9233547,2.1012669,4.5402803,0.06652173,240.94797,13
2022-07-12,22.044754,27.558289,16.512238,11.046051,7.324881,7.620347,1.7500653,1.6908998,2.475866,4.659782,0.53885674,225.98508,11
2022-07-13,22.144156,28.537292,16.336578,12.200714,7.407348,8.300017,2.0394762,1.287845,2.4954286,4.9842324,0.09960041,237.7293,11
2022-07-14,23.108803,28.763458,19.086212,9.677246,8.071938,9.2313595,1.4765525,1.2731758,2.1767123,4.5904264,0.3723163,229.23004,12
2022-07-15,24.327406,30.550812,19.622864,10.927948,9.143143,9.604949,0.9783275,1.4329611,1.9327561,4.2737966,0.1606972,214.32259,13
2022-07-16,25.689135,31.695038,20.786102,10.908936,8.441311,8.953226,1.3691097,1.3092419,2.0013616,4.466963,0.24659684,226.2805,13
2022-07-17,25.556768,30.640533,21.03656,9.603973,8.671639,9.321551,1.1452037,1.9572436,2.4452102,5.3790345,0.15515682,210.33235,11
2022-07-18,25.433733,31.300415,21.40622,9.894196,8.826347,9.689905,0.9998533,1.763718,2.1294496,4.782986,0.4266691,209.54895,13
2022-07-19,25.580566,31.778107,20.303955,11.474152,8.984154,9.562017,2.0128708,1.5459118,2.5608418,5.0544424,0.5525535,232.47527,10
2022-07-20,25.524862,30.955017,20.082123,10.872894,8.747827,9.660279,1.9946156,1.6433686,2.685446,5.0229745,0.5723615,230.51482,9
2022-07-21,25.636642,32.460907,19.898895,12.562012,8.230891,9.16277,2.2728794,0.77786046,2.4248855,4.7789516,0.5908546,251.10724,12
2022-07-22,24.523283,31.066895,18.683807,12.383087,7.9570084,8.735283,1.9410814,1.0549163,2.2811596,4.6611257,0.86503893,241.47733,13
2022-07-23,24.410141,31.15155,18.615265,12.536285,8.0561285,8.82804,1.9144111,1.127389,2.3139086,5.0524726,0.628939,239.50635,13
2022-07-24,23.276484,29.194,17.956512,11.237488,8.980476,9.467113,1.9724137,1.3904022,2.465545,5.089868,0.41972402,234.81908,12
2022-07-25,22.435463,28.888702,17.411957,11.476746,8.926145,9.5085125,1.4906946,1.6592045,2.3164456,4.787964,0.29352298,221.93777,11
2022-07-26,22.508667,28.453552,18.008636,10.444916,8.066075,8.361674,1.8896875,1.3872671,2.3908918,4.68744,0.23400657,233.71667,11
2022-07-27,23.013113,28.816467,17.897278,10.919189,8.023482,8.55758,2.208017,1.0471592,2.4645958,4.753514,0.9534246,244.62721,12
2022-07-28,23.589758,30.070312,18.642853,11.42746,8.538468,9.503705,1.5407019,1.0936989,1.9586945,4.6336126,0.46481192,234.63019,13
2022-07-29,24.481161,30.354218,19.55899,10.795227,8.985017,9.334345,0.7175383,1.58043,1.9239751,3.690065,0.5604671,204.41875,14
2022-07-30,22.958261,27.74588,20.056427,7.689453,9.71424,11.602338,-0.28720698,1.8510872,2.1268206,3.7744596,1.2034929,171.18054,12
2022-07-31,23.4322,27.185455,21.186584,5.998871,11.4936285,12.318972,0.32593355,1.1816903,1.6405659,3.0044084,0.6620142,195.41992,17
2022-08-01,24.516455,29.825592,20.151886,9.673706,12.11272,13.098399,1.8347515,1.3260155,2.4001493,4.9144692,0.5383705,234.14354,8
2022-08-02,24.694174,30.943604,19.705963,11.23764,9.868821,10.2675085,2.5151246,0.7380934,2.6633976,5.488641,0.91995,253.64505,11
2022-08-03,24.587492,29.302643,20.702911,8.599731,10.888894,11.640504,2.2288923,0.6467592,2.4163587,5.515014,1.1904112,253.81882,13
2022-08-04,23.407541,27.324402,19.650146,7.6742554,12.675784,14.184122,1.8679024,1.1731886,2.2916815,4.0682335,1.0468832,237.86798,10
2022-08-05,24.233284,29.729431,19.70755,10.021881,12.376363,13.704406,2.5571654,1.2489799,2.8842049,5.704387,0.29312593,243.96802,7
2022-08-06,25.146841,32.13266,19.049713,13.082947,9.687606,11.003986,2.8219755,-0.24039896,3.1267345,6.2712326,1.4118602,274.86917,10
2022-08-07,26.332,32.8396,20.745667,12.093933,8.895819,9.435075,2.2383642,0.4828336,2.747572,6.261884,0.40527207,257.82733,12
2022-08-08,26.310942,30.915558,22.040588,8.8749695,9.178161,9.667518,1.3546267,1.4503397,2.1637242,4.8720255,0.123893574,223.04568,13
2022-08-09,26.083124,31.46756,21.689087,9.778473,9.12633,9.835254,1.255334,1.8710722,2.3566332,5.1293344,0.5387927,213.85834,12
2022-08-10,26.033808,31.650177,21.241608,10.408569,9.75089,10.34795,1.5710545,1.3828367,2.2465599,4.817523,0.15783955,228.64587,13
2022-08-11,26.71726,32.47061,21.173584,11.297028,8.773243,9.826203,2.1335115,0.62881154,2.427604,5.4791436,0.51860857,253.57814,12
2022-08-12,26.43901,32.459747,21.42633,11.033417,8.627259,9.217929,1.897487,0.55843514,2.0733385,5.388603,0.14833866,253.60071,13
2022-08-13,26.657667,32.816956,21.540161,11.276794,8.940846,9.74105,0.80709296,1.1868993,1.9155799,3.9741993,0.05611205,214.21576,13
2022-08-14,26.722101,32.613068,21.653503,10.959564,8.719399,9.318719,1.0566295,1.2787323,1.8492814,4.2658124,0.4064394,219.56728,14
2022-08-15,26.27324,32.62445,21.107574,11.516876,7.655951,8.235203,0.95211816,1.2491589,1.7556108,3.9845126,0.43333125,217.31493,14
2022-08-16,26.313692,32.426086,21.414581,11.011505,8.037865,8.503348,0.6888954,1.0783646,1.6413275,3.8303862,0.16656183,212.57181,16
2022-08-17,26.31495,32.001434,22.061768,9.939667,8.735721,9.75965,1.6082435,1.3829588,2.1364505,4.928991,0.20371863,229.30714,13
2022-08-18,25.467148,31.07901,20.626678,10.452332,8.79135,9.242994,2.0759058,0.9602685,2.3270037,4.8987236,0.6624111,245.17578,11
2022-08-19,25.402288,31.800934,20.221527,11.579407,8.906812,9.282961,1.2316328,0.61927986,1.5817298,3.8272965,0.011974766,243.3062,16
2022-08-20,24.455347,29.570892,19.777618,9.793274,9.415864,9.851973,0.28635323,2.2393107,2.5602567,4.473335,1.0068836,187.28719,9
2022-08-21,22.88794,29.001495,18.211212,10.790283,10.665673,11.448437,0.9359276,2.2731752,2.7164886,4.5231733,1.5527669,202.3783,9
2022-08-22,23.528654,30.096954,18.298126,11.798828,9.885566,10.965709,2.0265462,0.77443695,2.19587,4.3790493,0.34912646,249.08585,13
2022-08-23,25.428286,32.049103,20.413116,11.635986,8.736949,9.271165,1.2909232,0.5170493,1.7795892,3.8645163,0.14296745,248.17258,14
2022-08-24,24.763847,30.162384,19.865051,10.297333,8.751529,9.492555,-0.1295786,2.1696875,2.575926,4.3095,1.521096,176.58223,12
2022-08-25,24.938538,31.145264,20.54486,10.600403,10.103587,10.593854,0.4011419,2.259267,2.6952274,4.736044,1.3595259,190.06818,9
2022-08-26,25.186697,31.586609,20.172974,11.413635,9.336284,10.37489,1.9108754,1.0817317,2.2644513,5.0340962,0.30236366,240.48615,13
2022-08-27,23.79099,29.286499,18.68576,10.600739,9.119104,9.550122,2.086148,1.3383446,2.5496306,5.4558907,0.6202241,237.31827,13
2022-08-28,22.24491,27.71811,17.395203,10.3229065,9.754504,10.322575,1.6910108,1.8647438,2.654736,5.2166224,0.8916399,222.20279,11
2022-08-29,22.974472,28.759216,18.352753,10.406464,10.156325,10.36878,1.9871572,1.2972924,2.513867,4.5747766,0.49797764,236.86197,9
2022-08-30,25.535059,32.51587,21.308197,11.207672,9.327004,9.908616,2.5550463,0.33798027,2.701362,5.227659,1.1646783,262.4647,11
2022-08-31,28.41596,36.18747,22.83139,13.356079,8.328338,8.541403,2.8322573,-0.6821044,3.1373012,5.1038723,1.908061,283.54092,2
2022-09-01,30.215185,35.43857,25.348846,10.089722,8.844907,9.283707,1.399238,-0.5689533,2.775114,5.1673713,0.19852789,292.12747,5
2022-09-02,28.65161,35.247253,23.31665,11.930603,9.966868,10.533485,0.19777201,1.631424,1.9956594,3.774639,0.4008194,186.91206,15
2022-09-03,29.406794,35.59149,24.424225,11.167267,10.514758,11.47336,0.65471756,1.1888069,1.8296915,3.7649577,0.24295357,208.84312,15
2022-09-04,29.866858,35.578888,25.813446,9.765442,11.715294,12.118297,0.7173756,1.4898148,1.8955196,5.024699,0.3616097,205.71176,16
2022-09-05,28.740616,35.53842,23.955872,11.58255,11.651932,12.543927,0.81734866,1.7558728,2.2109601,4.3782134,0.8375068,204.96172,12
2022-09-06,29.488083,35.081573,25.056671,10.024902,10.87738,11.788399,1.0379052,1.462463,1.9873499,4.338028,0.55212903,215.3632,14
2022-09-07,28.791681,35.121063,24.419647,10.701416,10.243054,11.187455,1.188811,1.4387535,1.9453536,4.2895975,0.33036584,219.5662,14
2022-09-08,28.661615,33.663147,24.689453,8.973694,10.256912,11.2946205,0.59224993,1.6583489,2.1128032,4.044284,0.4481401,199.6533,11
2022-09-09,28.239859,31.096954,24.724731,6.372223,12.061198,13.751863,-1.785385,0.23673277,3.1895425,5.8801823,0.17565352,97.55306,7
2022-09-10,24.827612,28.407837,21.732422,6.675415,14.337125,15.2136135,-2.4309156,2.2205071,3.5137455,4.931503,2.4625578,132.40997,0
2022-09-11,24.498215,29.329712,21.336365,7.993347,14.151589,14.693237,-0.06345596,1.5622492,1.8880447,4.0333486,0.29592505,177.67401,14
2022-09-12,23.897255,27.580597,20.864227,6.7163696,14.43809,15.203574,2.2593174,1.2372265,2.6002254,4.577433,0.9404629,241.29442,8
2022-09-13,22.824026,27.019531,19.343872,7.675659,12.568832,13.346293,2.369024,1.4315065,2.858244,4.5996833,1.4120854,238.85712,6
2022-09-14,21.594477,25.848816,17.669037,8.179779,11.252036,12.103181,1.7228705,1.6015838,2.4851422,5.3349633,0.5438191,227.08942,11
2022-09-15,20.530624,26.179657,16.435944,9.743713,10.386918,11.2163925,2.025318,1.051141,2.3169649,5.1688533,0.41209316,242.57068,12
2022-09-16,20.79503,26.731049,16.02298,10.708069,10.169296,11.203568,1.9139482,0.6682184,2.1159146,5.1535788,0.040601235,250.75433,13
2022-09-17,20.358637,25.131805,16.310822,8.820984,10.711463,11.362921,1.7394352,1.5754744,2.5228589,4.955274,1.0535603,227.83163,11
2022-09-18,19.338718,23.692902,15.974701,7.7182007,10.046699,11.327794,2.1489697,2.6433735,3.426674,5.81686,2.1597583,219.10991,0
2022-09-19,18.785587,25.284302,14.533234,10.751068,9.213809,10.101633,1.8433857,1.3560463,2.366884,5.3682747,0.20368907,233.66077,13
2022-09-20,19.957266,25.85257,16.08374,9.768829,10.722875,11.679078,2.4634743,1.185685,2.8035944,5.8946877,0.6249819,244.29822,11
2022-09-21,20.015934,26.030579,15.383514,10.647064,9.556214,10.784483,3.4470642,0.34204578,3.5330143,5.676458,1.5387349,264.3332,3
2022-09-22,21.196348,29.00528,15.645447,13.359833,8.947295,10.468815,1.8514155,-0.14646064,2.4835274,5.5010147,0.50344056,274.5231,12
2022-09-23,23.06449,30.10553,18.322449,11.783081,8.627747,9.242747,0.5051221,0.5273466,1.9022397,3.9645505,0.46688,223.76688,15
2022-09-24,24.750143,30.856781,20.841766,10.015015,9.922493,10.347435,1.2776678,0.73063946,1.766868,4.276014,0.2774734,240.23676,16
2022-09-25,25.422386,31.730316,20.921875,10.808441,9.799553,10.265256,2.303265,0.13556562,2.4610288,4.3703084,1.4211099,266.63156,12
2022-09-26,26.26357,32.314026,22.216766,10.0972595,9.561908,10.111659,1.752183,-0.19927831,1.8840653,4.4373517,0.88505775,276.48846,16
2022-09-27,26.360031,32.55478,21.83545,10.71933,9.15825,10.113589,0.960419,0.3797742,1.4524951,3.9533532,0.24119343,248.4249,17
2022-09-28,26.326065,32.13864,22.026703,10.111938,8.920423,9.649794,1.0125138,0.59818715,1.8208815,4.59604,0.2908602,239.42566,14
2022-09-29,24.33135,29.610992,20.033752,9.57724,8.857513,10.1311245,1.3035302,0.90107983,1.97328,5.042616,0.08364463,235.3454,14
2022-09-30,21.464712,26.976654,16.749786,10.226868,8.805798,9.509334,0.86487347,1.7894231,2.2959,4.7610993,0.85228777,205.79565,13
2022-10-01,19.373976,25.682373,15.174377,10.507996,9.145404,9.922443,0.45869634,2.0018291,2.2739463,4.645284,1.0236195,192.9059,14
2022-10-02,19.441767,25.639343,15.70047,9.938873,9.299218,9.580273,1.4979076,1.3985456,2.0909193,4.564524,0.56212527,226.96475,14
2022-10-03,20.888317,27.386505,16.480652,10.905853,9.369765,9.842551,2.0492728,0.4230897,2.187564,4.183822,0.87657964,258.33472,13
2022-10-04,22.370752,28.892365,17.817932,11.074432,8.704692,9.145597,1.0863469,0.049846184,1.6754866,3.9048946,0.20242517,267.37286,16
2022-10-05,22.385305,28.705322,17.998718,10.706604,9.006806,10.007262,0.85902816,0.38812825,1.3922728,3.645003,0.24834129,245.68549,17
2022-10-06,22.118774,28.022003,17.803986,10.218018,8.985269,9.518665,0.5770066,0.49477184,1.1255997,3.4948885,0.12934998,229.38757,18
2022-10-07,22.017706,28.910065,17.292175,11.617889,9.231065,10.137476,0.10511711,0.23918875,1.0877243,2.577202,0.102511354,203.72423,22
2022-10-08,22.08322,28.235382,17.826447,10.408936,9.238149,10.131939,0.29947183,0.7683854,1.3464209,3.0718284,0.4713123,201.29294,19
2022-10-09,22.202179,27.687286,18.24118,9.446106,8.971598,9.551335,0.7817177,0.82221264,1.208177,3.112286,0.079393245,223.55376,19
2022-10-10,20.90541,26.118927,16.879211,9.239716,8.874158,9.277412,0.70037127,0.92032146,1.3229538,3.0882914,0.05914118,217.27141,17
2022-10-11,20.218258,25.52005,16.699738,8.8203125,9.826973,11.402699,0.9961423,0.81963044,1.3288599,2.8874211,0.65081125,230.5523,19
2022-10-12,20.278997,26.046875,16.461334,9.585541,10.268378,11.064198,1.6766714,0.58171517,1.9462193,3.113057,0.6256788,250.86597,10
2022-10-13,20.156275,25.683075,16.419708,9.263367,9.449304,10.177423,1.0305319,0.5845749,1.5711654,3.0591211,0.19440433,240.43568,15
2022-10-14,19.438633,25.6044,15.651428,9.952972,9.386636,10.629914,0.25078383,0.89611834,1.1334268,3.168345,0.19587012,195.6346,17
2022-10-15,18.35487,22.190948,15.9592285,6.23172,10.670719,11.181996,1.0892811,1.6098943,1.9780483,3.3393855,1.3581328,214.08293,17
2022-10-16,18.554184,23.830719,15.677216,8.153503,10.84914,11.357287,2.4227266,0.66820604,2.5890923,3.3856237,1.4322399,254.58075,4
2022-10-17,19.651663,26.475555,15.259125,11.216431,10.354104,11.331718,1.4782661,-0.3241442,1.8492413,3.6785157,0.1383754,282.3677,15
2022-10-18,22.040888,28.780884,17.87082,10.910065,8.4441805,9.437502,-0.5881731,-0.41908154,1.4275807,2.6264043,0.24075694,54.529594,18
2022-10-19,23.551018,30.069,19.287933,10.781067,8.082286,8.679583,-1.455165,-0.43837723,1.8874807,2.8615239,0.53269374,73.23476,13
2022-10-20,23.907274,28.346954,20.586456,7.760498,8.598455,9.135688,0.22773655,0.20248495,0.91780216,2.7364,0.14794926,228.3591,22
2022-10-21,21.31024,25.751068,17.161438,8.58963,8.732945,9.636958,0.97354203,1.1365443,1.6757532,3.7228844,0.3316975,220.58273,16
2022-10-22,17.278841,22.928986,14.438507,8.4904785,9.103722,9.920898,1.8122272,2.4722064,3.2942684,6.7566996,1.0383451,216.24292,7
2022-10-23,15.610803,20.703705,11.629852,9.073853,7.678337,9.770751,2.899641,-0.18610735,3.6130078,6.164566,1.8555827,273.67236,2
2022-10-24,15.529991,22.161896,11.095398,11.066498,4.5319943,6.409927,-1.2131767,-2.122817,3.2460144,6.2510853,0.44118014,29.747696,4
2022-10-25,17.181566,23.696228,12.857605,10.838623,4.94124,5.866983,0.8096158,-0.60799843,1.8154997,3.692761,0.39530802,306.90552,15
2022-10-26,16.523624,22.391663,12.338654,10.053009,6.830027,7.520037,1.2455496,-0.0076055303,1.6092762,4.793218,0.13300309,270.34985,16
2022-10-27,15.46923,22.114563,10.784058,11.330505,6.276583,7.6992106,-0.540945,-0.826032,2.2344022,4.860239,0.27613777,33.219654,11
2022-10-28,16.665594,23.038757,12.241394,10.797363,5.269705,6.004361,-0.44112435,-0.26702324,1.8202537,2.8467665,0.53851336,58.81246,19
2022-10-29,17.74296,24.492859,13.093018,11.399841,6.2628746,7.3117485,0.46133876,-0.8682707,1.4736571,2.736998,0.22789884,332.01694,17
2022-10-30,18.28664,25.744568,13.457275,12.2872925,5.7700253,6.6408424,-0.30311644,-1.8163198,2.3633368,3.1679351,0.41775763,9.47449,5
2022-10-31,18.972227,24.515564,15.144318,9.371246,5.938371,6.885184,-0.24224807,-0.32677916,1.9609102,2.879653,1.3446326,36.550293,13
2022-11-01,16.483725,20.285034,12.721954,7.56308,8.449046,9.626234,0.97401637,2.4080422,2.695203,5.8956385,0.9632269,202.0226,14
2022-11-02,14.190059,18.082733,12.092834,5.9898987,7.4922347,8.913422,3.3268547,0.11794553,3.815265,7.1959724,2.5243661,267.96957,0
2022-11-03,11.357563,15.7092285,7.9217224,7.787506,5.571611,6.3053036,4.896092,-2.5689628,5.7365556,7.098699,5.0085473,297.68585,0
2022-11-04,11.95295,19.220764,7.8511047,11.369659,4.3250647,5.194074,0.23717563,-2.3832057,2.929404,4.614002,0.718074,354.31665,4
2022-11-05,14.095322,21.253113,10.097595,11.155518,5.120616,5.5326185,1.4420004,-0.83714193,2.3366327,4.533358,0.7230364,300.13696,12
2022-11-06,14.117088,19.666656,11.08551,8.581146,7.473282,8.595521,1.5213785,0.27311966,1.6977706,4.85297,0.017949304,259.8226,16
2022-11-07,14.059177,17.188873,12.5486145,4.640259,9.2454405,9.550389,2.2442641,3.3930604,4.1115184,7.5154753,2.574013,213.48177,0
2022-11-08,13.196217,15.9758,10.759827,5.215973,8.943898,10.563202,2.434,5.751245,6.777967,11.812805,1.8137287,202.9387,1
2022-11-09,11.388009,15.105743,8.792145,6.3135986,6.646052,8.791019,4.5221868,0.96298724,5.061364,10.271878,3.7817771,257.97858,0
2022-11-10,10.704947,17.74591,6.0625,11.683411,5.0032506,6.050847,-0.06299748,-2.0741374,2.9213018,4.3305445,0.5753532,1.7397017,5
2022-11-11,11.654017,18.261322,7.2275085,11.033813,4.178329,5.2034736,-1.3071321,-1.8799406,2.8187952,4.863842,0.18581285,34.81108,7
2022-11-12,12.109948,18.192047,8.053009,10.139038,4.60725,5.3870196,0.08742345,-0.7389116,2.3741837,4.42113,0.6939866,353.25247,5
2022-11-13,11.176652,16.907166,7.289215,9.61795,5.9392624,6.740572,1.7489496,-2.2275484,3.4422495,6.356611,2.0402424,321.8629,0
2022-11-14,11.530856,18.583527,6.891205,11.692322,4.817804,5.648344,-0.6191451,-1.7977619,2.84287,4.1728578,0.6196153,19.00359,6
2022-11-15,12.1131735,18.418,7.778015,10.639984,4.655216,5.884374,-1.7359318,-1.8530774,2.917757,5.5506835,1.541981,43.13052,4
2022-11-16,12.964715,19.227509,9.452179,9.77533,3.6302502,5.0194793,-4.5957904,-4.6657467,6.6124587,9.635578,2.113917,44.567223,0
2022-11-17,12.859536,20.349548,8.17218,12.177368,4.1109347,5.220833,-2.2044275,-2.331362,3.358963,4.496315,0.9980474,43.396988,4
2022-11-18,13.385231,19.226654,9.259399,9.967255,5.3181624,5.9259133,-0.44209114,-1.1586589,1.6111563,2.2597976,0.93763584,20.884562,17
2022-11-19,12.319446,18.51419,8.697266,9.816925,4.0914025,5.8810043,-3.4025867,-3.5776014,5.011803,9.18988,0.86045367,43.56372,2
2022-11-20,12.718685,20.887024,8.401489,12.485535,3.688832,4.387031,-2.968797,-2.8254526,4.1345983,5.5780096,1.2154342,46.417152,4
2022-11-21,12.794967,19.558014,8.50531,11.052704,4.153604,5.4573035,-1.9692882,-1.959067,3.0514038,4.5515466,0.64022756,45.149075,5
2022-11-22,14.150394,20.270325,10.359161,9.911163,4.7111564,5.6662064,-1.050166,-1.4704596,2.076279,3.242326,0.37311795,35.53349,8
2022-11-23,13.743777,20.76651,9.185364,11.581146,4.895041,5.790347,-0.57497334,-1.5296005,1.883366,2.5884562,0.65028363,20.601126,14
2022-11-24,14.307546,20.630432,10.817413,9.813019,4.9649396,6.571392,-2.8842914,-2.7671273,4.2493973,7.650922,0.78932583,46.18767,4
2022-11-25,13.526006,20.232483,8.973206,11.259277,4.3423557,5.3535776,-2.2271886,-1.8385805,3.2008982,4.368918,0.5166954,50.459766,5
2022-11-26,13.990711,20.189209,9.835144,10.354065,5.4486794,5.9420185,1.1000601,-0.7079149,1.6101533,3.3967135,0.14761406,302.76224,15
2022-11-27,13.197524,19.954529,8.746887,11.207642,5.48049,6.598751,-0.5994658,-0.78716093,2.4217157,3.6753824,1.0727617,37.29124,8
2022-11-28,12.679615,16.078583,10.5954895,5.4830933,7.420299,8.109217,1.6611401,1.3562914,2.4120033,4.953443,1.4186709,230.76898,13
2022-11-29,11.335153,16.094025,7.9090576,8.184967,6.4274826,7.6677775,0.99332255,-0.4692498,2.6981347,4.303985,1.3318883,295.28625,5
2022-11-30,10.873608,15.361023,8.32782,7.033203,5.6580544,6.071768,-0.8395174,1.117963,2.0153077,4.0318627,0.5184642,143.09583,17
2022-12-01,10.236343,12.746613,8.689484,4.057129,6.3782754,6.69157,0.7478118,2.728962,2.882392,4.657025,1.9000524,195.32446,2
2022-12-02,11.269202,13.820374,10.3081665,3.512207,7.536818,7.921171,-0.049465816,3.0978088,3.5624425,4.5832753,1.2951188,179.08517,2
2022-12-03,13.335625,19.047607,10.640015,8.407593,7.5044894,7.896179,-0.5270653,0.12958503,1.7296737,3.4003305,0.31871778,103.81284,19
2022-12-04,13.016606,15.705688,11.303436,4.402252,8.506387,8.945056,1.0107282,1.0826616,1.7979218,3.8581367,0.66528857,223.03197,16
2022-12-05,11.871181,15.089539,10.0303955,5.059143,7.6526513,8.886192,2.9428806,0.2502919,2.9937668,4.563219,1.9267552,265.1387,1
2022-12-06,10.534737,14.2547,8.572968,5.681732,6.5300326,7.1505847,1.7925724,0.26054677,1.9297985,3.531185,0.4508077,261.7301,12
2022-12-07,10.168897,14.039856,7.915436,6.12442,6.0405965,6.58144,1.991806,0.28060696,2.062333,3.3600972,0.80789226,261.9809,12
2022-12-08,9.790214,14.989716,6.4204407,8.569275,5.5319195,6.1077876,0.73030585,-0.3201501,1.6275225,2.9589417,0.09641763,293.6716,16
2022-12-09,10.269904,15.793121,6.445862,9.3472595,5.2332835,5.6702876,1.3148432,-0.8199523,2.0297754,3.4817693,0.45371625,301.94818,13
2022-12-10,10.490087,14.43045,8.502899,5.9275513,6.557533,7.509159,1.3375763,0.8976617,1.7945843,4.826822,0.24419613,236.13402,16
2022-12-11,11.441773,11.991791,10.626251,1.3655396,7.7879195,8.682939,3.461281,4.74848,6.954329,9.27783,3.8036582,216.08922,0
2022-12-12,7.2223854,9.72467,5.9857483,3.738922,5.538757,5.863182,2.7616282,0.22195739,3.2219937,4.9962144,2.2933166,265.4049,0
2022-12-13,7.172563,12.474609,3.597931,8.876678,4.655972,5.126805,0.43955445,-1.8780909,2.27899,3.1002028,0.44141904,346.82742,6
2022-12-14,8.343125,14.168304,4.3084717,9.859833,4.464008,4.7659435,-0.1695074,-1.2109921,1.9377788,3.0589628,0.7474345,7.9681487,14
2022-12-15,9.360896,14.664734,6.297516,8.367218,4.5274425,5.6099763,-0.62437147,-1.3729773,1.8402157,2.9331903,0.5249392,24.454014,17
2022-12-16,10.726452,15.955017,8.390411,7.5646057,4.519222,5.8201394,-2.2254224,-2.1288311,3.297345,5.738896,1.3208362,46.270794,6
2022-12-17,9.206356,15.176544,5.6228943,9.55365,3.6624348,4.804059,-3.1528304,-2.267624,3.9536178,5.8532777,0.654285,54.275013,4
2022-12-18,10.127511,15.75528,5.973175,9.7821045,3.9101226,4.692022,-0.9572143,-1.0658969,2.2930353,3.034677,0.11607577,41.92499,6
2022-12-19,9.896058,16.054474,5.408478,10.645996,4.439215,5.0691266,-0.6198186,-0.5571932,1.6575123,3.1336117,0.38305253,48.04567,16
2022-12-20,11.110656,17.737823,8.34491,9.392914,4.382077,5.4425693,-0.26608154,-1.3680205,2.0156755,3.2226498,0.6534552,11.00667,14
2022-12-21,12.047,19.980408,8.154053,11.826355,5.1283765,6.1330776,-0.4803337,-2.3083334,2.9373257,4.2284904,1.4350704,11.754749,4
2022-12-22,12.777245,18.077332,9.134064,8.943268,6.0054703,7.252688,-0.7667878,-1.2250277,2.3430634,3.611661,0.95999587,32.04389,6
2022-12-23,13.518033,18.959808,9.530914,9.428894,6.6804543,7.3379745,0.1366277,-1.005308,1.3187963,2.1944978,0.46664357,352.26056,23
2022-12-24,13.821704,21.78128,9.805634,11.975647,6.2728386,7.584475,-1.2152158,-2.1819723,2.6753223,4.648548,1.1974417,29.114943,7
2022-12-25,15.578811,22.761078,12.135132,10.625946,6.0556297,7.5310106,-1.8459644,-2.234143,3.0905762,4.150514,1.1358526,39.565277,5
2022-12-26,16.037569,23.531677,12.33255,11.199127,6.102755,8.153652,-1.3353554,-1.0732421,2.4486103,3.2863183,1.3654231,51.210716,7
2022-12-27,14.211914,18.660828,11.778107,6.882721,7.807028,8.510865,0.9404203,1.3187035,1.9359473,4.66816,0.49533802,215.4942,14
2022-12-28,11.813148,15.78952,8.912811,6.876709,7.4282403,8.610867,1.8438183,0.040114753,2.47833,3.2696652,1.289117,268.75366,5
2022-12-29,10.045116,12.663849,8.486206,4.177643,6.6213164,6.999976,0.4329168,1.0392236,1.6263164,3.1764443,0.13605738,202.6155,15
2022-12-30,11.063468,13.846039,9.752411,4.093628,7.549522,8.375236,0.93722755,1.4458307,1.879567,2.8841944,1.2599779,212.95242,18
2022-12-31,11.686713,13.031342,10.917938,2.1134033,8.616506,9.133256,1.164229,2.9052083,3.1875622,6.7746778,1.888001,201.83789,4
2023-01-01,11.240901,12.689514,8.574738,4.1147766,7.4758916,8.989752,5.453055,1.781305,7.62426,9.358959,5.6548553,251.90976,0
2023-01-02,8.077651,11.687836,5.5362244,6.1516113,5.8131146,6.354028,2.4135654,-1.1084852,3.2371323,6.503572,0.400996,294.66803,5
2023-01-03,9.614617,13.065491,7.915497,5.149994,7.225535,8.642292,-0.7642774,3.2433803,3.7438457,4.8113227,2.227774,166.74057,0
2023-01-04,12.138997,14.016388,11.052765,2.963623,8.841314,9.245614,-2.397184,3.87901,4.6848974,7.548158,2.601868,148.2844,0
2023-01-05,11.966926,13.386749,10.732483,2.6542664,8.308757,9.088166,0.1207489,5.801913,6.632337,7.6005626,5.195142,181.19228,0
2023-01-06,10.008396,15.614197,6.84848,8.765717,6.2762694,7.744645,1.7250296,-1.0509152,2.6442974,4.528997,1.6610719,301.35043,7
2023-01-07,10.076619,15.665253,6.9842224,8.68103,5.655136,7.020222,-1.7428402,-0.9658468,2.5730808,3.6568973,1.0486584,61.00566,8
2023-01-08,11.765246,16.002045,9.21994,6.7821045,6.456163,6.902479,0.021796593,1.4680624,1.5609885,2.9222648,0.41608095,180.85062,17
2023-01-09,11.811717,13.616821,10.648956,2.967865,8.079688,9.355156,-0.65413976,4.4172497,4.558658,8.094084,1.4735738,171.57642,6
2023-01-10,12.718038,13.240204,11.958649,1.2815552,8.929562,9.482419,2.288551,6.8309097,7.923002,9.288452,5.80725,198.52234,0
2023-01-11,10.039337,13.701813,7.964264,5.737549,6.7984643,7.4594126,1.301619,0.67214376,1.7730259,4.2267947,0.28777292,242.6886,15
2023-01-12,11.092431,17.025116,8.109222,8.915894,6.091435,7.4013004,-2.369221,-1.598473,3.1483743,5.0651784,0.47948003,55.99313,5
2023-01-13,11.88086,14.727936,10.223663,4.5042725,6.3524613,8.008552,-1.2540754,0.53802127,2.064904,2.5191593,1.4803371,113.22021,9
2023-01-14,10.689831,12.199249,9.441772,2.7574768,7.836247,8.82966,0.3050725,2.3552957,2.668259,7.380072,0.6561444,187.38023,14
2023-01-15,10.614524,11.792725,9.265533,2.5271912,7.773594,8.850032,4.605923,2.1639433,5.336096,7.432446,3.9334853,244.83505,0
2023-01-16,10.429485,12.384827,8.490845,3.893982,7.3959045,8.923872,3.5579045,4.0504866,6.716039,9.041141,3.7722974,221.29573,0
2023-01-17,8.454941,12.106506,5.881897,6.2246094,5.7107964,6.545854,4.678841,-1.4802351,5.0906963,6.226464,4.4002604,287.5557,0
2023-01-18,7.722103,13.174622,4.027893,9.1467285,5.061367,5.782833,-0.03624094,-1.8552641,2.6286786,3.869685,0.3423529,1.11908,5
2023-01-19,8.844124,12.235565,5.811981,6.423584,5.285647,6.5043344,1.781509,0.06091541,2.0293775,5.9860454,0.050954584,268.04163,17
2023-01-20,7.572271,13.055298,3.4749756,9.580322,4.577494,6.5263233,-0.5423434,-2.8730538,3.6725662,4.720234,1.6388958,10.689876,3
2023-01-21,7.963141,14.657745,4.129669,10.528076,4.168696,4.996378,-0.7293644,-2.4053464,2.8442297,3.7978034,1.683798,16.868685,5
2023-01-22,8.730072,13.409576,6.1438293,7.265747,4.874867,5.5525618,0.4917902,-1.532278,2.0346954,3.9647331,0.14311299,342.20578,13
2023-01-23,7.78678,13.054962,3.8216248,9.233337,4.013782,5.815363,-1.9282751,-5.5583897,6.0268116,7.746669,3.369674,19.1323,0
2023-01-24,9.1731615,16.138092,5.3780823,10.76001,4.2910786,5.341995,-0.6697614,-2.4532022,2.653389,3.8009973,1.526909,15.27047,2
2023-01-25,10.835864,17.093414,6.5571594,10.536255,5.072366,6.1747174,-1.0752019,-1.9558672,2.579847,3.7929268,1.6040351,28.798983,7
2023-01-26,10.50856,15.413208,7.2164307,8.196777,4.96958,6.465006,-3.5025985,-3.7817175,5.17462,7.9869394,1.9675344,42.805622,1
2023-01-27,11.012145,17.775238,6.940155,10.835083,4.8530235,6.1406074,-0.425922,-1.5239369,2.3606958,3.0070844,0.53661644,15.615038,3
2023-01-28,9.798612,14.481293,5.9943237,8.486969,6.168204,7.0646853,-0.107947715,0.5363501,1.5965706,2.7054164,0.15535857,168.62047,14
2023-01-29,9.34011,11.751892,8.220306,3.5315857,6.546144,6.778409,1.8330669,2.46726,3.186636,6.3726177,1.4211643,216.61076,12
2023-01-30,7.9401436,10.105896,6.384247,3.7216492,5.9310455,6.2122664,-0.7097163,0.70109683,2.9151201,4.8033676,0.847012,134.64995,6
2023-01-31,7.9281516,13.098389,4.0134583,9.08493,3.9589784,5.8034444,-3.2051153,-4.558905,5.6421685,8.725845,3.1367044,35.10894,0
2023-02-01,8.417229,16.473907,4.411316,12.062592,3.5501556,4.426226,-1.9129605,-3.0980823,3.7137887,4.5971174,1.2051976,31.693916,4
2023-02-02,10.851394,16.487518,7.175049,9.3124695,4.9172454,5.8130274,-1.4756123,-0.4769322,2.3006005,3.3841798,1.5108417,72.08866,8
2023-02-03,12.330569,16.765167,9.415985,7.349182,5.2587705,6.6042967,-0.784759,-0.30617556,1.576507,2.3903008,0.71999854,68.68664,20
2023-02-04,12.756719,18.910736,8.593292,10.317444,5.66937,6.8248544,0.695358,-0.7104063,1.9405246,3.5418587,0.09115498,315.6133,15
2023-02-05,11.630837,14.70755,9.435974,5.271576,7.3361793,8.129718,3.6886833,-0.22242808,3.8173625,6.5858607,1.4658138,273.45078,3
2023-02-06,9.728005,15.315735,5.815216,9.500519,5.6946607,6.836161,2.3953164,-3.8434591,5.184767,5.945543,3.63207,328.06805,0
2023-02-07,10.305308,17.316193,5.947418,11.368774,4.7607694,5.864525,-1.7671705,-3.1677654,3.7523167,5.853797,1.2240216,29.155413,3
2023-02-08,12.807365,19.680786,8.802673,10.878113,5.5121665,6.448846,-0.4276196,-1.5031294,1.9052025,2.3344197,1.0249066,15.880322,9
2023-02-09,13.600281,20.130707,9.666534,10.464172,5.722338,7.4598308,-1.5144631,-2.1092205,3.1136281,4.8194094,2.0318205,35.67911,0
2023-02-10,12.499568,19.46811,7.7745056,11.6936035,4.7643723,6.5093355,-2.913606,-1.3897972,3.5464897,5.0881386,1.44686,64.49873,3
2023-02-11,11.202755,15.804504,7.107361,8.697144,6.0023074,6.684825,1.5366201,0.83771896,1.945948,6.1028175,0.1855453,241.40211,17
2023-02-12,8.814588,12.688812,6.0708313,6.617981,5.617377,6.2330327,0.8970941,0.065482154,1.6962795,5.232217,0.19340785,265.8252,19
2023-02-13,9.5790825,14.356781,6.636627,7.720154,6.1297684,6.7895694,0.91780645,0.7617586,1.9498464,4.193582,0.75658613,230.3081,14
2023-02-14,9.877464,11.9935,8.253204,3.7402954,6.30802,7.2118716,4.553452,0.685788,5.2137585,8.522366,3.3933764,261.43515,0
2023-02-15,6.7334924,12.500458,2.0954895,10.404968,3.6763165,4.4796786,1.0048071,-4.76603,5.5689178,8.046137,3.0966074,348.09485,0
2023-02-16,7.5005965,13.361511,3.175171,10.18634,3.4063091,3.9848928,-1.6292831,-2.40826,3.542959,5.5450854,1.2314461,34.0799,3
2023-02-17,8.435227,13.225433,5.335724,7.8897095,3.8625515,4.450162,-2.956598,-1.2915318,3.429763,5.097,0.7855637,66.40283,5
2023-02-18,9.626823,15.569458,5.9768677,9.59259,4.3552146,5.3748374,-2.0515144,-0.5956862,2.6141562,3.6165347,1.4967963,73.80859,3
2023-02-19,11.008101,16.428467,6.4049683,10.023499,4.94461,6.009728,-0.8322725,-0.17636204,1.6934185,2.7184696,0.52019835,78.03576,14
2023-02-20,11.866492,18.912537,7.588043,11.324493,6.116648,7.010435,-0.17766662,-0.3036593,1.7679906,3.145198,0.32734916,30.331278,12
2023-02-21,12.262805,16.016907,8.810272,7.2066345,7.0588126,7.512333,1.8091217,0.8034608,2.483455,6.7106757,0.14272851,246.0532,12
2023-02-22,6.978775,11.522797,3.7930298,7.729767,4.9389415,7.5402846,8.308913,-1.2171733,8.647349,10.520274,6.475582,278.33398,0
2023-02-23,5.79731,7.4190674,4.4922485,2.9268188,4.9191966,5.211895,5.049799,1.8566774,5.533676,8.349894,3.8489459,249.81287,0
2023-02-24,7.0888,9.770691,4.8686523,4.9020386,5.793572,7.009532,-0.25277257,6.574922,6.9975343,10.864107,3.3855398,177.79834,0
2023-02-25,7.687102,9.466064,5.174225,4.2918396,6.141996,7.3523383,-0.50756425,6.5094495,6.931063,12.416882,1.4888676,175.54147,3
2023-02-26,6.214705,10.399353,3.5221558,6.8771973,4.842032,5.1976075,3.1826706,1.0109934,3.8124714,5.7677507,2.5410376,252.37726,0
2023-02-27,7.4298415,10.257782,5.962158,4.295624,5.7034783,6.424349,1.8955566,2.949834,3.596907,6.967595,2.1402102,212.72472,0
2023-02-28,8.34563,11.356354,6.8074646,4.548889,5.9031544,6.354641,4.1136384,1.5017487,4.538555,6.218334,3.570462,249.9446,0
2023-03-01,7.8739905,9.503265,6.957855,2.5454102,5.7724786,6.745393,6.8260446,1.2693955,7.924009,9.923738,4.8047547,259.46542,0
2023-03-02,6.9935555,14.484558,2.6760864,11.808472,4.016377,4.2798877,2.303149,-3.3682458,4.6032968,9.442339,0.3891047,325.63635,5
2023-03-03,8.879108,14.967133,4.613098,10.354034,4.972902,5.1957664,0.6347625,0.2563781,1.090952,2.4660616,0.18701684,248.00641,21
2023-03-04,9.013828,12.910889,6.2147827,6.696106,6.03768,6.322796,1.6475939,1.614981,2.5984194,5.820623,0.15346026,225.57272,11
2023-03-05,8.019237,10.587128,5.9812927,4.605835,5.891113,6.2649674,3.910148,2.1266172,4.4841495,6.131768,3.3666472,241.4595,0
2023-03-06,9.053422,12.7500305,6.081299,6.6687317,5.941954,6.5912867,3.6024723,0.8949788,3.8117008,5.540501,2.0037415,256.04822,0
2023-03-07,8.919228,14.034607,5.7121887,8.322418,5.3584085,6.176976,2.63988,-0.7016582,3.1612797,5.3056116,1.9585633,284.8846,2
2023-03-08,8.929656,13.397308,6.115326,7.2819824,5.5004334,6.017254,3.0757797,-0.11050948,3.109936,5.0906544,1.8124498,272.0577,2
2023-03-09,10.271173,16.548035,5.8607483,10.687286,5.347239,5.902627,1.219011,-0.042214353,2.1655223,4.1352897,0.86454386,271.98337,14
2023-03-10,10.363393,14.013306,8.672577,5.3407288,7.10458,8.600389,0.013815085,3.12271,3.5515864,5.635217,1.488381,180.2535,2
2023-03-11,12.553462,15.91748,11.052399,4.865082,8.788363,9.363417,1.9830261,2.694444,3.4973295,5.2962418,2.1002557,216.35191,0
2023-03-12,13.158287,17.526703,10.355652,7.171051,8.29856,9.170533,2.6708374,0.23529051,2.8425934,4.8776813,1.7078705,264.96545,7
2023-03-13,12.569131,17.361877,9.640167,7.72171,7.866855,8.65884,2.1488273,0.28195885,2.2817295,4.5379353,0.94946694,262.52463,11
2023-03-14,11.754436,15.425568,10.376373,5.0491943,8.357731,8.794232,0.13992052,2.8306024,3.271305,6.4725943,1.0235685,182.82991,9
2023-03-15,12.507518,14.367767,11.389923,2.9778442,8.717653,9.230305,1.4724598,4.140591,5.1003747,6.7494607,3.1396239,199.5762,0
2023-03-16,11.280728,15.63855,8.612274,7.0262756,7.0218787,7.804777,1.4184281,0.9318524,1.9891587,4.5209913,0.053629376,236.69664,12
2023-03-17,11.933948,17.40216,8.812775,8.589386,6.594003,7.0630875,0.03874275,0.2606338,1.3956379,3.057924,0.35634965,188.45502,19
2023-03-18,13.194295,18.578522,8.640076,9.938446,5.928574,7.4682493,-1.6797692,-0.4342009,2.8109715,5.572847,1.4060181,75.50693,9
2023-03-19,13.069565,15.585693,10.706543,4.8791504,7.4172535,7.901402,-0.32275084,2.6987126,2.9419968,6.619063,0.36903468,173.18013,12
2023-03-20,11.473136,13.660736,10.321564,3.3391724,7.801924,8.077338,1.0529125,1.9237251,2.8871868,5.3031435,1.007143,208.69322,9
2023-03-21,9.718491,12.086151,7.1127014,4.9734497,6.997767,8.2756605,1.2900454,5.3707633,6.482057,10.600851,3.160935,193.50645,0
2023-03-22,9.046514,11.272766,7.29245,3.9803162,6.3133492,7.2496243,4.121369,4.7839866,6.5275664,9.349777,4.191456,220.74466,0
2023-03-23,9.425153,13.559967,7.3749084,6.1850586,6.2188554,6.4059315,3.3675783,0.23411159,3.4727466,6.6310787,2.2596471,266.02325,0
2023-03-24,9.81095,14.833527,6.322632,8.510895,5.7372565,6.6328745,4.2432284,-2.8666966,5.386371,6.5737853,4.2533245,304.0427,0
2023-03-25,9.36041,15.350922,4.772217,10.578705,5.129925,6.0071535,1.8060297,-3.0177574,3.8616283,5.7939434,2.192311,329.10086,0
2023-03-26,9.310325,14.796082,4.374176,10.4219055,4.9765477,6.1382847,2.6221912,-3.4078302,4.5099525,5.805623,3.574107,322.42313,0
2023-03-27,9.696061,16.631989,5.155243,11.476746,4.5121017,5.700857,-1.9576712,-2.4763978,4.5203595,7.4773173,1.1297615,38.32749,2
2023-03-28,11.985599,17.160583,7.506439,9.654144,5.1781707,6.3856783,0.15828842,0.17998214,2.5088818,5.4198294,0.2996289,221.33058,8
2023-03-29,10.265925,14.246918,8.33194,5.914978,6.468983,7.4057336,2.9472504,3.0733678,4.647177,6.667518,2.7432687,223.79997,0
2023-03-30,8.545497,11.6206665,6.7609253,4.859741,5.6767364,6.119006,3.2432826,1.8392153,3.8394916,6.374354,2.5040367,240.44312,0
2023-03-31,9.210194,15.3229065,5.023834,10.299072,5.316778,5.8065553,0.597908,-0.303246,2.085296,3.6843114,0.83964837,296.89313,11
2023-04-01,12.511344,18.619568,7.82901,10.790558,6.0252633,6.7747,1.677465,-0.669398,2.5345767,5.149711,0.5787774,291.75464,11
2023-04-02,11.918144,17.144989,7.557251,9.587738,7.033877,7.632641,2.1041012,0.59646255,2.4472637,5.8452945,0.27743277,254.17325,12
2023-04-03,10.650283,14.964783,8.282684,6.6820984,6.2694154,7.9636927,5.694159,-1.2270296,6.3067555,10.391715,4.0562325,282.16068,0
2023-04-04,7.962744,13.38974,3.4883118,9.901428,4.3091645,4.619294,4.660279,-4.1506157,6.35111,10.08695,4.7998743,311.68945,0
2023-04-05,9.7799635,16.567566,4.702545,11.865021,4.822141,5.694023,0.19024016,-1.531558,2.8443487,6.291593,0.40930182,352.91937,5
2023-04-06,12.220193,19.04181,6.7878723,12.253937,5.0043087,6.2825804,-0.89480704,-1.3516802,2.477135,4.1560345,0.21736836,33.504402,7
2023-04-07,13.8049555,18.240326,9.956482,8.283844,6.183699,6.76175,1.7539845,0.49533358,2.1286838,4.7111096,0.35718793,254.23007,12
2023-04-08,13.538933,18.822296,9.137054,9.685242,7.391205,7.8795514,2.1372027,0.3502449,2.2194893,4.4381223,0.33412316,260.6931,12
2023-04-09,14.849948,22.232635,9.850311,12.382324,7.946875,8.534965,0.76332694,-0.25460556,1.9217931,4.2817945,1.0823191,288.44598,18
2023-04-10,17.251574,22.608368,12.167633,10.440735,7.3099217,9.361921,0.23270841,0.548255,1.6403798,3.8321838,0.5613557,202.99895,17
2023-04-11,15.890075,20.971375,11.68512,9.286255,7.420788,8.671962,1.0205021,0.7524341,1.6086591,3.7288823,0.14773938,233.59799,16
2023-04-12,13.567326,18.386353,10.255188,8.131165,8.092015,9.045239,0.955983,1.1365432,1.6782106,4.280288,0.60895616,220.06828,17
2023-04-13,11.947167,15.105103,9.584442,5.5206604,7.4275374,8.274907,2.8616886,1.068947,3.1348112,4.187126,2.2541492,249.51749,0
2023-04-14,11.425172,17.187317,7.4306335,9.756683,6.46133,7.146679,2.4408603,0.7513922,2.6181865,3.913064,1.3644154,252.88959,6
2023-04-15,13.298748,20.260162,8.507233,11.75293,6.8633733,7.305954,1.4532775,0.29867503,1.9097408,4.0905766,0.20497152,258.38638,13
2023-04-16,14.095706,18.731842,10.335846,8.395996,7.391262,8.404751,1.6297635,0.75635403,1.8679705,4.030643,0.3845327,245.10455,14
2023-04-17,13.005471,17.612091,9.14682,8.465271,7.6290154,8.247491,1.9323858,0.4514823,2.069946,4.742925,0.31483704,256.84933,14
2023-04-18,12.451694,16.63208,9.586609,7.045471,7.1104026,7.8683467,3.7097979,0.39534155,3.8400815,6.153978,2.6838958,263.9171,0
2023-04-19,11.625068,17.658875,6.7362366,10.922638,5.7530046,6.9937954,2.8655634,-1.8779737,3.733309,5.741028,2.5923147,303.2392,0
2023-04-20,14.141499,22.48587,8.533508,13.952362,6.1866555,6.9579153,0.2161885,-2.3452044,2.9059532,4.1621356,0.7959129,354.7332,4
2023-04-21,17.94637,25.592773,12.419708,13.173065,7.062656,7.994645,-0.08045462,-1.8364886,2.7076108,3.6528804,0.41307837,2.5084631,4
2023-04-22,18.721296,24.498901,13.645233,10.853668,8.565205,9.798918,0.4544665,-1.2540426,2.3479576,3.832466,0.4165776,340.07944,6
2023-04-23,17.937204,22.194733,13.330841,8.863892,9.168689,10.440188,1.1398034,-0.16525361,1.7449993,3.8350365,0.57925475,278.2495,15
2023-04-24,15.88115,22.158813,11.415192,10.743622,8.755757,9.922165,1.7978711,0.056176364,1.8931454,4.685931,0.4573409,268.21033,16
2023-04-25,15.470733,22.433014,10.446564,11.98645,8.06577,9.247742,1.19443,0.17075747,1.547732,4.4856396,0.36869916,261.86404,20
2023-04-26,16.518887,23.345673,10.468964,12.876709,7.2448173,8.329968,0.70907617,-0.32963285,1.6350402,3.0353754,0.7436205,294.93262,17
2023-04-27,18.152655,23.919342,12.790466,11.128876,7.1655984,8.676718,1.049683,-0.04328187,1.4998997,4.1295958,0.21360402,272.36115,17
2023-04-28,17.450014,23.750763,12.647064,11.103699,7.705754,9.445622,0.6464545,0.15770619,1.4250237,4.114108,0.3786036,256.29016,17
2023-04-29,17.763199,23.800476,12.892761,10.907715,8.006837,9.33095,1.1890093,0.64754504,1.639793,4.1279078,0.4052618,241.4269,15
2023-04-30,16.276411,21.204987,12.387146,8.817841,7.904636,9.136464,1.2303005,1.4437937,2.0001159,4.350006,0.16927755,220.43533,14
2023-05-01,12.876992,17.511993,10.263031,7.2489624,7.6768823,8.161822,2.1506526,1.9788076,2.9873428,6.380269,1.1966354,227.38297,12
2023-05-02,11.551216,14.848694,8.774902,6.0737915,6.771051,7.571443,3.5132618,2.3145251,4.316337,6.372255,2.3396287,236.62326,0
2023-05-03,11.108308,14.75528,8.331329,6.42395,6.4375916,6.834385,2.253306,2.089853,3.255585,5.6405745,1.3797078,227.15529,8
2023-05-04,11.49791,14.572357,9.349243,5.223114,7.0609436,7.588571,2.2466598,4.0464263,4.694477,6.0806746,3.475763,209.03995,0
2023-05-05,12.130985,16.343048,9.625641,6.717407,7.142605,7.3937783,2.67828,2.0673845,3.4161766,5.410995,2.2672246,232.33519,0
2023-05-06,13.136742,17.694763,10.05838,7.636383,7.3230033,7.669938,3.5228493,0.8499243,3.6506808,6.3011494,2.065357,256.436,0
2023-05-07,13.938541,19.252655,10.284485,8.96817,7.6444683,8.210377,3.1774914,0.5849457,3.2483876,6.0997815,1.496928,259.56918,4
2023-05-08,14.766387,20.115784,10.887543,9.228241,8.181277,8.568886,3.218114,0.3297216,3.269968,5.7232957,1.9311646,264.15002,3
2023-05-09,13.980133,18.577179,10.40921,8.167969,8.208004,8.765936,3.071726,0.81086427,3.3365662,6.3938403,1.3880628,255.21259,5
2023-05-10,13.387471,18.763245,10.139008,8.624237,7.699465,7.854051,4.6515026,0.67545915,4.7962933,6.288413,3.7848158,261.73767,0
2023-05-11,14.635333,21.02301,10.829773,10.193237,8.056575,8.378297,2.260184,0.8976679,2.4507723,5.097674,0.82572293,248.33871,10
2023-05-12,16.297422,23.475372,11.124329,12.351044,8.5031,9.146153,1.4999517,0.4224186,1.8004347,4.6278563,0.08548179,254.27165,15
2023-05-13,18.328623,24.845581,12.741943,12.103638,8.485621,9.768782,0.9434662,-0.110701054,1.537484,3.4368887,0.36425066,276.69217,18
2023-05-14,17.966885,23.172882,13.38504,9.787842,8.7491865,9.734715,0.41999054,1.6618227,2.1040196,3.9893513,0.7597761,194.18332,14
2023-05-15,17.868885,22.513214,13.60025,8.912964,8.6174135,9.527259,0.6948537,1.3937885,1.7226343,4.0274563,0.1791142,206.49791,15
2023-05-16,18.158836,23.477142,14.548462,8.92868,8.527692,9.407206,1.2544695,0.7518242,1.8889185,3.831589,0.5778359,239.06506,15
2023-05-17,18.928679,24.077728,14.565399,9.512329,8.1424,9.107757,1.3559414,0.52866197,1.7940359,3.918,0.24161294,248.69992,14
2023-05-18,18.763803,23.401459,14.506714,8.894745,8.796668,9.427975,1.0078589,0.8333835,1.6428419,3.7723925,0.038543213,230.41316,14
2023-05-19,17.622711,22.918549,12.611237,10.307312,8.51838,9.201566,0.6956868,1.5041618,1.883941,3.751717,0.5784512,204.82092,15
2023-05-20,17.37157,22.405548,13.374756,9.030792,8.948945,9.329836,0.9426674,1.0901642,1.8067536,3.5105343,0.30800965,220.85005,14
2023-05-21,17.984102,23.249573,14.213745,9.035828,9.542893,9.782564,1.3341545,0.8627389,1.7936172,3.7596183,0.2640437,237.11104,14
2023-05-22,18.090261,23.194061,13.998108,9.195953,9.367425,10.466427,1.3224918,1.4138054,1.9956774,4.0692058,0.7498746,223.08868,15
2023-05-23,16.741182,21.131134,12.806793,8.324341,9.175387,9.794654,1.2981701,2.1412344,2.6263838,5.1193194,1.0456413,211.22726,11
2023-05-24,15.040883,19.82669,11.322388,8.504303,8.229548,8.730244,1.5641533,2.192193,2.7133968,4.782912,1.0003747,215.50827,9
2023-05-25,14.802018,19.257324,11.832214,7.42511,7.984005,8.348531,2.3505127,2.2316635,3.2495668,5.218248,1.9412574,226.48578,2
2023-05-26,14.995541,19.097565,12.610535,6.48703,8.409707,8.790726,3.5045662,1.7075619,3.9183388,5.4067917,3.1085029,244.02286,0
2023-05-27,16.104311,22.195618,12.279083,9.916534,8.903277,9.202316,3.1733239,1.2147669,3.4653099,5.351937,2.2151005,249.05287,0
2023-05-28,16.264076,21.355652,12.557312,8.79834,9.183044,9.446447,2.3502636,1.8088717,3.0281897,5.155081,1.5010493,232.41646,5
2023-05-29,16.102064,19.85965,13.010773,6.848877,9.151515,9.4148035,2.2633913,2.3694727,3.3004057,5.1376395,2.0295894,223.6883,0
2023-05-30,15.396511,19.274689,12.732178,6.542511,8.656869,9.085988,3.260127,1.5453993,3.630266,5.5184813,2.9296975,244.63763,0
2023-05-31,15.309116,20.010101,12.787903,7.2221985,8.823808,9.205175,4.032983,1.1971642,4.245214,5.620332,3.6332848,253.46683,0
2023-06-01,15.839181,20.501648,12.748749,7.752899,9.225814,9.418388,3.2595165,1.6983622,3.713392,5.593524,2.842713,242.47836,0
2023-06-02,16.594042,22.502197,12.632538,9.869659,9.150256,9.387388,2.9526756,1.3899528,3.3257844,5.0084505,2.3356411,244.7916,0
2023-06-03,17.405546,23.56662,12.432465,11.134155,9.172382,9.616341,2.2055874,1.1681638,2.6078498,4.778574,1.4940672,242.09259,10
2023-06-04,17.707436,23.099579,13.214264,9.885315,8.706576,9.485324,1.3679651,1.4678005,2.085759,4.2850933,0.5382613,222.98369,13
2023-06-05,15.674946,20.803955,11.953278,8.8506775,8.311333,8.67631,0.71471626,2.5991776,2.792799,5.3961363,1.3328527,195.37508,11
2023-06-06,14.371338,18.322021,11.758148,6.5638733,7.9130473,8.165578,1.0874366,2.8508358,3.1303089,5.192989,2.2628086,200.8791,0
2023-06-07,15.102997,19.70111,12.62915,7.0719604,8.590197,8.813707,1.6969045,2.0236707,2.7028847,4.2467456,1.7180831,219.98079,6
2023-06-08,16.831041,22.315186,13.174408,9.140778,9.395331,9.690094,2.6852696,1.1384906,2.9550354,5.4134846,1.815261,247.02422,4
2023-06-09,17.189028,22.093048,13.404877,8.688171,9.719383,10.01832,3.0259197,1.359111,3.3367367,5.2992797,1.8444122,245.81247,3
2023-06-10,16.617363,20.003387,14.156891,5.8464966,9.871873,10.33022,2.47342,1.2762073,2.8149614,4.995223,1.5381988,242.70767,4
2023-06-11,15.768363,18.83191,13.382996,5.4489136,9.469447,9.9412565,2.8693678,2.3171413,3.7181008,5.717356,2.9088306,231.0776,0
2023-06-12,16.122568,20.922852,13.182007,7.7408447,9.229081,9.433283,3.0476732,1.9162866,3.6472785,5.4382634,2.781714,237.83954,0
2023-06-13,17.31133,22.588654,13.350922,9.237732,9.648166,9.940416,2.6868725,1.0919391,2.9661036,4.9250703,1.8769372,247.8833,3
2023-06-14,17.44929,22.113617,13.802856,8.3107605,9.998038,10.290217,2.664139,1.3689564,3.0179749,4.5716047,1.9462525,242.80383,3
2023-06-15,17.59733,23.26056,13.799469,9.46109,10.137844,10.800646,2.011051,1.909552,2.8099735,4.5394993,1.0065011,226.48297,5
2023-06-16,18.523294,23.406189,14.793579,8.61261,10.690968,11.437003,2.0615244,1.2190639,2.485779,4.3607116,0.407369,239.40244,10
2023-06-17,20.47758,26.50946,15.373138,11.136322,11.062161,11.500884,2.399067,0.51343226,2.6326797,5.0032897,0.98136955,257.92017,10
2023-06-18,19.206882,24.608368,14.196808,10.41156,9.893565,11.1751175,1.825539,1.7408608,2.6143813,4.90341,0.51107115,226.36014,11
2023-06-19,17.357801,22.558899,12.875366,9.683533,8.976584,9.343761,2.156644,1.6678013,2.7497013,5.322282,0.83165795,232.28409,10
2023-06-20,17.602453,24.029358,11.844727,12.184631,7.8308716,9.011833,2.334432,0.20141007,2.6618721,5.089818,0.84921736,265.06885,9
2023-06-21,18.393173,24.569885,12.54071,12.029175,7.585039,8.618751,2.0147517,0.43906078,2.3313954,5.0031724,0.5008858,257.70615,12
2023-06-22,16.881506,22.486847,11.954376,10.532471,7.6995354,8.567009,2.6827853,1.8089046,3.3267195,6.53156,1.3843815,236.00966,7
2023-06-23,15.7521925,22.620026,11.651398,10.968628,7.7120824,8.401221,3.0102844,1.1092995,3.2580225,6.3886023,1.50346,249.771,6
2023-06-24,17.586027,23.059998,12.723816,10.336182,8.718457,9.391929,2.4469168,1.0190878,2.7906113,4.876401,1.0090225,247.38934,10
2023-06-25,17.332285,23.364746,12.222351,11.142395,8.420859,9.208183,2.5253403,1.1789075,2.8065536,5.2571945,0.800653,244.97537,8
2023-06-26,18.22878,24.12442,12.510773,11.613647,8.524484,8.982735,2.6773164,0.7670493,2.8026645,5.3362646,0.5130069,254.01303,9
2023-06-27,18.712254,24.97876,12.981659,11.997101,8.675687,9.475641,2.0412872,0.7962251,2.2054865,5.0620832,0.28328574,248.69122,12
2023-06-28,18.066492,23.588196,12.553711,11.034485,8.735749,9.463927,2.00222,1.3240693,2.4483693,4.418025,1.0839922,236.52332,11
2023-06-29,19.465168,27.41278,13.562103,13.8506775,9.212227,9.539302,1.577331,0.6375574,1.7456765,4.2779408,0.24795866,247.99144,15
2023-06-30,22.097672,29.577118,15.964172,13.612946,9.065921,10.346457,1.098588,0.24627937,1.3980279,3.699507,0.25426412,257.36444,17
2023-07-01,23.262636,29.477234,17.337463,12.1397705,8.826971,10.21915,0.9843488,0.586649,1.4985756,3.455807,0.09484421,239.20605,15
2023-07-02,22.725489,28.595795,17.83786,10.757935,8.860655,9.437439,1.4999329,0.87368256,1.8840202,4.177609,0.2545909,239.78001,13
2023-07-03,23.029364,28.680511,17.676544,11.003967,8.868875,10.2503195,2.4006813,0.5169682,2.5813408,5.35992,0.9161642,257.84738,13
2023-07-04,21.142075,26.79242,14.741516,12.050903,7.432736,9.191639,2.2004251,0.98511523,2.4573138,5.226524,0.5098608,245.88226,11
2023-07-05,20.13922,27.00586,13.698151,13.307709,7.1330695,8.073489,1.8024168,1.242421,2.3081777,4.817205,0.49646443,235.42117,12
2023-07-06,19.693521,25.384521,14.458038,10.926483,7.5937037,8.535305,1.7540098,1.3568668,2.2895021,4.5952673,0.7800097,232.27518,12
2023-07-07,18.982052,25.468811,13.295441,12.17337,8.297929,8.947286,2.1785498,1.1827691,2.512962,4.6783223,0.84970284,241.50177,12
2023-07-08,19.74481,26.593872,14.02536,12.568512,8.736149,9.221205,1.9146967,0.9919031,2.2216437,4.6151595,0.31331763,242.61372,12
2023-07-09,19.699457,25.29068,13.971954,11.318726,8.73223,9.507732,1.6950407,1.0506991,2.1345026,4.536807,0.17591059,238.2066,13
2023-07-10,20.90555,28.034027,14.441681,13.592346,7.833208,8.798595,1.3943027,0.98423165,2.0693128,4.2563004,0.04535227,234.78192,13
2023-07-11,22.927286,29.12436,17.792023,11.332336,7.273037,8.38229,1.2437739,1.5917072,2.2240584,4.8315077,0.28916183,218.0044,12
2023-07-12,24.127014,29.929077,19.597076,10.332001,8.237111,8.84964,2.2037108,1.4525967,2.6612947,5.1282835,0.8125414,236.60876,10
2023-07-13,24.426016,30.40866,19.052765,11.355896,8.822719,10.080175,2.7175295,0.52000266,2.8046932,4.9232264,0.7569245,259.16733,6
2023-07-14,24.67157,32.249084,18.475128,13.773956,8.63186,9.754153,1.5541892,0.47374877,1.7626853,4.702201,0.24956483,253.0477,16
2023-07-15,25.834412,31.900604,19.537811,12.362793,9.230587,10.144394,0.9176343,0.38874516,2.1104178,3.3256462,0.91868263,247.04062,13
2023-07-16,25.815153,31.535797,21.04889,10.486908,9.314377,10.125347,0.946764,1.465434,1.8454963,4.1003003,0.6177105,212.86505,14
2023-07-17,25.049936,30.398895,21.157776,9.241119,9.51228,9.810038,1.0756019,1.8301588,2.237311,4.1615114,0.26064235,210.44316,10
2023-07-18,25.783133,31.018005,21.598602,9.419403,9.775216,10.280015,1.6503187,1.4933707,2.2881336,5.434936,0.13861176,227.85811,13
2023-07-19,25.50032,31.502808,20.673035,10.829773,10.030011,10.577706,2.1808338,1.3551792,2.5820749,5.247294,0.92482114,238.143,11
2023-07-20,26.423532,31.992096,21.20694,10.785156,10.120999,11.521599,1.8311939,0.96718377,2.1393154,4.552817,0.15106605,242.1583,13
2023-07-21,26.292665,31.45105,20.939331,10.511719,9.156567,10.072947,1.5513893,0.7173254,2.0550497,4.3848896,0.62426674,245.1853,14
2023-07-22,25.486755,30.660034,19.81314,10.846893,8.669525,9.308544,1.237482,0.91185206,1.9834994,4.303662,0.6470697,233.61496,14
2023-07-23,25.505423,30.738953,19.125458,11.613495,9.366783,9.851656,0.6288884,1.7852565,2.3878803,4.26657,1.3137822,199.40573,13
2023-07-24,25.445038,31.412628,21.057404,10.355225,10.2619095,10.94002,1.235892,1.3048185,1.9767507,4.4172854,0.24169831,223.44601,13
2023-07-25,26.53773,32.33896,21.524414,10.814545,9.123562,10.143284,1.5098041,0.7186212,2.0277631,4.392269,0.2886839,244.54697,14
2023-07-26,27.00643,32.983643,21.886719,11.096924,9.552104,10.469877,1.6695122,1.0576196,2.048813,4.805312,0.08354154,237.64615,13
2023-07-27,26.79598,33.01938,20.986328,12.033051,9.704883,10.425333,2.0197566,0.4071226,2.1089923,4.7293506,0.1290764,258.6036,13
2023-07-28,26.22912,32.222107,20.862854,11.359253,9.492644,10.545301,1.5330812,0.7587622,2.146142,4.816596,0.05717234,243.668,14
2023-07-29,25.82551,32.665466,20.185822,12.479645,9.440949,9.871866,1.4270483,0.66493696,1.917244,4.7935505,0.23615198,245.01671,15
2023-07-30,26.671228,31.72116,21.700958,10.020203,10.132151,10.490265,1.6693181,0.16604815,2.088207,4.8102055,0.604809,264.31946,14
2023-07-31,26.480768,32.016327,21.339813,10.676514,10.544994,11.447193,0.6848602,1.2109636,1.8760824,4.0448275,0.34194463,209.49033,15
2023-08-01,25.224585,29.74759,21.122864,8.624725,10.819534,12.017155,1.1288785,1.5396229,2.2122915,4.393317,0.5166246,216.24953,11
2023-08-02,24.432352,29.53061,18.93686,10.59375,9.432029,10.537644,2.285745,0.99383,2.612746,5.9298005,0.51390594,246.50085,12
2023-08-03,22.892561,29.414764,16.883148,12.531616,7.6394486,8.502989,2.3585744,0.54800755,2.535443,5.79131,0.5769788,256.9196,11
2023-08-04,22.788595,30.288055,16.354187,13.933868,8.816728,9.740435,1.8595022,0.12952071,2.1618843,5.037478,0.6899984,266.0156,13
2023-08-05,24.055307,31.643799,17.653046,13.990753,8.957574,9.705928,1.9681054,-0.15434845,2.4095135,4.479521,0.81423384,274.48425,13
2023-08-06,25.024336,32.287018,18.530457,13.756561,7.824688,8.666843,0.9365162,0.60987496,1.8511969,4.4622355,0.31742445,236.92715,15
2023-08-07,23.931269,29.828796,18.687836,11.140961,7.373192,8.2661705,0.039408702,2.2387018,2.5241945,5.110067,0.9019932,181.00851,13
2023-08-08,22.438925,28.749298,16.881958,11.86734,8.451697,9.767802,0.15215035,2.992934,3.2411232,5.523724,1.8266985,182.91023,9
2023-08-09,22.418198,27.940948,17.911469,10.02948,11.120311,11.77202,1.3409961,2.478345,2.9077175,5.302786,1.1276802,208.41719,10
2023-08-10,21.908972,26.606781,17.832489,8.774292,11.675946,11.858914,1.355611,2.201607,2.7023747,4.3339314,1.408807,211.62215,7
2023-08-11,22.01821,27.22699,17.979767,9.247223,12.172013,12.449327,1.8606701,1.1980464,2.2433884,4.451802,0.49652067,237.22336,12
2023-08-12,22.86236,28.712708,18.18628,10.526428,11.947961,12.653591,1.8117663,1.1430045,2.207339,4.3632956,0.15550669,237.75305,12
2023-08-13,23.490326,29.107697,18.559143,10.548553,10.2804,11.052504,1.6209726,0.84406406,2.1097717,4.186984,0.53401953,242.49335,13
2023-08-14,23.777832,29.901154,19.283264,10.617889,9.566865,9.9645,1.3386189,1.0869488,1.9315828,4.4414372,0.113792725,230.92366,14
2023-08-15,25.065004,31.263367,20.415314,10.848053,9.203847,9.615195,1.9223442,0.6462124,2.1329134,4.3272023,0.06769023,251.4195,13
2023-08-16,26.265694,32.227264,21.597137,10.630127,10.632827,11.986055,1.9397163,0.039831877,1.993563,4.427527,0.26310846,268.8236,14
2023-08-17,26.451849,31.785309,21.318665,10.466644,8.936078,10.411565,2.2715232,0.84019375,2.5371692,5.341129,0.11573941,249.70152,13
2023-08-18,24.305511,30.083405,19.284607,10.798798,7.7333493,8.591605,1.9158896,1.204798,2.3870702,5.0572767,0.086051926,237.83647,11
2023-08-19,22.988245,28.355042,19.057861,9.29718,9.096759,10.104356,0.52870995,1.7865297,2.3974438,5.963334,0.015502622,196.48573,12
2023-08-20,22.731375,24.61914,21.28415,3.3349915,12.9828005,16.518158,-2.0783184,-1.9949194,3.300846,5.692802,0.73709506,46.17296,8
2023-08-21,20.624083,24.79663,17.194397,7.602234,12.860156,16.565615,-0.35011852,4.4175344,5.0110917,9.624883,2.9784424,175.4684,0
2023-08-22,21.623682,27.50003,17.273895,10.226135,11.805709,12.426998,1.3538102,0.7348091,1.9019912,3.879613,0.37319827,241.50818,13
2023-08-23,23.298899,29.34317,19.088348,10.254822,10.699094,11.64959,1.8333558,0.4350208,2.0796936,4.7384477,0.59585935,256.65167,14
2023-08-24,22.654093,27.41565,18.12674,9.28891,10.214246,11.387041,2.1268349,1.0164436,2.4288008,4.654763,0.40777117,244.45622,10
2023-08-25,22.480423,29.103363,17.721497,11.381866,8.940478,10.368844,1.8837811,0.5971379,2.0801978,4.3405895,0.31972146,252.41196,13
2023-08-26,23.113579,29.907318,18.365204,11.542114,8.283707,9.735134,2.0714328,0.5851725,2.27376,4.6441064,0.5280024,254.22522,12
2023-08-27,25.408737,32.176697,20.46762,11.709076,8.509064,9.986602,1.8923827,-0.0621009,2.274672,4.4469223,1.0383798,271.87958,13
2023-08-28,26.552938,33.730713,20.826935,12.903778,9.487197,11.146156,1.528916,-0.8250943,2.606692,4.357093,0.89220214,298.35394,4
2023-08-29,27.17092,33.54373,21.20755,12.336182,9.623757,11.557499,1.417848,-0.010256465,2.0969088,4.041659,0.55169725,270.41446,14
2023-08-30,26.468628,31.996124,21.605713,10.390411,9.128796,11.100515,0.8775029,0.7767852,2.1913183,4.70692,0.75411165,228.48404,14
2023-08-31,23.985617,29.129791,19.500061,9.62973,9.319781,10.683357,0.35900167,2.3386433,2.585986,5.637894,0.8059893,188.72728,12
2023-09-01,21.315191,25.741455,17.538635,8.20282,10.168572,12.228874,-0.8112181,3.2239964,3.5418854,6.619824,1.7311498,165.8765,4
2023-09-02,20.962072,24.943695,18.382294,6.5614014,12.632591,13.215889,-0.85795695,3.7455208,4.0267944,6.1300397,2.3323162,167.09827,0
2023-09-03,20.540056,24.462036,17.615265,6.8467712,11.792877,12.58467,2.2293923,1.3996711,2.7808352,5.849869,0.8527099,237.87833,12
2023-09-04,20.017784,26.300323,16.048126,10.252197,10.876552,11.478069,2.3032162,0.07275232,2.602289,5.699952,0.6930059,268.1908,10
2023-09-05,20.559988,25.750366,16.217194,9.533173,11.278081,11.735747,1.1813279,1.3873692,2.0575068,4.296576,0.019147797,220.414,12
2023-09-06,20.494417,26.848846,16.640686,10.20816,10.583167,11.390447,0.94592685,1.6601171,1.9682623,3.973888,0.2683345,209.67429,13
2023-09-07,21.390799,27.73825,17.00354,10.734711,9.517743,10.933863,1.549652,0.94161385,2.0334783,4.0366297,0.454715,238.71591,13
2023-09-08,24.025919,30.8768,19.98114,10.89566,8.80152,9.87855,1.1202731,0.9383567,1.690173,3.9660056,0.20838399,230.04999,14
2023-09-09,25.756735,31.444977,21.49881,9.946167,11.34389,11.823632,2.6858056,-0.017215168,2.8644407,5.508047,1.5038309,270.36725,6
2023-09-10,25.889658,30.802185,22.091278,8.710907,12.660703,13.541386,2.8387668,-0.22616535,2.926211,5.5606427,1.3711982,274.55515,9
2023-09-11,25.336584,29.694946,21.833344,7.861603,13.07574,13.886263,1.5557407,0.6359748,1.888445,4.5020432,0.083204746,247.76564,15
2023-09-12,23.52889,28.14737,18.922638,9.224731,11.302081,12.593171,1.5008769,1.2142191,1.9849892,4.084641,0.2175095,231.02693,13
2023-09-13,20.927715,26.15326,16.473816,9.679443,10.4510355,11.222965,1.3457537,1.3794466,2.0430367,4.053652,0.70474577,224.29166,14
2023-09-14,20.351889,26.344116,16.15628,10.187836,10.172176,10.72593,1.0663627,1.0942887,1.5921139,3.6827443,0.23254046,224.25952,15
2023-09-15,20.61265,26.844604,16.664856,10.179749,10.967107,11.8427925,1.2812784,0.87499875,1.6381174,3.551805,0.54542404,235.67041,16
2023-09-16,20.796316,26.233948,16.851257,9.38269,11.308624,11.7056,1.5815829,1.0142441,1.9862207,4.2782235,0.5535777,237.32858,15
2023-09-17,20.049183,25.24704,16.746613,8.500427,11.270126,11.814743,2.2737794,1.255268,2.6587446,4.430753,1.6065909,241.09857,8
2023-09-18,19.610518,24.39685,16.194122,8.202728,10.897845,11.551725,3.2850888,1.309802,3.5662434,4.6807046,2.6599925,248.26227,0
2023-09-19,19.4808,25.319763,15.943573,9.37619,10.878456,11.511503,2.3883708,1.0721332,2.6869805,4.6627574,1.6612127,245.82483,9
2023-09-20,18.860933,23.679016,15.670013,8.009003,10.628678,11.124519,2.729802,1.1866826,3.0031364,5.287415,1.9197309,246.50476,3
2023-09-21,18.473455,22.211823,15.664612,6.5472107,10.826661,11.586875,3.4739544,2.194088,4.15251,6.032993,2.4541688,237.72423,0
2023-09-22,17.974333,23.849152,15.066467,8.782684,9.360103,9.940188,1.9134849,1.3084592,2.4066384,5.159314,0.8518961,235.63531,13
2023-09-23,18.71665,24.804901,14.443024,10.361877,8.914948,10.197326,1.35332,1.0835868,1.8075889,3.5085068,0.19679399,231.31618,15
2023-09-24,19.463642,25.86502,15.013855,10.851166,8.280895,9.088405,1.4257628,0.6489561,1.759325,4.3485866,0.39416254,245.52667,15
2023-09-25,19.514381,26.36499,14.7778015,11.587189,7.867241,8.4158745,2.0776002,0.3888513,2.1561842,4.855643,0.6819017,259.399,14
2023-09-26,20.123436,28.176056,14.315186,13.86087,7.8422127,8.923848,2.0456183,-0.7191768,2.4768317,4.821858,1.2246306,289.37012,12
2023-09-27,20.637049,27.575958,15.832306,11.743652,9.3163595,9.994168,1.1854395,-0.57450765,2.0204897,4.288984,0.92121613,295.85654,16
2023-09-28,20.004908,25.263641,14.977325,10.286316,9.587681,10.388151,1.221712,0.5253004,1.6452163,4.071776,0.18409055,246.73372,15
2023-09-29,18.214445,23.222534,14.336212,8.886322,9.659146,10.122895,1.0738367,1.3607434,1.8093429,4.187557,0.3223722,218.2789,15
2023-09-30,17.160679,20.95221,15.47699,5.4752197,9.935445,10.62562,3.5675423,2.386687,4.329683,7.1251597,3.1368418,236.21747,0
2023-10-01,15.238988,18.97931,12.266876,6.712433,8.159839,9.542168,2.8946388,1.7789978,3.5535233,6.3978395,2.0935423,238.4258,0
2023-10-02,16.090816,22.425354,12.255402,10.169952,8.209903,8.70423,1.7153212,0.1715938,1.8593248,4.13568,0.29424486,264.28735,13
2023-10-03,18.46938,25.6622,13.674469,11.987732,8.776261,9.423117,0.99928874,-0.98165673,2.2748206,4.2530746,0.17555591,314.49005,10
2023-10-04,21.677147,28.724274,16.387634,12.336639,8.172405,9.279046,-0.4446267,-1.3316957,2.0574446,4.0456467,0.86814666,18.463137,13
2023-10-05,23.367773,30.273743,18.54422,11.729523,7.85099,8.968332,-0.8360476,-1.3579253,1.9256229,3.5980039,0.14721479,31.619778,14
2023-10-06,24.201843,30.949585,19.192383,11.757202,7.814593,8.8594055,-0.1602261,-1.4091291,1.7546695,2.8991742,0.42639026,6.486999,16
2023-10-07,24.162634,30.637482,19.226105,11.411377,8.138371,9.107722,0.28458077,-0.3158773,1.3917856,2.3523648,0.8663394,317.9836,21
2023-10-08,24.304384,29.682281,20.78183,8.900452,8.005332,9.067114,1.1081539,0.5457687,1.3572497,3.9082174,0.0994097,243.77963,17
2023-10-09,22.526937,27.343567,18.43924,8.904327,7.991793,8.927834,2.21007,0.50432014,2.341984,5.2838006,0.11556432,257.14566,13
2023-10-10,18.974539,24.406769,14.431549,9.97522,8.897069,10.075744,2.2813728,0.6542828,2.4411871,5.2858152,0.47081771,253.99747,12
2023-10-11,18.245295,23.332764,14.3776245,8.955139,9.561169,11.299305,3.784933,-1.1790649,4.260714,5.6743107,3.1515973,287.3026,0
2023-10-12,17.822783,24.91037,12.9435425,11.966827,6.9603553,8.369243,0.19459803,-1.9506384,2.7608159,5.423546,0.6866949,354.30295,5
2023-10-13,18.988491,23.926147,15.22879,8.697357,7.223604,7.9351645,-0.29906335,0.26718548,1.2693919,2.299545,0.19871387,131.77783,21
2023-10-14,19.972795,27.087677,15.660034,11.427643,7.3408065,8.413464,0.8298629,-0.17657106,1.3108933,3.0147421,0.2895964,282.01178,18
2023-10-15,21.789568,29.885284,16.314606,13.570679,6.431895,7.5356565,-0.048413534,-0.7898242,1.9067316,3.2506335,0.55747837,3.5076473,13
2023-10-16,22.858408,29.315918,17.939087,11.376831,6.8066354,8.003395,0.49361038,-0.30343997,1.6826864,3.1708608,0.48201913,301.58054,17
2023-10-17,22.243093,29.092499,17.636505,11.455994,8.101729,8.83108,0.60093,-0.29345873,1.4633261,2.7992752,0.36404848,296.02817,18
2023-10-18,22.849394,30.479034,17.340576,13.138458,7.170653,8.43932,-0.74810666,-0.22128783,1.884788,3.141055,0.482968,73.52193,10
2023-10-19,24.30779,30.793365,19.948517,10.844849,7.2323766,8.718368,-0.016178617,0.26009706,1.4630957,3.670008,0.1873544,176.44064,19
2023-10-20,24.622332,30.670074,20.557098,10.112976,7.6760383,8.352477,2.3344586,-0.29608575,2.5029209,5.4242315,0.9452211,277.2284,11
2023-10-21,23.00502,27.750244,19.107483,8.642761,8.721811,9.476835,3.323058,-0.3314675,3.570404,6.038439,1.3539196,275.6963,3
2023-10-22,18.674793,24.103546,14.365723,9.7378235,9.640593,9.976032,2.4834661,0.5021493,2.610669,6.488818,0.45922562,258.5691,13
2023-10-23,17.38984,21.67099,14.098145,7.5728455,10.024116,11.202601,3.1182115,-0.11634821,3.26905,6.268738,1.1095884,272.13687,7
2023-10-24,17.729559,24.293182,13.676056,10.617126,9.413718,10.24713,0.7493953,-0.19227771,1.5908175,3.1454322,0.72748893,284.39038,16
2023-10-25,17.076876,21.404144,14.461395,6.942749,9.713085,10.256162,0.98248965,2.1353967,2.5955427,4.3477354,0.9423025,204.70703,8
2023-10-26,17.054268,22.202667,13.864502,8.338165,9.123294,10.394564,2.85713,0.06918604,3.0539951,4.447754,2.0120585,268.61285,0
2023-10-27,15.887132,21.502502,12.467682,9.034821,7.940828,8.625564,1.4704775,-0.47130775,1.7508777,4.10664,0.51120967,287.77136,16
2023-10-28,15.543448,22.280914,11.376495,10.904419,6.013792,6.712426,2.5283597,-1.2623978,2.9751031,5.2207413,1.4641237,296.53275,9
2023-10-29,15.746177,21.667603,12.332336,9.335266,4.384258,6.9083657,-3.003816,-4.6366363,6.2757874,9.64462,3.189665,32.936928,0
2023-10-30,15.973311,23.60913,11.269867,12.339264,3.2211864,3.6384995,-3.114872,-3.5758126,4.7729664,7.0418777,2.8787174,41.058952,0
2023-10-31,17.241953,25.681488,12.243011,13.438477,3.6689632,4.464391,-2.5288658,-2.4685366,3.7273922,5.6994033,1.5929428,45.691643,1
2023-11-01,18.42998,26.062622,13.47879,12.583832,4.0783234,4.7133865,-1.966761,-1.2340475,2.6770084,4.2618246,0.43223417,57.89371,6
2023-11-02,19.381168,26.3414,14.245819,12.095581,4.920957,5.4494896,-0.51706284,-0.39385355,1.8460151,2.610602,0.96443707,52.702995,16
2023-11-03,19.996836,26.62851,14.533051,12.095459,5.893701,6.676707,0.1292971,-0.2639982,1.3678007,2.6194165,0.06081336,333.906,16
2023-11-04,20.052135,26.298187,16.128265,10.169922,6.2295613,7.2461905,0.68074805,-0.0055405647,1.3099234,3.2794185,0.3077501,270.4663,17
2023-11-05,19.79492,26.367004,15.431946,10.935059,6.8214536,7.519075,1.149968,-0.04996534,1.7078279,4.3473096,0.16996048,272.4879,16
2023-11-06,18.18601,23.872314,13.557739,10.314575,8.290381,9.0272875,1.9349228,0.27834222,2.0636597,5.482903,0.29674765,261.81406,15
2023-11-07,16.197617,20.549622,13.278992,7.27063,8.959878,10.276619,2.9921277,-0.17238374,3.1211383,5.4732,2.049993,273.2973,0
2023-11-08,15.090034,21.583801,11.061279,10.522522,5.9180083,7.3110833,-0.1730962,-3.7292874,4.5710273,6.8122406,3.7069557,2.6574965,0
2023-11-09,15.432353,22.069489,11.37088,10.698608,3.7913399,4.1577053,-2.0447152,-3.8046474,4.397596,6.9425664,2.3034008,28.254725,0
2023-11-10,15.395669,21.716675,11.028351,10.688324,4.0430465,4.6303134,-0.74009776,-1.4454226,2.337079,3.4139612,0.37400424,27.113745,6
2023-11-11,16.157103,24.242798,11.164307,13.078491,4.056934,5.4290423,-0.738187,-1.3891081,1.9655112,3.2824779,0.60113156,27.986658,14
2023-11-12,17.14533,24.854126,12.298737,12.555389,4.088884,4.8208933,-1.2744056,-0.78908205,2.7120197,3.7409382,1.4957211,58.23518,2
2023-11-13,16.59353,20.75064,13.294739,7.455902,6.4069085,6.816406,-0.14621164,2.1055071,2.4204235,4.351562,0.9269888,176.02762,11
2023-11-14,16.653131,23.525543,13.193817,10.331726,6.3318,8.057866,-0.2583918,1.0061507,1.5784811,2.7049627,0.8432688,165.59698,18
2023-11-15,16.380743,20.398254,13.663116,6.735138,6.3418555,7.901784,-1.2660556,2.2985818,3.1361303,6.8891397,0.61278886,151.15408,6
2023-11-16,15.228028,20.205444,12.447845,7.757599,9.359742,9.942785,-1.8042192,1.9069223,2.993089,4.3043966,2.3423786,136.5852,0
2023-11-17,15.70057,20.90149,11.697266,9.204224,8.741948,9.651713,-1.4835888,1.2085932,2.7901747,5.187862,0.2889617,129.16768,8
2023-11-18,14.954734,18.549591,12.842621,5.70697,9.620476,10.102869,0.37824163,2.8429267,3.0091856,4.1983414,2.412766,187.5785,0
2023-11-19,14.894334,19.029816,11.793488,7.236328,8.399867,10.196101,2.8076446,-1.8236742,3.880862,7.64142,1.3208337,303.00528,6
2023-11-20,13.863675,19.680908,10.831329,8.849579,4.3373775,5.9103246,-2.98255,-5.271044,6.5340447,9.610803,5.292858,29.502771,0
2023-11-21,15.478438,23.112335,11.793579,11.318756,4.7145557,5.044614,-3.6129858,-3.1977742,4.8613505,6.7663326,1.5046543,48.488663,1
2023-11-22,16.081263,23.659943,12.009064,11.650879,5.2744465,6.0508375,-2.232704,-1.7616132,3.1098366,5.1471505,0.18771592,51.7264,7
2023-11-23,16.296896,20.312012,12.9869995,7.325012,7.3282075,8.221087,1.0478431,0.36293355,1.6278461,4.3815856,0.05434464,250.89584,15
2023-11-24,13.408696,17.766144,9.954651,7.811493,7.4787354,8.78619,0.50591487,0.17978173,1.2601409,3.179177,0.122838885,250.43684,20
2023-11-25,12.545283,17.616852,7.9823,9.634552,5.8446183,7.5473843,-0.697031,-0.9427082,2.0096676,4.3101273,0.7859828,36.478928,14
2023-11-26,11.7265005,16.912994,8.452545,8.460449,4.2204494,5.423648,-3.424943,-1.895669,4.1623473,7.0487967,0.44525614,61.03594,3
2023-11-27,12.926036,18.368927,9.601318,8.767609,4.1151047,4.9171586,-3.1468513,-1.5250078,3.5774136,6.0342994,0.16114984,64.14452,2
2023-11-28,13.96965,19.368195,10.084991,9.283203,4.922988,5.5065036,-0.54644394,-0.53355986,1.6377598,2.884311,0.7402359,45.683487,19
2023-11-29,13.014306,16.299469,10.229523,6.0699463,6.854367,7.3315744,2.6374218,0.13700905,2.6762555,4.8540463,1.0073693,267.02628,7
2023-11-30,11.918149,15.613007,10.245209,5.367798,7.6221204,8.116696,2.5356553,-0.21790576,2.5892522,4.7332172,1.3862514,274.91174,9
2023-12-01,11.618508,17.009033,8.612091,8.396942,6.8560066,7.9965777,2.5766277,-2.5507066,3.8444278,4.8174405,3.1218479,314.71036,0
2023-12-02,11.588703,17.886475,7.7408752,10.145599,6.0296497,6.577382,0.6312099,-1.183515,2.1392477,3.6574078,0.5514,331.92743,12
2023-12-03,12.142634,19.212921,8.387329,10.825592,6.209448,6.6399474,0.4567326,-1.2039286,1.6794924,2.1078794,1.3282934,339.22482,20
2023-12-04,14.981473,22.221527,11.797974,10.423553,6.2611127,6.950204,-0.9390807,-1.4798852,2.261579,3.4007714,0.31815624,32.397705,4
2023-12-05,17.167109,23.927277,13.1466675,10.780609,6.4744625,7.074762,-1.9768262,-1.3834705,2.6699193,4.254974,0.46204498,55.013966,5
2023-12-06,16.871168,21.644379,13.68457,7.9598083,6.7927337,7.9223046,-0.1779112,0.30154425,2.4114304,5.17318,0.31772697,149.45938,12
2023-12-07,13.921757,18.335175,11.287628,7.0475464,7.8159957,9.241543,2.14202,-1.1195879,2.886059,5.3096786,1.3704369,297.5951,7
2023-12-08,11.96655,18.217224,7.6604614,10.556763,5.7591686,6.758277,0.9518402,-3.021943,3.722133,4.785177,1.8365241,342.5168,3
2023-12-09,12.322284,18.056213,9.441895,8.614319,3.8790598,5.211646,-3.4599965,-3.6813443,5.2694817,8.696061,1.7358841,43.22467,2
2023-12-10,13.490142,21.420715,9.746368,11.674347,3.2995088,4.133614,-3.2916234,-2.5589342,4.208947,5.411965,0.40028426,52.138218,3
2023-12-11,14.865247,20.482697,12.569916,7.912781,4.678704,6.048175,-0.7680738,-1.1125807,1.7339975,2.604676,0.1021809,34.619385,14
2023-12-12,13.893981,19.516785,9.6354065,9.881378,6.0504584,6.6150045,-0.75478107,-0.24614991,1.5819274,3.2297626,0.23250991,71.93776,16
2023-12-13,12.662017,18.605225,7.9456177,10.659607,5.6948867,6.676628,-1.2722845,-0.8574651,1.7236096,3.9514437,0.26562715,56.02172,17
2023-12-14,13.024566,20.022095,9.104401,10.917694,5.115139,6.0992265,-1.2341133,-1.167887,1.9777814,3.4973185,0.1904125,46.57932,15
2023-12-15,14.289794,21.812592,9.907837,11.904755,4.721541,5.599531,-2.6736546,-1.3714682,3.2664301,5.5224333,0.56788856,62.84415,4
2023-12-16,15.196496,22.790314,10.889343,11.90097,4.6658206,5.348996,-1.9426594,-0.9838918,2.4410136,3.753268,0.6039375,63.13931,8
2023-12-17,15.687564,22.785126,12.007111,10.778015,4.8289647,5.5154405,-1.940478,-1.3299993,2.7070777,4.0637016,0.38833386,55.57334,6
2023-12-18,16.426977,20.700775,14.056488,6.644287,5.957133,7.9299154,-0.24296199,0.36125207,1.5186977,3.4697604,0.30216026,146.07698,19
2023-12-19,14.61306,16.908539,12.238831,4.6697083,9.072104,9.498037,0.05517994,1.7627386,2.162563,3.536413,0.96281284,181.79298,12
2023-12-20,13.583001,15.720276,12.09433,3.625946,9.503387,9.712738,-0.84220743,3.032262,3.233633,5.210248,1.5426412,164.47742,4
2023-12-21,13.852843,16.54065,12.394562,4.1460876,9.416993,9.766014,-2.664736,3.2072442,4.246243,5.7871966,3.2129617,140.27853,0
2023-12-22,13.765576,15.18338,12.953125,2.2302551,8.907748,9.507141,-2.4695847,1.2708697,3.0865479,4.954992,0.5068253,117.230736,6
2023-12-23,12.83062,17.257172,10.284332,6.9728394,8.251233,8.780215,0.6549088,-0.7002483,1.6843618,2.429435,0.59787613,316.91623,17
2023-12-24,12.937791,17.220306,10.1683655,7.051941,7.5661483,8.720448,0.40392804,-0.6319704,1.3696557,2.526518,0.3289417,327.41504,19
2023-12-25,11.885335,18.154663,8.583008,9.571655,5.424974,6.3784866,0.09030565,-1.3006833,1.9652637,2.5036192,0.76628596,356.02835,10
2023-12-26,12.851607,18.719757,9.9552,8.764557,6.2156453,7.197777,-0.2005712,-0.37975314,1.4193335,2.3904834,0.37205625,27.841312,17
2023-12-27,13.897971,17.286957,12.076233,5.210724,6.382463,7.2243643,-0.018199453,0.20352714,1.2680228,2.653962,0.36572888,174.89018,20
2023-12-28,12.594087,18.780853,8.326843,10.45401,6.2478976,7.319672,0.2994027,-0.61741954,1.3091048,2.7204676,0.4430212,334.13007,21
2023-12-29,12.829429,16.388306,10.855072,5.5332336,6.0149283,6.8564944,-1.2120616,0.41025135,1.9363476,3.035814,1.0068798,108.69962,16
2023-12-30,11.186564,14.133118,9.163422,4.969696,7.3893666,8.3088045,1.6579243,1.6191489,3.1738312,5.904468,1.7756636,225.67792,4
2023-12-31,10.280171,13.332611,8.555511,4.7770996,7.316213,7.8044086,0.93266964,0.14330983,2.0342681,4.014497,0.58551633,261.26453,14
2024-01-01,11.521538,16.729126,8.501984,8.227142,6.5014725,7.2795835,-1.7751256,-0.27249834,2.0359747,3.6992326,0.69589376,81.27269,12
2024-01-02,11.510083,16.65689,8.259033,8.397858,6.4500465,6.875495,0.84848565,-0.5864424,2.077565,3.3778212,0.96364987,304.65082,11
2024-01-03,11.053749,13.457886,9.370392,4.087494,7.1254234,8.048508,3.691466,0.013660629,4.006994,7.0448117,2.301399,269.78796,0
2024-01-04,9.546482,15.080048,6.3260803,8.753967,5.391466,6.3622136,2.1831577,-4.4504256,5.188906,6.3225713,3.991788,333.86972,0
2024-01-05,10.045491,16.509247,6.7400208,9.769226,5.008142,5.2248764,-0.420701,-2.8475094,3.056277,4.0793533,1.7707223,8.404281,1
2024-01-06,10.033238,15.651642,6.160919,9.490723,4.552139,5.788215,-0.1355172,-0.8718601,3.641559,5.4540677,1.9175606,8.835046,1
2024-01-07,9.199668,11.800415,5.1488953,6.65152,5.4506803,7.7014117,4.874085,-3.037501,6.893004,8.249855,3.723544,301.9309,0
2024-01-08,6.819799,13.123871,2.9973755,10.126495,3.2676926,4.072793,-0.27432117,-4.385326,4.841985,6.7359858,2.282955,3.5794356,0
2024-01-09,9.115253,15.402527,5.610138,9.792389,3.4056284,4.386098,0.27133438,-1.3630533,2.3488185,4.2012324,0.3627402,348.74167,6
2024-01-10,8.677085,14.165802,5.643463,8.522339,5.48382,6.069528,2.3412273,-1.8339268,3.1676538,6.0246305,1.7959287,308.07227,2
2024-01-11,9.105862,13.491364,6.3573914,7.133972,5.372238,6.965508,4.392983,-2.82877,6.10474,9.124751,3.8797467,302.77866,0
2024-01-12,8.3903265,14.77832,4.5542603,10.22406,3.9166028,4.262973,0.80413526,-1.1175896,2.2378762,3.351508,0.27985188,324.26398,10
2024-01-13,9.559035,16.25232,5.6509705,10.601349,4.76611,5.8675656,1.1121061,-0.6865732,2.1273534,4.017705,0.6519817,301.68967,14
2024-01-14,9.963982,15.56839,6.7666016,8.801788,6.293003,6.549288,1.6382337,-0.5441157,1.9035687,4.403961,0.31837216,288.37317,14
2024-01-15,11.10193,17.900726,7.734833,10.165894,6.390781,7.1586156,0.12728386,-1.0430914,1.6686069,2.8765666,0.5814194,353.04285,20
2024-01-16,12.699607,19.277435,8.696289,10.581146,6.1230445,6.943472,-0.029235551,-0.54796845,1.7528782,3.3125978,0.5777277,3.0539842,16
2024-01-17,11.95526,15.016418,9.300842,5.715576,7.371981,8.421782,1.5864404,0.39182353,1.7289629,3.773343,0.44207704,256.1266,16
2024-01-18,11.859787,17.713013,7.6760254,10.036987,7.306872,8.524527,-0.20640324,-0.14299165,1.6866245,2.7854698,0.73350763,55.28663,17
2024-01-19,13.170327,17.17337,11.070038,6.1033325,7.100472,7.758663,-0.5585375,0.98650414,1.7866793,3.7864394,0.6208664,150.48238,17
2024-01-20,12.475983,14.207611,11.350586,2.8570251,8.914332,9.25994,-0.4716165,2.7863634,2.9002457,4.7997093,1.6472541,170.39322,6
2024-01-21,12.249244,15.138031,10.5312805,4.6067505,8.336133,9.01499,0.730177,2.396118,2.6932733,3.6637733,1.3976364,196.94774,5
2024-01-22,12.541316,14.375763,11.653107,2.7226562,8.862308,9.241599,-1.388782,3.133772,3.7149312,5.481865,2.3759012,156.09868,0
2024-01-23,12.380982,17.119904,9.6085205,7.511383,8.084683,9.322542,3.120079,-1.8029629,3.72163,4.9838424,2.4123406,300.02182,0
2024-01-24,11.69303,14.809845,9.562286,5.2475586,7.802324,8.1376095,0.8714194,-0.47477707,2.110976,4.148641,0.9035351,298.58295,13
2024-01-25,12.352395,17.056885,10.542114,6.5147705,7.727558,8.352803,1.8347687,0.3873409,2.381498,3.8971813,1.5933987,258.07922,10
2024-01-26,12.046355,19.55481,7.7461853,11.808624,6.155121,7.2450542,-0.59625125,-2.380166,3.143544,4.3672056,1.8037512,14.063647,2
2024-01-27,14.404725,21.570587,10.688385,10.882202,5.381764,6.4193153,-1.9672966,-2.0407095,3.0950992,4.439069,1.7023321,43.950653,2
2024-01-28,15.529325,21.361206,12.37262,8.988586,6.1282134,7.0085163,-1.9270229,-1.4122181,2.7000399,3.8679492,0.5161857,53.764183,7
2024-01-29,16.512,22.31253,12.632233,9.680298,6.385542,8.007,-0.8241562,-0.48376212,1.3937656,2.37605,0.52370334,59.587975,21
2024-01-30,15.767731,21.570984,11.617676,9.953308,6.3615746,7.624407,-0.41317096,-0.25272134,1.6785526,2.2612746,1.0850371,58.54742,20
2024-01-31,14.371833,17.585236,11.55719,6.0280457,7.4726596,8.04982,-0.32839766,2.693266,2.9310398,6.5372896,0.6645582,173.04807,11
2024-02-01,11.825442,14.111237,10.892609,3.218628,8.26329,8.843222,-0.60540015,4.7300305,5.612456,7.685726,3.50924,172.70631,0
2024-02-02,10.493016,13.576721,8.093414,5.483307,6.827156,7.675768,5.207082,-0.055885658,5.224808,7.320368,3.6745825,270.61493,0
2024-02-03,9.891747,13.766388,7.746277,6.020111,6.122257,6.8494797,2.9866142,0.2806598,3.313935,6.427837,0.5573512,264.63153,5
2024-02-04,10.343232,13.729584,7.920349,5.8092346,6.8150306,7.958128,-2.2338295,4.675409,5.505142,11.514465,1.9657353,154.46233,1
2024-02-05,11.932607,13.206879,11.316925,1.8899536,8.349588,8.785308,-0.942182,6.143618,6.3598695,10.328785,2.9669795,171.28107,0
2024-02-06,9.0287485,11.124115,8.02771,3.096405,6.764463,7.58765,0.39406475,1.2349379,1.967611,3.573179,0.070174426,197.69772,13
2024-02-07,9.180759,12.106018,7.95755,4.148468,6.4256577,6.5981383,4.5391564,0.9120197,4.6847587,8.02103,3.4170022,258.63925,0
2024-02-08,8.520608,11.780548,4.9500732,6.830475,5.8398604,7.2702484,5.6218543,1.3777329,6.1641755,8.075336,4.5130115,256.23007,0
2024-02-09,8.8466215,12.82962,6.261261,6.5683594,5.711205,6.317505,2.072636,-0.25862768,2.2921395,4.7883887,0.70879644,277.11273,10
2024-02-10,8.561406,14.067688,4.712433,9.355255,4.9064784,5.9847193,0.8983779,-3.2267141,4.0317254,5.3031626,2.925097,344.4418,0
2024-02-11,9.153853,15.556671,4.533325,11.023346,4.150017,4.928554,-0.7301564,-1.7460109,2.5325751,3.900162,0.16564783,22.693974,5
2024-02-12,10.323994,16.44046,5.795532,10.644928,4.972895,5.4329343,-0.346172,-0.56086737,1.6293482,2.3138099,0.603465,31.683228,18
2024-02-13,11.388286,15.678497,8.17514,7.503357,6.118941,6.7596602,1.0789243,0.33264142,1.529275,3.9283416,0.2901988,252.86504,17
2024-02-14,11.057431,15.069031,9.095947,5.9730835,7.1532173,7.6369004,1.800406,1.3052781,2.3032982,3.5728102,1.3691113,234.05823,13
2024-02-15,11.5967455,16.535889,9.269196,7.266693,7.203942,7.4939623,2.3558893,-0.29466715,2.530689,4.291451,1.0764647,277.12936,7
2024-02-16,11.742097,17.095886,8.131348,8.964539,7.063825,7.933473,0.72070223,-0.7378723,1.8264908,3.7040749,0.17514588,315.67444,16
2024-02-17,12.429516,16.707428,9.656586,7.0508423,7.0630403,7.7105794,0.9888031,0.68027025,1.4404612,4.2380996,0.28001937,235.47305,18
2024-02-18,11.882733,15.703491,9.826904,5.876587,7.719349,8.410853,1.4390464,1.2568717,2.0174978,3.4706905,0.8236119,228.86586,14
2024-02-19,12.309028,14.019989,11.343323,2.6766663,8.700465,8.876722,0.16567297,4.320322,4.383662,6.6495066,1.9733781,182.19608,1
2024-02-20,12.53812,14.815308,11.3776245,3.437683,8.750077,9.040487,-0.4830927,3.1095378,3.2922375,4.9482117,1.9677317,171.1692,1
2024-02-21,12.139546,15.979462,10.165588,5.8138733,7.8203654,8.558312,1.6360421,0.92768526,2.2758117,4.116592,1.0063593,240.44547,15
2024-02-22,11.921562,17.613098,7.921234,9.691864,7.1813655,8.026869,0.62412924,-0.72855633,1.6843486,3.2757616,0.55309975,319.41446,18
2024-02-23,13.533543,18.99527,10.423767,8.571503,6.841952,7.6135354,-1.121613,-1.0746924,2.4761283,4.153369,1.0604753,46.223846,6
2024-02-24,14.464,19.416931,11.954681,7.4622498,6.9587135,7.7883186,-1.0024914,-0.07977692,1.5232519,2.6702845,0.788186,85.45006,21
2024-02-25,13.9571905,16.752655,12.10968,4.642975,8.511913,8.953714,0.9318927,0.65511984,1.2902703,2.8946629,0.35304853,234.89282,16
2024-02-26,12.703079,16.040009,10.58252,5.457489,7.854263,8.739569,1.4179548,0.6544054,1.65906,3.2836995,0.035874084,245.22604,13
2024-02-27,12.534374,17.383118,10.1128845,7.270233,7.7248187,8.178755,1.6900197,0.35250875,1.7945696,2.9145508,1.2030207,258.21802,16
2024-02-28,12.952675,19.0419,8.278046,10.763855,6.930902,7.98985,0.7751665,-0.8219402,2.2255747,3.9526656,0.50368786,316.67752,9
2024-02-29,12.520226,16.110199,9.906525,6.2036743,8.021222,8.377566,2.2050931,1.917861,3.0379076,4.922587,1.4379458,228.98518,5
2024-03-01,11.675036,14.947235,9.8845825,5.0626526,7.3864746,7.7155848,2.7398777,2.436259,3.7128818,6.1888456,2.5529442,228.35698,0
2024-03-02,11.9409,13.463104,11.163605,2.2994995,8.107238,8.444018,5.327213,4.3652573,6.9815583,9.553437,4.850806,230.66792,0
2024-03-03,10.733352,14.348541,8.682587,5.6659546,7.0005765,7.3604307,5.795227,0.78311247,5.8698387,7.5510554,4.91593,262.3042,0
2024-03-04,10.765549,15.531982,7.826721,7.705261,6.6613784,7.0798736,4.1434474,-0.18797334,4.1842437,6.873879,2.7129078,272.59753,0
2024-03-05,11.447861,16.61789,7.9846497,8.63324,6.7926936,7.33936,2.2105231,-0.10289705,2.4414313,4.6183777,0.94460976,272.66513,11
2024-03-06,11.71625,14.685028,10.191559,4.493469,7.4324,7.7402883,1.7802949,2.1538813,3.145321,6.1634793,1.7439317,219.57552,5
2024-03-07,11.16888,15.682312,8.111786,7.570526,7.117401,7.7700324,2.396929,-0.21952279,3.2949705,5.7162986,1.4620253,275.23285,6
2024-03-08,12.013202,18.351593,7.5456543,10.805939,6.699116,7.55898,0.8500367,-1.6534163,2.42729,4.835746,0.7491995,332.79187,4
2024-03-09,13.416478,18.595032,8.920471,9.674561,6.30679,7.3250194,0.703252,-0.20803337,1.6413399,3.0902078,0.5778323,286.47906,17
2024-03-10,12.971663,16.663696,9.82312,6.840576,7.0856347,8.021334,1.6353735,0.39446107,1.7924991,3.9386053,0.21111067,256.43896,13
2024-03-11,12.019912,16.375885,9.499786,6.8760986,7.116405,7.825828,2.7984288,0.8341268,2.9473839,5.326512,1.5808091,253.40228,7
2024-03-12,12.398891,16.67456,9.89389,6.78067,7.625736,8.018719,3.7511547,0.004571875,3.8056076,5.8302445,2.523741,269.93018,0
2024-03-13,12.780034,17.837189,9.330475,8.506714,7.4794135,8.441001,2.6602662,-1.6768891,3.590348,5.535269,2.3041606,302.22513,0
2024-03-14,11.949918,15.96283,8.4939575,7.468872,5.4105206,7.7977066,-2.5023344,-5.0170493,6.2927346,11.184247,3.0750043,26.508467,0
2024-03-15,12.007936,16.19461,8.876556,7.318054,5.6416,6.4491854,-0.41876888,-2.1018343,2.488246,5.0966825,0.33390877,11.268041,11
2024-03-16,12.037847,15.837494,9.441223,6.3962708,7.3995996,7.754987,0.83798623,0.62978995,1.6840023,3.7508576,0.52076304,233.07324,19
2024-03-17,12.91394,17.514008,8.916107,8.5979,7.445259,7.872181,1.1261898,-0.3471296,1.3836447,3.3632329,0.12750149,287.13107,17
2024-03-18,14.497413,20.301697,9.952209,10.349487,7.644453,8.523165,0.25552332,-1.1059221,1.7286272,2.6835787,0.7576984,346.9901,15
2024-03-19,15.327081,20.512024,11.087555,9.424469,8.332093,8.852216,0.73317796,0.20585485,0.93396395,1.9482727,0.12824374,254.31683,24
2024-03-20,15.064532,20.383362,10.827911,9.55545,8.259709,8.966527,0.853621,0.530399,1.3380657,3.8112447,0.051995862,238.14517,17
2024-03-21,14.286941,19.207306,9.950378,9.2569275,7.7639556,8.697102,1.3746296,0.5663783,1.8573183,4.438213,0.5219039,247.60724,16
2024-03-22,14.126797,18.538788,10.198761,8.340027,7.9064784,8.676256,1.3051376,0.91473466,1.8878404,4.3806825,0.20506056,234.97446,13
2024-03-23,12.5159,16.50998,10.431885,6.0780945,7.919268,8.516216,3.0127037,2.1037872,3.9836757,8.463631,1.7118254,235.0732,3
2024-03-24,10.257908,13.114471,7.552765,5.5617065,6.482578,7.157624,6.6712213,-1.4738337,6.9106383,8.410871,5.835777,282.45792,0
2024-03-25,10.904945,16.574982,7.192505,9.382477,6.2454505,6.6604233,3.736867,-2.2641103,4.744382,7.84386,2.557759,301.21103,0
2024-03-26,11.804668,17.296783,8.2966,9.000183,6.7964616,7.463133,2.6877801,0.009544861,2.777275,5.5749397,0.9326246,269.79654,8
2024-03-27,12.367992,18.35852,8.141998,10.216522,6.932756,7.4393163,0.8536222,0.86593103,1.9674382,4.660422,0.32164228,224.58987,15
2024-03-28,12.5109625,17.426453,8.3815,9.044952,7.500315,7.874655,2.274171,0.6680215,2.4176786,5.967194,0.2029635,253.63023,13
2024-03-29,11.439701,15.450439,8.447144,7.003296,6.9406238,8.155172,2.551024,2.2669666,3.7253046,6.3885484,2.0620337,228.37411,0
2024-03-30,10.95831,12.952179,9.581146,3.3710327,7.0419426,8.250858,0.9179023,4.9712152,5.4693274,7.383104,3.5843518,190.46147,0
2024-03-31,10.103115,12.876526,8.520966,4.3555603,6.8347344,7.3276587,-2.0787022,3.029827,3.793481,4.9464817,2.593603,145.54677,0
2024-04-01,11.841048,18.043976,7.9634094,10.080566,6.6771073,7.233787,0.29212746,-0.7027991,1.5471548,4.365954,0.12103809,337.42917,17
2024-04-02,13.881455,21.26883,8.374664,12.894165,6.9251657,7.819605,0.8528471,-1.0879983,2.135935,4.9418983,0.46531045,321.90823,12
2024-04-03,15.873223,20.755157,11.793304,8.961853,7.6139855,8.165579,1.2932843,0.32442096,2.0990107,5.040592,0.7412094,255.91791,13
2024-04-04,12.02687,18.078125,9.451233,8.626892,7.64916,8.637063,2.93163,2.5088952,4.0624566,7.7944746,1.8655865,229.44302,2
2024-04-05,8.358123,11.559357,6.709503,4.8498535,5.6516747,6.5881085,5.799743,1.6596388,6.091919,7.965957,4.7062516,254.03114,0
2024-04-06,8.79081,15.643585,4.2580566,11.385529,4.696965,5.52998,2.5367167,-1.0051161,3.4230661,7.7711596,0.112524144,291.6148,7
2024-04-07,10.562249,16.171051,6.568695,9.602356,5.3242927,5.8564787,1.6110233,-0.16351266,2.110398,4.726213,0.17542678,275.79547,13
2024-04-08,11.576988,18.827911,6.182678,12.645233,5.8674736,6.8451967,1.5092565,-2.3731277,3.3911812,4.8899903,2.1935816,327.54456,0
2024-04-09,14.410201,22.29132,8.726044,13.565277,5.491129,6.904757,0.16786845,-3.1467075,3.6520455,4.4363065,2.122838,356.94632,0
2024-04-10,16.803436,23.458618,11.796478,11.66214,6.882261,7.807933,0.46728906,-0.36404225,2.0695868,3.6439207,1.4563217,307.92044,15
2024-04-11,17.957466,24.006378,12.619568,11.38681,7.4994392,9.117236,0.8670556,0.02301839,1.7121559,3.6302829,0.2646021,268.47928,16
2024-04-12,15.024339,21.310394,9.993591,11.316803,7.490562,9.098109,0.5196283,2.6017458,2.9372947,5.6120086,1.0790083,191.29468,9
2024-04-13,12.357281,15.789642,10.1839905,5.605652,7.6621194,7.96991,-0.25735337,4.797033,4.944104,8.177135,3.2530203,176.92911,0
2024-04-14,9.827638,12.8680725,6.7769165,6.091156,6.5973587,7.928743,2.899039,2.2774985,3.921154,7.1603894,1.4185885,231.84666,6
2024-04-15,11.454018,18.509674,7.3313904,11.178284,6.582231,7.181309,2.2195523,-0.72476006,2.5773957,5.555812,1.4760941,288.08365,9
2024-04-16,15.284687,22.863739,9.948547,12.915192,7.1882915,7.8289804,0.8599143,-1.1833621,2.4518147,3.8658137,0.75450724,323.9952,5
2024-04-17,16.62026,22.72293,11.466339,11.256592,7.8801484,9.307151,1.2514839,0.10670787,1.9304123,4.211688,0.44133374,265.12646,14
2024-04-18,16.110266,21.138306,12.205322,8.932983,7.663044,9.271518,0.7561919,1.0983709,1.5122114,3.4266655,0.50778306,214.54613,17
2024-04-19,14.433403,19.871857,10.048309,9.823547,7.9746213,8.571199,1.5529104,1.1298877,2.0603812,4.7727165,0.6638098,233.96062,13
2024-04-20,15.083335,22.265656,10.521698,11.7439575,8.357532,8.940425,2.113074,0.64057595,2.2561677,4.624229,1.0520643,253.13538,13
2024-04-21,17.18992,23.912415,12.048187,11.864227,8.647191,9.75559,1.0483302,0.22755925,1.7039852,3.6393588,0.327629,257.7529,16
2024-04-22,16.409658,21.319122,12.20343,9.115692,8.339955,9.621821,1.0916892,1.6061662,2.0801563,4.581572,0.44210482,214.20341,14
2024-04-23,13.990102,18.709045,10.944519,7.7645264,7.9195733,8.18268,2.2943537,1.9306841,3.0257485,5.2023997,1.6610202,229.91962,5
2024-04-24,13.708657,18.272797,10.729645,7.543152,7.842327,8.119749,3.4642553,1.0190955,3.6902401,6.1965218,2.081187,253.60747,0
2024-04-25,13.240241,16.857697,10.410217,6.4474792,7.9203773,8.377055,4.3714414,1.2922755,4.5723023,6.0627017,3.646414,253.5314,0
2024-04-26,13.56043,18.167755,10.678009,7.489746,7.8837304,8.240813,5.2136445,-0.21615262,5.353899,8.432455,4.026172,272.37408,0
2024-04-27,13.812863,19.668121,9.377869,10.290253,7.3342996,7.867649,4.070496,-1.6576024,4.6536345,8.311048,3.0693562,292.15732,0
2024-04-28,15.010442,21.991638,9.763733,12.227905,7.72941,8.350225,1.4533173,-0.19278915,1.6438646,4.752298,0.39448938,277.55643,16
2024-04-29,16.299309,22.39447,11.313171,11.081299,8.082322,9.100688,1.9929651,-0.7285154,2.4233277,4.383899,1.1690977,290.07956,10
2024-04-30,16.592054,23.020294,11.035828,11.984467,7.988424,8.839993,1.5565907,-0.61668617,2.1900916,4.4443607,0.39030826,291.61237,12
2024-05-01,15.665282,22.716644,10.263123,12.453522,7.688534,8.86181,1.2701869,-0.10755137,1.6930081,4.443938,0.23292118,274.8399,14
2024-05-02,15.878041,21.822662,10.789429,11.033234,7.790175,8.986798,1.1738521,0.37636805,1.6113672,4.2510257,0.09084687,252.22278,16
2024-05-03,15.449032,21.705109,10.688507,11.016602,8.233031,8.759786,1.0701958,1.1045138,1.8668314,4.3248086,0.3085501,224.09592,16
2024-05-04,14.718755,19.692108,11.845795,7.8463135,8.767871,9.375588,2.7662954,1.904863,3.3964875,5.961212,1.7921547,235.44882,4
2024-05-05,12.744746,16.812714,9.208649,7.604065,6.771565,8.386881,4.6879764,-0.3537427,5.2583103,6.5708737,4.1545177,274.31522,0
2024-05-06,13.333305,21.416473,7.6598206,13.756653,5.8232236,6.29089,2.1664965,-1.9309131,3.2757072,6.3208947,2.158006,311.70935,0
2024-05-07,15.010663,21.690979,9.5876465,12.1033325,6.719242,7.7812,1.8371488,-0.56099355,2.2857325,4.5919213,0.92128813,286.98062,13
2024-05-08,15.036385,21.417053,9.292236,12.124817,6.6824684,7.918656,0.44902882,-0.4880081,1.8760637,4.5952673,0.4266237,317.38205,16
2024-05-09,16.09578,21.956085,10.862122,11.093964,7.330807,8.055376,-0.14826824,0.6140547,1.719523,2.783506,0.35596466,166.42531,16
2024-05-10,16.49196,22.475647,10.858246,11.617401,7.405085,8.155029,0.73485595,0.16987051,1.5502263,3.4098647,0.1183797,256.98404,17
2024-05-11,16.876993,23.469482,11.2048645,12.264618,7.8696175,8.596351,2.1896212,-0.54222584,2.470474,4.5111804,1.5179086,283.90863,10
2024-05-12,17.155584,23.29773,12.061096,11.236633,8.050649,8.688389,1.6087685,0.6151624,1.8102937,4.635672,0.10079099,249.0741,14
2024-05-13,16.642881,21.497742,11.608795,9.888947,8.086708,9.054622,1.0955935,1.5190907,2.196021,4.365331,0.5677219,215.79979,14
2024-05-14,16.105667,21.925598,11.580292,10.345306,7.9406867,8.240802,1.5182223,1.2004055,1.9767634,4.1847167,0.34922984,231.66782,14
2024-05-15,15.632642,21.18686,11.58963,9.597229,8.931746,10.0793495,2.1764371,1.3740559,2.5926478,4.5498695,0.88726074,237.73447,9
2024-05-16,16.729755,23.04834,12.225769,10.822571,9.14947,9.901791,2.7933986,1.2600192,3.1052253,5.055967,1.4367903,245.72128,5
2024-05-17,16.733204,21.670166,12.740112,8.930054,9.673053,10.381087,2.9791844,1.7283064,3.4614353,4.9070373,1.6721761,239.88081,3
2024-05-18,16.372099,20.826416,12.774231,8.052185,9.102225,9.957914,2.8868313,2.097193,3.6020956,5.4632587,2.379051,234.00278,0
2024-05-19,15.153182,21.041107,10.619598,10.421509,7.9347825,8.567682,2.6696424,1.3426813,3.0038884,5.7260866,0.65984863,243.30016,7
2024-05-20,15.03054,19.691467,11.66861,8.022858,8.187875,9.039753,3.084528,1.7653424,3.6037788,5.7193747,2.0735793,240.21655,0
2024-05-21,15.413197,22.13504,10.336029,11.799011,7.572544,8.08112,2.1341543,0.90274364,2.5493593,5.6567683,0.6963445,247.07173,11
2024-05-22,16.022,21.337982,11.24231,10.095673,8.098038,8.650238,2.1593776,1.0837283,2.4644396,4.951608,1.0531347,243.34927,13
2024-05-23,15.625791,21.18393,11.630585,9.553345,8.673482,9.273465,2.050066,2.1034563,2.9701443,5.04497,1.7215344,224.26355,5
2024-05-24,15.736016,19.622528,12.507629,7.1148987,8.835854,9.455546,3.085966,1.8250618,3.5941868,5.8789473,2.0854833,239.39964,0
2024-05-25,14.705448,19.90628,10.791992,9.114288,7.949406,8.389247,3.9179857,1.3827356,4.1719427,5.9244533,3.0470576,250.56104,0
2024-05-26,15.647044,21.644928,11.200378,10.44455,8.355901,8.852175,2.7302284,1.3394228,3.0520535,5.530726,1.474123,243.86789,6
2024-05-27,16.823568,22.479797,11.939972,10.539825,8.729618,9.516904,2.3029819,1.0640358,2.6305916,4.46515,0.63452953,245.20187,8
2024-05-28,16.69531,22.182007,11.460724,10.721283,8.119331,8.935818,2.00962,1.0150218,2.2675467,4.4224176,0.1733696,243.20251,13
2024-05-29,16.972843,23.694855,11.291626,12.403229,8.142211,8.884281,1.7138963,0.9661285,2.14457,4.4289813,0.6280605,240.5899,13
2024-05-30,17.87108,24.163513,12.490997,11.672516,8.50664,9.0579195,1.2155666,1.1080297,1.771512,4.1795087,0.12770514,227.6498,14
2024-05-31,17.987131,23.807343,12.880035,10.927307,8.570621,9.480465,1.4718217,1.3501815,2.0467908,4.097643,0.20719971,227.46817,13
2024-06-01,17.17122,23.49356,12.032745,11.460815,8.406088,8.815628,2.173131,1.183365,2.5093405,5.0531816,0.84102046,241.42978,11
2024-06-02,16.980911,22.836273,12.020874,10.815399,8.850896,9.237375,2.431441,1.2234238,2.7883208,4.9917307,1.4150484,243.28992,8
2024-06-03,18.106812,24.723907,13.23587,11.488037,9.357734,9.940366,2.7559974,0.5864226,2.878935,4.858156,0.73791456,257.98773,5
2024-06-04,19.61217,27.631104,13.657776,13.973328,9.756192,10.724429,0.6508837,0.6451916,1.7354727,4.466949,0.031428523,225.25163,16
2024-06-05,21.309536,27.318817,16.401703,10.917114,9.586678,10.61742,0.9773826,1.0841991,1.6826549,3.8993568,0.17298335,222.034,15
2024-06-06,20.788803,26.47165,16.04242,10.42923,9.453892,10.029497,1.1828915,1.6028391,2.0682166,4.0448313,0.54031414,216.42725,13
2024-06-07,20.015902,24.976715,15.418976,9.557739,10.688853,11.259575,1.0109172,2.2287972,2.5817297,4.71675,1.1123304,204.39766,10
2024-06-08,18.79116,23.306458,14.668304,8.638153,10.434192,11.029524,1.5044657,2.2965772,2.8077183,4.5443287,1.4170765,213.22844,6
2024-06-09,18.086956,23.182648,13.782806,9.399841,9.588761,10.036816,1.9597172,1.6491996,2.5720212,4.5118437,0.86911,229.91772,9
2024-06-10,18.844528,25.576263,13.53949,12.036774,9.040992,9.557929,1.5902666,1.0336361,1.9691893,3.7047718,0.47228694,236.97708,13
2024-06-11,20.112965,26.415863,15.054382,11.361481,8.684702,9.508667,1.3433132,1.1130427,1.8846811,3.9276307,0.10953846,230.35553,13
2024-06-12,19.368618,24.95932,14.632324,10.326996,9.235539,9.89625,0.5901105,2.458639,2.6824596,4.463071,1.6816498,193.49657,11
2024-06-13,19.116476,24.553497,13.495605,11.057892,7.897383,8.701245,1.3913127,1.5430398,2.1430662,4.8134513,0.58784604,222.04004,14
2024-06-14,20.47652,28.596222,14.292023,14.304199,8.66115,9.288403,1.933672,0.49519327,2.0409346,4.396501,0.22600374,255.63585,14
2024-06-15,22.59493,29.213623,16.021515,13.192108,8.470007,9.657419,2.737727,-0.5673056,3.1520185,5.8701396,1.1678729,281.70703,6
2024-06-16,20.837833,26.943329,14.672546,12.270782,8.220622,9.237096,2.478595,0.08878181,2.6174583,5.3533597,1.1160175,267.94858,12
2024-06-17,19.06874,25.017395,13.622559,11.394836,8.54176,9.075753,2.8185432,0.4201877,2.9925773,5.5599527,0.69644964,261.5208,10
2024-06-18,19.128117,26.076508,12.778107,13.298401,6.852735,8.980691,1.515792,-0.38771152,2.4879944,5.5267534,0.30853426,284.3476,10
2024-06-19,19.033207,24.77945,13.7690735,11.010376,7.9778857,8.552395,1.4863642,1.3618822,2.1537762,4.6319003,0.5272538,227.50252,13
2024-06-20,19.716877,25.622955,14.309326,11.313629,8.682744,9.530416,1.9348568,0.8829004,2.2576818,4.746757,0.28751865,245.47217,12
2024-06-21,21.211813,28.753448,15.183868,13.56958,8.19818,9.088661,1.7855768,0.560306,1.9487381,4.450142,0.24905176,252.57838,14
2024-06-22,23.54891,29.502716,17.67987,11.822845,8.213062,9.500481,1.0427912,1.2087975,2.2010796,4.3081474,0.72647595,220.78331,12
2024-06-23,24.883108,30.143097,21.167114,8.975983,8.076247,8.988287,2.254135,1.2306005,2.6821487,6.6334815,0.72985214,241.36853,12
2024-06-24,24.60108,31.266449,19.077759,12.18869,10.610312,11.262833,2.0461342,1.14717,2.463597,5.2882595,0.9576358,240.72273,12
2024-06-25,24.24985,28.801544,19.851746,8.949799,11.257604,12.066836,2.4176939,1.3326,2.808115,5.063627,0.91509634,241.13705,9
2024-06-26,22.944742,28.519592,17.984375,10.535217,10.335446,11.014957,2.2171447,1.2412237,2.5646722,4.7985716,1.0612485,240.7586,11
2024-06-27,22.611917,28.542236,17.407349,11.134888,10.516913,11.173472,1.9577373,1.1671845,2.3582869,5.2324996,0.46110496,239.197,13
2024-06-28,21.713013,27.105408,16.200134,10.905273,9.891128,10.669399,1.6408392,1.7914191,2.6076775,5.1331534,0.69017565,222.48795,10
2024-06-29,21.075134,27.818237,15.398987,12.4192505,7.849665,8.951622,1.4587339,1.4954511,2.130573,4.401029,0.33353996,224.28792,13
2024-06-30,23.28978,30.570618,17.028381,13.542236,7.0998664,7.763376,1.8407809,0.5140613,2.1812038,4.878203,0.33612338,254.39694,13
2024-07-01,23.295046,29.555481,16.914093,12.641388,8.018699,8.791935,0.69163746,1.5307465,2.2135904,4.64141,0.8631783,204.3149,14
2024-07-02,22.98638,30.089386,16.775208,13.314178,8.083503,8.838181,0.4163723,1.167825,1.5586518,3.602466,0.25432828,199.62302,16
2024-07-03,24.730997,31.036957,19.95694,11.080017,8.043907,8.750889,1.537611,1.0618286,1.9905105,4.857073,0.53949505,235.3722,14
2024-07-04,25.192175,31.291565,19.77716,11.514404,8.660633,9.33215,2.4106598,0.31149253,2.5899036,4.8878193,0.8033752,262.63733,10
2024-07-05,26.262915,34.795258,19.723053,15.072205,8.976701,9.921998,1.6528503,-0.2747775,2.1636088,4.493569,0.5510138,279.43878,10
2024-07-06,27.305971,32.986816,21.215546,11.771271,9.722082,10.264073,0.4980657,0.5604968,1.5289487,3.1748412,0.42813927,221.62477,16
2024-07-07,24.996353,30.83139,19.23172,11.59967,9.2885275,9.879152,0.50467134,1.7425442,2.1147823,3.7946243,1.2570379,196.15195,15
2024-07-08,25.12533,31.514862,19.523834,11.991028,8.657739,9.97111,2.2014585,0.34649655,2.379333,4.3700447,1.3147975,261.05536,13
2024-07-09,25.09935,31.513458,19.303436,12.210022,8.204718,9.0132885,1.6786152,0.62868524,1.9823737,4.541613,0.38803938,249.46777,14
2024-07-10,26.236979,31.902466,20.950775,10.951691,8.381269,8.931284,1.7236767,0.6653447,2.0763159,4.6697245,0.3144181,248.89325,13
2024-07-11,26.098242,31.395477,21.070435,10.325043,8.974847,9.667677,1.8636951,0.7228217,2.1077034,4.532141,0.4823226,248.80154,13
2024-07-12,24.932959,30.722076,19.609161,11.112915,8.998753,9.674898,1.4035748,1.0275364,1.8293829,4.1291127,0.4781673,233.7927,14
2024-07-13,24.188086,28.850739,19.204895,9.6458435,9.284375,10.205118,1.0365475,1.5582634,2.1289113,5.6619897,0.5651665,213.63162,12
2024-07-14,23.396942,28.427856,18.679688,9.748169,9.566962,10.054376,1.5867225,1.5686382,2.2651482,4.4031653,0.35619265,225.32838,13
2024-07-15,23.711824,29.988373,18.564545,11.423828,9.19046,9.578425,2.085388,1.0632119,2.3938806,4.2507715,0.85340667,242.98575,12
2024-07-16,23.516321,28.89682,18.174713,10.722107,9.434666,9.895434,2.6191614,1.1651281,2.8840437,4.8756604,0.9149708,246.01822,7
2024-07-17,23.757364,30.204498,18.044098,12.1604,9.965067,10.39213,2.566478,0.69386625,2.6748848,4.730706,1.2147344,254.87134,9
2024-07-18,24.828222,30.136322,19.633575,10.502747,9.9704275,10.282936,1.8380995,0.9116315,2.1671097,4.67031,0.045258194,243.62024,13
2024-07-19,24.996622,30.650055,19.468506,11.181549,8.754628,9.22412,1.7265453,0.925028,2.1940403,4.710916,0.34837636,241.81902,13
2024-07-20,26.475294,32.07126,21.868958,10.202301,8.200715,9.262372,2.0568364,1.0348874,2.4276612,4.7546034,0.5297273,243.29095,12
2024-07-21,26.38106,30.897034,21.34967,9.547363,8.456179,8.944945,1.5818586,1.4787608,2.346361,4.5163174,0.29398048,226.9293,11
2024-07-22,25.888105,32.07306,20.589111,11.483948,8.33674,8.665073,1.82311,1.2408851,2.2736528,4.486378,0.50170827,235.75916,13
2024-07-23,26.158484,31.529572,21.635193,9.894379,9.234136,10.398819,2.0142834,1.1495396,2.400952,4.5022893,0.8800358,240.28687,13
2024-07-24,26.81072,32.281647,22.601135,9.680511,9.402931,10.000925,2.2573347,0.90189713,2.49175,4.9842916,1.0317045,248.22128,12
2024-07-25,27.079498,32.49643,22.175354,10.321075,10.179718,10.700251,2.431511,0.7193859,2.626654,5.535644,0.5430435,253.51865,11
2024-07-26,26.16889,31.106781,20.87381,10.232971,9.798381,10.325908,2.0711472,1.1202763,2.3916056,5.3037157,0.37461612,241.5912,13
2024-07-27,23.530838,28.904083,17.197113,11.70697,9.039998,10.086034,2.1378908,1.6292353,2.8588536,5.8531365,0.57936615,232.68985,12
2024-07-28,21.995413,27.662354,16.23999,11.422363,7.545634,8.223945,2.2822917,1.6119572,2.8635476,5.53666,0.544004,234.76688,10
2024-07-29,22.00165,28.598602,16.32129,12.277313,6.8108087,7.3208704,2.0870876,1.4977096,2.615517,5.0391884,0.3036921,234.33652,11
2024-07-30,22.625074,29.153442,16.587524,12.565918,6.7806015,7.3267765,1.7480987,1.2580756,2.2058666,4.431031,0.26245815,234.25812,12
2024-07-31,23.390755,29.673065,17.784668,11.888397,7.0520787,7.526201,1.5213076,0.85856074,1.8824631,4.2656345,0.12258182,240.5615,13
2024-08-01,24.483541,29.113892,19.781036,9.332855,8.171047,10.052074,1.1868242,0.8128763,1.7869229,3.8769503,0.2668841,235.5921,13
2024-08-02,25.888815,31.444672,21.360626,10.084045,10.020833,10.585095,1.3363544,0.99166375,1.7037569,3.7423728,0.031916514,233.42213,14
2024-08-03,26.736635,32.826874,21.586243,11.240631,8.888374,9.6171,1.9231509,0.9356284,2.1843839,5.321091,0.1312179,244.0567,13
2024-08-04,26.589651,32.126373,21.38559,10.740784,8.950376,9.677175,1.9322468,0.61697674,2.1488562,5.1499925,0.07947853,252.29144,12
2024-08-05,27.472593,33.7388,21.75116,11.98764,8.30727,8.5332155,1.8797134,0.70355535,2.2769547,4.9266553,0.4841504,249.4797,13
2024-08-06,27.661398,32.644836,22.109528,10.535309,8.666678,9.298286,1.7297511,0.75566036,2.1812534,4.622808,0.35539234,246.40138,12
2024-08-07,26.169662,31.383972,21.170105,10.213867,8.833007,9.90157,0.26747903,2.155756,2.6596253,4.3391047,1.2428374,187.07292,9
2024-08-08,25.085432,31.580963,19.974213,11.6067505,8.208995,8.871666,0.9533194,1.6149651,2.089978,4.0867543,0.46484214,210.5535,13
2024-08-09,25.064955,31.806335,19.14264,12.663696,8.957733,9.275302,1.3559132,1.0340608,1.8372275,3.9347165,0.26490858,232.66974,14
2024-08-10,26.00352,32.852234,20.481903,12.370331,9.116485,9.316005,1.7873459,0.7565051,2.0129766,4.179768,0.45760137,247.0592,13
2024-08-11,25.991537,31.56482,21.227081,10.337738,8.927321,9.429789,1.0236766,1.6565739,2.057298,4.430161,0.39271113,211.71393,13
2024-08-12,25.142054,30.72174,20.23819,10.483551,9.137962,9.569145,0.93045926,1.9478326,2.453709,5.153289,0.6820947,205.53333,12
2024-08-13,24.480516,30.453644,18.887238,11.566406,9.046472,9.83476,1.9083796,1.2357696,2.3827012,5.4572363,0.28976187,237.07495,13
2024-08-14,24.168787,30.661438,18.286255,12.375183,8.879113,9.763008,1.884788,0.8656691,2.2727118,5.1440363,0.484056,245.33102,13
2024-08-15,24.481455,31.225372,18.779175,12.4461975,8.516385,9.395759,2.0497534,-0.13584983,2.3257482,4.963529,0.79838455,273.7918,12
2024-08-16,25.086296,31.270325,19.208984,12.06134,8.608089,9.792853,1.1367931,1.1449336,2.1562736,4.8886294,0.16311891,224.7956,13
2024-08-17,23.50592,28.69638,18.56424,10.132141,9.066497,10.085613,0.92867297,2.1765285,2.5875864,4.713361,1.2720279,203.1068,12
2024-08-18,22.717901,30.21112,17.05188,13.159241,8.753543,9.609614,1.2180923,1.1921284,1.9150815,4.557775,0.26361763,225.6172,13
2024-08-19,24.587004,32.088654,19.116974,12.97168,7.8892493,9.026713,2.0534503,0.4515053,2.428328,5.1636977,0.6772019,257.59933,13
2024-08-20,26.061918,33.45041,19.680695,13.769714,7.3847632,8.234488,2.4092176,-0.0494574,2.855487,5.3715825,0.86256665,271.17603,11
2024-08-21,25.70472,31.6698,19.408356,12.261444,7.5736885,8.410719,1.8959593,0.64867884,2.3835034,5.2693605,0.35733417,251.11227,13
2024-08-22,22.903097,29.210938,17.242188,11.96875,8.858925,10.479844,1.7944511,1.7604672,2.7214959,6.110124,0.6160535,225.54771,12
2024-08-23,20.46098,26.220306,15.082031,11.138275,8.806008,10.229494,2.3877623,1.5048709,2.902764,5.9319077,0.050199613,237.77911,10
2024-08-24,19.830484,26.141968,14.574097,11.567871,8.811381,10.185821,2.2871401,1.4895607,2.7754889,5.3978863,0.70342124,236.92474,9
2024-08-25,20.846087,27.922638,15.385376,12.537262,9.046073,10.166906,1.539456,0.5238297,2.065662,5.2002797,0.14792895,251.20813,14
2024-08-26,22.81682,30.704132,16.824036,13.880096,8.139477,9.241383,1.1665906,0.13523652,1.7733232,4.33462,0.6177116,263.38754,16
2024-08-27,23.398294,29.398376,18.326508,11.071869,8.061984,8.779414,0.7253501,1.4417844,1.8620003,4.116647,0.050682046,206.7066,14
2024-08-28,22.157385,28.058868,16.685303,11.373566,7.911943,8.602419,0.90150756,1.7838281,2.1311193,4.441034,0.6100777,206.81104,14
2024-08-29,21.445938,28.097961,16.196594,11.901367,7.804233,8.279726,1.4508015,1.2818513,2.03842,4.2977166,0.17175211,228.53789,13
2024-08-30,22.260538,28.575592,17.807465,10.768127,8.136693,9.463735,1.7356507,0.85404515,2.1814291,4.207255,0.91679376,243.80003,13
2024-08-31,23.82582,29.86029,19.424469,10.435822,9.282073,9.832925,1.4058346,0.91096085,1.9324118,4.2034073,0.4797188,237.05734,15
2024-09-01,25.081888,30.765656,20.30075,10.464905,9.154084,9.597681,1.4284014,0.825516,1.8085102,4.180217,0.12272987,239.9751,14
2024-09-02,25.224203,31.60257,20.310425,11.292145,9.5908575,10.506227,1.3114034,1.2514391,2.0275018,5.096495,0.28925562,226.34035,15
2024-09-03,26.255922,32.9545,21.441437,11.513062,9.256682,9.674275,1.9775829,0.6385482,2.1985738,5.65017,0.39144793,252.10509,13
2024-09-04,27.615202,34.271027,21.827972,12.443054,9.02237,9.230098,2.5788686,-0.42475784,2.8869362,5.6044574,1.3536267,279.35306,11
2024-09-05,29.992586,36.73294,24.890686,11.842255,8.213637,8.520165,1.675003,-1.1058115,2.5849912,5.4471016,0.17106259,303.4322,7
2024-09-06,31.356163,36.928192,26.408203,10.519989,8.369959,8.799806,1.3918055,-0.90470475,2.3980598,4.1562696,0.5166519,303.02478,11
2024-09-07,29.92565,35.383545,24.994019,10.389526,9.134544,9.941207,1.481473,0.4305829,1.8989006,4.1673923,0.44819576,253.79376,14
2024-09-08,29.865534,35.537506,25.599457,9.938049,9.758767,10.161649,1.0187306,0.06760672,1.895938,3.9037278,0.46512285,266.20322,14
2024-09-09,29.681227,34.96414,24.939026,10.025116,8.861727,10.281182,2.6195,-0.77732754,2.9156616,7.0839915,0.2576734,286.52808,9
2024-09-10,27.351648,32.70581,22.911652,9.794159,7.136351,7.550541,3.854394,0.2847364,4.028461,7.0554523,0.86828935,265.77505,5
2024-09-11,21.652054,28.079529,15.571991,12.507538,7.8390656,8.927292,2.4005458,1.1088629,2.729498,6.299499,0.70768535,245.20679,10
2024-09-12,20.11677,26.651642,14.697113,11.954529,8.888427,9.596506,1.536368,0.57608706,1.8058077,4.6948285,0.5731678,249.44562,15
2024-09-13,20.385063,27.338867,15.797974,11.540894,9.796464,10.732176,1.1440886,1.0916848,1.6610836,4.176763,0.21713859,226.3427,16
2024-09-14,20.390387,26.368439,16.22342,10.14502,10.080116,10.878725,1.411158,1.5335611,2.1181707,4.3765464,0.57258606,222.61977,13
2024-09-15,19.260344,23.944214,15.611511,8.332703,10.342323,10.803296,2.4696715,1.8178669,3.0766697,5.7803407,1.7203013,233.6441,10
2024-09-16,17.818243,21.461975,14.951172,6.510803,9.2771225,10.568335,4.169193,2.3019152,4.776247,7.341698,3.551756,241.09583,0
2024-09-17,17.010954,23.382141,13.156952,10.225189,8.135284,8.785448,3.2054908,0.49407408,3.2904043,7.1301303,1.4275464,261.23776,7
2024-09-18,18.059599,24.055206,13.743195,10.312012,9.010246,9.511875,1.9123598,1.1400938,2.4246743,4.9840665,0.75473595,239.19781,12
2024-09-19,18.283426,23.014282,15.101532,7.9127502,10.005901,10.582931,1.8268007,1.8228807,2.60923,5.0421042,1.482133,225.06155,13
2024-09-20,18.13151,23.677765,14.777985,8.89978,9.950391,10.358722,3.071874,0.55119973,3.1769636,4.803461,2.3592725,259.82742,0
2024-09-21,19.226488,26.136963,14.646545,11.4904175,10.013851,10.733464,1.9742724,1.0001959,2.2767055,4.9627976,0.73104274,243.13254,11
2024-09-22,20.914228,27.59848,16.207062,11.391418,9.222646,10.395934,1.2935392,0.44553888,1.6825882,3.5422425,0.22844742,250.99457,15
2024-09-23,22.85424,29.508606,17.979034,11.529572,8.033576,8.475805,1.3091801,-0.007764548,1.6180415,3.4013953,0.650717,270.3398,17
2024-09-24,23.24118,28.793732,18.046478,10.747253,7.7477326,8.623344,0.70744634,0.517006,1.6146091,3.711262,0.20113133,233.84045,16
2024-09-25,21.106977,26.34787,16.986511,9.361359,7.491217,7.984699,1.721734,0.873174,1.9579531,4.6144342,0.5342775,243.10826,14
2024-09-26,20.515738,27.522614,15.7248535,11.79776,7.906347,8.3977585,1.6902752,0.350062,1.9017553,4.362612,0.16386698,258.29926,15
2024-09-27,21.588984,28.178864,16.785187,11.393677,7.4841895,7.741547,1.5097917,-0.07051142,1.8857765,3.607958,0.69096255,272.67395,16
2024-09-28,21.18059,27.518951,16.433899,11.0850525,6.703589,7.4546976,1.0841461,0.7576015,1.7024536,4.151737,0.4562141,235.05415,15
2024-09-29,21.120722,28.783173,16.00232,12.780853,6.3683624,6.8870215,1.4562155,0.4926931,1.719999,3.8950922,0.16031331,251.30737,15
2024-09-30,22.648104,30.829071,16.753296,14.075775,6.9812646,7.713134,0.26075757,0.3657734,2.0306468,3.791044,0.78263,215.48485,15
2024-10-01,25.336176,33.10843,20.425903,12.682526,7.0276237,7.5078735,0.691122,0.09608682,1.2693447,3.0762842,0.37210423,262.0849,19
2024-10-02,26.211432,33.970734,20.380646,13.590088,7.558168,7.749725,0.98060924,-0.5160014,1.6055241,3.4597526,0.4149586,297.75357,19
2024-10-03,26.35,32.972656,20.842499,12.130157,7.815168,8.441613,0.8644271,-0.1594285,1.554975,3.2722156,0.36051676,280.44977,17
2024-10-04,24.76735,30.875336,20.414032,10.461304,8.140614,8.8559475,0.22209494,0.8714103,1.6794801,3.4728935,0.19417436,194.2985,17
2024-10-05,25.328125,32.374695,20.325256,12.049438,8.103555,8.764448,1.0316561,-0.35092926,1.5975069,3.43712,0.49395746,288.78632,19
2024-10-06,25.71203,32.194855,20.403473,11.791382,7.4381804,8.3506,1.2862735,-0.23051846,1.7276081,3.8902624,0.5442174,280.16037,16
2024-10-07,25.366037,30.833496,20.642181,10.191315,7.5023346,7.9518566,1.2050043,0.06903008,1.8065761,4.171076,0.6499762,266.72134,16
2024-10-08,24.169449,29.509552,20.390656,9.1188965,7.3502975,8.09721,1.094153,0.94769496,1.5072771,3.5862525,0.08133851,229.1027,17
2024-10-09,22.781044,29.135376,18.008972,11.126404,7.292494,8.003022,0.7592728,0.60346705,1.3920287,3.270786,0.18717167,231.52246,17
2024-10-10,21.673927,27.846954,16.842896,11.004059,7.367287,8.159982,0.15135007,1.1677543,1.5657972,3.3820052,0.2776416,187.38481,15
2024-10-11,22.030931,27.258118,18.461395,8.796722,6.8220882,7.6434846,1.194953,1.0574573,1.7454447,4.0349803,0.2554514,228.49323,15
2024-10-12,21.147188,26.765167,16.979156,9.786011,6.873964,7.399674,1.771299,0.41771832,1.8885669,3.854244,0.25631213,256.73062,14
2024-10-13,19.3039,25.53598,14.45047,11.08551,7.5056405,8.350659,1.2481941,0.12038522,1.7408336,4.3120036,0.5524129,264.49103,15
2024-10-14,18.34867,24.904144,13.6996155,11.204529,8.642022,9.273959,1.0400287,0.41030002,1.2614201,4.0618796,0.0030772777,248.47037,17
2024-10-15,18.500181,25.926239,13.909454,12.016785,9.138326,10.329623,1.0502337,0.40488744,1.3489393,3.3229966,0.6389713,248.9173,18
2024-10-16,17.956545,23.059906,14.241577,8.818329,9.156345,9.992693,1.4906311,0.7855943,1.7128439,4.023768,0.42280954,242.20984,15
2024-10-17,17.404139,22.10965,14.212769,7.896881,9.807156,10.414576,2.6138856,1.2069048,2.9105282,5.838709,1.6461176,245.21591,9
2024-10-18,16.68109,22.672516,12.334778,10.337738,7.0851173,9.987695,1.1127516,-1.9546028,3.652963,5.698565,1.6768063,330.34723,3
2024-10-19,17.651306,24.841278,13.439453,11.401825,4.362154,5.7639565,-0.9630632,-2.422434,2.9367468,4.843657,0.51647896,21.680794,4
2024-10-20,19.721405,26.330505,15.529083,10.801422,6.7963376,7.618251,0.7290387,-0.0135265095,1.2927868,3.5408192,0.3930362,271.06293,21
2024-10-21,20.735851,26.670166,17.151337,9.518829,6.2307715,6.7088,1.2822347,0.046395767,1.6385893,3.8834684,0.21031916,267.92773,15
2024-10-22,21.377756,28.366455,16.314728,12.051727,6.155501,6.583972,0.9045999,-0.5475256,1.6909771,3.6585653,0.44892326,301.18518,17
2024-10-23,22.4573,28.70987,18.207275,10.502594,6.4383163,6.9364076,0.7119954,-0.22476079,2.0064342,4.0005703,0.53638285,287.5197,15
2024-10-24,20.819418,27.33139,16.167511,11.163879,6.6264434,7.131568,0.86389285,-0.08269521,1.3026091,3.370315,0.37710825,275.46793,19
2024-10-25,20.959326,26.893341,16.470703,10.422638,6.342074,6.918112,0.23101716,0.44806346,1.5939347,3.3583498,0.31465665,207.2752,17
2024-10-26,21.04043,27.154541,17.471222,9.683319,5.952109,6.255553,0.87844014,-0.13892809,1.3870344,2.8543367,0.057696693,278.98706,18
2024-10-27,21.253752,27.208527,18.075592,9.132935,6.867376,7.525165,1.2462579,-0.13776204,1.6308026,4.4831476,0.40174368,276.3079,15
2024-10-28,18.106133,23.04483,14.614288,8.430542,9.247371,10.582273,3.6190212,0.14087771,3.707567,6.700754,1.202971,267.77078,2
2024-10-29,14.318947,19.129303,10.865326,8.263977,7.178322,7.9770985,4.0456576,-1.884991,4.6489897,6.6127744,3.6093197,294.9822,0
2024-10-30,14.133137,19.988312,9.888153,10.100159,6.3076873,7.0895023,0.25067937,-0.66149557,2.1312006,4.0676055,0.6624844,339.24536,10
2024-10-31,15.370834,20.654175,11.5841675,9.070007,5.978995,6.6908603,2.247875,0.1492718,2.358892,4.551582,0.74866194,266.2008,11
2024-11-01,14.448861,20.70581,10.198639,10.507172,6.7251353,7.689019,0.9358814,-0.2624603,1.8141178,4.225461,0.42484915,285.6657,15
2024-11-02,14.016964,17.88028,11.527527,6.3527527,7.5929947,8.524989,2.2836514,0.96969604,2.64664,5.888954,0.24762823,246.9927,11
2024-11-03,13.660534,20.089813,9.532379,10.557434,6.9885945,8.44631,2.7206738,-3.313774,5.0204215,7.6327524,3.6890874,320.61334,0
2024-11-04,15.257113,22.126495,10.910461,11.216034,4.468555,5.2060876,-0.9588594,-4.06572,4.5072365,6.074923,1.548608,13.270151,2
2024-11-05,16.148401,22.70343,12.257782,10.445648,4.9724603,5.522484,0.3281094,-0.8391102,2.0139067,3.629849,0.7502594,338.64346,17
2024-11-06,15.035886,19.175323,12.582306,6.5930176,4.56722,7.011073,-4.059255,-3.9008176,6.479444,11.634767,2.036969,46.140266,0
2024-11-07,13.9348,20.813904,9.802246,11.011658,3.078128,3.459682,-3.0469687,-2.7624485,4.1590257,5.6076584,2.4762576,47.803856,0
2024-11-08,15.242082,22.39975,10.923065,11.476685,3.7692213,4.209704,-0.44996753,-0.65695626,1.592619,2.790726,0.25361142,34.40832,18
2024-11-09,16.25,23.07492,12.528076,10.5468445,5.0386534,5.7481318,0.34439287,0.41089907,1.7061883,3.069721,0.46719292,219.96788,16
2024-11-10,17.258886,23.642761,13.120087,10.522675,4.8632426,5.748034,0.29397365,0.12722403,1.3416756,3.1078854,0.20862633,246.59833,18
2024-11-11,15.931621,20.539337,12.086273,8.453064,5.8858566,6.330287,1.8044872,1.0290104,2.1838143,6.1702166,0.27557895,240.30603,14
2024-11-12,13.167279,19.761047,8.251556,11.509491,6.4573364,8.752529,1.4760695,-2.6315062,3.8268821,5.1706486,2.2675054,330.71097,0
2024-11-13,14.716731,22.832306,9.928375,12.903931,4.5049953,5.193836,-1.126503,-1.3052988,2.8210728,3.716925,0.86295784,40.79495,4
2024-11-14,15.755864,21.302185,11.691956,9.6102295,5.4832444,6.342997,1.4212298,-0.17075217,2.2114391,5.5521703,0.53291816,276.8509,14
2024-11-15,12.108295,16.804749,9.0347595,7.769989,6.84306,7.969777,4.947543,-0.377952,5.0526004,6.762679,3.6203861,274.36847,0
2024-11-16,10.410172,16.200653,6.4363403,9.764313,5.273667,6.0797615,1.9981359,-3.1902132,4.130035,6.008096,2.7359552,327.93973,0
2024-11-17,11.2247305,18.463898,6.8006897,11.663208,4.4308763,5.4084344,0.31812933,-2.5884762,3.1455219,4.0854683,1.8577038,352.99335,1
2024-11-18,11.548272,16.3591,7.7645264,8.594574,5.676393,6.5396934,1.8325013,-0.7096689,2.0720403,5.362688,0.3716157,291.1698,13
2024-11-19,10.917599,17.718842,6.556061,11.162781,4.8239098,5.9308195,-0.041806433,-1.9198341,2.7397125,5.0127306,0.40721005,1.2474794,4
2024-11-20,13.240043,20.134613,9.601135,10.533478,4.1540933,4.7138166,-0.7477291,0.31478631,2.2441268,3.276733,1.2480409,112.83059,7
2024-11-21,15.43801,22.43161,11.831299,10.600311,4.58929,5.256622,0.9784901,0.017320167,1.418458,3.8646111,0.16989478,268.98593,18
2024-11-22,16.01337,21.839874,12.719513,9.120361,4.4948006,4.8017797,1.2809854,0.24524625,1.6027279,3.803509,0.26314053,259.1618,16
2024-11-23,12.644268,16.17926,9.605377,6.573883,6.998217,8.916769,1.4743665,1.350139,2.1928756,4.5774555,0.95166415,227.51837,13
2024-11-24,12.631806,16.116028,9.862427,6.253601,7.78972,9.008446,2.2013044,0.2749299,2.4515772,3.905485,1.280027,262.88098,9
2024-11-25,12.962685,19.2565,10.194824,9.061676,7.231297,7.6513944,0.4786053,0.46368924,1.8618532,3.704304,0.20979881,225.90689,14
2024-11-26,14.289613,17.359222,12.353455,5.005768,8.271903,9.971853,1.735619,1.4229488,2.272419,4.9472404,1.0971831,230.65337,16
2024-11-27,14.266292,18.635529,11.532257,7.1032715,8.605753,10.000663,0.6350866,-0.7407584,1.6200361,3.33257,0.6122856,319.39197,18
2024-11-28,13.554015,19.638428,10.131226,9.507202,4.9022107,6.772005,-1.522452,-2.2746623,3.0058248,5.405515,1.2735445,33.79475,4
2024-11-29,13.251057,17.023987,10.695892,6.3280945,4.137705,4.751872,-2.6364086,-2.3498013,3.6202898,5.0880446,1.8603466,48.289738,1
2024-11-30,14.985843,22.58957,11.18985,11.399719,3.8379571,4.185373,-2.7208023,-1.5936289,3.4492283,4.9340205,1.177173,59.641632,4
2024-12-01,15.982331,21.788666,13.020172,8.768494,4.713178,5.710128,-0.74353504,-0.20850475,1.5512109,2.434631,0.20755914,74.33524,21
2024-12-02,15.150296,21.102325,10.902496,10.199829,5.003504,6.489221,-0.01223142,-0.6796954,1.2721134,2.1963463,0.35832623,1.0309516,21
2024-12-03,14.437873,19.682281,11.31485,8.367432,5.249578,5.8717866,-0.039014712,-0.5221164,1.3042153,2.0745494,0.7350309,4.273437,23
2024-12-04,14.003135,19.68988,9.879425,9.810455,5.411045,6.682711,-0.05929665,-0.36773363,0.8904042,1.9043534,0.16752192,9.160034,24
2024-12-05,14.095355,21.125763,9.818481,11.3072815,5.1291795,5.42767,0.39544353,-1.3605932,1.6954829,2.4760926,1.1573203,343.794,18
2024-12-06,15.4890585,23.8255,11.617645,12.207855,4.842968,5.6439223,-0.77245873,-2.0436707,2.318507,3.6425238,1.0317727,20.705395,8
2024-12-07,16.09884,23.178986,11.760651,11.418335,4.4597797,4.8873205,-1.1090504,-1.6815667,2.6014483,3.7231243,0.29725853,33.406204,4
2024-12-08,15.439006,19.755219,11.901489,7.8537292,5.788433,6.3071456,0.65288574,0.640673,1.3584423,2.6404386,0.23226264,225.54092,17
2024-12-09,12.158363,18.664948,7.1970825,11.467865,5.292682,6.61924,-0.68482655,-1.0859596,1.7450881,3.5850656,0.27818602,32.2363,15
2024-12-10,12.41579,19.049347,8.536255,10.513092,3.1165783,4.162183,-3.327276,-3.0608494,4.675279,6.9107943,1.6858552,47.38822,1
2024-12-11,12.529166,19.836182,9.185486,10.650696,3.2484818,3.9424329,-2.5123065,-2.187424,3.5138252,5.140808,0.10622503,48.95444,6
2024-12-12,12.417728,15.478485,9.142609,6.3358765,4.8245,6.872013,1.6974455,0.37136135,2.491114,6.5535626,0.1147704,257.65945,16
2024-12-13,10.447659,16.105865,7.6569824,8.448883,6.196157,6.592428,1.9235829,-0.67345524,2.2403476,4.170256,1.06529,289.29538,12
2024-12-14,12.214176,17.104553,9.842407,7.262146,6.342373,7.074426,1.5455421,0.7435608,2.1110017,5.5925665,0.20471497,244.3078,14
2024-12-15,11.31116,17.737152,6.8375854,10.899567,6.3196435,7.7422576,0.83748645,-1.3175502,2.2350833,3.5682964,0.25894752,327.55835,9
2024-12-16,13.018765,20.703125,9.306122,11.397003,4.668574,5.1633415,0.53778636,-1.1577611,2.3631475,4.402611,0.7440552,335.08487,8
2024-12-17,13.944062,21.228577,10.373901,10.854675,5.7304764,6.2315183,-0.17532872,-1.7933487,2.43304,4.1089125,0.93473107,5.5838394,11
2024-12-18,16.197046,23.481201,12.808899,10.672302,4.9409757,5.163008,-2.4905865,-2.778515,3.9234028,6.0766325,1.023969,41.872196,3
2024-12-19,16.515148,22.782928,12.479095,10.303833,4.8783765,5.3403974,-1.3008443,-0.74013186,1.9835895,2.739837,0.58185637,60.36174,9
2024-12-20,16.134127,21.273712,12.871857,8.401855,4.794264,5.6800594,-0.48084125,0.7312477,1.3102318,2.8301966,0.1324741,146.67256,19
2024-12-21,14.806247,19.953308,11.516205,8.437103,4.982967,5.4688854,0.9820962,0.058514502,1.9699405,3.1924155,0.54965276,266.59027,14
2024-12-22,14.579473,18.808167,12.008179,6.799988,6.484942,8.411625,1.6108636,-0.34012148,1.814627,4.232385,0.14314264,281.92245,16
2024-12-23,14.276782,21.430481,10.590576,10.839905,8.120503,8.804003,0.88962275,-1.1725476,1.9051765,3.42121,0.977954,322.81207,16
2024-12-24,14.215041,16.982483,12.728546,4.253937,7.1664147,8.221496,1.4208179,0.16409266,2.2571433,6.1004677,0.43830445,263.412,15
2024-12-25,10.877285,16.281616,7.3532715,8.928345,5.980428,7.724051,1.736344,-2.7295017,3.531092,5.5908346,1.3080131,327.53796,4
2024-12-26,11.925427,18.476105,8.648621,9.827484,5.5191827,5.852888,0.8091705,-1.9904007,2.9623196,4.799173,1.0421045,337.87646,1
2024-12-27,12.055684,16.30661,9.422546,6.8840637,7.087196,8.673144,2.239096,-0.19840123,2.3858092,4.932104,1.0305479,275.06363,14
2024-12-28,12.496468,18.926453,9.22406,9.702393,7.4376473,8.890133,1.4857327,-1.2354797,2.2243545,3.917209,1.3774205,309.74564,14
2024-12-29,12.576608,18.792114,9.657623,9.134491,6.6271477,7.413167,1.1293817,-0.95542765,2.0946677,5.463525,0.76453024,310.23035,17
2024-12-30,12.336613,19.111206,7.6230164,11.48819,7.160418,8.579549,0.738826,-1.5038551,2.278673,3.8287354,0.49373797,333.83566,8
2024-12-31,11.833674,18.406189,7.8764343,10.529755,5.4125543,6.3199005,-0.44291255,-1.1999887,1.6759058,2.7342815,0.35500592,20.258963,12
2025-01-01,12.781358,20.587952,9.046143,11.541809,4.3841944,5.031386,-0.8463869,-1.1151485,1.9233594,2.9962177,0.48981962,37.198143,13
2025-01-02,14.819255,22.726929,10.74057,11.986359,4.405869,5.5078783,-1.6055974,-0.6945801,2.3514044,4.2397814,0.9909657,66.60673,10
2025-01-03,14.475399,17.32367,12.602661,4.7210083,5.607878,6.4990873,0.05915619,1.6326308,1.962365,3.2858946,0.37873885,182.07513,14
2025-01-04,11.275178,17.256165,7.772522,9.483643,6.2863755,7.4868493,0.7576394,-1.1074389,1.882082,3.9456668,0.6909576,325.62256,15
2025-01-05,13.324197,20.902649,9.510742,11.391907,4.752971,5.3585362,-0.9329524,-2.703313,3.160139,4.2440834,0.7875628,19.040293,4
2025-01-06,14.761161,19.967987,11.645599,8.322388,5.524874,6.075273,0.5589287,-0.9730706,2.0834517,4.0701427,0.5122162,330.12708,14
2025-01-07,12.967953,17.376526,9.843567,7.532959,5.958215,7.301309,-1.530317,-4.8686314,5.6041083,10.290907,1.2863011,17.449068,4
2025-01-08,12.583928,17.048706,9.853973,7.1947327,3.1819293,3.6187592,-5.086113,-8.184499,9.708379,11.657471,5.8795304,31.858156,0
2025-01-09,12.145022,19.275635,8.240295,11.035339,3.2087955,3.4932313,-1.7411343,-3.8961992,4.3113084,5.900028,3.2389705,24.07892,0
2025-01-10,12.823425,19.099487,8.378235,10.721252,3.4593585,3.6917486,-1.7411269,-2.3812568,3.380461,4.970243,0.8509879,36.173515,3
2025-01-11,12.228187,18.537445,7.160431,11.377014,4.930629,5.886391,0.20977716,-1.4156541,2.822418,6.019592,0.92156833,351.571,11
2025-01-12,11.021614,16.615845,6.778717,9.837128,3.0523078,3.7542162,-2.202959,-3.8014805,4.466602,6.752349,1.9423077,30.092302,1
2025-01-13,9.629447,15.435455,5.7918396,9.643616,3.185807,3.8593338,-3.1325963,-2.2306354,4.0588655,7.1566534,1.3815522,54.546375,4
2025-01-14,9.663841,16.784668,5.72641,11.058258,2.792821,3.0532978,-2.3784063,-2.737386,3.6760528,5.2959423,2.399836,40.98608,0
2025-01-15,10.899344,17.794006,6.9625854,10.831421,3.5609424,4.0131283,-2.3592355,-2.1346292,3.4703357,5.861629,1.3818297,47.861298,3
2025-01-16,11.125968,17.7807,6.762909,11.017792,3.7283638,4.667951,-1.2470348,-0.3782041,2.3156607,3.5490284,1.1518366,73.12835,8
2025-01-17,10.586639,15.2846985,7.730072,7.5546265,6.161707,7.290457,2.5107944,1.281715,2.919198,4.105079,2.1578066,242.95651,0
2025-01-18,9.892159,16.474182,5.597473,10.876709,5.237926,6.090256,0.46665344,0.06580115,1.2874424,3.4203296,0.38332272,261.97385,20
2025-01-19,9.818307,15.28479,6.0940247,9.190765,4.492069,5.0028543,0.6844511,-0.17069717,1.3641363,3.5712495,0.35638928,284.0035,19
2025-01-20,9.427203,15.803009,4.6434937,11.159515,4.5491204,5.9422755,-1.1163278,-2.280588,3.9516323,9.042972,1.1474216,26.08134,6
2025-01-21,9.899598,18.342346,4.69046,13.651886,2.1444852,2.6099334,-3.4470909,-3.2200935,4.7349286,7.463146,2.2855916,46.94999,0
2025-01-22,13.173049,21.859375,9.482147,12.377228,2.710886,3.0226724,-2.5096452,-2.8498707,3.92138,5.6878624,1.6188078,41.3677,1
2025-01-23,13.652081,20.798676,9.471954,11.326721,2.7341855,3.3672776,-3.920871,-2.9605434,4.9726815,8.0908165,2.032866,52.944534,0
2025-01-24,12.488923,19.6698,7.351898,12.317902,2.8594017,3.3657212,-2.050152,-0.4599652,3.0072362,4.0415015,1.629376,77.354706,2
2025-01-25,11.002978,15.069611,8.507111,6.5625,6.3395157,7.9189463,0.7765973,3.3271046,3.5143878,6.270274,1.3721817,193.13849,4
2025-01-26,9.314765,11.161133,7.943817,3.2173157,6.186918,6.9545913,1.1919188,3.1190252,3.5617325,5.2490945,1.569335,200.9141,3
2025-01-27,8.756981,12.137512,6.743866,5.3936462,5.5741353,6.217048,-0.6640748,-0.7810025,1.8481776,3.2222488,0.6774481,40.374016,16
2025-01-28,8.351548,14.23938,4.5241394,9.7152405,5.0520945,5.692622,1.1323444,-1.1859478,2.2659478,3.290997,0.8571835,316.32455,5
2025-01-29,8.947297,14.636444,5.4015503,9.234894,5.299009,6.011074,1.0641928,-0.07014275,1.6732826,4.1467805,0.31813166,273.771,17
2025-01-30,9.309455,13.0177,7.6164246,5.4012756,6.097763,6.403317,1.7068729,1.0257405,2.0691035,3.5742342,1.2149277,238.99637,10
2025-01-31,10.14718,16.309998,7.015808,9.294189,5.6836886,6.102234,1.0594349,-0.08071317,1.4170655,3.294623,0.3042212,274.3567,21
2025-02-01,12.286468,19.684692,8.802856,10.881836,6.3537216,7.8922324,1.7424103,-0.7267979,2.3069537,5.315316,1.0201677,292.6421,13
2025-02-02,14.124911,20.808655,10.329926,10.478729,7.9622264,8.423407,1.1351863,0.09757676,1.6312499,3.681968,0.4342556,265.08713,16
2025-02-03,15.173104,20.336273,12.692169,7.644104,6.0942802,7.483166,1.2576114,1.0981714,1.7639986,4.3568687,0.42380014,228.8719,15
2025-02-04,12.460186,16.218323,8.411682,7.8066406,6.8326335,7.1117854,1.3925147,1.9899206,2.6073973,5.4051957,0.9666197,214.98372,9
2025-02-05,11.715328,14.280334,10.569946,3.7103882,8.152549,9.0832815,-0.42946467,3.7877562,3.8912868,4.794031,1.8215116,173.53128,1
2025-02-06,12.686614,14.702179,11.212189,3.4899902,8.802572,9.15574,1.4489492,3.543555,3.8835995,6.066748,1.0345942,202.23952,5
2025-02-07,13.383513,16.319336,12.124847,4.1944885,8.637128,9.429479,3.0105608,3.36284,5.089911,6.190758,3.356616,221.83629,0
2025-02-08,11.358844,17.45755,7.8096313,9.647919,6.0234857,7.218575,1.5194912,-1.763661,2.9316342,4.52998,2.0887175,319.2533,0
2025-02-09,11.765531,18.102814,7.9575806,10.145233,4.9148526,5.678387,-0.5643876,-2.1838167,3.3483887,4.8796363,0.9965017,14.490512,3
2025-02-10,11.499973,15.226288,8.315399,6.9108887,6.2107525,6.9973173,1.3680395,0.8664157,1.7434324,3.581104,0.54348385,237.65283,16
2025-02-11,9.891656,14.317688,6.4822693,7.8354187,5.308191,6.2786264,3.50671,-0.5873883,3.7031662,6.855905,1.8307022,279.509,4
2025-02-12,8.768223,11.884979,6.8626404,5.022339,5.9775105,7.281709,2.110064,0.7546739,3.506204,6.17723,2.3500774,250.32019,0
2025-02-13,11.062543,12.781586,9.871948,2.9096375,8.332513,9.04884,0.43331194,4.7415,4.9378667,10.585373,1.7762743,185.2216,3
2025-02-14,11.642787,14.733124,9.599609,5.1335144,7.7076836,8.878995,4.9797153,2.744875,6.3091416,10.2602215,4.217334,241.13596,0
2025-02-15,10.731145,17.81604,6.1607056,11.655334,5.7467804,6.788548,0.8704594,-2.366515,3.3608367,6.1476674,0.8938848,339.8053,5
2025-02-16,13.707504,20.511871,9.590973,10.920898,5.2584968,6.1256037,0.09830177,-0.89667577,2.1578715,3.4507675,1.1462735,353.7437,8
2025-02-17,13.497093,18.653687,9.117798,9.535889,6.3418527,7.1359415,1.5155263,-0.4884776,2.150921,5.0480347,0.78589314,287.86493,14
2025-02-18,12.009206,18.71466,7.5968323,11.117828,6.440005,7.433608,0.65427834,-1.3549948,2.2320974,3.9399278,0.44414726,334.22577,9
2025-02-19,13.913815,20.552856,10.417236,10.13562,6.020464,6.5616536,0.35271168,-1.1174909,1.8371162,3.1074336,0.5432419,342.48285,14
2025-02-20,13.843697,20.369385,9.110992,11.258392,6.643227,7.6365347,-0.2171909,-1.7758592,2.502545,4.922513,1.1595337,6.9727526,10
2025-02-21,14.07967,20.563751,9.29776,11.265991,5.3021636,6.1844053,-1.5709047,-1.5356144,2.6785066,4.65458,0.26263228,45.650856,6
2025-02-22,14.678749,21.757233,10.015411,11.741821,5.219171,6.5987697,-0.15283944,-0.5466857,1.4752054,2.4240613,0.6562372,15.619641,23
2025-02-23,16.155777,23.225372,11.129425,12.095947,5.66511,6.481329,0.7260731,-0.6349107,1.6891829,3.781106,0.5909073,311.1679,17
2025-02-24,16.473574,23.615051,12.095917,11.5191345,7.129206,7.552699,1.3651081,-0.9200991,1.9919921,4.444044,0.6524112,303.98044,14
2025-02-25,16.106941,23.431274,10.822693,12.608582,7.0644584,8.150222,1.5117904,-2.2103953,3.010667,4.0221734,2.0998948,325.63,0
2025-02-26,16.383867,24.276917,10.842041,13.4348755,6.268169,7.4175363,-0.5460985,-2.5371492,3.0273578,3.9967878,0.9113599,12.147076,4
2025-02-27,16.608122,22.325897,12.245728,10.08017,4.7007127,6.2658124,-3.2313778,-2.0946367,4.115042,7.370481,1.3489729,57.04797,3
2025-02-28,14.7946005,19.624329,10.649292,8.975037,5.493424,6.4722953,-1.2770034,0.79898816,2.3381984,4.1207767,1.2041168,122.03315,11
2025-03-01,12.814605,18.053314,10.034607,8.018707,7.1857834,7.683013,2.006675,0.63472706,2.3107715,5.5895543,0.6904573,252.44743,13
2025-03-02,12.095764,14.954926,10.48407,4.4708557,7.085661,7.7562065,4.303572,1.9671465,4.9737983,9.0931635,1.5277785,245.43504,2
2025-03-03,9.635037,14.755798,5.846161,8.909637,5.6653385,6.567936,6.1801434,-2.1569579,6.6844583,8.357627,5.372521,289.23972,0
2025-03-04,10.958203,18.116364,7.3433228,10.773041,6.060711,6.502688,1.9631156,-0.9105794,2.4596045,6.90315,0.7644388,294.88394,13
2025-03-05,10.851471,15.891632,9.315613,6.5760193,6.885435,7.2707534,1.3900622,0.890577,2.0337846,4.1959853,0.13850714,237.35336,13
2025-03-06,9.122482,11.43158,6.7063293,4.7252502,6.236159,7.5347424,5.5759187,1.1124235,5.8275647,7.760386,2.9987555,258.71735,0
2025-03-07,8.31876,14.633362,4.751251,9.882111,4.9313283,5.319906,2.8361511,-2.4519663,3.9826248,5.062153,2.3650694,310.84473,0
2025-03-08,10.17472,17.891571,4.8806458,13.010925,4.8653274,5.6735096,-0.12169088,-1.4981898,2.0601423,3.2776403,0.2450459,4.6436706,6
2025-03-09,12.693286,19.489044,7.8171387,11.6719055,4.8745136,5.564934,-0.43512884,0.7637737,2.0896327,4.253816,0.35237673,150.32944,14
2025-03-10,13.226682,18.838837,9.178955,9.659882,5.5782943,6.1618233,0.37634745,1.7284899,2.142584,4.9945784,0.30106923,192.28342,14
2025-03-11,10.829389,15.475647,8.375549,7.1000977,6.6852393,7.1836834,-2.1907985,2.3281324,3.5888517,4.724024,2.0801022,136.74072,0
2025-03-12,11.4282875,14.430939,9.690521,4.7404175,7.6629577,8.179147,-0.891553,3.4493027,4.1990995,8.164614,1.5411934,165.50772,4
2025-03-13,9.9152565,12.047272,7.069916,4.977356,6.74245,8.024833,4.0498624,3.3998454,7.052921,9.904372,4.704114,229.98666,0
2025-03-14,7.2991676,9.919678,5.278473,4.641205,5.5505466,6.884086,3.718078,1.1720501,4.799767,9.441778,2.5037708,252.50359,0
2025-03-15,9.738853,16.61673,5.8087463,10.807983,5.8481994,7.2792106,3.3648865,-1.1618681,4.063676,5.279498,2.688971,289.04938,0
2025-03-16,11.50995,18.080353,6.8559875,11.224365,6.042192,6.410495,0.7859614,0.94562835,2.248991,4.8597956,0.3756909,219.73177,11
2025-03-17,12.310051,16.377533,9.344177,7.0333557,7.1278687,7.7866592,2.662611,1.5637912,3.137495,8.21358,0.77181464,239.57364,12
2025-03-18,10.494254,17.140198,6.0372314,11.102966,5.5973716,7.0614467,4.4392157,-2.149541,5.305959,8.218313,4.0948014,295.83704,0
2025-03-19,12.748801,20.949005,7.6369934,13.312012,5.201079,5.979851,-0.8390682,-1.3985893,3.3171673,5.055161,1.5543205,30.961182,3
2025-03-20,14.771976,19.982574,9.753784,10.22879,5.691159,6.3460083,1.5930333,-0.2996541,1.7732,3.7589958,0.7171317,280.653,15
2025-03-21,14.45198,21.867645,9.768829,12.098816,6.681189,7.2177086,1.2410182,-1.079923,2.671897,4.8255534,0.37320864,311.0295,3
2025-03-22,15.005876,20.737854,10.378265,10.359589,7.4163094,8.175954,1.3639437,-0.3735441,1.8188201,4.597077,0.19614701,285.31607,14
2025-03-23,15.560425,22.854187,10.410797,12.44339,7.8977623,8.3397045,0.19031906,-0.28521395,1.4604765,3.612855,0.17868921,326.2854,18
2025-03-24,18.231386,26.046112,13.148254,12.897858,7.175392,8.502226,-0.04990797,-0.7024595,1.5488354,2.6251798,0.48196766,4.0638914,20
2025-03-25,18.037142,23.249634,13.410187,9.839447,6.8037734,8.043705,0.33307934,0.36219755,1.8495239,3.9536688,0.39626598,222.60185,16
2025-03-26,13.813846,19.077362,9.987244,9.090118,7.4176927,8.212697,1.513618,1.6761733,2.3251352,4.6741467,1.1582363,222.08267,13
2025-03-27,13.927902,18.915802,11.4626465,7.4531555,8.102754,8.34855,3.4073417,1.0533917,3.61856,6.456259,2.3649852,252.82083,0
2025-03-28,13.640731,18.137543,10.236603,7.90094,7.586413,8.661291,4.1382084,0.36376384,4.221886,6.4483175,2.8331473,264.9764,0
2025-03-29,12.96053,17.886505,9.263855,8.62265,6.7979584,7.867949,3.567321,0.053237032,3.8496788,6.4733915,2.6050708,269.14502,0
2025-03-30,12.303039,16.972076,9.346924,7.6251526,6.952374,7.528322,3.461734,1.4807328,3.8011513,5.8723392,2.4250033,246.84152,0
2025-03-31,13.2303505,17.161102,11.282013,5.8790894,8.293412,9.284691,2.4231398,3.3572805,4.4881244,7.094237,3.2449422,215.82013,0
2025-04-01,11.823441,16.13919,8.0346985,8.104492,6.4978905,7.985767,5.863829,-1.2381667,6.1753182,8.744884,4.474668,281.92303,0
2025-04-02,10.460655,15.325684,5.979248,9.346436,5.647516,6.5284066,5.484272,-2.2072928,6.033069,8.579623,5.075688,291.92365,0
2025-04-03,10.525292,16.078918,6.418152,9.660767,5.494307,6.093504,2.111449,-0.6668065,2.7563622,6.912268,0.6175855,287.5264,11
2025-04-04,11.988171,18.793274,6.4709473,12.322327,5.684812,6.4007454,0.9379383,-1.0512052,1.9785258,3.9170868,0.66573143,318.25903,13
2025-04-05,14.432663,22.031311,8.848877,13.182434,5.078287,6.410228,0.15506397,-2.7702034,3.597565,5.390007,2.7219787,356.79617,0
2025-04-06,16.23884,23.21408,10.576141,12.637939,5.083778,5.844229,1.3919421,-0.83378816,2.642862,5.676744,0.53745085,300.92206,10
2025-04-07,16.399801,22.8237,11.057129,11.766571,6.567291,7.118928,2.3050902,0.35367593,2.387421,5.9145393,0.16142584,261.27698,12
2025-04-08,16.863985,23.73996,11.823425,11.916534,7.7363915,8.012686,1.7493134,-0.014809105,2.0255868,4.402422,0.7138091,270.48505,14
2025-04-09,18.186275,25.591003,12.452209,13.138794,8.029733,8.966544,1.155203,0.042255282,1.8613085,3.9906669,0.44008923,267.90515,16
2025-04-10,19.48461,26.012054,15.065155,10.946899,7.3750286,8.488063,1.2012517,0.5399038,1.4445467,3.8238943,0.13856302,245.79843,16
2025-04-11,19.628096,25.301514,14.389709,10.911804,7.977609,8.819999,1.3432354,0.23382504,2.062694,4.1169577,0.67730874,260.12512,14
2025-04-12,17.605017,23.102325,12.938538,10.163788,7.8084183,8.483085,1.2062854,1.3397417,1.9910227,4.6880584,0.5125112,221.99945,15
2025-04-13,15.696675,21.3656,10.826538,10.5390625,7.719236,8.609046,0.98772526,1.3181137,1.7280045,4.267316,0.41442475,216.84598,14
2025-04-14,15.348538,21.868256,10.540405,11.32785,6.643472,7.323036,0.5080762,1.0979016,1.8079585,4.697844,0.31612042,204.8333,15
2025-04-15,13.554154,18.61496,9.52182,9.09314,6.7313404,7.258747,0.82775354,1.6295508,1.9618334,4.3940487,0.42244983,206.92896,14
2025-04-16,13.182279,16.86853,10.417511,6.4510193,7.1231236,7.460898,2.502753,1.9994017,3.2307522,5.185363,1.892953,231.37932,1
2025-04-17,12.753058,15.383301,10.710297,4.673004,7.563685,7.8566623,3.865963,1.7421713,4.255855,5.3732066,3.3401358,245.74161,0
2025-04-18,12.727628,16.474976,9.9973755,6.4776,7.3780975,7.993242,3.8411062,0.7044113,3.9383094,4.9956665,3.2782924,259.60815,0
2025-04-19,13.902032,21.160583,8.306305,12.854279,6.1586556,7.416218,1.128548,-0.3649105,2.065459,4.953553,0.695497,287.91837,14
2025-04-20,15.791316,22.149475,10.669556,11.479919,6.797067,7.2973475,1.60814,0.78965837,2.0096302,5.0983095,0.21122171,243.8472,14
2025-04-21,16.258375,21.79657,11.141174,10.6553955,7.1212964,7.681738,2.0815327,1.0278075,2.3863966,4.41355,0.6197566,243.72102,11
2025-04-22,14.76616,20.456757,9.829987,10.62677,6.356842,7.161455,1.7545147,1.3704613,2.254738,5.0928893,0.76687324,232.00641,13
2025-04-23,13.727134,19.361298,10.182098,9.179199,7.3711357,7.6957026,2.1836836,1.596672,2.7525055,5.3187985,1.0645347,233.82637,11
2025-04-24,13.852745,18.37033,10.676147,7.6941833,7.6455555,8.205885,2.9481466,1.7614368,3.467572,4.981836,2.299602,239.14285,0
2025-04-25,13.013336,16.385834,10.329254,6.0565796,6.9147186,7.696966,3.0256526,2.5480807,3.9851534,5.858018,2.7469034,229.8973,0
2025-04-26,11.232274,14.145294,8.526215,5.6190796,6.3185196,6.689425,3.5042276,3.2892778,5.003466,7.694877,2.6544816,226.81227,0
2025-04-27,11.16304,15.952393,7.9554443,7.9969482,6.3670197,6.7424917,4.028895,1.1795768,4.2523646,6.5709615,3.0123765,253.68106,0
2025-04-28,13.733869,20.513306,9.898712,10.6145935,7.1164017,7.551171,2.578534,0.054857258,2.814329,5.7822075,0.3825729,268.78125,5
2025-04-29,15.784077,22.987762,10.044067,12.943695,7.464399,8.06438,1.654322,-0.18973404,2.0782242,4.7802825,0.5342332,276.54266,14
2025-04-30,15.212214,20.663605,11.063995,9.599609,7.7100143,8.128132,1.3628039,1.7038394,2.4077346,4.9262924,0.9575387,218.65433,13
2025-05-01,14.62807,19.755829,10.918976,8.836853,7.7668242,8.806873,0.915435,0.9609833,1.6581484,4.2077794,0.18222477,223.60948,17
2025-05-02,15.99529,22.750275,11.794952,10.955322,8.551831,9.481291,2.4429297,0.7889414,2.6729298,4.6575403,1.7045588,252.1022,6
2025-05-03,14.837501,20.270966,11.673309,8.597656,8.168061,8.3810425,1.9543623,1.2044094,2.384207,4.780072,0.6587285,238.35583,13
2025-05-04,13.640967,16.941162,11.332611,5.608551,8.074065,8.637697,3.7626235,0.7469726,3.8536997,4.841257,3.4394069,258.7714,0
2025-05-05,13.64054,17.978424,11.121857,6.8565674,8.185269,8.423989,1.746728,1.1822256,2.196801,3.855808,1.2188934,235.90897,13
2025-05-06,14.7760725,19.678223,11.819214,7.859009,8.522341,8.665056,1.8119202,2.32303,2.988973,5.0896573,1.742992,217.95357,2
2025-05-07,16.27645,23.391357,11.70816,11.683197,7.879523,8.951436,1.4732704,0.33561897,2.0575008,4.680158,0.94222283,257.16672,15
2025-05-08,18.709726,26.070343,13.533142,12.537201,8.103995,8.367348,1.4397186,0.55094427,1.7303864,4.326026,0.097582586,249.05942,16
2025-05-09,22.11611,29.484283,15.933685,13.550598,8.371432,9.197798,0.8511326,0.089269154,1.621266,2.9015858,0.6472133,264.01257,17
2025-05-10,24.518343,30.37793,18.648254,11.729675,8.265265,9.466855,1.2053562,0.7412343,2.2631452,4.8476305,0.81883407,238.41055,14
2025-05-11,23.510485,28.67099,18.084259,10.586731,7.8810577,9.272125,1.9337549,1.320874,2.6970713,5.55951,0.26027432,235.66452,10
2025-05-12,17.89415,24.61734,13.236511,11.380829,8.260251,9.314086,2.928835,1.6958838,3.4055111,7.860043,1.0782343,239.92789,8
2025-05-13,14.735179,19.638702,10.193359,9.445343,7.1211925,8.400903,4.289255,0.6993623,4.554792,7.60806,2.1450849,260.73944,0
2025-05-14,15.465625,21.718231,10.409607,11.308624,6.912473,7.5327263,3.224087,-0.09503129,3.4963028,6.11366,1.8562274,271.68832,2
2025-05-15,16.51311,22.880615,10.851105,12.0295105,7.4037247,7.9827795,1.6243893,0.8929312,2.1277237,5.51923,0.16425781,241.2023,13
2025-05-16,16.628405,22.058014,11.740662,10.317352,8.01785,8.342911,1.9019655,1.4927498,2.506171,4.9961433,0.79897773,231.87355,11
2025-05-17,15.03199,18.931915,12.543152,6.3887634,8.392233,8.993807,2.9082355,2.5848262,3.9802694,6.2908745,2.6665812,228.36946,0
2025-05-18,15.629552,21.86789,11.305634,10.562256,7.9402885,8.430551,3.7338963,0.0082551045,3.820446,6.4396453,2.070897,269.87332,0
2025-05-19,18.082094,26.111877,12.078705,14.033173,7.716001,8.548989,2.01952,-0.77510166,2.5451205,5.402819,1.4618847,290.99704,11
2025-05-20,21.090239,28.129517,14.913483,13.216034,7.86595,8.6394825,1.3529485,-0.18704712,2.0795293,4.1903915,0.54082394,277.87134,13
2025-05-21,21.72696,28.41388,15.353699,13.060181,7.5330715,8.505872,1.5965291,0.2600353,2.1197166,4.600177,0.3629769,260.74918,13
2025-05-22,21.171412,27.361115,14.925049,12.436066,7.6514707,8.552776,2.0405025,0.5401918,2.175664,4.850875,0.13506986,255.17198,13
2025-05-23,18.838873,25.067719,13.218872,11.848846,7.983557,8.779251,1.8664116,1.3476306,2.3763902,5.506653,0.12280108,234.16908,12
2025-05-24,17.326439,22.822449,13.10379,9.718658,8.404542,8.8900175,2.651388,1.9675866,3.3339539,5.5307956,2.0479894,233.42102,0
2025-05-25,17.526016,24.05014,12.999359,11.050781,8.755153,9.134721,2.4925945,1.4363742,2.9114742,5.299367,1.6415831,240.04703,6
2025-05-26,17.535997,22.969208,13.015106,9.954102,8.845409,9.508956,3.096552,0.8865469,3.2860165,5.5848484,1.4099619,254.02353,4
2025-05-27,18.006474,25.163727,13.074249,12.089478,8.583486,9.246378,1.8905468,1.2155086,2.4933403,5.10427,0.47273844,237.26141,11
2025-05-28,17.891397,23.948578,13.5849,10.363678,8.965091,10.04731,2.1895506,1.5965213,2.7925808,5.4654446,0.47816914,233.90218,11
2025-05-29,18.135134,26.374298,13.100159,13.274139,8.626929,9.104516,2.1461031,0.95386434,2.5258033,4.1642246,1.5159813,246.0366,6
2025-05-30,22.248816,30.301758,16.25473,14.047028,7.927803,9.066987,0.47918478,0.5459978,1.5783113,3.1928437,0.120058626,221.27121,18
2025-05-31,22.802368,28.824646,17.943604,10.8810425,7.9150605,9.2991085,0.7805674,2.025523,2.407565,5.693957,0.9635658,201.07497,11
2025-06-01,21.199104,25.01361,16.953613,8.059998,9.0358305,9.907464,1.3872169,1.9551412,2.7024992,4.4861693,1.1448298,215.35657,7
2025-06-02,19.307709,24.510529,14.397858,10.112671,9.758125,10.030011,1.5013018,2.6545231,3.277275,5.209421,1.5088699,209.49094,6
2025-06-03,18.555899,24.357452,14.165558,10.191895,9.534256,10.246198,1.9204193,1.3944029,2.403713,5.0400743,0.90345466,234.01688,10
2025-06-04,18.753351,24.88379,14.275604,10.608185,9.706661,9.944994,2.4750535,1.280398,2.8489237,4.717455,0.71184015,242.64651,6
2025-06-05,18.559887,24.423553,14.341431,10.082123,9.624773,9.96333,2.5201254,1.7974997,3.1024952,4.9975243,1.5374299,234.50134,5
2025-06-06,18.874151,25.014526,13.891785,11.122742,9.214106,9.709466,2.2761545,1.3752556,2.7131784,4.686863,1.2785761,238.85959,10
2025-06-07,19.523722,25.236847,14.647034,10.589813,9.454394,9.865383,2.6474922,1.2191998,3.0491903,4.6604767,1.6922979,245.2734,4
2025-06-08,19.677067,25.998962,14.634338,11.364624,9.116019,9.626067,2.6465588,1.034799,2.8945816,4.663039,1.282502,248.6446,6
2025-06-09,20.450869,26.946655,14.6814575,12.265198,8.765047,9.459008,1.6977457,0.9108723,1.9630861,4.5020165,0.32635093,241.78561,14
2025-06-10,21.530296,27.824951,16.036835,11.788116,8.759751,9.537918,1.7049733,1.0071172,2.000017,4.6593776,0.087924,239.42993,13
2025-06-11,21.339743,27.434692,16.253815,11.180878,8.394979,8.778413,2.0004103,0.97193974,2.3369162,4.8809457,0.3373674,244.08627,12
2025-06-12,20.502768,27.173859,14.711761,12.462097,8.27287,9.289242,1.6530987,1.0949297,2.0984676,4.9174685,0.30254516,236.4815,13
2025-06-13,20.238379,27.582,14.689026,12.892975,8.013925,8.842232,1.7342223,0.9040334,2.062253,4.6782084,0.2777956,242.4674,13
2025-06-14,20.962763,28.253754,14.869751,13.384003,7.7775826,8.46305,1.5341815,0.8966587,1.9242796,4.3611765,0.17248037,239.69568,13
2025-06-15,23.293112,31.259827,16.649689,14.610138,7.434128,8.6346245,2.021987,0.073087014,2.2254667,5.290607,0.19484402,267.92987,13
2025-06-16,24.097494,31.20404,17.366577,13.837463,7.226738,8.326562,2.4418583,0.026174022,2.6245162,5.5789165,0.82218874,269.38586,12
2025-06-17,23.824335,31.124298,17.010712,14.113586,7.0999036,7.9152455,2.1465223,-0.42385876,2.6208231,5.365722,1.1800503,281.1701,11
2025-06-18,24.099413,31.43106,17.299225,14.131836,7.492504,8.128805,1.1091233,0.56571907,1.7203585,4.1106596,0.29822487,242.97571,15
2025-06-19,22.36444,28.790497,16.547333,12.243164,8.298059,9.336606,1.9266878,1.2036372,2.3058698,5.395127,0.10850168,238.00623,12
2025-06-20,20.155918,25.651733,14.801819,10.849915,8.14866,9.146264,2.4726727,1.1196765,2.7657864,5.81691,0.45901883,245.63803,11
2025-06-21,18.528685,23.876068,13.710297,10.1657715,7.994288,8.875079,2.7899086,1.3300346,3.1780214,6.1555233,0.9007057,244.51144,9
2025-06-22,18.792349,25.935333,12.312988,13.622345,6.55637,7.273285,2.1150062,-0.10834018,2.7437115,5.9849086,0.2966252,272.9324,10
2025-06-23,19.093147,24.20932,13.983276,10.226044,8.096556,9.220428,1.3092686,2.1809826,2.7280178,5.1186285,1.0011781,210.97688,11
2025-06-24,18.457329,24.414978,13.74881,10.666168,8.352497,9.049203,1.9272567,1.7031685,2.6234133,4.638319,1.2361512,228.53212,9
2025-06-25,20.06987,27.32666,14.175354,13.151306,8.64428,9.2143345,1.7787269,1.0056324,2.1029446,4.3549075,0.3578867,240.51764,13
2025-06-26,21.158268,27.12799,15.503845,11.6241455,8.598617,9.116522,1.559597,1.4545493,2.2455385,4.5799136,0.25475347,226.99605,13
2025-06-27,21.494102,27.551605,16.363953,11.187653,7.589215,7.9158015,0.95082736,1.9090462,2.4002411,4.6495976,0.57933915,206.47626,12
2025-06-28,22.257986,29.317291,16.211151,13.10614,6.701624,7.5952725,1.0897015,1.7856513,2.258586,4.4648123,0.6573782,211.39381,13
2025-06-29,23.414473,29.616852,17.561157,12.055695,6.4469,7.3763056,2.2018952,1.0202209,2.5393667,4.856191,0.5023935,245.13994,9
2025-06-30,22.897552,28.857452,16.912384,11.945068,7.2075996,8.078504,2.4323165,1.0215374,2.8492267,5.2824545,0.24399182,247.2183,6
2025-07-01,21.989931,27.509338,16.108673,11.400665,6.864804,7.3543096,2.1208427,1.3453989,2.6106815,4.9884095,0.4952465,237.6102,11
2025-07-02,21.187582,27.737793,15.419403,12.31839,6.9897237,7.3911963,2.0436583,0.9418852,2.271147,4.551532,0.21232422,245.25589,13
2025-07-03,21.180338,27.382263,15.668579,11.713684,8.489457,9.342755,0.66765565,1.781508,2.3203018,4.5867043,0.77339256,200.54451,13
2025-07-04,20.897604,26.890503,15.629578,11.260925,8.651075,9.1353655,1.4065533,1.8910685,2.4613311,5.148072,0.3178224,216.64143,12
2025-07-05,21.923492,29.012451,15.4782715,13.53418,7.6228395,8.780725,1.3015938,1.6178671,2.457278,4.7290063,0.37612158,218.81711,12
2025-07-06,22.508978,28.659607,16.273102,12.386505,7.0245957,7.6178527,1.7477313,1.2220751,2.224476,4.653658,0.024698352,235.03741,12
2025-07-07,21.354698,27.781006,15.270172,12.510834,7.162213,7.8873105,1.6471043,1.5897284,2.366944,4.931097,0.26365453,226.01552,12
2025-07-08,22.418043,29.461578,16.789429,12.67215,7.202881,7.890083,2.088812,0.9846632,2.5419898,5.444319,0.2685963,244.76088,11
2025-07-09,24.88,31.661407,19.001007,12.6604,7.697458,8.547064,2.7477043,0.51006204,2.8249083,5.251823,0.46703663,259.48376,10
2025-07-10,25.179604,31.840973,18.56784,13.273132,7.2103333,8.114051,2.1034632,0.15245666,2.607659,5.081561,1.4099882,265.85452,13
2025-07-11,23.712622,29.390778,17.283875,12.106903,7.890749,8.323564,1.1165658,1.5110353,2.1159828,4.5007806,0.65349734,216.46222,14
2025-07-12,21.696058,27.95465,16.192749,11.761902,8.507926,8.967286,0.7840635,2.0736074,2.3036962,4.0794215,0.78082013,200.7124,11
2025-07-13,22.169739,28.821259,16.425873,12.395386,8.95625,9.419268,1.6870084,1.211968,2.1116629,4.2052727,0.45402044,234.30606,13
2025-07-14,22.459618,28.43811,17.034027,11.404083,8.511757,9.052646,1.601286,1.4211766,2.2787848,4.407269,0.23455189,228.41025,11
2025-07-15,21.184797,26.73233,15.707275,11.025055,8.293155,8.953621,0.7308151,2.2962284,2.5774257,4.8790355,0.9959119,197.6546,13
2025-07-16,20.489307,27.008575,15.048859,11.959717,8.395449,8.904327,0.4004375,2.4265795,2.671377,4.7516103,1.4455432,189.37059,11
2025-07-17,21.506536,28.051056,16.434326,11.61673,8.92781,9.6221895,1.0624719,2.0961816,2.4857113,5.081599,0.69005835,206.87866,12
2025-07-18,22.066519,27.802582,17.39862,10.403961,9.461406,9.993088,1.9095529,1.3526698,2.3957846,4.845576,0.58078486,234.68741,13
2025-07-19,22.47821,28.934357,17.07022,11.864136,9.811222,10.377917,1.7693739,1.5018865,2.400758,4.633737,0.38528764,229.67462,10
2025-07-20,21.482367,27.111847,16.776123,10.335724,10.043036,10.580007,1.5615021,2.197805,2.7747707,5.1483564,0.72997344,215.39314,10
2025-07-21,20.323746,25.581604,15.835968,9.745636,10.029836,10.490994,1.4150901,2.4494863,2.9201355,5.1488194,1.348956,210.01543,8
2025-07-22,20.310896,25.920197,16.160217,9.759979,10.509738,11.6114855,2.4153411,1.8767395,3.0741909,6.121723,1.1468004,232.15251,7
2025-07-23,20.18408,26.48758,15.195984,11.291595,9.620032,10.446082,2.6179168,1.5339359,3.0502956,5.967171,0.5741642,239.63235,9
2025-07-24,20.99457,27.215637,15.111053,12.104584,8.282239,9.642932,2.7549546,1.2023572,3.080838,5.8892517,0.5144427,246.42189,8
2025-07-25,19.997532,25.342957,15.21051,10.132446,8.534939,9.65842,2.673591,1.4646801,3.1737702,5.947491,0.84315985,241.28464,7
2025-07-26,19.205944,25.38858,13.946899,11.441681,8.878297,9.682248,2.2920485,1.6618133,2.850724,5.0985036,0.8500473,234.05661,9
2025-07-27,20.39416,26.533691,15.254456,11.279236,9.317673,9.791111,2.291067,1.3042306,2.662361,4.997396,0.6847351,240.34854,11
2025-07-28,20.807392,26.914673,15.268005,11.6466675,9.617231,10.442948,2.184412,1.3005346,2.557691,4.9479566,0.8049544,239.23169,12
2025-07-29,21.821722,28.34198,16.219025,12.122955,8.770756,9.662654,2.0843196,0.8324237,2.257755,5.136086,0.34793735,248.2295,12
2025-07-30,22.479864,28.929596,16.530396,12.3992,8.634924,9.431572,2.0766451,1.0226005,2.3911548,5.316365,0.30403203,243.78302,11
2025-07-31,23.066523,29.218628,17.585327,11.633301,8.345626,9.262916,1.7305905,1.0985061,2.1714709,5.056358,0.23718521,237.59435,12
2025-08-01,22.594618,28.58014,17.079803,11.500336,7.759241,8.256641,1.4221367,1.4248406,2.1811004,5.081511,0.482128,224.9456,13
2025-08-02,22.383585,29.847626,16.444122,13.403503,7.4640565,7.935316,1.6303934,0.86643857,1.9471744,4.7873483,0.09833916,242.01254,14
2025-08-03,23.054728,30.17862,16.614136,13.564484,7.458322,7.9321723,2.1090202,0.5620031,2.2227929,5.4710045,0.06187404,255.0788,12
2025-08-04,22.722672,29.280853,16.366974,12.913879,7.8322983,8.695694,2.0228086,0.55585676,2.2762477,5.1831913,0.23979689,254.6347,13
2025-08-05,23.311865,30.535217,17.053833,13.481384,7.7703147,8.836147,1.4034395,0.6617531,2.0236747,4.639512,0.18388842,244.7551,14
2025-08-06,24.897705,32.262787,19.07367,13.189117,7.6689134,8.982692,1.6428684,0.9526894,2.0602977,4.9477677,0.15664615,239.89081,13
2025-08-07,26.328926,33.607513,20.415741,13.191772,7.3654633,8.157927,2.1051593,0.49689254,2.3892517,5.3080754,0.54507476,256.71924,13
2025-08-08,26.249344,31.492218,20.758698,10.7335205,7.351742,7.728083,1.968297,1.147666,2.3976257,5.314428,0.21334182,239.7546,12
2025-08-09,24.949331,30.828094,20.0112,10.816895,8.14631,8.574128,2.2205875,1.2116641,2.573025,5.5568705,0.2897787,241.3809,11
2025-08-10,24.667572,30.626617,19.664337,10.96228,8.731338,9.22267,2.054009,0.81873244,2.2495644,5.3693395,0.2236836,248.26767,12
2025-08-11,25.21238,32.25534,19.385895,12.869446,8.433604,9.08367,1.7356547,0.5083098,1.8925804,4.4968796,0.25659978,253.67664,15
2025-08-12,24.332123,30.43161,18.908539,11.523071,8.518205,8.76723,1.5512943,1.1028026,1.9811745,4.4627767,0.12619136,234.59128,13
2025-08-13,23.417181,30.19278,17.740173,12.452606,8.601478,9.330176,2.0100434,0.87373596,2.3155138,5.187286,0.0561501,246.50613,12
2025-08-14,22.453651,28.186188,17.386658,10.79953,8.433907,8.979256,2.0523412,1.1949266,2.4074097,4.953961,0.15638119,239.79092,12
2025-08-15,21.069212,26.85785,16.111115,10.746735,9.309676,10.643569,1.1842798,1.7769618,2.2508032,4.4353175,0.5304694,213.682,12
2025-08-16,20.933756,28.006042,15.948761,12.0572815,9.479299,10.540923,1.3118815,1.3047608,1.9581747,5.1622877,0.45097077,225.15593,15
2025-08-17,21.342329,28.078308,16.330109,11.748199,9.946973,10.983313,1.7408152,1.2360042,2.266577,5.1236167,0.11454608,234.6247,14
2025-08-18,22.359095,29.78778,16.39325,13.394531,8.695039,9.870271,1.3157798,0.982867,2.0969057,4.873793,0.29125538,233.24084,14
2025-08-19,23.403946,30.438507,17.614502,12.824005,7.577288,9.108023,1.4146401,1.0852406,1.9484992,4.54424,0.26596698,232.50641,13
2025-08-20,24.92217,33.00305,18.906982,14.096069,8.185229,9.395678,1.8409443,0.3284839,2.1931255,4.3428373,0.61766905,259.88306,13
2025-08-21,27.111406,32.902863,22.375397,10.527466,8.593665,9.186486,1.364006,0.7239209,2.1401465,4.4244895,0.539948,242.0437,13
2025-08-22,27.75296,34.24466,23.105804,11.138855,9.176502,9.837478,1.2466044,1.4777025,2.021325,6.4953012,0.24318455,220.1513,14
2025-08-23,26.48823,32.481964,21.696167,10.785797,8.501519,10.16369,1.2218957,1.01926,1.9774665,6.4161086,0.44671217,230.1664,15
2025-08-24,26.491247,32.13571,21.704773,10.430939,9.928471,11.170366,1.5645381,1.2451904,2.0729039,4.726472,0.18620896,231.4843,13
2025-08-25,25.211573,30.97638,20.411255,10.5651245,9.174577,9.692808,1.2328101,1.6568297,2.258631,4.6536393,0.61549985,216.65213,13
2025-08-26,23.500557,28.202759,19.357056,8.845703,9.332097,9.7635,0.9336509,1.9127755,2.384269,4.5058613,0.3784364,206.01761,11
2025-08-27,23.725225,30.7901,18.763672,12.026428,9.181782,10.54679,1.3727368,1.4600754,2.180692,5.4707136,0.1288228,223.23407,13
2025-08-28,24.017153,29.873566,20.347687,9.525879,9.086106,9.9763775,1.0333904,1.468804,1.9283365,5.3609657,0.21388473,215.12866,15
2025-08-29,24.867416,31.128052,20.14038,10.987671,9.670766,10.406856,1.8552347,0.5981415,2.0608008,4.3381042,0.47086078,252.1303,14
2025-08-30,25.710953,32.0968,20.873596,11.223206,9.492986,9.952607,1.5728245,0.70230865,1.8892766,4.260474,0.39991814,245.93796,15
2025-08-31,26.333954,32.528442,21.500275,11.028168,9.336735,10.215673,1.5862983,0.73399144,1.8677105,4.3605566,0.41382426,245.1697,14
2025-09-01,26.327934,32.549805,21.495422,11.054382,9.36509,10.019292,1.5675468,1.0549558,2.129783,4.650027,0.112520285,236.05954,13
2025-09-02,25.909525,30.365204,22.04309,8.322113,10.27132,11.359158,1.319022,1.1376535,2.2249613,4.496545,0.12205204,229.22232,10
2025-09-03,26.484879,32.429535,21.386963,11.042572,10.458585,11.173326,1.5507749,0.73454213,1.9839325,4.700613,0.12652718,244.6549,14
2025-09-04,25.691154,31.039093,21.030212,10.008881,9.418031,10.110211,1.8888904,1.0002002,2.2143748,5.3434315,0.029059347,242.09802,13
2025-09-05,24.228312,29.86618,18.921448,10.944733,8.174519,8.953357,1.5248173,1.507123,2.5085542,5.454529,0.20545126,225.33438,12
2025-09-06,23.698889,29.980133,18.354095,11.626038,7.88364,8.782142,1.5584561,1.5092759,2.45846,4.8637376,0.45185924,225.91846,11
2025-09-07,24.44069,30.402039,20.035522,10.366516,9.170678,10.05662,1.8387976,1.333754,2.4288442,5.2890615,0.41005054,234.04512,11
2025-09-08,24.061737,29.234589,18.927612,10.306976,9.100836,10.306987,2.6726253,1.1988196,2.9880886,5.827804,0.5651893,245.84116,9
2025-09-09,21.38111,26.847961,16.25534,10.592621,9.342775,10.227363,2.5085175,1.1901902,2.871919,5.91405,0.50937927,244.61755,11
2025-09-10,19.892275,25.116486,15.867584,9.248901,10.42165,11.459704,2.7405484,1.6124239,3.2162292,5.7742724,1.5902908,239.52924,7
2025-09-11,19.969381,25.363098,16.2529,9.110199,10.878726,11.650934,3.1720629,1.0275521,3.3989897,5.5645695,1.7759769,252.05089,4
2025-09-12,20.394735,25.700043,16.644165,9.055878,11.327756,12.031544,2.6854928,1.0900198,2.9075234,5.433183,1.5937521,247.90817,6
2025-09-13,20.913082,27.378265,16.458893,10.919373,11.221761,12.143101,2.4498572,0.9361844,2.6823041,4.815564,1.2534553,249.08623,9
2025-09-14,21.408308,27.981293,16.429108,11.552185,10.294257,11.230639,1.6003695,0.80086213,1.9195251,4.366175,0.32557622,243.41556,14
2025-09-15,22.601969,29.446167,17.87436,11.571808,8.499818,9.334955,0.5603063,1.0889869,1.911759,3.9145834,0.487001,207.22676,14
2025-09-16,24.959541,30.913605,20.80481,10.108795,8.474606,9.433331,1.3918971,1.2833781,2.1139567,5.3110957,0.3176294,227.32286,14
2025-09-17,25.110434,29.793732,21.524536,8.269196,10.764598,11.242026,2.3231828,0.42688915,2.5144565,4.234354,1.3135307,259.58795,10
2025-09-18,22.78187,26.066376,20.986938,5.0794373,13.505725,14.489707,0.66383487,1.7886705,2.3558857,4.8969846,0.11414903,200.36156,12
2025-09-19,21.75411,26.230774,18.713318,7.517456,13.072311,13.5601425,1.4355558,1.9030238,2.4672222,4.8607764,0.7869255,217.02927,14
2025-09-20,22.110239,27.92218,18.003632,9.918549,11.803108,12.70089,1.7903152,0.906048,2.1515472,4.471783,0.7441714,243.1568,13
2025-09-21,21.71964,26.836487,17.230103,9.606384,10.757611,11.408489,1.6514114,1.0458118,2.1932306,4.453409,0.22524932,237.6546,12
2025-09-22,22.442902,28.061005,18.222809,9.838196,12.069481,12.886396,1.5524162,0.7930169,1.8673252,3.9690578,0.3139352,242.94081,14
2025-09-23,24.461578,30.629059,20.806854,9.822205,10.565471,11.470858,0.78351116,0.78825855,1.707964,4.2579956,0.31264985,224.82695,16
2025-09-24,23.508484,28.424591,20.130066,8.294525,11.454811,12.078951,2.1139376,1.3504225,2.541763,4.787932,1.267223,237.42882,13
2025-09-25,21.668066,26.09436,17.766876,8.327484,11.786565,12.551192,3.056432,0.9300773,3.2106943,5.692879,1.5737265,253.07492,7
2025-09-26,20.465643,25.746765,17.186066,8.560699,11.514379,11.894427,2.150768,1.0208613,2.4637558,5.460136,0.89620394,244.60867,9
2025-09-27,20.216732,24.548798,17.212433,7.3363647,11.770534,12.604166,0.7101076,2.1765525,2.5399134,3.9342334,1.213768,198.0691,7
2025-09-28,20.036386,25.439453,17.097168,8.342285,11.320348,11.728669,0.5663888,2.3667228,2.5104792,3.819055,1.8698848,193.45856,5
2025-09-29,20.188583,25.100769,16.63916,8.461609,10.93784,11.5570345,1.6399571,1.5894575,2.409333,5.232661,0.9750696,225.89589,13
2025-09-30,19.060467,24.46283,15.93808,8.52475,10.003818,10.691846,2.569074,1.3155221,2.9249198,5.0982137,1.4871099,242.8848,7
2025-10-01,19.69497,25.38321,16.011475,9.371735,10.569442,11.699813,2.7654335,0.6847798,2.8751945,4.9662404,1.731131,256.0921,5
2025-10-02,19.764084,25.62619,15.441071,10.18512,9.812195,10.711712,1.9552888,0.86053514,2.229146,4.8631544,0.25334868,246.2454,12
2025-10-03,19.05764,23.190948,16.039337,7.1516113,10.236182,11.787761,3.2546556,0.90316695,3.4743328,7.1217985,2.12593,254.49066,0
2025-10-04,17.978619,24.317719,13.290375,11.027344,8.422966,9.000909,2.3538227,-1.1919494,3.0462542,7.0350943,1.0850754,296.85715,7
2025-10-05,18.999725,25.363861,14.416718,10.947144,8.893502,9.810567,0.33686683,0.38273796,1.9423589,3.7043784,0.51403284,221.35263,14
2025-10-06,19.208357,25.630676,14.870483,10.760193,8.6270485,9.624721,0.12505338,1.0218029,1.5053324,3.5677693,0.2611325,186.97745,16
2025-10-07,19.381098,25.502289,15.22171,10.280579,7.6839433,8.924764,0.5510619,0.3643519,1.3624687,3.0764856,0.16526723,236.52808,17
2025-10-08,18.454569,24.149353,14.516144,9.633209,7.7444797,9.058508,1.490163,1.1072221,2.0508723,4.710242,0.607909,233.3869,15
2025-10-09,18.51212,25.949493,14.105011,11.844482,7.933287,8.979203,1.5151597,0.76945454,2.0507061,4.431037,0.56042266,243.07684,15
2025-10-10,21.527704,27.760284,17.937744,9.82254,9.314315,10.1103945,1.6988454,0.51019377,2.193837,4.9046516,0.37028563,253.28406,14
2025-10-11,20.65369,25.355804,16.203613,9.152191,9.56284,10.607932,1.9778643,-0.050379694,2.1242192,4.500066,0.33282235,271.4591,14
2025-10-12,18.13342,24.820587,12.456177,12.36441,7.3432984,9.031372,0.5776774,-1.3844694,2.7636483,4.392906,0.99920297,337.3514,3
2025-10-13,16.414179,22.196655,13.554871,8.641785,8.59252,9.424036,0.32703117,2.760071,3.1223476,6.5016494,0.92277557,186.7573,9
2025-10-14,14.669202,16.695251,13.602478,3.0927734,9.136484,10.025465,1.774252,5.9820576,6.6304703,9.879032,4.83881,196.52013,0
2025-10-15,13.528236,19.253754,10.723114,8.53064,7.370214,7.9463644,1.1863718,0.41474065,1.9663967,4.138584,0.08300022,250.73102,15
2025-10-16,15.512418,22.979584,10.632111,12.347473,7.102281,7.817898,0.34166145,-1.6254925,2.4500885,3.9099755,0.06584801,348.12982,6
2025-10-17,18.170893,24.802032,13.822601,10.979431,7.3805146,8.2496195,-0.14945494,-1.4023561,1.8337005,2.6737957,0.9443205,6.0832877,16
2025-10-18,19.66654,26.330872,14.897736,11.433136,7.547567,8.478357,-0.2328016,-0.34274748,1.7029966,2.6605513,0.8334374,34.185204,18
2025-10-19,20.69792,25.865479,17.098175,8.767303,8.354527,9.464176,1.2801145,0.53533727,1.6209279,4.468377,0.37594134,247.30557,16
2025-10-20,19.716612,26.53241,15.192596,11.339813,8.32803,9.41306,0.85989547,0.25567904,1.329728,3.9066756,0.25787854,253.44083,19
2025-10-21,20.109678,25.683014,15.718292,9.964722,7.724191,8.548586,0.69487125,0.21638083,1.4538232,3.850364,0.13686773,252.70358,17
2025-10-22,17.406855,21.90207,13.707916,8.194153,9.205424,9.923187,3.1380303,0.566467,3.2117226,6.190368,1.7999519,259.76736,1
2025-10-23,17.006617,23.857605,13.188293,10.669312,9.369075,10.063866,2.2260773,-0.9916808,2.7663593,5.955701,1.5806222,294.01218,8
2025-10-24,18.530416,25.261597,14.710449,10.551147,8.846301,9.708651,0.8624685,-0.5598288,2.096441,3.607606,1.0910723,302.98764,15
2025-10-25,17.644157,23.276611,13.76947,9.507141,7.987921,9.099252,0.9078719,0.14730765,1.602019,3.8719532,0.33737418,260.78375,16
2025-10-26,16.360147,22.207031,12.3927,9.814331,8.342387,9.209578,1.4124165,-0.081246026,1.7644209,4.617202,0.11369275,273.29218,15
2025-10-27,16.79174,24.281097,12.323547,11.95755,8.99632,9.59363,1.066134,-0.7649004,1.6488138,4.132821,0.8934124,305.65765,17
2025-10-28,19.606428,28.361572,15.063477,13.298096,7.1945157,9.047964,-1.6567388,-2.541643,3.612613,6.344234,1.9958918,33.097824,1
2025-10-29,21.557749,29.788849,16.751465,13.037384,6.011158,7.500742,-1.8573328,-1.7658072,2.7245677,4.7015715,0.41115442,46.447063,6
2025-10-30,21.517076,27.997955,17.054382,10.943573,6.763536,7.9100847,-0.6819906,-0.7555255,2.1432822,2.8723285,1.1296607,42.071632,9
2025-10-31,19.601616,25.351868,15.073517,10.278351,7.4488616,8.510614,0.124716975,0.6093621,1.2322345,2.2866971,0.41154447,191.5669,20
2025-11-01,19.12216,25.412262,15.346741,10.065521,7.15702,8.048717,0.2494595,-0.15647395,1.3864899,2.6056452,0.22192286,302.09808,19
2025-11-02,18.873987,25.250366,15.5138855,9.736481,7.0646725,8.091133,-0.058830258,0.40497565,1.3930706,2.7221723,0.16528933,171.73453,18
2025-11-03,17.959063,22.811157,14.595703,8.215454,7.237471,8.05472,0.24207973,1.001114,1.4019343,3.2261953,0.36753905,193.59378,19
2025-11-04,16.816637,22.569977,12.941559,9.628418,6.645757,7.5261717,-0.06372861,1.2198286,1.6986165,3.6242166,0.22125623,177.00935,16
2025-11-05,15.084468,20.120636,11.640106,8.48053,7.5246453,8.179326,0.83654815,1.2621115,1.7813348,3.8401093,0.41836172,213.53708,16
2025-11-06,15.843315,22.501526,12.653046,9.84848,8.896907,9.537797,2.3061838,-0.8010414,2.588527,3.5628088,1.881374,289.15442,4
2025-11-07,17.381418,26.026611,12.526123,13.500488,8.327621,9.244825,0.9293368,-1.9538323,2.6948636,3.8565075,1.3139787,334.56198,5
2025-11-08,19.084743,25.713837,15.13089,10.582947,8.190708,9.215091,-1.0031406,-1.0401043,2.3582892,3.2872334,0.75598985,43.96359,7
2025-11-09,19.712969,27.510101,15.492004,12.018097,7.082536,8.348675,-1.5416983,-0.86472684,1.9388123,3.2222407,0.1692295,60.712265,11
2025-11-10,20.735983,28.378815,16.394135,11.98468,6.4785447,8.340104,-0.6684148,-0.83334255,1.7372918,2.846728,0.84727126,38.732708,17
2025-11-11,20.771963,25.95282,17.874084,8.078735,7.085874,8.212998,0.657669,-0.13595407,1.3093815,3.3114753,0.2151247,281.67975,18
2025-11-12,18.539824,22.366608,15.68042,6.6861877,7.746061,8.826888,1.3590771,0.6441843,1.6058855,3.1873515,0.29870892,244.63968,16
2025-11-13,17.909805,22.194183,15.035767,7.1584167,7.52891,7.947753,0.60281616,1.9261546,2.1971986,5.112616,0.8663976,197.37823,16
2025-11-14,16.091312,18.93158,15.199127,3.7324524,10.145768,11.055834,-1.2503325,3.0461986,3.4354389,5.031722,2.066557,157.68396,0
2025-11-15,15.348114,16.297699,14.860413,1.4372864,10.473766,11.139571,-1.2696732,1.3702854,2.747421,4.3816166,1.2405478,137.18256,5
2025-11-16,13.008522,15.40686,11.803406,3.6034546,8.396245,9.265168,1.8599691,3.9354782,4.4124317,5.242036,3.1333666,205.29617,0
2025-11-17,13.316077,16.287903,11.892853,4.39505,8.615233,8.869451,0.44580078,3.3663442,3.5143778,7.1614857,1.9549661,187.54373,2
2025-11-18,11.290043,14.183868,8.761719,5.4221497,6.6743445,8.929331,1.5245088,0.53148264,2.0099962,4.949741,0.27976078,250.78015,15
2025-11-19,11.160314,15.388214,8.321503,7.0667114,6.19021,6.460277,0.6297149,-0.1493843,1.5673989,3.5497642,0.20508255,283.34534,20
2025-11-20,11.623299,14.230438,10.24646,3.9839783,7.4703965,7.7471533,1.6646122,1.7493343,2.9708369,4.731442,2.0044167,223.57843,0
2025-11-21,11.4813,14.482208,9.772522,4.7096863,7.6057935,8.365873,-3.3928468,0.9948966,3.7988605,5.9059606,1.6774544,106.3429,2
2025-11-22,12.842247,17.90335,10.114105,7.7892456,7.1582847,7.9628406,-3.0196507,-2.7555082,4.228575,6.694249,2.6255918,47.61875,0
2025-11-23,14.228061,19.755127,10.4565735,9.298553,7.3681245,8.045215,0.0720282,-1.4597797,2.2473652,2.769429,0.5992149,357.1752,5
2025-11-24,13.849647,20.000885,9.963806,10.037079,8.101282,8.994997,-0.08378322,-0.71385384,1.3040714,2.4951196,0.3923815,6.6940355,19
2025-11-25,14.773541,22.060669,10.873657,11.187012,7.0898614,8.251096,-0.8000925,-2.115327,2.5129442,3.6707728,1.4697707,20.718414,4
2025-11-26,16.132288,24.046326,11.983917,12.062408,6.4050007,8.307341,-2.3871052,-2.2696435,3.4057963,4.61467,0.7300338,46.44492,4
2025-11-27,15.984733,22.063446,12.819641,9.243805,6.548107,8.543614,-2.2033062,-1.6846503,2.9099445,4.163648,0.32968822,52.59843,6
2025-11-28,16.41173,21.278412,13.042267,8.236145,7.9962444,9.169955,0.54248476,0.34510884,1.100606,3.2093651,0.04956437,237.53699,19
2025-11-29,14.225357,19.366394,10.505005,8.861389,8.2093525,9.668614,-0.7793748,0.07463133,1.58435,2.9620502,0.57463944,95.46985,16
2025-11-30,13.46804,17.592316,10.403259,7.1890564,7.3948936,7.9883075,0.6782629,0.3426125,1.3107976,3.625607,0.1693519,243.2002,18
2025-12-01,12.571297,18.440216,9.348755,9.091461,6.8346076,8.085049,-1.6009008,-0.47732416,2.2221465,3.9264379,0.22276342,73.39754,8
2025-12-02,12.580937,18.331055,9.451447,8.879608,5.752998,7.0278983,-0.9707058,-0.5299249,2.0168798,3.0151448,0.8261497,61.369118,11
2025-12-03,12.210439,16.835571,8.311371,8.5242,6.9476247,8.437138,0.57583094,-0.42816368,2.7557328,4.552057,1.213967,306.63293,3
2025-12-04,11.854539,18.04004,8.196564,9.843475,4.9309325,6.072777,-2.2170045,-2.3568535,3.3510017,4.9125295,1.5281926,43.248684,5
2025-12-05,12.94711,19.660309,8.8078,10.852509,5.3392754,6.3114862,-0.49353823,-1.6745534,2.1569026,2.929535,0.4645114,16.421734,7
2025-12-06,14.759412,19.985382,11.553253,8.432129,6.7086864,7.479513,0.35570702,-0.010542192,0.72621936,1.7535145,0.065664575,271.6976,24
2025-12-07,14.862615,22.130554,11.254242,10.876312,7.0930824,8.225366,-0.6468578,-0.83896524,1.8155661,2.7483015,0.77821934,37.63289,12
2025-12-08,16.187063,22.458221,11.476166,10.982056,7.2482624,8.442566,-0.9391617,-1.4837033,2.1073055,4.4406776,0.38197106,32.333187,13
2025-12-09,16.36876,23.839722,12.574493,11.265228,6.553955,8.393257,-1.7765135,-2.4182403,3.0962687,3.8970299,1.5604885,36.302143,2
2025-12-10,17.276834,25.251373,13.606171,11.645203,6.6616836,8.896481,-1.4934483,-2.0964165,2.7613125,3.9441035,0.7027303,35.465366,5
2025-12-11,17.668844,24.64624,14.107697,10.538544,7.258484,8.837166,-0.7081191,-1.3886873,1.8523697,2.8573987,0.19945593,27.017931,13
2025-12-12,17.407492,23.080841,13.481445,9.599396,7.4416404,8.808381,-0.21936727,-0.7381194,1.2562624,1.9149293,0.052460846,16.551819,24
2025-12-13,16.533405,21.82788,12.74881,9.079071,7.155577,8.550616,0.15634917,-0.51462716,1.0644475,1.9920818,0.28457856,343.10068,24
2025-12-14,16.22553,21.28601,13.491638,7.7943726,7.1120887,8.144681,0.36296377,-0.599631,1.1648694,2.15958,0.40471628,328.813,22
2025-12-15,15.625796,22.345612,11.683533,10.662079,6.4276175,7.779726,0.017372603,-1.4156569,1.7132591,2.3632944,0.68463165,359.2969,15
2025-12-16,16.047132,23.235687,12.551331,10.684357,6.886984,7.9606614,-0.2566388,-1.7753977,2.129195,2.8968835,0.77507645,8.225293,8
2025-12-17,16.122845,21.293701,12.510895,8.782806,7.363041,8.355832,1.0783468,-1.4658914,2.0077744,5.3680897,0.42606434,323.66086,16
2025-12-18,15.988292,23.954071,12.367798,11.586273,8.221459,9.058819,1.282544,-2.9631176,3.4320557,4.1109314,2.0000648,336.5953,0
2025-12-19,16.854502,21.706482,13.679169,8.027313,7.592604,9.027133,0.524834,-0.6201576,1.9041681,3.6999402,0.39261973,319.75906,14
2025-12-20,13.981044,19.652435,10.543091,9.1093445,7.450428,8.85637,0.48980474,-0.4783368,1.4904685,2.641381,0.37198475,314.32135,17
2025-12-21,14.822918,20.497223,12.143982,8.353241,7.421822,8.480097,0.44281125,0.2933012,1.1146333,3.09318,0.21297227,236.48105,20
2025-12-22,15.76068,21.203827,13.470703,7.733124,7.451056,8.581961,0.5380011,0.46220958,0.9633215,2.739149,0.06558003,229.33336,20
2025-12-23,13.800381,16.667023,12.26651,4.4005127,7.7890697,9.410251,-1.7565695,2.880387,3.5034122,7.849515,1.1561695,148.62357,8
2025-12-24,14.62663,16.20044,13.131531,3.0689087,10.196912,11.183404,-2.8428307,6.9668756,7.907846,10.469363,5.0338507,157.8021,0
2025-12-25,13.513024,15.959015,11.667877,4.2911377,9.189445,10.029383,0.2097735,5.1921854,5.2618937,7.3289223,3.6199884,182.31361,0
2025-12-26,13.037847,14.423065,11.993774,2.4292908,9.203631,9.576084,1.0973811,4.4689326,4.7221527,5.268331,4.3085628,193.79645,0
2025-12-27,10.94733,14.911835,8.307922,6.6039124,6.898375,8.456883,2.29101,-1.4672476,2.844299,3.8939426,2.1320317,302.63702,0
2025-12-28,10.808675,17.252533,7.1014404,10.151093,5.7658234,6.6517057,-0.75385505,-2.7145147,3.092437,4.40205,2.3568125,15.520644,0
2025-12-29,11.413963,17.511993,8.3611145,9.150879,4.7819333,6.472225,-4.0239797,-3.941717,5.7648997,8.422608,2.5720286,45.59168,0
2025-12-30,13.30594,19.135681,10.502319,8.633362,5.328054,6.9099417,-4.50094,-3.0038557,5.435051,6.701699,3.9353533,56.28148,0
