date,daily_aqi,n_monitor_readings,n_sites,pollutants_used,dominant_pollutant,dominant_site
2016-01-01,101.0,49,16,"CO,NO2,Ozone,PM2.5,SO2",PM2.5,Long Beach-Route 710 Near Road
2016-01-02,79.0,48,16,"CO,NO2,Ozone,PM2.5,SO2",PM2.5,Long Beach-Route 710 Near Road
2016-01-03,100.0,48,16,"CO,NO2,Ozone,PM2.5,SO2",PM2.5,Long Beach-Route 710 Near Road
2016-01-04,61.0,52,16,"CO,NO2,Ozone,PM2.5,SO2",PM2.5,Pico Rivera #2
2016-01-05,51.0,46,16,"CO,NO2,Ozone,PM2.5,SO2",PM2.5,Long Beach-Route 710 Near Road
2016-01-06,51.0,44,15,"CO,NO2,Ozone,PM2.5,SO2",PM2.5,Long Beach-Route 710 Near Road
2016-01-07,53.0,46,15,"CO,NO2,Ozone,PM2.5,SO2",PM2.5,Lancaster-Division Street
2016-01-08,64.0,44,15,"CO,NO2,Ozone,PM2.5,SO2",PM2.5,Long Beach-Route 710 Near Road
2016-01-09,65.0,45,15,"CO,NO2,Ozone,PM2.5,SO2",PM2.5,Long Beach-Route 710 Near Road
2016-01-10,67.0,49,15,"CO,NO2,Ozone,PM2.5,SO2",PM2.5,Pasadena
2016-01-11,76.0,45,15,"CO,NO2,Ozone,PM2.5,SO2",PM2.5,Long Beach-Route 710 Near Road
2016-01-12,65.0,41,14,"CO,NO2,Ozone,PM2.5,SO2",PM2.5,Long Beach-Route 710 Near Road
2016-01-13,75.0,53,16,"CO,NO2,Ozone,PM2.5,SO2",PM2.5,Long Beach-Route 710 Near Road
2016-01-14,68.0,47,15,"CO,NO2,Ozone,PM2.5,SO2",PM2.5,Los Angeles-North Main Street
2016-01-15,67.0,47,16,"CO,NO2,Ozone,PM2.5,SO2",PM2.5,Los Angeles-North Main Street
2016-01-16,71.0,53,16,"CO,NO2,Ozone,PM2.5,SO2",PM2.5,Pico Rivera #2
2016-01-17,100.0,43,15,"CO,NO2,Ozone,PM2.5,SO2",PM2.5,Long Beach (South)
2016-01-18,65.0,48,16,"CO,NO2,Ozone,PM2.5,SO2",PM2.5,Los Angeles-North Main Street
2016-01-19,61.0,48,15,"CO,NO2,Ozone,PM2.5,SO2",PM2.5,Azusa
2016-01-20,53.0,46,16,"CO,NO2,Ozone,PM2.5,SO2",PM2.5,Los Angeles-North Main Street
2016-01-21,59.0,47,16,"CO,NO2,Ozone,PM2.5,SO2",PM2.5,Long Beach (South)
2016-01-22,71.0,46,15,"CO,NO2,Ozone,PM2.5,SO2",PM2.5,Long Beach (South)
2016-01-23,64.0,46,16,"CO,NO2,Ozone,PM2.5,SO2",PM2.5,Los Angeles-North Main Street
2016-01-24,67.0,47,16,"CO,NO2,Ozone,PM2.5,SO2",PM2.5,Long Beach-Route 710 Near Road
2016-01-25,65.0,52,16,"CO,NO2,Ozone,PM2.5,SO2",PM2.5,Long Beach-Route 710 Near Road
2016-01-26,69.0,47,16,"CO,NO2,Ozone,PM2.5,SO2",PM2.5,Long Beach-Route 710 Near Road
2016-01-27,62.0,48,16,"CO,NO2,Ozone,PM2.5,SO2",NO2,Long Beach-Route 710 Near Road
2016-01-28,75.0,52,16,"CO,NO2,Ozone,PM2.5,SO2",PM2.5,Long Beach-Route 710 Near Road
2016-01-29,70.0,44,15,"CO,NO2,Ozone,PM2.5,SO2",PM2.5,Los Angeles-North Main Street
2016-01-30,60.0,48,16,"CO,NO2,Ozone,PM2.5,SO2",PM2.5,Los Angeles-North Main Street
2016-01-31,40.0,49,16,"CO,NO2,Ozone,PM2.5,SO2",Ozone,LAX Hastings
2016-02-01,47.0,47,16,"CO,NO2,Ozone,PM2.5,SO2",NO2,Long Beach-Route 710 Near Road
2016-02-02,54.0,42,15,"CO,NO2,Ozone,PM2.5,SO2",PM2.5,Long Beach-Route 710 Near Road
2016-02-03,57.0,52,16,"CO,NO2,Ozone,PM2.5,SO2",PM2.5,Long Beach-Route 710 Near Road
2016-02-04,63.0,46,16,"CO,NO2,Ozone,PM2.5,SO2",PM2.5,Long Beach-Route 710 Near Road
2016-02-05,66.0,44,15,"CO,NO2,Ozone,PM2.5,SO2",NO2,Long Beach-Route 710 Near Road
2016-02-06,60.0,52,16,"CO,NO2,Ozone,PM2.5,SO2",PM2.5,Long Beach-Route 710 Near Road
2016-02-07,69.0,47,16,"CO,NO2,Ozone,PM2.5,SO2",PM2.5,Long Beach-Route 710 Near Road
2016-02-08,87.0,47,16,"CO,NO2,Ozone,PM2.5,SO2",NO2,Long Beach-Route 710 Near Road
2016-02-09,62.0,49,15,"CO,NO2,Ozone,PM2.5,SO2",NO2,Long Beach-Route 710 Near Road
2016-02-10,72.0,48,16,"CO,NO2,Ozone,PM2.5,SO2",PM2.5,Long Beach-Route 710 Near Road
2016-02-11,86.0,46,16,"CO,NO2,Ozone,PM2.5,SO2",PM2.5,Long Beach-Route 710 Near Road
2016-02-12,91.0,51,16,"CO,NO2,Ozone,PM2.5,SO2",PM2.5,Long Beach-Route 710 Near Road
2016-02-13,94.0,47,16,"CO,NO2,Ozone,PM2.5,SO2",PM2.5,Los Angeles-North Main Street
2016-02-14,96.0,48,16,"CO,NO2,Ozone,PM2.5,SO2",PM2.5,Long Beach (South)
2016-02-15,81.0,52,16,"CO,NO2,Ozone,PM2.5,SO2",PM2.5,Long Beach-Route 710 Near Road
2016-02-16,64.0,41,14,"CO,NO2,Ozone,PM2.5,SO2",PM2.5,Long Beach-Route 710 Near Road
2016-02-17,59.0,45,15,"CO,NO2,Ozone,PM2.5,SO2",PM2.5,Long Beach-Route 710 Near Road
2016-02-18,47.0,53,16,"CO,NO2,Ozone,PM2.5,SO2",PM2.5,Long Beach-Route 710 Near Road
2016-02-19,57.0,48,16,"CO,NO2,Ozone,PM2.5,SO2",PM2.5,Long Beach (South)
2016-02-20,65.0,48,16,"CO,NO2,Ozone,PM2.5,SO2",PM2.5,Long Beach-Route 710 Near Road
2016-02-21,72.0,53,16,"CO,NO2,Ozone,PM2.5,SO2",PM2.5,Long Beach-Route 710 Near Road
2016-02-22,66.0,48,16,"CO,NO2,Ozone,PM2.5,SO2",PM2.5,Long Beach (South)
2016-02-23,70.0,45,15,"CO,NO2,Ozone,PM2.5,SO2",PM2.5,Long Beach-Route 710 Near Road
2016-02-24,55.0,52,16,"CO,NO2,Ozone,PM2.5,SO2",NO2,Pico Rivera #2
2016-02-25,67.0,48,16,"CO,NO2,Ozone,PM2.5,SO2",Ozone,Reseda
2016-02-26,69.0,47,16,"CO,NO2,Ozone,PM2.5,SO2",PM2.5,Long Beach (South)
2016-02-27,90.0,53,16,"CO,NO2,Ozone,PM2.5,SO2",Ozone,Glendora
2016-02-28,115.0,48,16,"CO,NO2,Ozone,PM2.5,SO2",Ozone,Glendora
2016-02-29,92.0,46,16,"CO,NO2,Ozone,PM2.5,SO2",PM2.5,Los Angeles-North Main Street
2016-03-01,112.0,47,15,"CO,NO2,Ozone,PM2.5,SO2",PM2.5,Los Angeles-North Main Street
2016-03-02,98.0,47,16,"CO,NO2,Ozone,PM2.5,SO2",PM2.5,Los Angeles-North Main Street
2016-03-03,74.0,46,16,"CO,NO2,Ozone,PM2.5,SO2",PM2.5,Los Angeles-North Main Street
2016-03-04,76.0,52,16,"CO,NO2,Ozone,PM2.5,SO2",PM2.5,Los Angeles-North Main Street
2016-03-05,43.0,48,16,"CO,NO2,Ozone,PM2.5,SO2",PM2.5,Los Angeles-North Main Street
2016-03-06,47.0,48,16,"CO,NO2,Ozone,PM2.5,SO2",PM2.5,Long Beach-Route 710 Near Road
2016-03-07,44.0,53,16,"CO,NO2,Ozone,PM2.5,SO2",Ozone,LAX Hastings
2016-03-08,53.0,43,15,"CO,NO2,Ozone,PM2.5,SO2",PM2.5,Long Beach-Route 710 Near Road
2016-03-09,57.0,44,15,"CO,NO2,Ozone,PM2.5,SO2",PM2.5,Long Beach-Route 710 Near Road
2016-03-10,61.0,50,16,"CO,NO2,Ozone,PM2.5,SO2",PM2.5,Compton
2016-03-11,53.0,44,15,"CO,NO2,Ozone,PM2.5,SO2",PM2.5,Long Beach-Route 710 Near Road
2016-03-12,52.0,48,16,"CO,NO2,Ozone,PM2.5,SO2",PM2.5,Long Beach-Route 710 Near Road
2016-03-13,43.0,53,16,"CO,NO2,Ozone,PM2.5,SO2",PM2.5,Los Angeles-North Main Street
2016-03-14,49.0,48,16,"CO,NO2,Ozone,PM2.5,SO2",PM2.5,Long Beach-Route 710 Near Road
2016-03-15,56.0,48,16,"CO,NO2,Ozone,PM2.5,SO2",PM2.5,Long Beach-Route 710 Near Road
2016-03-16,77.0,49,16,"CO,NO2,Ozone,PM2.5,SO2",Ozone,LAX Hastings
2016-03-17,100.0,48,16,"CO,NO2,Ozone,PM2.5,SO2",Ozone,Lancaster-Division Street
2016-03-18,77.0,47,16,"CO,NO2,Ozone,PM2.5,SO2",Ozone,Santa Clarita
2016-03-19,101.0,53,16,"CO,NO2,Ozone,PM2.5,SO2",Ozone,Santa Clarita
2016-03-20,97.0,47,16,"CO,NO2,Ozone,PM2.5,SO2",Ozone,Glendora
2016-03-21,52.0,47,16,"CO,NO2,Ozone,PM2.5,SO2",PM2.5,Long Beach-Route 710 Near Road
2016-03-22,61.0,51,16,"CO,NO2,Ozone,PM2.5,SO2",PM2.5,Long Beach-Route 710 Near Road
2016-03-23,57.0,44,15,"CO,NO2,Ozone,PM2.5,SO2",PM2.5,Long Beach-Route 710 Near Road
2016-03-24,66.0,45,16,"CO,NO2,Ozone,PM2.5,SO2",PM2.5,Long Beach-Route 710 Near Road
2016-03-25,58.0,53,16,"CO,NO2,Ozone,PM2.5,SO2",Ozone,Pomona
2016-03-26,87.0,47,16,"CO,NO2,Ozone,PM2.5,SO2",Ozone,Azusa
2016-03-27,108.0,47,16,"CO,NO2,Ozone,PM2.5,SO2",Ozone,Lancaster-Division Street
2016-03-28,64.0,50,16,"CO,NO2,Ozone,PM2.5,SO2",PM2.5,Long Beach-Route 710 Near Road
2016-03-29,51.0,44,16,"CO,NO2,Ozone,PM2.5,SO2",PM2.5,Long Beach (South)
2016-03-30,45.0,45,16,"CO,NO2,Ozone,PM2.5,SO2",Ozone,Lancaster-Division Street
2016-03-31,56.0,52,16,"CO,NO2,Ozone,PM2.5,SO2",PM2.5,Long Beach-Route 710 Near Road
2016-04-01,58.0,46,16,"CO,NO2,Ozone,PM2.5,SO2",PM2.5,Los Angeles-North Main Street
2016-04-02,101.0,48,16,"CO,NO2,Ozone,PM2.5,SO2",Ozone,Azusa
2016-04-03,87.0,53,16,"CO,NO2,Ozone,PM2.5,SO2",Ozone,Azusa
2016-04-04,64.0,48,16,"CO,NO2,Ozone,PM2.5,SO2",Ozone,Reseda
2016-04-05,105.0,43,15,"CO,NO2,Ozone,PM2.5,SO2",Ozone,Glendora
2016-04-06,74.0,49,16,"CO,NO2,Ozone,PM2.5,SO2",Ozone,Reseda
2016-04-07,67.0,45,16,"CO,NO2,Ozone,PM2.5,SO2",PM2.5,Los Angeles-North Main Street
2016-04-08,59.0,43,15,"CO,NO2,Ozone,PM2.5,SO2",PM2.5,Los Angeles-North Main Street
2016-04-09,41.0,49,16,"CO,NO2,Ozone,PM2.5,SO2",PM2.5,Los Angeles-North Main Street
2016-04-10,41.0,48,16,"CO,NO2,Ozone,PM2.5,SO2",Ozone,West Los Angeles
2016-04-11,49.0,48,16,"CO,NO2,Ozone,PM2.5,SO2",PM2.5,Long Beach-Route 710 Near Road
2016-04-12,51.0,50,16,"CO,NO2,Ozone,PM2.5,SO2",Ozone,Lancaster-Division Street
2016-04-13,53.0,45,16,"CO,NO2,Ozone,PM2.5,SO2",PM2.5,Long Beach-Route 710 Near Road
2016-04-14,71.0,48,16,"CO,NO2,Ozone,PM2.5,SO2",Ozone,Lancaster-Division Street
2016-04-15,61.0,50,16,"CO,NO2,Ozone,PM2.5,SO2",PM2.5,Long Beach-Route 710 Near Road
2016-04-16,62.0,44,16,"CO,NO2,Ozone,PM2.5,SO2",PM2.5,Long Beach-Route 710 Near Road
2016-04-17,97.0,48,16,"CO,NO2,Ozone,PM2.5,SO2",Ozone,Azusa
2016-04-18,108.0,52,16,"CO,NO2,Ozone,PM2.5,SO2",Ozone,Santa Clarita
2016-04-19,115.0,42,15,"CO,NO2,Ozone,PM2.5,SO2",Ozone,LAX Hastings
2016-04-20,108.0,46,15,"CO,NO2,Ozone,PM2.5,SO2",Ozone,Lancaster-Division Street
2016-04-21,112.0,50,15,"CO,NO2,Ozone,PM2.5,SO2",Ozone,Lancaster-Division Street
2016-04-22,50.0,44,15,"CO,NO2,Ozone,PM2.5,SO2",Ozone,Lancaster-Division Street
2016-04-23,67.0,48,16,"CO,NO2,Ozone,PM2.5,SO2",Ozone,Lancaster-Division Street
2016-04-24,77.0,53,16,"CO,NO2,Ozone,PM2.5,SO2",Ozone,Azusa
2016-04-25,68.0,48,16,"CO,NO2,Ozone,PM2.5,SO2",PM2.5,Long Beach-Route 710 Near Road
2016-04-26,64.0,44,15,"CO,NO2,Ozone,PM2.5,SO2",Ozone,West Los Angeles
2016-04-27,69.0,49,15,"CO,NO2,Ozone,PM2.5,SO2",PM2.5,Reseda
2016-04-28,59.0,47,16,"CO,NO2,Ozone,PM2.5,SO2",PM2.5,Long Beach-Route 710 Near Road
2016-04-29,58.0,47,16,"CO,NO2,Ozone,PM2.5,SO2",Ozone,Santa Clarita
2016-04-30,56.0,53,16,"CO,NO2,Ozone,PM2.5,SO2",PM2.5,Los Angeles-North Main Street
2016-05-01,80.0,48,16,"CO,NO2,Ozone,PM2.5,SO2",Ozone,Santa Clarita
2016-05-02,68.0,46,16,"CO,NO2,Ozone,PM2.5,SO2",PM2.5,Long Beach-Route 710 Near Road
2016-05-03,84.0,47,16,"CO,NO2,Ozone,PM2.5,SO2",Ozone,Lancaster-Division Street
2016-05-04,77.0,48,16,"CO,NO2,Ozone,PM2.5,SO2",Ozone,Lancaster-Division Street
2016-05-05,47.0,44,16,"CO,NO2,Ozone,PM2.5,SO2",PM2.5,Long Beach-Route 710 Near Road
2016-05-06,44.0,49,15,"CO,NO2,Ozone,PM2.5,SO2",Ozone,Lancaster-Division Street
2016-05-07,46.0,46,16,"CO,NO2,Ozone,PM2.5,SO2",Ozone,Lancaster-Division Street
2016-05-08,44.0,47,16,"CO,NO2,Ozone,PM2.5,SO2",Ozone,Lancaster-Division Street
2016-05-09,50.0,52,16,"CO,NO2,Ozone,PM2.5,SO2",Ozone,Lancaster-Division Street
2016-05-10,77.0,47,16,"CO,NO2,Ozone,PM2.5,SO2",Ozone,Lancaster-Division Street
2016-05-11,101.0,47,16,"CO,NO2,Ozone,PM2.5,SO2",Ozone,Lancaster-Division Street
2016-05-12,105.0,45,15,"CO,NO2,Ozone,PM2.5,SO2",Ozone,Lancaster-Division Street
2016-05-13,115.0,47,16,"CO,NO2,Ozone,PM2.5,SO2",Ozone,Lancaster-Division Street
2016-05-14,79.0,48,16,"CO,NO2,Ozone,PM2.5,SO2",PM2.5,Lancaster-Division Street
2016-05-15,46.0,53,16,"CO,NO2,Ozone,PM2.5,SO2",PM2.5,Lancaster-Division Street
2016-05-16,53.0,48,16,"CO,NO2,Ozone,PM2.5,SO2",PM2.5,Long Beach-Route 710 Near Road
2016-05-17,64.0,48,16,"CO,NO2,Ozone,PM2.5,SO2",Ozone,Santa Clarita
2016-05-18,61.0,50,16,"CO,NO2,Ozone,PM2.5,SO2",PM2.5,Long Beach-Route 710 Near Road
2016-05-19,74.0,48,16,"CO,NO2,Ozone,PM2.5,SO2",Ozone,Lancaster-Division Street
2016-05-20,55.0,45,16,"CO,NO2,Ozone,PM2.5,SO2",PM2.5,Long Beach-Route 710 Near Road
2016-05-21,52.0,53,16,"CO,NO2,Ozone,PM2.5,SO2",PM2.5,Lancaster-Division Street
2016-05-22,53.0,48,16,"CO,NO2,Ozone,PM2.5,SO2",PM2.5,Lancaster-Division Street
2016-05-23,49.0,48,16,"CO,NO2,Ozone,PM2.5,SO2",PM2.5,Long Beach-Route 710 Near Road
2016-05-24,44.0,49,15,"CO,NO2,Ozone,PM2.5,SO2",Ozone,Lancaster-Division Street
2016-05-25,42.0,41,15,"CO,NO2,Ozone,PM2.5,SO2",Ozone,Lancaster-Division Street
2016-05-26,46.0,44,15,"CO,NO2,Ozone,PM2.5,SO2",Ozone,Lancaster-Division Street
2016-05-27,87.0,49,16,"CO,NO2,Ozone,PM2.5,SO2",Ozone,Santa Clarita
2016-05-28,108.0,45,16,"CO,NO2,Ozone,PM2.5,SO2",Ozone,Lancaster-Division Street
2016-05-29,90.0,45,16,"CO,NO2,Ozone,PM2.5,SO2",Ozone,Lancaster-Division Street
2016-05-30,101.0,49,15,"CO,NO2,Ozone,PM2.5,SO2",Ozone,Lancaster-Division Street
2016-05-31,100.0,44,15,"CO,NO2,Ozone,PM2.5,SO2",Ozone,Lancaster-Division Street
2016-06-01,100.0,44,15,"CO,NO2,Ozone,PM2.5,SO2",Ozone,Santa Clarita
2016-06-02,190.0,53,16,"CO,NO2,Ozone,PM2.5,SO2",Ozone,Santa Clarita
2016-06-03,166.0,48,16,"CO,NO2,Ozone,PM2.5,SO2",Ozone,Santa Clarita
2016-06-04,209.0,45,15,"CO,NO2,Ozone,PM2.5,SO2",Ozone,Glendora
2016-06-05,140.0,53,16,"CO,NO2,Ozone,PM2.5,SO2",Ozone,Santa Clarita
2016-06-06,108.0,48,16,"CO,NO2,Ozone,PM2.5,SO2",Ozone,Lancaster-Division Street
2016-06-07,84.0,48,16,"CO,NO2,Ozone,PM2.5,SO2",Ozone,Lancaster-Division Street
2016-06-08,164.0,52,16,"CO,NO2,Ozone,PM2.5,SO2",Ozone,Santa Clarita
2016-06-09,133.0,47,16,"CO,NO2,Ozone,PM2.5,SO2",Ozone,Lancaster-Division Street
2016-06-10,105.0,45,15,"CO,NO2,Ozone,PM2.5,SO2",Ozone,Lancaster-Division Street
2016-06-11,59.0,52,16,"CO,NO2,Ozone,PM2.5,SO2",PM2.5,Lancaster-Division Street
2016-06-12,53.0,48,16,"CO,NO2,Ozone,PM2.5,SO2",PM2.5,Lancaster-Division Street
2016-06-13,61.0,48,16,"CO,NO2,Ozone,PM2.5,SO2",Ozone,Lancaster-Division Street
2016-06-14,97.0,53,16,"CO,NO2,Ozone,PM2.5,SO2",Ozone,Lancaster-Division Street
2016-06-15,71.0,48,16,"CO,NO2,Ozone,PM2.5,SO2",Ozone,Lancaster-Division Street
2016-06-16,97.0,45,16,"CO,NO2,Ozone,PM2.5,SO2",Ozone,Lancaster-Division Street
2016-06-17,169.0,51,16,"CO,NO2,Ozone,PM2.5,SO2",Ozone,Santa Clarita
2016-06-18,119.0,48,16,"CO,NO2,Ozone,PM2.5,SO2",Ozone,Azusa
2016-06-19,143.0,48,16,"CO,NO2,Ozone,PM2.5,SO2",Ozone,Glendora
2016-06-20,126.0,53,16,"CO,NO2,Ozone,PM2.5,SO2",Ozone,Glendora
2016-06-21,126.0,46,16,"CO,NO2,Ozone,PM2.5,SO2",Ozone,Lancaster-Division Street
2016-06-22,119.0,46,16,"CO,NO2,Ozone,PM2.5,SO2",Ozone,Lancaster-Division Street
2016-06-23,151.0,51,16,"CO,NO2,Ozone,PM2.5,SO2",Ozone,Santa Clarita
2016-06-24,122.0,47,16,"CO,NO2,Ozone,PM2.5,SO2",Ozone,Santa Clarita
2016-06-25,187.0,48,16,"CO,NO2,Ozone,PM2.5,SO2",Ozone,Santa Clarita
2016-06-26,195.0,53,16,"CO,NO2,Ozone,PM2.5,SO2",Ozone,Glendora
2016-06-27,177.0,48,16,"CO,NO2,Ozone,PM2.5,SO2",Ozone,Santa Clarita
2016-06-28,133.0,42,14,"CO,NO2,Ozone,PM2.5,SO2",Ozone,Glendora
2016-06-29,210.0,47,16,"CO,NO2,Ozone,PM2.5,SO2",Ozone,Santa Clarita
2016-06-30,166.0,48,16,"CO,NO2,Ozone,PM2.5,SO2",Ozone,Santa Clarita
2016-07-01,105.0,48,16,"CO,NO2,Ozone,PM2.5,SO2",Ozone,Santa Clarita
2016-07-02,122.0,53,16,"CO,NO2,Ozone,PM2.5,SO2",Ozone,Lancaster-Division Street
2016-07-03,84.0,48,16,"CO,NO2,Ozone,PM2.5,SO2",Ozone,Glendora
2016-07-04,90.0,48,16,"CO,NO2,Ozone,PM2.5,SO2",Ozone,Lancaster-Division Street
2016-07-05,129.0,53,16,"CO,NO2,Ozone,PM2.5,SO2",Ozone,Lancaster-Division Street
2016-07-06,136.0,45,16,"CO,NO2,Ozone,PM2.5,SO2",Ozone,Lancaster-Division Street
2016-07-07,126.0,48,16,"CO,NO2,Ozone,PM2.5,SO2",Ozone,Lancaster-Division Street
2016-07-08,126.0,50,16,"CO,NO2,Ozone,PM2.5,SO2",Ozone,Santa Clarita
2016-07-09,133.0,48,16,"CO,NO2,Ozone,PM2.5,SO2",Ozone,Glendora
2016-07-10,87.0,48,16,"CO,NO2,Ozone,PM2.5,SO2",Ozone,Azusa
2016-07-11,108.0,53,16,"CO,NO2,Ozone,PM2.5,SO2",Ozone,Lancaster-Division Street
2016-07-12,133.0,46,16,"CO,NO2,Ozone,PM2.5,SO2",Ozone,Santa Clarita
2016-07-13,156.0,44,15,"CO,NO2,Ozone,PM2.5,SO2",Ozone,Santa Clarita
2016-07-14,156.0,51,16,"CO,NO2,Ozone,PM2.5,SO2",Ozone,Glendora
2016-07-15,126.0,45,15,"CO,NO2,Ozone,PM2.5,SO2",Ozone,Santa Clarita
2016-07-16,143.0,48,16,"CO,NO2,Ozone,PM2.5,SO2",Ozone,Lancaster-Division Street
2016-07-17,133.0,53,16,"CO,NO2,Ozone,PM2.5,SO2",Ozone,Lancaster-Division Street
2016-07-18,115.0,45,15,"CO,NO2,Ozone,PM2.5,SO2",Ozone,Lancaster-Division Street
2016-07-19,115.0,47,16,"CO,NO2,Ozone,PM2.5,SO2",Ozone,Glendora
2016-07-20,105.0,53,16,"CO,NO2,Ozone,PM2.5,SO2",Ozone,Glendora
2016-07-21,105.0,48,16,"CO,NO2,Ozone,PM2.5,SO2",Ozone,Santa Clarita
2016-07-22,169.0,48,16,"CO,NO2,Ozone,PM2.5,SO2",Ozone,Glendora
2016-07-23,182.0,53,16,"CO,NO2,Ozone,PM2.5,SO2",Ozone,Glendora
2016-07-24,158.0,48,16,"CO,NO2,Ozone,PM2.5,SO2",PM2.5,Lancaster-Division Street
2016-07-25,134.0,48,16,"CO,NO2,Ozone,PM2.5,SO2",PM2.5,Lancaster-Division Street
2016-07-26,133.0,52,16,"CO,NO2,Ozone,PM2.5,SO2",Ozone,Santa Clarita
2016-07-27,112.0,47,16,"CO,NO2,Ozone,PM2.5,SO2",Ozone,Lancaster-Division Street
2016-07-28,172.0,41,15,"CO,NO2,Ozone,PM2.5,SO2",Ozone,Santa Clarita
2016-07-29,206.0,47,16,"CO,NO2,Ozone,PM2.5,SO2",Ozone,Santa Clarita
2016-07-30,122.0,48,16,"CO,NO2,Ozone,PM2.5,SO2",Ozone,Lancaster-Division Street
2016-07-31,101.0,48,16,"CO,NO2,Ozone,PM2.5,SO2",Ozone,Lancaster-Division Street
2016-08-01,105.0,53,16,"CO,NO2,Ozone,PM2.5,SO2",Ozone,Lancaster-Division Street
2016-08-02,119.0,47,16,"CO,NO2,Ozone,PM2.5,SO2",Ozone,Santa Clarita
2016-08-03,122.0,47,16,"CO,NO2,Ozone,PM2.5,SO2",Ozone,Lancaster-Division Street
2016-08-04,147.0,50,16,"CO,NO2,Ozone,PM2.5,SO2",Ozone,Lancaster-Division Street
2016-08-05,136.0,48,16,"CO,NO2,Ozone,PM2.5,SO2",Ozone,Santa Clarita
2016-08-06,140.0,48,16,"CO,NO2,Ozone,PM2.5,SO2",Ozone,Santa Clarita
2016-08-07,136.0,49,15,"CO,NO2,Ozone,PM2.5,SO2",Ozone,Glendora
2016-08-08,156.0,43,15,"CO,NO2,Ozone,PM2.5,SO2",Ozone,Santa Clarita
2016-08-09,129.0,44,15,"CO,NO2,Ozone,PM2.5,SO2",Ozone,Santa Clarita
2016-08-10,119.0,47,15,"CO,NO2,Ozone,PM2.5,SO2",Ozone,Glendora
2016-08-11,129.0,44,16,"CO,NO2,Ozone,PM2.5,SO2",Ozone,Lancaster-Division Street
2016-08-12,77.0,48,16,"CO,NO2,Ozone,PM2.5,SO2",Ozone,Glendora
2016-08-13,136.0,53,16,"CO,NO2,Ozone,PM2.5,SO2",Ozone,Glendora
2016-08-14,172.0,48,16,"CO,NO2,Ozone,PM2.5,SO2",Ozone,Glendora
2016-08-15,112.0,48,16,"CO,NO2,Ozone,PM2.5,SO2",Ozone,Pomona
2016-08-16,97.0,52,16,"CO,NO2,Ozone,PM2.5,SO2",Ozone,Santa Clarita
2016-08-17,115.0,47,16,"CO,NO2,Ozone,PM2.5,SO2",Ozone,Glendora
2016-08-18,84.0,46,16,"CO,NO2,Ozone,PM2.5,SO2",Ozone,Glendora
2016-08-19,100.0,47,15,"CO,NO2,Ozone,PM2.5,SO2",Ozone,Santa Clarita
2016-08-20,59.0,47,16,"CO,NO2,Ozone,PM2.5,SO2",PM2.5,Long Beach-Route 710 Near Road
2016-08-21,77.0,47,16,"CO,NO2,Ozone,PM2.5,SO2",Ozone,Azusa
2016-08-22,62.0,52,16,"CO,NO2,Ozone,PM2.5,SO2",PM2.5,Long Beach-Route 710 Near Road
2016-08-23,122.0,45,16,"CO,NO2,Ozone,PM2.5,SO2",Ozone,Lancaster-Division Street
2016-08-24,129.0,43,15,"CO,NO2,Ozone,PM2.5,SO2",Ozone,Lancaster-Division Street
2016-08-25,140.0,50,16,"CO,NO2,Ozone,PM2.5,SO2",Ozone,Lancaster-Division Street
2016-08-26,97.0,46,16,"CO,NO2,Ozone,PM2.5,SO2",Ozone,Lancaster-Division Street
2016-08-27,108.0,48,16,"CO,NO2,Ozone,PM2.5,SO2",Ozone,Lancaster-Division Street
2016-08-28,126.0,53,16,"CO,NO2,Ozone,PM2.5,SO2",Ozone,Glendora
2016-08-29,161.0,48,16,"CO,NO2,Ozone,PM2.5,SO2",Ozone,Glendora
2016-08-30,187.0,48,16,"CO,NO2,Ozone,PM2.5,SO2",Ozone,Glendora
2016-08-31,151.0,52,16,"CO,NO2,Ozone,PM2.5,SO2",Ozone,Glendora
2016-09-01,80.0,47,16,"CO,NO2,Ozone,PM2.5,SO2",Ozone,Glendora
2016-09-02,84.0,48,16,"CO,NO2,Ozone,PM2.5,SO2",Ozone,Santa Clarita
2016-09-03,87.0,53,16,"CO,NO2,Ozone,PM2.5,SO2",Ozone,Lancaster-Division Street
2016-09-04,56.0,48,16,"CO,NO2,Ozone,PM2.5,SO2",PM2.5,Long Beach-Route 710 Near Road
2016-09-05,67.0,48,16,"CO,NO2,Ozone,PM2.5,SO2",Ozone,Lancaster-Division Street
2016-09-06,93.0,48,16,"CO,NO2,Ozone,PM2.5,SO2",Ozone,Santa Clarita
2016-09-07,129.0,47,16,"CO,NO2,Ozone,PM2.5,SO2",Ozone,Santa Clarita
2016-09-08,97.0,48,16,"CO,NO2,Ozone,PM2.5,SO2",Ozone,Santa Clarita
2016-09-09,87.0,47,16,"CO,NO2,Ozone,PM2.5,SO2",Ozone,Lancaster-Division Street
2016-09-10,108.0,47,16,"CO,NO2,Ozone,PM2.5,SO2",Ozone,Glendora
2016-09-11,64.0,47,16,"CO,NO2,Ozone,PM2.5,SO2",Ozone,Pomona
2016-09-12,56.0,51,16,"CO,NO2,Ozone,PM2.5,SO2",PM2.5,Long Beach-Route 710 Near Road
2016-09-13,48.0,42,15,"CO,NO2,Ozone,PM2.5,SO2",PM2.5,Long Beach-Route 710 Near Road
2016-09-14,74.0,40,15,"CO,NO2,Ozone,PM2.5,SO2",Ozone,Lancaster-Division Street
2016-09-15,84.0,53,16,"CO,NO2,Ozone,PM2.5,SO2",Ozone,Santa Clarita
2016-09-16,112.0,41,14,"CO,NO2,Ozone,PM2.5,SO2",Ozone,Santa Clarita
2016-09-17,126.0,48,16,"CO,NO2,Ozone,PM2.5,SO2",Ozone,Santa Clarita
2016-09-18,147.0,53,16,"CO,NO2,Ozone,PM2.5,SO2",Ozone,Glendora
2016-09-19,70.0,48,16,"CO,NO2,Ozone,PM2.5,SO2",PM2.5,Long Beach-Route 710 Near Road
2016-09-20,71.0,48,16,"CO,NO2,Ozone,PM2.5,SO2",Ozone,Lancaster-Division Street
2016-09-21,84.0,46,15,"CO,NO2,Ozone,PM2.5,SO2",Ozone,Lancaster-Division Street
2016-09-22,63.0,46,16,"CO,NO2,Ozone,PM2.5,SO2",PM2.5,Long Beach-Route 710 Near Road
2016-09-23,68.0,43,15,"CO,NO2,Ozone,PM2.5,SO2",PM2.5,Long Beach-Route 710 Near Road
2016-09-24,80.0,52,16,"CO,NO2,Ozone,PM2.5,SO2",Ozone,Glendora
2016-09-25,112.0,47,16,"CO,NO2,Ozone,PM2.5,SO2",Ozone,Glendora
2016-09-26,64.0,47,16,"CO,NO2,Ozone,PM2.5,SO2",Ozone,LAX Hastings
2016-09-27,64.0,51,16,"CO,NO2,Ozone,PM2.5,SO2",Ozone,Reseda
2016-09-28,77.0,42,16,"CO,NO2,Ozone,PM2.5,SO2",Ozone,Santa Clarita
2016-09-29,97.0,48,16,"CO,NO2,Ozone,PM2.5,SO2",Ozone,Reseda
2016-09-30,71.0,50,15,"CO,NO2,Ozone,PM2.5,SO2",Ozone,Reseda
2016-10-01,70.0,47,15,"CO,NO2,Ozone,PM2.5,SO2",PM2.5,Long Beach-Route 710 Near Road
2016-10-02,74.0,45,15,"CO,NO2,Ozone,PM2.5,SO2",Ozone,Lancaster-Division Street
2016-10-03,66.0,50,15,"CO,NO2,Ozone,PM2.5,SO2",PM2.5,Long Beach-Route 710 Near Road
2016-10-04,60.0,44,15,"CO,NO2,Ozone,PM2.5,SO2",PM2.5,Long Beach-Route 710 Near Road
2016-10-05,61.0,45,15,"CO,NO2,Ozone,PM2.5,SO2",PM2.5,Long Beach-Route 710 Near Road
2016-10-06,80.0,53,16,"CO,NO2,Ozone,PM2.5,SO2",Ozone,Glendora
2016-10-07,78.0,48,16,"CO,NO2,Ozone,PM2.5,SO2",PM2.5,Long Beach-Route 710 Near Road
2016-10-08,105.0,48,16,"CO,NO2,Ozone,PM2.5,SO2",Ozone,Santa Clarita
2016-10-09,108.0,53,16,"CO,NO2,Ozone,PM2.5,SO2",Ozone,Glendora
2016-10-10,63.0,47,16,"CO,NO2,Ozone,PM2.5,SO2",NO2,Long Beach-Route 710 Near Road
2016-10-11,67.0,44,15,"CO,NO2,Ozone,PM2.5,SO2",PM2.5,Long Beach-Route 710 Near Road
2016-10-12,59.0,52,16,"CO,NO2,Ozone,PM2.5,SO2",PM2.5,Azusa
2016-10-13,74.0,44,15,"CO,NO2,Ozone,PM2.5,SO2",Ozone,Reseda
2016-10-14,79.0,47,16,"CO,NO2,Ozone,PM2.5,SO2",PM2.5,Long Beach (South)
2016-10-15,53.0,52,16,"CO,NO2,Ozone,PM2.5,SO2",PM2.5,Long Beach-Route 710 Near Road
2016-10-16,36.0,47,16,"CO,NO2,Ozone,PM2.5,SO2",Ozone,Lancaster-Division Street
2016-10-17,51.0,47,16,"CO,NO2,Ozone,PM2.5,SO2",PM2.5,Long Beach-Route 710 Near Road
2016-10-18,62.0,50,16,"CO,NO2,Ozone,PM2.5,SO2",NO2,Long Beach-Route 710 Near Road
2016-10-19,81.0,48,16,"CO,NO2,Ozone,PM2.5,SO2",NO2,Long Beach-Route 710 Near Road
2016-10-20,71.0,44,15,"CO,NO2,Ozone,PM2.5,SO2",NO2,Long Beach-Route 710 Near Road
2016-10-21,70.0,52,16,"CO,NO2,Ozone,PM2.5,SO2",NO2,Long Beach-Route 710 Near Road
2016-10-22,77.0,48,16,"CO,NO2,Ozone,PM2.5,SO2",Ozone,Lancaster-Division Street
2016-10-23,63.0,48,16,"CO,NO2,Ozone,PM2.5,SO2",PM2.5,Long Beach-Route 710 Near Road
2016-10-24,56.0,52,16,"CO,NO2,Ozone,PM2.5,SO2",PM2.5,Long Beach-Route 710 Near Road
2016-10-25,55.0,48,16,"CO,NO2,Ozone,PM2.5,SO2",PM2.5,Long Beach-Route 710 Near Road
2016-10-26,55.0,48,16,"CO,NO2,Ozone,PM2.5,SO2",PM2.5,Long Beach-Route 710 Near Road
2016-10-27,66.0,53,16,"CO,NO2,Ozone,PM2.5,SO2",NO2,Pomona
2016-10-28,45.0,47,16,"CO,NO2,Ozone,PM2.5,SO2",NO2,Long Beach-Route 710 Near Road
2016-10-29,53.0,48,16,"CO,NO2,Ozone,PM2.5,SO2",PM2.5,Long Beach-Route 710 Near Road
2016-10-30,60.0,53,16,"CO,NO2,Ozone,PM2.5,SO2",PM2.5,Long Beach-Route 710 Near Road
2016-10-31,49.0,45,15,"CO,NO2,Ozone,PM2.5,SO2",PM2.5,Long Beach-Route 710 Near Road
2016-11-01,49.0,46,16,"CO,NO2,Ozone,PM2.5,SO2",PM2.5,Long Beach-Route 710 Near Road
2016-11-02,66.0,51,16,"CO,NO2,Ozone,PM2.5,SO2",NO2,Long Beach-Route 710 Near Road
2016-11-03,80.0,47,16,"CO,NO2,Ozone,PM2.5,SO2",NO2,Long Beach-Route 710 Near Road
2016-11-04,71.0,47,16,"CO,NO2,Ozone,PM2.5,SO2",PM2.5,Long Beach-Route 710 Near Road
2016-11-05,74.0,53,16,"CO,NO2,Ozone,PM2.5,SO2",PM2.5,Los Angeles-North Main Street
2016-11-06,77.0,48,16,"CO,NO2,Ozone,PM2.5,SO2",PM2.5,Los Angeles-North Main Street
2016-11-07,78.0,48,16,"CO,NO2,Ozone,PM2.5,SO2",PM2.5,Long Beach-Route 710 Near Road
2016-11-08,95.0,49,16,"CO,NO2,Ozone,PM2.5,SO2",NO2,Long Beach-Route 710 Near Road
2016-11-09,65.0,46,16,"CO,NO2,Ozone,PM2.5,SO2",NO2,Long Beach-Route 710 Near Road
2016-11-10,72.0,44,16,"CO,NO2,Ozone,PM2.5,SO2",NO2,Long Beach-Route 710 Near Road
2016-11-11,68.0,53,16,"CO,NO2,Ozone,PM2.5,SO2",NO2,Long Beach-Route 710 Near Road
2016-11-12,70.0,48,16,"CO,NO2,Ozone,PM2.5,SO2",PM2.5,Long Beach-Route 710 Near Road
2016-11-13,74.0,48,16,"CO,NO2,Ozone,PM2.5,SO2",Ozone,West Los Angeles
2016-11-14,73.0,52,16,"CO,NO2,Ozone,PM2.5,SO2",NO2,Long Beach-Route 710 Near Road
2016-11-15,87.0,46,16,"CO,NO2,Ozone,PM2.5,SO2",PM2.5,Long Beach-Route 710 Near Road
2016-11-16,72.0,46,16,"CO,NO2,Ozone,PM2.5,SO2",PM2.5,Los Angeles-North Main Street
2016-11-17,74.0,49,16,"CO,NO2,Ozone,PM2.5,SO2",NO2,Long Beach-Route 710 Near Road
2016-11-18,54.0,43,15,"CO,NO2,Ozone,PM2.5,SO2",NO2,Long Beach-Route 710 Near Road
2016-11-19,71.0,48,16,"CO,NO2,Ozone,PM2.5,SO2",PM2.5,Long Beach-Route 710 Near Road
2016-11-20,66.0,53,16,"CO,NO2,Ozone,PM2.5,SO2",PM2.5,Long Beach-Route 710 Near Road
2016-11-21,57.0,48,16,"CO,NO2,Ozone,PM2.5,SO2",PM2.5,Long Beach-Route 710 Near Road
2016-11-22,59.0,47,16,"CO,NO2,Ozone,PM2.5,SO2",PM2.5,Long Beach-Route 710 Near Road
2016-11-23,74.0,53,16,"CO,NO2,Ozone,PM2.5,SO2",PM2.5,Long Beach-Route 710 Near Road
2016-11-24,68.0,48,16,"CO,NO2,Ozone,PM2.5,SO2",PM2.5,Long Beach (South)
2016-11-25,67.0,48,16,"CO,NO2,Ozone,PM2.5,SO2",PM2.5,Long Beach (South)
2016-11-26,88.0,52,16,"CO,NO2,Ozone,PM2.5,SO2",PM2.5,Long Beach-Route 710 Near Road
2016-11-27,49.0,48,16,"CO,NO2,Ozone,PM2.5,SO2",PM2.5,Los Angeles-North Main Street
2016-11-28,64.0,48,16,"CO,NO2,Ozone,PM2.5,SO2",PM2.5,Long Beach-Route 710 Near Road
2016-11-29,61.0,50,16,"CO,NO2,Ozone,PM2.5,SO2",PM2.5,Long Beach-Route 710 Near Road
2016-11-30,63.0,41,16,"CO,NO2,Ozone,PM2.5,SO2",PM2.5,Long Beach-Route 710 Near Road
2016-12-01,72.0,47,16,"CO,NO2,Ozone,PM2.5,SO2",PM2.5,Long Beach-Route 710 Near Road
2016-12-02,69.0,49,16,"CO,NO2,Ozone,PM2.5,SO2",PM2.5,Long Beach-Route 710 Near Road
2016-12-03,71.0,49,16,"CO,NO2,Ozone,PM2.5,SO2",PM2.5,Long Beach-Route 710 Near Road
2016-12-04,90.0,48,16,"CO,NO2,Ozone,PM2.5,SO2",PM2.5,Long Beach-Route 710 Near Road
2016-12-05,83.0,52,16,"CO,NO2,Ozone,PM2.5,SO2",PM2.5,Reseda
2016-12-06,67.0,45,15,"CO,NO2,Ozone,PM2.5,SO2",PM2.5,Los Angeles-North Main Street
2016-12-07,76.0,47,16,"CO,NO2,Ozone,PM2.5,SO2",PM2.5,Long Beach-Route 710 Near Road
2016-12-08,74.0,53,16,"CO,NO2,Ozone,PM2.5,SO2",PM2.5,Long Beach-Route 710 Near Road
2016-12-09,68.0,47,16,"CO,NO2,Ozone,PM2.5,SO2",PM2.5,Los Angeles-North Main Street
2016-12-10,95.0,48,16,"CO,NO2,Ozone,PM2.5,SO2",PM2.5,Long Beach (South)
2016-12-11,86.0,53,16,"CO,NO2,Ozone,PM2.5,SO2",PM2.5,Pasadena
2016-12-12,65.0,46,16,"CO,NO2,Ozone,PM2.5,SO2",PM2.5,Los Angeles-North Main Street
2016-12-13,84.0,48,16,"CO,NO2,Ozone,PM2.5,SO2",PM2.5,Los Angeles-North Main Street
2016-12-14,128.0,51,16,"CO,NO2,Ozone,PM2.5,SO2",PM2.5,Pico Rivera #2
2016-12-15,96.0,47,16,"CO,NO2,Ozone,PM2.5,SO2",PM2.5,Los Angeles-North Main Street
2016-12-16,39.0,47,16,"CO,NO2,Ozone,PM2.5,SO2",Ozone,LAX Hastings
2016-12-17,58.0,52,16,"CO,NO2,Ozone,PM2.5,SO2",PM2.5,Long Beach (South)
2016-12-18,64.0,47,16,"CO,NO2,Ozone,PM2.5,SO2",PM2.5,Long Beach-Route 710 Near Road
2016-12-19,70.0,47,16,"CO,NO2,Ozone,PM2.5,SO2",NO2,Long Beach-Route 710 Near Road
2016-12-20,77.0,45,16,"CO,NO2,Ozone,PM2.5,SO2",NO2,Long Beach-Route 710 Near Road
2016-12-21,63.0,43,15,"CO,NO2,Ozone,PM2.5,SO2",NO2,Long Beach-Route 710 Near Road
2016-12-22,43.0,46,16,"CO,NO2,Ozone,PM2.5,SO2",NO2,Long Beach-Route 710 Near Road
2016-12-23,55.0,51,16,"CO,NO2,Ozone,PM2.5,SO2",PM2.5,Long Beach (South)
2016-12-24,40.0,46,16,"CO,NO2,Ozone,PM2.5,SO2",Ozone,Pasadena
2016-12-25,67.0,45,15,"CO,NO2,Ozone,PM2.5,SO2",PM2.5,Long Beach (North)
2016-12-26,68.0,51,16,"CO,NO2,Ozone,PM2.5,SO2",PM2.5,Compton
2016-12-27,54.0,46,16,"CO,NO2,Ozone,PM2.5,SO2",PM2.5,Long Beach (South)
2016-12-28,64.0,48,16,"CO,NO2,Ozone,PM2.5,SO2",PM2.5,Long Beach (South)
2016-12-29,60.0,53,16,"CO,NO2,Ozone,PM2.5,SO2",NO2,Long Beach-Route 710 Near Road
2016-12-30,48.0,46,16,"CO,NO2,Ozone,PM2.5,SO2",NO2,Long Beach-Route 710 Near Road
2016-12-31,54.0,30,11,"CO,NO2,Ozone,PM2.5,SO2",PM2.5,Long Beach-Route 710 Near Road
2017-01-01,145.0,53,16,"CO,NO2,Ozone,PM2.5,SO2",PM2.5,Compton
2017-01-02,55.0,48,16,"CO,NO2,Ozone,PM2.5,SO2",PM2.5,Long Beach-Route 710 Near Road
2017-01-03,70.0,46,16,"CO,NO2,Ozone,PM2.5,SO2",PM2.5,Long Beach-Route 710 Near Road
2017-01-04,73.0,51,16,"CO,NO2,Ozone,PM2.5,SO2",PM2.5,Long Beach (South)
2017-01-05,44.0,47,16,"CO,NO2,Ozone,PM2.5,SO2",PM2.5,Long Beach-Route 710 Near Road
2017-01-06,53.0,43,15,"CO,NO2,Ozone,PM2.5,SO2",PM2.5,Long Beach-Route 710 Near Road
2017-01-07,66.0,51,16,"CO,NO2,Ozone,PM2.5,SO2",PM2.5,Compton
2017-01-08,84.0,47,15,"CO,NO2,Ozone,PM2.5,SO2",PM2.5,Long Beach-Route 710 Near Road
2017-01-09,56.0,47,15,"CO,NO2,Ozone,PM2.5,SO2",PM2.5,Long Beach-Route 710 Near Road
2017-01-10,55.0,51,15,"CO,NO2,Ozone,PM2.5,SO2",PM2.5,Pico Rivera #2
2017-01-11,58.0,45,16,"CO,NO2,Ozone,PM2.5,SO2",PM2.5,Los Angeles-North Main Street
2017-01-12,44.0,48,16,"CO,NO2,Ozone,PM2.5,SO2",PM2.5,Long Beach-Route 710 Near Road
2017-01-13,65.0,53,16,"CO,NO2,Ozone,PM2.5,SO2",PM2.5,Long Beach-Route 710 Near Road
2017-01-14,75.0,48,16,"CO,NO2,Ozone,PM2.5,SO2",PM2.5,Long Beach-Route 710 Near Road
2017-01-15,60.0,48,16,"CO,NO2,Ozone,PM2.5,SO2",PM2.5,Long Beach-Route 710 Near Road
2017-01-16,62.0,52,16,"CO,NO2,Ozone,PM2.5,SO2",PM2.5,Reseda
2017-01-17,71.0,47,16,"CO,NO2,Ozone,PM2.5,SO2",PM2.5,Long Beach-Route 710 Near Road
2017-01-18,73.0,49,16,"CO,NO2,Ozone,PM2.5,SO2",PM2.5,Long Beach-Route 710 Near Road
2017-01-19,49.0,47,15,"CO,NO2,Ozone,PM2.5,SO2",NO2,Long Beach-Route 710 Near Road
2017-01-20,50.0,44,15,"CO,NO2,Ozone,PM2.5,SO2",PM2.5,Long Beach-Route 710 Near Road
2017-01-21,50.0,47,16,"CO,NO2,Ozone,PM2.5,SO2",PM2.5,Long Beach-Route 710 Near Road
2017-01-22,42.0,51,16,"CO,NO2,Ozone,PM2.5,SO2",PM2.5,Long Beach (South)
2017-01-23,55.0,47,16,"CO,NO2,Ozone,PM2.5,SO2",NO2,Long Beach-Route 710 Near Road
2017-01-24,66.0,44,15,"CO,NO2,Ozone,PM2.5,SO2",PM2.5,Long Beach (South)
2017-01-25,68.0,51,16,"CO,NO2,Ozone,PM2.5,SO2",PM2.5,Long Beach-Route 710 Near Road
2017-01-26,73.0,46,16,"CO,NO2,Ozone,PM2.5,SO2",PM2.5,Long Beach-Route 710 Near Road
2017-01-27,69.0,47,16,"CO,NO2,Ozone,PM2.5,SO2",PM2.5,Long Beach-Route 710 Near Road
2017-01-28,78.0,53,16,"CO,NO2,Ozone,PM2.5,SO2",PM2.5,Long Beach-Route 710 Near Road
2017-01-29,69.0,48,16,"CO,NO2,Ozone,PM2.5,SO2",PM2.5,Long Beach-Route 710 Near Road
2017-01-30,77.0,48,16,"CO,NO2,Ozone,PM2.5,SO2",NO2,Long Beach-Route 710 Near Road
2017-01-31,78.0,53,16,"CO,NO2,Ozone,PM2.5,SO2",PM2.5,Long Beach-Route 710 Near Road
2017-02-01,74.0,48,16,"CO,NO2,Ozone,PM2.5,SO2",PM2.5,Long Beach (North)
2017-02-02,65.0,48,16,"CO,NO2,Ozone,PM2.5,SO2",PM2.5,Los Angeles-North Main Street
2017-02-03,62.0,49,16,"CO,NO2,Ozone,PM2.5,SO2",PM2.5,Compton
2017-02-04,57.0,47,16,"CO,NO2,Ozone,PM2.5,SO2",PM2.5,Long Beach (South)
2017-02-05,64.0,48,16,"CO,NO2,Ozone,PM2.5,SO2",PM2.5,Los Angeles-North Main Street
2017-02-06,32.0,53,16,"CO,NO2,Ozone,PM2.5,SO2",Ozone,Lancaster-Division Street
2017-02-07,32.0,43,16,"CO,NO2,Ozone,PM2.5,SO2",PM2.5,Long Beach-Route 710 Near Road
2017-02-08,42.0,45,16,"CO,NO2,Ozone,PM2.5,SO2",PM2.5,Long Beach-Route 710 Near Road
2017-02-09,56.0,52,16,"CO,NO2,Ozone,PM2.5,SO2",PM2.5,Azusa
2017-02-10,62.0,48,16,"CO,NO2,Ozone,PM2.5,SO2",PM2.5,Los Angeles-North Main Street
2017-02-11,56.0,47,16,"CO,NO2,Ozone,PM2.5,SO2",PM2.5,Long Beach-Route 710 Near Road
2017-02-12,60.0,51,16,"CO,NO2,Ozone,PM2.5,SO2",PM2.5,Long Beach (South)
2017-02-13,63.0,47,16,"CO,NO2,Ozone,PM2.5,SO2",PM2.5,Long Beach-Route 710 Near Road
2017-02-14,57.0,48,16,"CO,NO2,Ozone,PM2.5,SO2",PM2.5,Los Angeles-North Main Street
2017-02-15,73.0,52,16,"CO,NO2,Ozone,PM2.5,SO2",PM2.5,Long Beach-Route 710 Near Road
2017-02-16,63.0,48,16,"CO,NO2,Ozone,PM2.5,SO2",PM2.5,Los Angeles-North Main Street
2017-02-17,49.0,47,16,"CO,NO2,Ozone,PM2.5,SO2",Ozone,Azusa
2017-02-18,46.0,53,16,"CO,NO2,Ozone,PM2.5,SO2",Ozone,Reseda
2017-02-19,41.0,48,16,"CO,NO2,Ozone,PM2.5,SO2",PM2.5,Long Beach-Route 710 Near Road
2017-02-20,43.0,48,16,"CO,NO2,Ozone,PM2.5,SO2",PM2.5,Los Angeles-North Main Street
2017-02-21,61.0,51,16,"CO,NO2,Ozone,PM2.5,SO2",PM2.5,Long Beach (South)
2017-02-22,48.0,44,15,"CO,NO2,Ozone,PM2.5,SO2",NO2,Long Beach-Route 710 Near Road
2017-02-23,50.0,45,15,"CO,NO2,Ozone,PM2.5,SO2",NO2,Long Beach-Route 710 Near Road
2017-02-24,63.0,53,16,"CO,NO2,Ozone,PM2.5,SO2",NO2,Long Beach-Route 710 Near Road
2017-02-25,62.0,48,16,"CO,NO2,Ozone,PM2.5,SO2",PM2.5,Long Beach-Route 710 Near Road
2017-02-26,43.0,48,16,"CO,NO2,Ozone,PM2.5,SO2",Ozone,Reseda
2017-02-27,48.0,53,16,"CO,NO2,Ozone,PM2.5,SO2",NO2,Long Beach-Route 710 Near Road
2017-02-28,58.0,45,15,"CO,NO2,Ozone,PM2.5,SO2",PM2.5,Long Beach-Route 710 Near Road
2017-03-01,62.0,48,16,"CO,NO2,Ozone,PM2.5,SO2",PM2.5,Long Beach (South)
2017-03-02,66.0,45,16,"CO,NO2,Ozone,PM2.5,SO2",NO2,Long Beach-Route 710 Near Road
2017-03-03,56.0,48,16,"CO,NO2,Ozone,PM2.5,SO2",NO2,Long Beach-Route 710 Near Road
2017-03-04,62.0,48,16,"CO,NO2,Ozone,PM2.5,SO2",PM2.5,Long Beach (South)
2017-03-05,46.0,53,16,"CO,NO2,Ozone,PM2.5,SO2",PM2.5,Long Beach-Route 710 Near Road
2017-03-06,48.0,48,16,"CO,NO2,Ozone,PM2.5,SO2",NO2,Long Beach-Route 710 Near Road
2017-03-07,57.0,48,16,"CO,NO2,Ozone,PM2.5,SO2",PM2.5,Long Beach (South)
2017-03-08,64.0,50,15,"CO,NO2,Ozone,PM2.5,SO2",PM2.5,Long Beach-Route 710 Near Road
2017-03-09,77.0,46,16,"CO,NO2,Ozone,PM2.5,SO2",Ozone,Reseda
2017-03-10,100.0,46,16,"CO,NO2,Ozone,PM2.5,SO2",Ozone,Reseda
2017-03-11,115.0,52,16,"CO,NO2,Ozone,PM2.5,SO2",Ozone,Reseda
2017-03-12,101.0,47,16,"CO,NO2,Ozone,PM2.5,SO2",Ozone,Azusa
2017-03-13,112.0,47,16,"CO,NO2,Ozone,PM2.5,SO2",PM2.5,Long Beach (South)
2017-03-14,102.0,53,16,"CO,NO2,Ozone,PM2.5,SO2",PM2.5,Long Beach (South)
2017-03-15,84.0,46,16,"CO,NO2,Ozone,PM2.5,SO2",PM2.5,Long Beach (South)
2017-03-16,67.0,47,16,"CO,NO2,Ozone,PM2.5,SO2",PM2.5,Los Angeles-North Main Street
2017-03-17,79.0,49,16,"CO,NO2,Ozone,PM2.5,SO2",PM2.5,Long Beach (South)
2017-03-18,86.0,48,16,"CO,NO2,Ozone,PM2.5,SO2",PM2.5,Los Angeles-North Main Street
2017-03-19,80.0,48,16,"CO,NO2,Ozone,PM2.5,SO2",PM2.5,Long Beach (South)
2017-03-20,52.0,53,16,"CO,NO2,Ozone,PM2.5,SO2",PM2.5,Azusa
2017-03-21,29.0,43,15,"CO,NO2,Ozone,PM2.5,SO2",NO2,Long Beach-Route 710 Near Road
2017-03-22,47.0,41,15,"CO,NO2,Ozone,PM2.5,SO2",PM2.5,Long Beach-Route 710 Near Road
2017-03-23,49.0,52,16,"CO,NO2,Ozone,PM2.5,SO2",PM2.5,Long Beach-Route 710 Near Road
2017-03-24,54.0,47,16,"CO,NO2,Ozone,PM2.5,SO2",PM2.5,Long Beach-Route 710 Near Road
2017-03-25,44.0,47,16,"CO,NO2,Ozone,PM2.5,SO2",Ozone,Reseda
2017-03-26,52.0,52,16,"CO,NO2,Ozone,PM2.5,SO2",PM2.5,Long Beach-Route 710 Near Road
2017-03-27,52.0,47,16,"CO,NO2,Ozone,PM2.5,SO2",PM2.5,Long Beach (South)
2017-03-28,57.0,47,16,"CO,NO2,Ozone,PM2.5,SO2",PM2.5,Long Beach-Route 710 Near Road
2017-03-29,64.0,51,16,"CO,NO2,Ozone,PM2.5,SO2",Ozone,Glendora
2017-03-30,61.0,47,16,"CO,NO2,Ozone,PM2.5,SO2",PM2.5,Long Beach (South)
2017-03-31,54.0,32,12,"CO,NO2,Ozone,PM2.5,SO2",PM2.5,Long Beach-Route 710 Near Road
2017-04-01,59.0,52,16,"CO,NO2,Ozone,PM2.5,SO2",PM2.5,Long Beach-Route 710 Near Road
2017-04-02,62.0,47,16,"CO,NO2,Ozone,PM2.5,SO2",PM2.5,Long Beach-Route 710 Near Road
2017-04-03,58.0,47,16,"CO,NO2,Ozone,PM2.5,SO2",PM2.5,Los Angeles-North Main Street
2017-04-04,71.0,50,16,"CO,NO2,Ozone,PM2.5,SO2",Ozone,Reseda
2017-04-05,100.0,48,16,"CO,NO2,Ozone,PM2.5,SO2",Ozone,Reseda
2017-04-06,64.0,41,15,"CO,NO2,Ozone,PM2.5,SO2",PM2.5,Los Angeles-North Main Street
2017-04-07,77.0,52,16,"CO,NO2,Ozone,PM2.5,SO2",Ozone,Glendora
2017-04-08,50.0,48,16,"CO,NO2,Ozone,PM2.5,SO2",Ozone,Reseda
2017-04-09,67.0,48,16,"CO,NO2,Ozone,PM2.5,SO2",Ozone,Azusa
2017-04-10,97.0,53,16,"CO,NO2,Ozone,PM2.5,SO2",Ozone,Reseda
2017-04-11,87.0,46,16,"CO,NO2,Ozone,PM2.5,SO2",Ozone,Reseda
2017-04-12,54.0,44,15,"CO,NO2,Ozone,PM2.5,SO2",PM2.5,Long Beach (South)
2017-04-13,54.0,49,16,"CO,NO2,Ozone,PM2.5,SO2",PM2.5,Long Beach-Route 710 Near Road
2017-04-14,58.0,45,16,"CO,NO2,Ozone,PM2.5,SO2",Ozone,Reseda
2017-04-15,112.0,46,16,"CO,NO2,Ozone,PM2.5,SO2",Ozone,Reseda
2017-04-16,108.0,51,16,"CO,NO2,Ozone,PM2.5,SO2",Ozone,Azusa
2017-04-17,46.0,47,16,"CO,NO2,Ozone,PM2.5,SO2",PM2.5,Long Beach (South)
2017-04-18,39.0,41,16,"CO,NO2,Ozone,PM2.5,SO2",PM2.5,Long Beach-Route 710 Near Road
2017-04-19,52.0,48,16,"CO,NO2,Ozone,PM2.5,SO2",PM2.5,Long Beach-Route 710 Near Road
2017-04-20,67.0,43,15,"CO,NO2,Ozone,PM2.5,SO2",Ozone,Glendora
2017-04-21,119.0,47,16,"CO,NO2,Ozone,PM2.5,SO2",Ozone,Azusa
2017-04-22,161.0,53,16,"CO,NO2,Ozone,PM2.5,SO2",Ozone,Azusa
2017-04-23,84.0,46,16,"CO,NO2,Ozone,PM2.5,SO2",Ozone,Azusa
2017-04-24,59.0,48,16,"CO,NO2,Ozone,PM2.5,SO2",PM2.5,Los Angeles-North Main Street
2017-04-25,71.0,52,16,"CO,NO2,Ozone,PM2.5,SO2",Ozone,Reseda
2017-04-26,56.0,46,16,"CO,NO2,Ozone,PM2.5,SO2",PM2.5,Long Beach (South)
2017-04-27,74.0,43,15,"CO,NO2,Ozone,PM2.5,SO2",Ozone,Los Angeles-North Main Street
2017-04-28,84.0,53,16,"CO,NO2,Ozone,PM2.5,SO2",Ozone,Azusa
2017-04-29,100.0,48,16,"CO,NO2,Ozone,PM2.5,SO2",Ozone,Azusa
2017-04-30,112.0,48,16,"CO,NO2,Ozone,PM2.5,SO2",Ozone,Azusa
2017-05-01,140.0,53,16,"CO,NO2,Ozone,PM2.5,SO2",Ozone,Reseda
2017-05-02,147.0,46,16,"CO,NO2,Ozone,PM2.5,SO2",Ozone,Santa Clarita
2017-05-03,156.0,46,16,"CO,NO2,Ozone,PM2.5,SO2",Ozone,Santa Clarita
2017-05-04,126.0,52,16,"CO,NO2,Ozone,PM2.5,SO2",Ozone,Glendora
2017-05-05,68.0,48,16,"CO,NO2,Ozone,PM2.5,SO2",PM2.5,Los Angeles-North Main Street
2017-05-06,49.0,48,16,"CO,NO2,Ozone,PM2.5,SO2",PM2.5,Long Beach-Route 710 Near Road
2017-05-07,61.0,53,16,"CO,NO2,Ozone,PM2.5,SO2",PM2.5,Azusa
2017-05-08,57.0,48,16,"CO,NO2,Ozone,PM2.5,SO2",PM2.5,Long Beach (South)
2017-05-09,55.0,45,16,"CO,NO2,Ozone,PM2.5,SO2",PM2.5,Long Beach (South)
2017-05-10,53.0,46,15,"CO,NO2,Ozone,PM2.5,SO2",PM2.5,Long Beach (South)
2017-05-11,61.0,48,16,"CO,NO2,Ozone,PM2.5,SO2",Ozone,Santa Clarita
2017-05-12,61.0,47,16,"CO,NO2,Ozone,PM2.5,SO2",PM2.5,Long Beach (South)
2017-05-13,67.0,52,16,"CO,NO2,Ozone,PM2.5,SO2",Ozone,Azusa
2017-05-14,67.0,48,16,"CO,NO2,Ozone,PM2.5,SO2",Ozone,Reseda
2017-05-15,55.0,48,16,"CO,NO2,Ozone,PM2.5,SO2",PM2.5,Long Beach-Route 710 Near Road
2017-05-16,53.0,51,16,"CO,NO2,Ozone,PM2.5,SO2",PM2.5,Los Angeles-North Main Street
2017-05-17,51.0,45,16,"CO,NO2,Ozone,PM2.5,SO2",PM2.5,Long Beach-Route 710 Near Road
2017-05-18,61.0,43,16,"CO,NO2,Ozone,PM2.5,SO2",NO2,Pico Rivera #2
2017-05-19,84.0,49,15,"CO,NO2,Ozone,PM2.5,SO2",Ozone,Azusa
2017-05-20,122.0,46,16,"CO,NO2,Ozone,PM2.5,SO2",Ozone,West Los Angeles
2017-05-21,143.0,46,16,"CO,NO2,Ozone,PM2.5,SO2",Ozone,Azusa
2017-05-22,154.0,52,16,"CO,NO2,Ozone,PM2.5,SO2",Ozone,Santa Clarita
2017-05-23,112.0,43,15,"CO,NO2,Ozone,PM2.5,SO2",Ozone,Reseda
2017-05-24,119.0,47,16,"CO,NO2,Ozone,PM2.5,SO2",Ozone,Lancaster-Division Street
2017-05-25,48.0,49,16,"CO,NO2,Ozone,PM2.5,SO2",Ozone,Lancaster-Division Street
2017-05-26,45.0,42,15,"CO,NO2,Ozone,PM2.5,SO2",Ozone,Lancaster-Division Street
2017-05-27,64.0,47,16,"CO,NO2,Ozone,PM2.5,SO2",Ozone,Lancaster-Division Street
2017-05-28,108.0,52,16,"CO,NO2,Ozone,PM2.5,SO2",Ozone,Reseda
2017-05-29,97.0,48,16,"CO,NO2,Ozone,PM2.5,SO2",Ozone,Lancaster-Division Street
2017-05-30,93.0,46,16,"CO,NO2,Ozone,PM2.5,SO2",Ozone,Lancaster-Division Street
2017-05-31,69.0,49,16,"CO,NO2,Ozone,PM2.5,SO2",PM2.5,Azusa
2017-06-01,93.0,47,16,"CO,NO2,Ozone,PM2.5,SO2",Ozone,Santa Clarita
2017-06-02,136.0,46,16,"CO,NO2,Ozone,PM2.5,SO2",Ozone,Azusa
2017-06-03,169.0,53,16,"CO,NO2,Ozone,PM2.5,SO2",Ozone,Santa Clarita
2017-06-04,150.0,48,16,"CO,NO2,Ozone,PM2.5,SO2",Ozone,Azusa
2017-06-05,101.0,48,16,"CO,NO2,Ozone,PM2.5,SO2",Ozone,Reseda
2017-06-06,77.0,50,16,"CO,NO2,Ozone,PM2.5,SO2",Ozone,Reseda
2017-06-07,101.0,46,15,"CO,NO2,Ozone,PM2.5,SO2",Ozone,Lancaster-Division Street
2017-06-08,77.0,45,16,"CO,NO2,Ozone,PM2.5,SO2",Ozone,Lancaster-Division Street
2017-06-09,50.0,52,16,"CO,NO2,Ozone,PM2.5,SO2",Ozone,Azusa
2017-06-10,45.0,48,16,"CO,NO2,Ozone,PM2.5,SO2",PM2.5,Lancaster-Division Street
2017-06-11,52.0,48,16,"CO,NO2,Ozone,PM2.5,SO2",PM2.5,Lancaster-Division Street
2017-06-12,53.0,53,16,"CO,NO2,Ozone,PM2.5,SO2",PM2.5,Long Beach-Route 710 Near Road
2017-06-13,93.0,47,16,"CO,NO2,Ozone,PM2.5,SO2",Ozone,Reseda
2017-06-14,159.0,46,16,"CO,NO2,Ozone,PM2.5,SO2",Ozone,Santa Clarita
2017-06-15,143.0,51,16,"CO,NO2,Ozone,PM2.5,SO2",Ozone,Santa Clarita
2017-06-16,195.0,47,16,"CO,NO2,Ozone,PM2.5,SO2",Ozone,Santa Clarita
2017-06-17,190.0,49,16,"CO,NO2,Ozone,PM2.5,SO2",Ozone,Santa Clarita
2017-06-18,164.0,53,16,"CO,NO2,Ozone,PM2.5,SO2",Ozone,Santa Clarita
2017-06-19,172.0,48,16,"CO,NO2,Ozone,PM2.5,SO2",Ozone,Santa Clarita
2017-06-20,197.0,47,16,"CO,NO2,Ozone,PM2.5,SO2",Ozone,Santa Clarita
2017-06-21,164.0,51,16,"CO,NO2,Ozone,PM2.5,SO2",Ozone,Santa Clarita
2017-06-22,115.0,46,16,"CO,NO2,Ozone,PM2.5,SO2",Ozone,Lancaster-Division Street
2017-06-23,156.0,46,16,"CO,NO2,Ozone,PM2.5,SO2",Ozone,Santa Clarita
2017-06-24,151.0,51,16,"CO,NO2,Ozone,PM2.5,SO2",Ozone,Santa Clarita
2017-06-25,195.0,46,16,"CO,NO2,Ozone,PM2.5,SO2",Ozone,Glendora
2017-06-26,129.0,46,16,"CO,NO2,Ozone,PM2.5,SO2",Ozone,Glendora
2017-06-27,115.0,47,16,"CO,NO2,Ozone,PM2.5,SO2",Ozone,Lancaster-Division Street
2017-06-28,115.0,47,16,"CO,NO2,Ozone,PM2.5,SO2",Ozone,Lancaster-Division Street
2017-06-29,150.0,44,15,"CO,NO2,Ozone,PM2.5,SO2",Ozone,Santa Clarita
2017-06-30,151.0,42,14,"CO,NO2,Ozone,PM2.5,SO2",Ozone,Santa Clarita
2017-07-01,143.0,47,16,"CO,NO2,Ozone,PM2.5,SO2",Ozone,Santa Clarita
2017-07-02,115.0,47,16,"CO,NO2,Ozone,PM2.5,SO2",Ozone,Lancaster-Division Street
2017-07-03,159.0,52,16,"CO,NO2,Ozone,PM2.5,SO2",Ozone,Glendora
2017-07-04,169.0,47,16,"CO,NO2,Ozone,PM2.5,SO2",Ozone,Glendora
2017-07-05,182.0,47,16,"CO,NO2,Ozone,PM2.5,SO2",Ozone,Santa Clarita
2017-07-06,204.0,48,15,"CO,NO2,Ozone,PM2.5,SO2",Ozone,Santa Clarita
2017-07-07,224.0,48,16,"CO,NO2,Ozone,PM2.5,SO2",Ozone,Santa Clarita
2017-07-08,209.0,47,16,"CO,NO2,Ozone,PM2.5,SO2",Ozone,Reseda
2017-07-09,101.0,51,16,"CO,NO2,Ozone,PM2.5,SO2",Ozone,Pasadena
2017-07-10,112.0,47,16,"CO,NO2,Ozone,PM2.5,SO2",Ozone,Lancaster-Division Street
2017-07-11,71.0,44,15,"CO,NO2,Ozone,PM2.5,SO2",Ozone,Lancaster-Division Street
2017-07-12,84.0,49,16,"CO,NO2,Ozone,PM2.5,SO2",Ozone,Lancaster-Division Street
2017-07-13,97.0,45,16,"CO,NO2,Ozone,PM2.5,SO2",Ozone,Lancaster-Division Street
2017-07-14,156.0,44,16,"CO,NO2,Ozone,PM2.5,SO2",Ozone,Santa Clarita
2017-07-15,203.0,49,16,"CO,NO2,Ozone,PM2.5,SO2",Ozone,Santa Clarita
2017-07-16,159.0,44,16,"CO,NO2,Ozone,PM2.5,SO2",Ozone,Santa Clarita
2017-07-17,101.0,44,16,"CO,NO2,Ozone,PM2.5,SO2",Ozone,Santa Clarita
2017-07-18,154.0,49,16,"CO,NO2,Ozone,PM2.5,SO2",Ozone,Santa Clarita
2017-07-19,164.0,44,16,"CO,NO2,Ozone,PM2.5,SO2",Ozone,Santa Clarita
2017-07-20,136.0,45,16,"CO,NO2,Ozone,PM2.5,SO2",Ozone,Lancaster-Division Street
2017-07-21,154.0,49,16,"CO,NO2,Ozone,PM2.5,SO2",Ozone,Lancaster-Division Street
2017-07-22,177.0,46,16,"CO,NO2,Ozone,PM2.5,SO2",Ozone,Santa Clarita
2017-07-23,164.0,46,16,"CO,NO2,Ozone,PM2.5,SO2",Ozone,Santa Clarita
2017-07-24,61.0,51,16,"CO,NO2,Ozone,PM2.5,SO2",Ozone,Santa Clarita
2017-07-25,84.0,45,16,"CO,NO2,Ozone,PM2.5,SO2",Ozone,Santa Clarita
2017-07-26,100.0,43,16,"CO,NO2,Ozone,PM2.5,SO2",Ozone,Santa Clarita
2017-07-27,105.0,51,16,"CO,NO2,Ozone,PM2.5,SO2",Ozone,Santa Clarita
2017-07-28,126.0,45,16,"CO,NO2,Ozone,PM2.5,SO2",Ozone,Lancaster-Division Street
2017-07-29,133.0,47,16,"CO,NO2,Ozone,PM2.5,SO2",Ozone,Azusa
2017-07-30,122.0,51,16,"CO,NO2,Ozone,PM2.5,SO2",Ozone,Santa Clarita
2017-07-31,164.0,46,16,"CO,NO2,Ozone,PM2.5,SO2",Ozone,Santa Clarita
2017-08-01,140.0,45,16,"CO,NO2,Ozone,PM2.5,SO2",Ozone,Reseda
2017-08-02,122.0,48,16,"CO,NO2,Ozone,PM2.5,SO2",Ozone,Reseda
2017-08-03,161.0,47,16,"CO,NO2,Ozone,PM2.5,SO2",Ozone,Pomona
2017-08-04,126.0,44,15,"CO,NO2,Ozone,PM2.5,SO2",Ozone,Lancaster-Division Street
2017-08-05,115.0,52,16,"CO,NO2,Ozone,PM2.5,SO2",Ozone,Santa Clarita
2017-08-06,119.0,47,16,"CO,NO2,Ozone,PM2.5,SO2",Ozone,Santa Clarita
2017-08-07,108.0,48,16,"CO,NO2,Ozone,PM2.5,SO2",Ozone,Glendora
2017-08-08,122.0,50,16,"CO,NO2,Ozone,PM2.5,SO2",Ozone,Glendora
2017-08-09,119.0,48,16,"CO,NO2,Ozone,PM2.5,SO2",Ozone,Glendora
2017-08-10,143.0,48,16,"CO,NO2,Ozone,PM2.5,SO2",Ozone,Pomona
2017-08-11,140.0,53,16,"CO,NO2,Ozone,PM2.5,SO2",Ozone,Reseda
2017-08-12,156.0,48,16,"CO,NO2,Ozone,PM2.5,SO2",Ozone,Santa Clarita
2017-08-13,150.0,48,16,"CO,NO2,Ozone,PM2.5,SO2",Ozone,Azusa
2017-08-14,97.0,53,16,"CO,NO2,Ozone,PM2.5,SO2",Ozone,Glendora
2017-08-15,60.0,43,15,"CO,NO2,Ozone,PM2.5,SO2",PM2.5,Long Beach-Route 710 Near Road
2017-08-16,90.0,46,16,"CO,NO2,Ozone,PM2.5,SO2",Ozone,Lancaster-Division Street
2017-08-17,93.0,47,15,"CO,NO2,Ozone,PM2.5,SO2",Ozone,Lancaster-Division Street
2017-08-18,112.0,44,15,"CO,NO2,Ozone,PM2.5,SO2",Ozone,Santa Clarita
2017-08-19,105.0,45,15,"CO,NO2,Ozone,PM2.5,SO2",Ozone,Pomona
2017-08-20,86.0,50,15,"CO,NO2,Ozone,PM2.5,SO2",PM2.5,Long Beach-Route 710 Near Road
2017-08-21,87.0,45,15,"CO,NO2,Ozone,PM2.5,SO2",PM2.5,Long Beach-Route 710 Near Road
2017-08-22,97.0,39,14,"CO,NO2,Ozone,PM2.5,SO2",Ozone,Reseda
2017-08-23,126.0,47,15,"CO,NO2,Ozone,PM2.5,SO2",Ozone,Santa Clarita
2017-08-24,115.0,43,15,"CO,NO2,Ozone,PM2.5,SO2",Ozone,Santa Clarita
2017-08-25,154.0,45,15,"CO,NO2,Ozone,PM2.5,SO2",Ozone,Santa Clarita
2017-08-26,190.0,50,15,"CO,NO2,Ozone,PM2.5,SO2",Ozone,Glendora
2017-08-27,164.0,45,15,"CO,NO2,Ozone,PM2.5,SO2",Ozone,Glendora
2017-08-28,201.0,45,15,"CO,NO2,Ozone,PM2.5,SO2",Ozone,Pomona
2017-08-29,208.0,43,13,"CO,NO2,Ozone,PM2.5,SO2",Ozone,Glendora
2017-08-30,209.0,44,15,"CO,NO2,Ozone,PM2.5,SO2",Ozone,Pomona
2017-08-31,174.0,44,15,"CO,NO2,Ozone,PM2.5,SO2",Ozone,Pasadena
2017-09-01,206.0,49,15,"CO,NO2,Ozone,PM2.5,SO2",Ozone,Glendora
2017-09-02,156.0,44,15,"CO,NO2,Ozone,PM2.5,SO2",Ozone,Reseda
2017-09-03,77.0,45,15,"CO,NO2,Ozone,PM2.5,SO2",Ozone,Santa Clarita
2017-09-04,57.0,50,15,"CO,NO2,Ozone,PM2.5,SO2",PM2.5,Long Beach (South)
2017-09-05,67.0,45,15,"CO,NO2,Ozone,PM2.5,SO2",Ozone,Pomona
2017-09-06,67.0,44,15,"CO,NO2,Ozone,PM2.5,SO2",PM2.5,Long Beach (South)
2017-09-07,112.0,45,15,"CO,NO2,Ozone,PM2.5,SO2",Ozone,Santa Clarita
2017-09-08,80.0,43,15,"CO,NO2,Ozone,PM2.5,SO2",Ozone,Lancaster-Division Street
2017-09-09,101.0,45,15,"CO,NO2,Ozone,PM2.5,SO2",Ozone,Pomona
2017-09-10,177.0,50,15,"CO,NO2,Ozone,PM2.5,SO2",Ozone,Pomona
2017-09-11,119.0,45,15,"CO,NO2,Ozone,PM2.5,SO2",Ozone,Pomona
2017-09-12,84.0,42,14,"CO,NO2,Ozone,PM2.5,SO2",Ozone,Pomona
2017-09-13,50.0,50,15,"CO,NO2,Ozone,PM2.5,SO2",PM2.5,Azusa
2017-09-14,45.0,45,15,"CO,NO2,Ozone,PM2.5,SO2",PM2.5,Long Beach-Route 710 Near Road
2017-09-15,50.0,42,14,"CO,NO2,Ozone,PM2.5,SO2",Ozone,Reseda
2017-09-16,80.0,50,15,"CO,NO2,Ozone,PM2.5,SO2",Ozone,Santa Clarita
2017-09-17,93.0,45,15,"CO,NO2,Ozone,PM2.5,SO2",Ozone,Lancaster-Division Street
2017-09-18,101.0,45,15,"CO,NO2,Ozone,PM2.5,SO2",Ozone,Lancaster-Division Street
2017-09-19,58.0,47,15,"CO,NO2,Ozone,PM2.5,SO2",Ozone,Pomona
2017-09-20,67.0,39,14,"CO,NO2,Ozone,PM2.5,SO2",Ozone,Lancaster-Division Street
2017-09-21,42.0,44,15,"CO,NO2,Ozone,PM2.5,SO2",PM2.5,Los Angeles-North Main Street
2017-09-22,48.0,46,15,"CO,NO2,Ozone,PM2.5,SO2",PM2.5,Long Beach-Route 710 Near Road
2017-09-23,64.0,44,15,"CO,NO2,Ozone,PM2.5,SO2",Ozone,Pomona
2017-09-24,84.0,43,15,"CO,NO2,Ozone,PM2.5,SO2",Ozone,Los Angeles-North Main Street
2017-09-25,62.0,48,15,"CO,NO2,Ozone,PM2.5,SO2",NO2,Long Beach-Route 710 Near Road
2017-09-26,93.0,41,14,"CO,NO2,Ozone,PM2.5,SO2",Ozone,Pomona
2017-09-27,77.0,46,15,"CO,NO2,Ozone,PM2.5,SO2",Ozone,Pomona
2017-09-28,87.0,50,15,"CO,NO2,Ozone,PM2.5,SO2",Ozone,Los Angeles-North Main Street
2017-09-29,97.0,44,15,"CO,NO2,Ozone,PM2.5,SO2",Ozone,Azusa
2017-09-30,147.0,38,13,"CO,NO2,Ozone,PM2.5,SO2",Ozone,Lancaster-Division Street
2017-10-01,90.0,48,15,"CO,NO2,Ozone,PM2.5,SO2",Ozone,Santa Clarita
2017-10-02,71.0,43,15,"CO,NO2,Ozone,PM2.5,SO2",Ozone,Reseda
2017-10-03,59.0,39,14,"CO,NO2,Ozone,PM2.5,SO2",PM2.5,Long Beach (South)
2017-10-04,71.0,45,15,"CO,NO2,Ozone,PM2.5,SO2",Ozone,Azusa
2017-10-05,101.0,39,14,"CO,NO2,Ozone,PM2.5,SO2",Ozone,Reseda
2017-10-06,129.0,36,13,"CO,NO2,Ozone,PM2.5,SO2",Ozone,Azusa
2017-10-07,126.0,43,14,"CO,NO2,Ozone,PM2.5,SO2",Ozone,Pomona
2017-10-08,119.0,39,14,"CO,NO2,Ozone,PM2.5,SO2",Ozone,Santa Clarita
2017-10-09,70.0,40,15,"CO,NO2,Ozone,PM2.5,SO2",PM2.5,Long Beach (South)
2017-10-10,70.0,47,15,"CO,NO2,Ozone,PM2.5,SO2",PM2.5,Long Beach-Route 710 Near Road
2017-10-11,74.0,41,15,"CO,NO2,Ozone,PM2.5,SO2",Ozone,Santa Clarita
2017-10-12,87.0,45,15,"CO,NO2,Ozone,PM2.5,SO2",Ozone,Santa Clarita
2017-10-13,97.0,50,15,"CO,NO2,Ozone,PM2.5,SO2",Ozone,Santa Clarita
2017-10-14,136.0,44,15,"CO,NO2,Ozone,PM2.5,SO2",Ozone,Azusa
2017-10-15,100.0,43,15,"CO,NO2,Ozone,PM2.5,SO2",Ozone,Los Angeles-North Main Street
2017-10-16,87.0,48,15,"CO,NO2,Ozone,PM2.5,SO2",NO2,Long Beach-Route 710 Near Road
2017-10-17,88.0,41,15,"CO,NO2,Ozone,PM2.5,SO2",NO2,Long Beach-Route 710 Near Road
2017-10-18,119.0,43,15,"CO,NO2,Ozone,PM2.5,SO2",Ozone,Azusa
2017-10-19,87.0,44,15,"CO,NO2,Ozone,PM2.5,SO2",Ozone,Reseda
2017-10-20,55.0,40,15,"CO,NO2,Ozone,PM2.5,SO2",PM2.5,Long Beach-Route 710 Near Road
2017-10-21,57.0,44,14,"CO,NO2,Ozone,PM2.5,SO2",PM2.5,Long Beach (South)
2017-10-22,64.0,49,14,"CO,NO2,Ozone,PM2.5,SO2",Ozone,Pasadena
2017-10-23,73.0,44,14,"CO,NO2,Ozone,PM2.5,SO2",NO2,Long Beach-Route 710 Near Road
2017-10-24,104.0,44,14,"CO,NO2,Ozone,PM2.5,SO2",NO2,Long Beach-Route 710 Near Road
2017-10-25,71.0,49,14,"CO,NO2,Ozone,PM2.5,SO2",NO2,Long Beach-Route 710 Near Road
2017-10-26,76.0,39,13,"CO,NO2,Ozone,PM2.5,SO2",NO2,Long Beach-Route 710 Near Road
2017-10-27,97.0,43,14,"CO,NO2,Ozone,PM2.5,SO2",Ozone,Reseda
2017-10-28,90.0,48,14,"CO,NO2,Ozone,PM2.5,SO2",Ozone,Pomona
2017-10-29,105.0,44,14,"CO,NO2,Ozone,PM2.5,SO2",Ozone,Santa Clarita
2017-10-30,55.0,44,14,"CO,NO2,Ozone,PM2.5,SO2",PM2.5,Long Beach-Route 710 Near Road
2017-10-31,51.0,49,14,"CO,NO2,Ozone,PM2.5,SO2",PM2.5,Reseda
2017-11-01,52.0,45,15,"CO,NO2,Ozone,PM2.5,SO2",PM2.5,Lancaster-Division Street
2017-11-02,45.0,43,15,"CO,NO2,Ozone,PM2.5,SO2",NO2,Long Beach-Route 710 Near Road
2017-11-03,41.0,46,14,"CO,NO2,Ozone,PM2.5,SO2",Ozone,Lancaster-Division Street
2017-11-04,53.0,45,15,"CO,NO2,Ozone,PM2.5,SO2",PM2.5,Long Beach-Route 710 Near Road
2017-11-05,36.0,45,15,"CO,NO2,Ozone,PM2.5,SO2",Ozone,Azusa
2017-11-06,46.0,50,15,"CO,NO2,Ozone,PM2.5,SO2",PM2.5,Long Beach-Route 710 Near Road
2017-11-07,49.0,44,15,"CO,NO2,Ozone,PM2.5,SO2",PM2.5,Long Beach-Route 710 Near Road
2017-11-08,53.0,45,15,"CO,NO2,Ozone,PM2.5,SO2",PM2.5,Long Beach-Route 710 Near Road
2017-11-09,36.0,46,15,"CO,NO2,Ozone,PM2.5,SO2",PM2.5,Long Beach-Route 710 Near Road
2017-11-10,45.0,44,15,"CO,NO2,Ozone,PM2.5,SO2",PM2.5,Long Beach-Route 710 Near Road
2017-11-11,65.0,44,15,"CO,NO2,Ozone,PM2.5,SO2",PM2.5,Long Beach-Route 710 Near Road
2017-11-12,82.0,48,15,"CO,NO2,Ozone,PM2.5,SO2",PM2.5,Los Angeles-North Main Street
2017-11-13,85.0,45,15,"CO,NO2,Ozone,PM2.5,SO2",PM2.5,Long Beach-Route 710 Near Road
2017-11-14,79.0,45,15,"CO,NO2,Ozone,PM2.5,SO2",PM2.5,Long Beach-Route 710 Near Road
2017-11-15,88.0,49,15,"CO,NO2,Ozone,PM2.5,SO2",PM2.5,Long Beach-Route 710 Near Road
2017-11-16,88.0,41,15,"CO,NO2,Ozone,PM2.5,SO2",NO2,Long Beach (Hudson)
2017-11-17,37.0,42,15,"CO,NO2,Ozone,PM2.5,SO2",PM2.5,Long Beach-Route 710 Near Road
2017-11-18,57.0,48,15,"CO,NO2,Ozone,PM2.5,SO2",PM2.5,Long Beach-Route 710 Near Road
2017-11-19,57.0,43,15,"CO,NO2,Ozone,PM2.5,SO2",PM2.5,Long Beach (South)
2017-11-20,77.0,43,15,"CO,NO2,Ozone,PM2.5,SO2",PM2.5,Long Beach-Route 710 Near Road
2017-11-21,78.0,47,15,"CO,NO2,Ozone,PM2.5,SO2",PM2.5,Long Beach (South)
2017-11-22,71.0,40,15,"CO,NO2,Ozone,PM2.5,SO2",PM2.5,Long Beach (South)
2017-11-23,57.0,44,15,"CO,NO2,Ozone,PM2.5,SO2",PM2.5,Long Beach (South)
2017-11-24,77.0,49,15,"CO,NO2,Ozone,PM2.5,SO2",PM2.5,Compton
2017-11-25,73.0,44,15,"CO,NO2,Ozone,PM2.5,SO2",PM2.5,Long Beach-Route 710 Near Road
2017-11-26,106.0,43,15,"CO,NO2,Ozone,PM2.5,SO2",PM2.5,Long Beach (South)
2017-11-27,67.0,49,15,"CO,NO2,Ozone,PM2.5,SO2",PM2.5,Pasadena
2017-11-28,62.0,42,14,"CO,NO2,Ozone,PM2.5,SO2",PM2.5,Long Beach-Route 710 Near Road
2017-11-29,71.0,40,15,"CO,NO2,Ozone,PM2.5,SO2",PM2.5,Long Beach-Route 710 Near Road
2017-11-30,82.0,47,15,"CO,NO2,Ozone,PM2.5,SO2",PM2.5,Long Beach (South)
2017-12-01,73.0,44,15,"CO,NO2,Ozone,PM2.5,SO2",PM2.5,Long Beach-Route 710 Near Road
2017-12-02,82.0,44,15,"CO,NO2,Ozone,PM2.5,SO2",PM2.5,Long Beach-Route 710 Near Road
2017-12-03,80.0,47,15,"CO,NO2,Ozone,PM2.5,SO2",PM2.5,Compton
2017-12-04,62.0,42,15,"CO,NO2,Ozone,PM2.5,SO2",PM2.5,Long Beach-Route 710 Near Road
2017-12-05,68.0,38,15,"CO,NO2,Ozone,PM2.5,SO2",NO2,Long Beach-Route 710 Near Road
2017-12-06,107.0,42,15,"CO,NO2,Ozone,PM2.5,SO2",PM2.5,Long Beach-Route 710 Near Road
2017-12-07,91.0,37,14,"CO,NO2,Ozone,PM2.5,SO2",NO2,Long Beach-Route 710 Near Road
2017-12-08,101.0,39,15,"CO,NO2,Ozone,PM2.5,SO2",PM2.5,Long Beach-Route 710 Near Road
2017-12-09,73.0,48,15,"CO,NO2,Ozone,PM2.5,SO2",PM2.5,Compton
2017-12-10,66.0,43,15,"CO,NO2,Ozone,PM2.5,SO2",PM2.5,Long Beach-Route 710 Near Road
2017-12-11,71.0,43,15,"CO,NO2,Ozone,PM2.5,SO2",PM2.5,Long Beach-Route 710 Near Road
2017-12-12,90.0,47,15,"CO,NO2,Ozone,PM2.5,SO2",PM2.5,Long Beach-Route 710 Near Road
2017-12-13,90.0,43,15,"CO,NO2,Ozone,PM2.5,SO2",PM2.5,Long Beach-Route 710 Near Road
2017-12-14,107.0,43,15,"CO,NO2,Ozone,PM2.5,SO2",PM2.5,Long Beach-Route 710 Near Road
2017-12-15,100.0,48,15,"CO,NO2,Ozone,PM2.5,SO2",PM2.5,Reseda
2017-12-16,86.0,43,15,"CO,NO2,Ozone,PM2.5,SO2",PM2.5,Long Beach-Route 710 Near Road
2017-12-17,90.0,43,15,"CO,NO2,Ozone,PM2.5,SO2",PM2.5,Long Beach-Route 710 Near Road
2017-12-18,61.0,47,15,"CO,NO2,Ozone,PM2.5,SO2",PM2.5,Long Beach-Route 710 Near Road
2017-12-19,77.0,40,15,"CO,NO2,Ozone,PM2.5,SO2",PM2.5,Long Beach-Route 710 Near Road
2017-12-20,75.0,41,15,"CO,NO2,Ozone,PM2.5,SO2",PM2.5,Long Beach-Route 710 Near Road
2017-12-21,62.0,46,15,"CO,NO2,Ozone,PM2.5,SO2",NO2,Long Beach-Route 710 Near Road
2017-12-22,74.0,40,14,"CO,NO2,Ozone,PM2.5,SO2",PM2.5,Long Beach-Route 710 Near Road
2017-12-23,86.0,44,15,"CO,NO2,Ozone,PM2.5,SO2",PM2.5,Long Beach-Route 710 Near Road
2017-12-24,159.0,47,15,"CO,NO2,Ozone,PM2.5,SO2",PM2.5,Compton
2017-12-25,175.0,43,15,"CO,NO2,Ozone,PM2.5,SO2",PM2.5,Long Beach-Route 710 Near Road
2017-12-26,157.0,41,15,"CO,NO2,Ozone,PM2.5,SO2",PM2.5,Long Beach-Route 710 Near Road
2017-12-27,155.0,46,15,"CO,NO2,Ozone,PM2.5,SO2",PM2.5,Long Beach-Route 710 Near Road
2017-12-28,119.0,44,15,"CO,NO2,Ozone,PM2.5,SO2",PM2.5,Long Beach-Route 710 Near Road
2017-12-29,91.0,44,15,"CO,NO2,Ozone,PM2.5,SO2",PM2.5,Long Beach-Route 710 Near Road
2017-12-30,115.0,48,15,"CO,NO2,Ozone,PM2.5,SO2",PM2.5,Compton
2017-12-31,137.0,41,14,"CO,NO2,Ozone,PM2.5,SO2",PM2.5,Long Beach-Route 710 Near Road
2018-01-01,190.0,47,16,"CO,NO2,Ozone,PM2.5,SO2",PM2.5,Long Beach-Route 710 Near Road
2018-01-02,152.0,51,16,"CO,NO2,Ozone,PM2.5,SO2",PM2.5,Pico Rivera #2
2018-01-03,110.0,44,16,"CO,NO2,Ozone,PM2.5,SO2",PM2.5,Long Beach (South)
2018-01-04,87.0,46,16,"CO,NO2,Ozone,PM2.5,SO2",PM2.5,Long Beach-Route 710 Near Road
2018-01-05,73.0,51,16,"CO,NO2,Ozone,PM2.5,SO2",PM2.5,Compton
2018-01-06,67.0,47,16,"CO,NO2,Ozone,PM2.5,SO2",PM2.5,Long Beach-Route 710 Near Road
2018-01-07,83.0,47,16,"CO,NO2,Ozone,PM2.5,SO2",PM2.5,Los Angeles-North Main Street
2018-01-08,70.0,52,16,"CO,NO2,Ozone,PM2.5,SO2",PM2.5,Pico Rivera #2
2018-01-09,43.0,47,16,"CO,NO2,Ozone,PM2.5,SO2",NO2,Long Beach-Route 710 Near Road
2018-01-10,63.0,45,16,"CO,NO2,Ozone,PM2.5,SO2",PM2.5,Long Beach-Route 710 Near Road
2018-01-11,85.0,52,16,"CO,NO2,Ozone,PM2.5,SO2",PM2.5,Pico Rivera #2
2018-01-12,112.0,47,16,"CO,NO2,Ozone,PM2.5,SO2",PM2.5,Long Beach (South)
2018-01-13,60.0,47,16,"CO,NO2,Ozone,PM2.5,SO2",PM2.5,Long Beach (South)
2018-01-14,56.0,52,16,"CO,NO2,Ozone,PM2.5,SO2",PM2.5,Compton
2018-01-15,83.0,46,16,"CO,NO2,Ozone,PM2.5,SO2",PM2.5,Long Beach-Route 710 Near Road
2018-01-16,85.0,45,16,"CO,NO2,Ozone,PM2.5,SO2",PM2.5,Los Angeles-North Main Street
2018-01-17,93.0,51,16,"CO,NO2,Ozone,PM2.5,SO2",PM2.5,Long Beach-Route 710 Near Road
2018-01-18,84.0,44,16,"CO,NO2,Ozone,PM2.5,SO2",PM2.5,Long Beach-Route 710 Near Road
2018-01-19,65.0,44,16,"CO,NO2,Ozone,PM2.5,SO2",PM2.5,Los Angeles-North Main Street
2018-01-20,40.0,51,16,"CO,NO2,Ozone,PM2.5,SO2",Ozone,Azusa
2018-01-21,61.0,46,16,"CO,NO2,Ozone,PM2.5,SO2",PM2.5,Long Beach (South)
2018-01-22,64.0,45,16,"CO,NO2,Ozone,PM2.5,SO2",PM2.5,Long Beach (South)
2018-01-23,61.0,44,15,"CO,NO2,Ozone,PM2.5,SO2",PM2.5,Long Beach-Route 710 Near Road
2018-01-24,54.0,45,15,"CO,NO2,Ozone,PM2.5,SO2",PM2.5,Long Beach-Route 710 Near Road
2018-01-25,58.0,44,15,"CO,NO2,Ozone,PM2.5,SO2",PM2.5,Long Beach (South)
2018-01-26,61.0,51,15,"CO,NO2,Ozone,PM2.5,SO2",PM2.5,Long Beach-Route 710 Near Road
2018-01-27,69.0,47,15,"CO,NO2,Ozone,PM2.5,SO2",PM2.5,Long Beach (South)
2018-01-28,72.0,46,15,"CO,NO2,Ozone,PM2.5,SO2",PM2.5,Long Beach-Route 710 Near Road
2018-01-29,68.0,49,15,"CO,NO2,Ozone,PM2.5,SO2",NO2,Long Beach-Route 710 Near Road
2018-01-30,58.0,42,15,"CO,NO2,Ozone,PM2.5,SO2",PM2.5,Long Beach-Route 710 Near Road
2018-01-31,78.0,44,15,"CO,NO2,Ozone,PM2.5,SO2",NO2,Long Beach-Route 710 Near Road
2018-02-01,101.0,51,15,"CO,NO2,Ozone,PM2.5,SO2",PM2.5,Long Beach-Route 710 Near Road
2018-02-02,95.0,44,15,"CO,NO2,Ozone,PM2.5,SO2",PM2.5,Long Beach-Route 710 Near Road
2018-02-03,109.0,48,16,"CO,NO2,Ozone,PM2.5,SO2",PM2.5,Long Beach-Route 710 Near Road
2018-02-04,98.0,53,16,"CO,NO2,Ozone,PM2.5,SO2",PM2.5,Compton
2018-02-05,82.0,48,16,"CO,NO2,Ozone,PM2.5,SO2",PM2.5,Los Angeles-North Main Street
2018-02-06,98.0,45,15,"CO,NO2,Ozone,PM2.5,SO2",PM2.5,Los Angeles-North Main Street
2018-02-07,82.0,49,15,"CO,NO2,Ozone,PM2.5,SO2",PM2.5,Long Beach-Route 710 Near Road
2018-02-08,81.0,48,16,"CO,NO2,Ozone,PM2.5,SO2",NO2,Long Beach (Hudson)
2018-02-09,63.0,48,16,"CO,NO2,Ozone,PM2.5,SO2",PM2.5,Los Angeles-North Main Street
2018-02-10,76.0,53,16,"CO,NO2,Ozone,PM2.5,SO2",PM2.5,Reseda
2018-02-11,76.0,48,16,"CO,NO2,Ozone,PM2.5,SO2",PM2.5,Long Beach-Route 710 Near Road
2018-02-12,48.0,48,16,"CO,NO2,Ozone,PM2.5,SO2",PM2.5,Long Beach-Route 710 Near Road
2018-02-13,41.0,52,16,"CO,NO2,Ozone,PM2.5,SO2",NO2,Long Beach-Route 710 Near Road
2018-02-14,52.0,46,16,"CO,NO2,Ozone,PM2.5,SO2",PM2.5,Long Beach-Route 710 Near Road
2018-02-15,60.0,45,16,"CO,NO2,Ozone,PM2.5,SO2",PM2.5,Long Beach (South)
2018-02-16,58.0,51,16,"CO,NO2,Ozone,PM2.5,SO2",NO2,Long Beach-Route 710 Near Road
2018-02-17,60.0,49,16,"CO,NO2,Ozone,PM2.5,SO2",PM2.5,Long Beach (South)
2018-02-18,58.0,48,16,"CO,NO2,Ozone,PM2.5,SO2",PM2.5,Long Beach (South)
2018-02-19,58.0,52,16,"CO,NO2,Ozone,PM2.5,SO2",PM2.5,Long Beach-Route 710 Near Road
2018-02-20,57.0,48,16,"CO,NO2,Ozone,PM2.5,SO2",PM2.5,Long Beach-Route 710 Near Road
2018-02-21,54.0,48,16,"CO,NO2,Ozone,PM2.5,SO2",PM2.5,Long Beach (South)
2018-02-22,50.0,50,16,"CO,NO2,Ozone,PM2.5,SO2",PM2.5,Reseda
2018-02-23,45.0,47,16,"CO,NO2,Ozone,PM2.5,SO2",Ozone,Azusa
2018-02-24,56.0,47,16,"CO,NO2,Ozone,PM2.5,SO2",PM2.5,Long Beach (South)
2018-02-25,55.0,52,16,"CO,NO2,Ozone,PM2.5,SO2",PM2.5,Compton
2018-02-26,56.0,47,16,"CO,NO2,Ozone,PM2.5,SO2",NO2,Long Beach (Hudson)
2018-02-27,47.0,48,16,"CO,NO2,Ozone,PM2.5,SO2",NO2,Long Beach-Route 710 Near Road
2018-02-28,53.0,51,16,"CO,NO2,Ozone,PM2.5,SO2",PM2.5,Long Beach (South)
2018-03-01,44.0,45,16,"CO,NO2,Ozone,PM2.5,SO2",PM2.5,Long Beach (South)
2018-03-02,39.0,44,15,"CO,NO2,Ozone,PM2.5,SO2",Ozone,Lancaster-Division Street
2018-03-03,44.0,52,16,"CO,NO2,Ozone,PM2.5,SO2",Ozone,LAX Hastings
2018-03-04,43.0,46,16,"CO,NO2,Ozone,PM2.5,SO2",Ozone,Reseda
2018-03-05,51.0,46,16,"CO,NO2,Ozone,PM2.5,SO2",NO2,Long Beach-Route 710 Near Road
2018-03-06,60.0,49,16,"CO,NO2,Ozone,PM2.5,SO2",NO2,Long Beach-Route 710 Near Road
2018-03-07,61.0,47,16,"CO,NO2,Ozone,PM2.5,SO2",PM2.5,Long Beach (South)
2018-03-08,60.0,45,15,"CO,NO2,Ozone,PM2.5,SO2",NO2,Long Beach (Hudson)
2018-03-09,58.0,53,16,"CO,NO2,Ozone,PM2.5,SO2",PM2.5,Los Angeles-North Main Street
2018-03-10,54.0,48,16,"CO,NO2,Ozone,PM2.5,SO2",PM2.5,Los Angeles-North Main Street
2018-03-11,34.0,48,16,"CO,NO2,Ozone,PM2.5,SO2",Ozone,Lancaster-Division Street
2018-03-12,53.0,52,16,"CO,NO2,Ozone,PM2.5,SO2",PM2.5,Azusa
2018-03-13,56.0,47,16,"CO,NO2,Ozone,PM2.5,SO2",PM2.5,Los Angeles-North Main Street
2018-03-14,41.0,38,13,"CO,NO2,Ozone,PM2.5,SO2",Ozone,Reseda
2018-03-15,45.0,51,16,"CO,NO2,Ozone,PM2.5,SO2",Ozone,Reseda
2018-03-16,39.0,43,16,"CO,NO2,Ozone,PM2.5,SO2",Ozone,LAX Hastings
2018-03-17,43.0,46,16,"CO,NO2,Ozone,PM2.5,SO2",Ozone,Azusa
2018-03-18,44.0,51,16,"CO,NO2,Ozone,PM2.5,SO2",Ozone,Azusa
2018-03-19,49.0,44,16,"CO,NO2,Ozone,PM2.5,SO2",NO2,Pomona
2018-03-20,52.0,44,16,"CO,NO2,Ozone,PM2.5,SO2",PM2.5,Long Beach (South)
2018-03-21,56.0,50,16,"CO,NO2,Ozone,PM2.5,SO2",PM2.5,Long Beach-Route 710 Near Road
2018-03-22,43.0,45,16,"CO,NO2,Ozone,PM2.5,SO2",PM2.5,Long Beach-Route 710 Near Road
2018-03-23,45.0,44,15,"CO,NO2,Ozone,PM2.5,SO2",Ozone,Lancaster-Division Street
2018-03-24,46.0,52,16,"CO,NO2,Ozone,PM2.5,SO2",Ozone,Azusa
2018-03-25,49.0,47,16,"CO,NO2,Ozone,PM2.5,SO2",Ozone,Azusa
2018-03-26,50.0,47,16,"CO,NO2,Ozone,PM2.5,SO2",PM2.5,Long Beach-Route 710 Near Road
2018-03-27,51.0,50,15,"CO,NO2,Ozone,PM2.5,SO2",PM2.5,Long Beach-Route 710 Near Road
2018-03-28,57.0,47,16,"CO,NO2,Ozone,PM2.5,SO2",PM2.5,Long Beach (South)
2018-03-29,84.0,43,15,"CO,NO2,Ozone,PM2.5,SO2",Ozone,Reseda
2018-03-30,105.0,46,16,"CO,NO2,Ozone,PM2.5,SO2",Ozone,Reseda
2018-03-31,91.0,40,14,"CO,NO2,Ozone,PM2.5,SO2",PM2.5,Long Beach (South)
2018-04-01,76.0,46,16,"CO,NO2,Ozone,PM2.5,SO2",PM2.5,Los Angeles-North Main Street
2018-04-02,59.0,50,16,"CO,NO2,Ozone,PM2.5,SO2",PM2.5,Pasadena
2018-04-03,61.0,46,16,"CO,NO2,Ozone,PM2.5,SO2",Ozone,Reseda
2018-04-04,77.0,45,16,"CO,NO2,Ozone,PM2.5,SO2",Ozone,Lancaster-Division Street
2018-04-05,88.0,52,16,"CO,NO2,Ozone,PM2.5,SO2",PM2.5,Los Angeles-North Main Street
2018-04-06,55.0,46,16,"CO,NO2,Ozone,PM2.5,SO2",PM2.5,Long Beach (South)
2018-04-07,52.0,47,16,"CO,NO2,Ozone,PM2.5,SO2",PM2.5,Long Beach-Route 710 Near Road
2018-04-08,56.0,51,16,"CO,NO2,Ozone,PM2.5,SO2",PM2.5,Long Beach (South)
2018-04-09,87.0,46,16,"CO,NO2,Ozone,PM2.5,SO2",Ozone,Azusa
2018-04-10,101.0,43,15,"CO,NO2,Ozone,PM2.5,SO2",Ozone,Azusa
2018-04-11,71.0,48,16,"CO,NO2,Ozone,PM2.5,SO2",Ozone,Lancaster-Division Street
2018-04-12,58.0,40,15,"CO,NO2,Ozone,PM2.5,SO2",Ozone,Azusa
2018-04-13,58.0,44,15,"CO,NO2,Ozone,PM2.5,SO2",Ozone,Reseda
2018-04-14,112.0,51,16,"CO,NO2,Ozone,PM2.5,SO2",Ozone,Azusa
2018-04-15,87.0,47,16,"CO,NO2,Ozone,PM2.5,SO2",Ozone,Azusa
2018-04-16,47.0,47,16,"CO,NO2,Ozone,PM2.5,SO2",Ozone,Reseda
2018-04-17,61.0,47,15,"CO,NO2,Ozone,PM2.5,SO2",Ozone,Reseda
2018-04-18,87.0,43,15,"CO,NO2,Ozone,PM2.5,SO2",Ozone,Reseda
2018-04-19,47.0,43,15,"CO,NO2,Ozone,PM2.5,SO2",Ozone,Lancaster-Division Street
2018-04-20,61.0,47,15,"CO,NO2,Ozone,PM2.5,SO2",PM2.5,Compton
2018-04-21,87.0,43,15,"CO,NO2,Ozone,PM2.5,SO2",Ozone,Reseda
2018-04-22,105.0,43,15,"CO,NO2,Ozone,PM2.5,SO2",Ozone,Azusa
2018-04-23,101.0,47,15,"CO,NO2,Ozone,PM2.5,SO2",Ozone,Lancaster-Division Street
2018-04-24,108.0,43,15,"CO,NO2,Ozone,PM2.5,SO2",Ozone,Lancaster-Division Street
2018-04-25,112.0,42,15,"CO,NO2,Ozone,PM2.5,SO2",Ozone,Lancaster-Division Street
2018-04-26,70.0,46,15,"CO,NO2,Ozone,PM2.5,SO2",PM2.5,Long Beach-Route 710 Near Road
2018-04-27,64.0,43,16,"CO,NO2,Ozone,PM2.5,SO2",Ozone,Lancaster-Division Street
2018-04-28,58.0,46,16,"CO,NO2,Ozone,PM2.5,SO2",Ozone,Azusa
2018-04-29,58.0,50,16,"CO,NO2,Ozone,PM2.5,SO2",Ozone,Azusa
2018-04-30,54.0,46,16,"CO,NO2,Ozone,PM2.5,SO2",PM2.5,Long Beach-Route 710 Near Road
2018-05-01,56.0,46,16,"CO,NO2,Ozone,PM2.5,SO2",PM2.5,Long Beach-Route 710 Near Road
2018-05-02,56.0,50,16,"CO,NO2,Ozone,PM2.5,SO2",PM2.5,Long Beach-Route 710 Near Road
2018-05-03,55.0,44,16,"CO,NO2,Ozone,PM2.5,SO2",PM2.5,Long Beach-Route 710 Near Road
2018-05-04,105.0,46,16,"CO,NO2,Ozone,PM2.5,SO2",Ozone,Reseda
2018-05-05,133.0,49,16,"CO,NO2,Ozone,PM2.5,SO2",Ozone,Azusa
2018-05-06,108.0,43,15,"CO,NO2,Ozone,PM2.5,SO2",Ozone,Azusa
2018-05-07,108.0,44,15,"CO,NO2,Ozone,PM2.5,SO2",Ozone,Lancaster-Division Street
2018-05-08,164.0,48,15,"CO,NO2,Ozone,PM2.5,SO2",Ozone,Santa Clarita
2018-05-09,122.0,43,16,"CO,NO2,Ozone,PM2.5,SO2",Ozone,Santa Clarita
2018-05-10,87.0,47,16,"CO,NO2,Ozone,PM2.5,SO2",Ozone,Glendora
2018-05-11,52.0,50,16,"CO,NO2,Ozone,PM2.5,SO2",PM2.5,Azusa
2018-05-12,45.0,47,16,"CO,NO2,Ozone,PM2.5,SO2",Ozone,Reseda
2018-05-13,46.0,47,16,"CO,NO2,Ozone,PM2.5,SO2",Ozone,Azusa
2018-05-14,64.0,52,16,"CO,NO2,Ozone,PM2.5,SO2",Ozone,Lancaster-Division Street
2018-05-15,77.0,46,16,"CO,NO2,Ozone,PM2.5,SO2",Ozone,Lancaster-Division Street
2018-05-16,71.0,46,16,"CO,NO2,Ozone,PM2.5,SO2",Ozone,Lancaster-Division Street
2018-05-17,64.0,51,16,"CO,NO2,Ozone,PM2.5,SO2",Ozone,Lancaster-Division Street
2018-05-18,71.0,45,16,"CO,NO2,Ozone,PM2.5,SO2",Ozone,Lancaster-Division Street
2018-05-19,58.0,45,16,"CO,NO2,Ozone,PM2.5,SO2",Ozone,Reseda
2018-05-20,54.0,50,16,"CO,NO2,Ozone,PM2.5,SO2",Ozone,Lancaster-Division Street
2018-05-21,51.0,45,16,"CO,NO2,Ozone,PM2.5,SO2",PM2.5,Los Angeles-North Main Street
2018-05-22,64.0,42,15,"CO,NO2,Ozone,PM2.5,SO2",Ozone,Lancaster-Division Street
2018-05-23,67.0,50,16,"CO,NO2,Ozone,PM2.5,SO2",Ozone,Lancaster-Division Street
2018-05-24,64.0,45,16,"CO,NO2,Ozone,PM2.5,SO2",Ozone,Lancaster-Division Street
2018-05-25,45.0,46,16,"CO,NO2,Ozone,PM2.5,SO2",Ozone,Lancaster-Division Street
2018-05-26,42.0,51,16,"CO,NO2,Ozone,PM2.5,SO2",Ozone,Lancaster-Division Street
2018-05-27,54.0,46,16,"CO,NO2,Ozone,PM2.5,SO2",Ozone,Azusa
2018-05-28,90.0,46,16,"CO,NO2,Ozone,PM2.5,SO2",Ozone,Azusa
2018-05-29,93.0,51,16,"CO,NO2,Ozone,PM2.5,SO2",Ozone,Lancaster-Division Street
2018-05-30,54.0,46,16,"CO,NO2,Ozone,PM2.5,SO2",Ozone,Lancaster-Division Street
2018-05-31,51.0,44,16,"CO,NO2,Ozone,PM2.5,SO2",Ozone,Lancaster-Division Street
2018-06-01,87.0,47,16,"CO,NO2,Ozone,PM2.5,SO2",Ozone,Lancaster-Division Street
2018-06-02,136.0,46,16,"CO,NO2,Ozone,PM2.5,SO2",Ozone,Santa Clarita
2018-06-03,133.0,43,15,"CO,NO2,Ozone,PM2.5,SO2",Ozone,Reseda
2018-06-04,129.0,51,16,"CO,NO2,Ozone,PM2.5,SO2",Ozone,Lancaster-Division Street
2018-06-05,74.0,42,16,"CO,NO2,Ozone,PM2.5,SO2",Ozone,Santa Clarita
2018-06-06,84.0,42,15,"CO,NO2,Ozone,PM2.5,SO2",Ozone,Lancaster-Division Street
2018-06-07,105.0,51,16,"CO,NO2,Ozone,PM2.5,SO2",Ozone,Reseda
2018-06-08,140.0,47,16,"CO,NO2,Ozone,PM2.5,SO2",Ozone,Santa Clarita
2018-06-09,122.0,44,15,"CO,NO2,Ozone,PM2.5,SO2",Ozone,Azusa
2018-06-10,101.0,52,16,"CO,NO2,Ozone,PM2.5,SO2",Ozone,Azusa
2018-06-11,140.0,47,16,"CO,NO2,Ozone,PM2.5,SO2",Ozone,Glendora
2018-06-12,119.0,44,16,"CO,NO2,Ozone,PM2.5,SO2",Ozone,Glendora
2018-06-13,126.0,50,15,"CO,NO2,Ozone,PM2.5,SO2",Ozone,Reseda
2018-06-14,108.0,42,15,"CO,NO2,Ozone,PM2.5,SO2",Ozone,Reseda
2018-06-15,74.0,44,15,"CO,NO2,Ozone,PM2.5,SO2",Ozone,Reseda
2018-06-16,51.0,51,16,"CO,NO2,Ozone,PM2.5,SO2",PM2.5,Reseda
2018-06-17,45.0,47,16,"CO,NO2,Ozone,PM2.5,SO2",Ozone,Lancaster-Division Street
2018-06-18,74.0,45,16,"CO,NO2,Ozone,PM2.5,SO2",Ozone,Lancaster-Division Street
2018-06-19,115.0,49,15,"CO,NO2,Ozone,PM2.5,SO2",Ozone,Santa Clarita
2018-06-20,172.0,47,16,"CO,NO2,Ozone,PM2.5,SO2",Ozone,Santa Clarita
2018-06-21,172.0,47,16,"CO,NO2,Ozone,PM2.5,SO2",Ozone,Santa Clarita
2018-06-22,185.0,50,16,"CO,NO2,Ozone,PM2.5,SO2",Ozone,Glendora
2018-06-23,126.0,47,16,"CO,NO2,Ozone,PM2.5,SO2",Ozone,Lancaster-Division Street
2018-06-24,122.0,47,16,"CO,NO2,Ozone,PM2.5,SO2",Ozone,Lancaster-Division Street
2018-06-25,126.0,52,16,"CO,NO2,Ozone,PM2.5,SO2",Ozone,Lancaster-Division Street
2018-06-26,126.0,46,15,"CO,NO2,Ozone,PM2.5,SO2",Ozone,Lancaster-Division Street
2018-06-27,115.0,47,16,"CO,NO2,Ozone,PM2.5,SO2",Ozone,Lancaster-Division Street
2018-06-28,115.0,50,16,"CO,NO2,Ozone,PM2.5,SO2",Ozone,Lancaster-Division Street
2018-06-29,93.0,45,15,"CO,NO2,Ozone,PM2.5,SO2",Ozone,Lancaster-Division Street
2018-06-30,101.0,47,16,"CO,NO2,Ozone,PM2.5,SO2",Ozone,Lancaster-Division Street
2018-07-01,90.0,52,16,"CO,NO2,Ozone,PM2.5,SO2",Ozone,Lancaster-Division Street
2018-07-02,93.0,46,16,"CO,NO2,Ozone,PM2.5,SO2",Ozone,Lancaster-Division Street
2018-07-03,84.0,44,16,"CO,NO2,Ozone,PM2.5,SO2",Ozone,Lancaster-Division Street
2018-07-04,118.0,51,16,"CO,NO2,Ozone,PM2.5,SO2",PM2.5,Pico Rivera #2
2018-07-05,122.0,47,16,"CO,NO2,Ozone,PM2.5,SO2",Ozone,Glendora
2018-07-06,147.0,47,16,"CO,NO2,Ozone,PM2.5,SO2",Ozone,Glendora
2018-07-07,185.0,52,16,"CO,NO2,Ozone,PM2.5,SO2",Ozone,Azusa
2018-07-08,122.0,47,16,"CO,NO2,Ozone,PM2.5,SO2",Ozone,Santa Clarita
2018-07-09,108.0,47,16,"CO,NO2,Ozone,PM2.5,SO2",Ozone,Santa Clarita
2018-07-10,108.0,50,16,"CO,NO2,Ozone,PM2.5,SO2",Ozone,Lancaster-Division Street
2018-07-11,90.0,43,16,"CO,NO2,Ozone,PM2.5,SO2",Ozone,Lancaster-Division Street
2018-07-12,58.0,40,15,"CO,NO2,Ozone,PM2.5,SO2",Ozone,Glendora
2018-07-13,80.0,44,15,"CO,NO2,Ozone,PM2.5,SO2",Ozone,Santa Clarita
2018-07-14,87.0,44,16,"CO,NO2,Ozone,PM2.5,SO2",Ozone,Lancaster-Division Street
2018-07-15,93.0,43,15,"CO,NO2,Ozone,PM2.5,SO2",Ozone,Lancaster-Division Street
2018-07-16,97.0,48,16,"CO,NO2,Ozone,PM2.5,SO2",Ozone,Santa Clarita
2018-07-17,129.0,46,16,"CO,NO2,Ozone,PM2.5,SO2",Ozone,Lancaster-Division Street
2018-07-18,115.0,48,16,"CO,NO2,Ozone,PM2.5,SO2",Ozone,Lancaster-Division Street
2018-07-19,122.0,52,16,"CO,NO2,Ozone,PM2.5,SO2",Ozone,Santa Clarita
2018-07-20,84.0,45,15,"CO,NO2,Ozone,PM2.5,SO2",Ozone,Lancaster-Division Street
2018-07-21,67.0,48,16,"CO,NO2,Ozone,PM2.5,SO2",Ozone,Glendora
2018-07-22,74.0,49,15,"CO,NO2,Ozone,PM2.5,SO2",Ozone,Azusa
2018-07-23,150.0,48,16,"CO,NO2,Ozone,PM2.5,SO2",Ozone,Glendora
2018-07-24,195.0,46,16,"CO,NO2,Ozone,PM2.5,SO2",Ozone,Glendora
2018-07-25,185.0,50,16,"CO,NO2,Ozone,PM2.5,SO2",Ozone,Santa Clarita
2018-07-26,190.0,46,16,"CO,NO2,Ozone,PM2.5,SO2",Ozone,Santa Clarita
2018-07-27,172.0,46,16,"CO,NO2,Ozone,PM2.5,SO2",Ozone,Azusa
2018-07-28,136.0,52,16,"CO,NO2,Ozone,PM2.5,SO2",Ozone,Santa Clarita
2018-07-29,108.0,48,16,"CO,NO2,Ozone,PM2.5,SO2",Ozone,Azusa
2018-07-30,122.0,48,16,"CO,NO2,Ozone,PM2.5,SO2",Ozone,Lancaster-Division Street
2018-07-31,97.0,49,15,"CO,NO2,Ozone,PM2.5,SO2",Ozone,Santa Clarita
2018-08-01,80.0,39,14,"CO,NO2,Ozone,PM2.5,SO2",Ozone,Lancaster-Division Street
2018-08-02,115.0,42,14,"CO,NO2,Ozone,PM2.5,SO2",Ozone,Lancaster-Division Street
2018-08-03,112.0,51,16,"CO,NO2,Ozone,PM2.5,SO2",Ozone,Lancaster-Division Street
2018-08-04,154.0,48,16,"CO,NO2,Ozone,PM2.5,SO2",Ozone,Lancaster-Division Street
2018-08-05,151.0,48,16,"CO,NO2,Ozone,PM2.5,SO2",Ozone,Glendora
2018-08-06,197.0,52,16,"CO,NO2,Ozone,PM2.5,SO2",Ozone,Glendora
2018-08-07,201.0,44,15,"CO,NO2,Ozone,PM2.5,SO2",Ozone,Santa Clarita
2018-08-08,112.0,47,16,"CO,NO2,Ozone,PM2.5,SO2",Ozone,Lancaster-Division Street
2018-08-09,172.0,49,16,"CO,NO2,Ozone,PM2.5,SO2",Ozone,Lancaster-Division Street
2018-08-10,93.0,48,16,"CO,NO2,Ozone,PM2.5,SO2",Ozone,Lancaster-Division Street
2018-08-11,74.0,48,16,"CO,NO2,Ozone,PM2.5,SO2",Ozone,Lancaster-Division Street
2018-08-12,90.0,52,16,"CO,NO2,Ozone,PM2.5,SO2",Ozone,Lancaster-Division Street
2018-08-13,87.0,46,15,"CO,NO2,Ozone,PM2.5,SO2",Ozone,Lancaster-Division Street
2018-08-14,80.0,46,16,"CO,NO2,Ozone,PM2.5,SO2",Ozone,Lancaster-Division Street
2018-08-15,100.0,51,16,"CO,NO2,Ozone,PM2.5,SO2",Ozone,Santa Clarita
2018-08-16,97.0,45,15,"CO,NO2,Ozone,PM2.5,SO2",Ozone,Lancaster-Division Street
2018-08-17,129.0,48,16,"CO,NO2,Ozone,PM2.5,SO2",Ozone,Santa Clarita
2018-08-18,126.0,53,16,"CO,NO2,Ozone,PM2.5,SO2",Ozone,Santa Clarita
2018-08-19,136.0,47,16,"CO,NO2,Ozone,PM2.5,SO2",Ozone,Santa Clarita
2018-08-20,101.0,44,15,"CO,NO2,Ozone,PM2.5,SO2",Ozone,Glendora
2018-08-21,112.0,52,16,"CO,NO2,Ozone,PM2.5,SO2",Ozone,Azusa
2018-08-22,93.0,46,16,"CO,NO2,Ozone,PM2.5,SO2",Ozone,Glendora
2018-08-23,93.0,48,16,"CO,NO2,Ozone,PM2.5,SO2",Ozone,Glendora
2018-08-24,126.0,51,16,"CO,NO2,Ozone,PM2.5,SO2",Ozone,Santa Clarita
2018-08-25,147.0,47,16,"CO,NO2,Ozone,PM2.5,SO2",Ozone,Azusa
2018-08-26,133.0,48,16,"CO,NO2,Ozone,PM2.5,SO2",Ozone,Azusa
2018-08-27,119.0,53,16,"CO,NO2,Ozone,PM2.5,SO2",Ozone,Santa Clarita
2018-08-28,101.0,42,16,"CO,NO2,Ozone,PM2.5,SO2",Ozone,Azusa
2018-08-29,71.0,48,16,"CO,NO2,Ozone,PM2.5,SO2",Ozone,Santa Clarita
2018-08-30,97.0,47,15,"CO,NO2,Ozone,PM2.5,SO2",Ozone,Santa Clarita
2018-08-31,164.0,43,16,"CO,NO2,Ozone,PM2.5,SO2",Ozone,Santa Clarita
2018-09-01,115.0,48,16,"CO,NO2,Ozone,PM2.5,SO2",Ozone,Santa Clarita
2018-09-02,101.0,53,16,"CO,NO2,Ozone,PM2.5,SO2",Ozone,Lancaster-Division Street
2018-09-03,84.0,48,16,"CO,NO2,Ozone,PM2.5,SO2",Ozone,Azusa
2018-09-04,97.0,44,16,"CO,NO2,Ozone,PM2.5,SO2",Ozone,Santa Clarita
2018-09-05,90.0,53,16,"CO,NO2,Ozone,PM2.5,SO2",Ozone,Santa Clarita
2018-09-06,97.0,46,16,"CO,NO2,Ozone,PM2.5,SO2",Ozone,Reseda
2018-09-07,147.0,45,16,"CO,NO2,Ozone,PM2.5,SO2",Ozone,Santa Clarita
2018-09-08,192.0,52,16,"CO,NO2,Ozone,PM2.5,SO2",Ozone,Glendora
2018-09-09,143.0,45,16,"CO,NO2,Ozone,PM2.5,SO2",Ozone,Azusa
2018-09-10,126.0,47,16,"CO,NO2,Ozone,PM2.5,SO2",Ozone,Lancaster-Division Street
2018-09-11,122.0,51,16,"CO,NO2,Ozone,PM2.5,SO2",Ozone,Lancaster-Division Street
2018-09-12,115.0,46,16,"CO,NO2,Ozone,PM2.5,SO2",Ozone,Santa Clarita
2018-09-13,93.0,47,16,"CO,NO2,Ozone,PM2.5,SO2",Ozone,Reseda
2018-09-14,67.0,47,16,"CO,NO2,Ozone,PM2.5,SO2",Ozone,Pomona
2018-09-15,93.0,48,16,"CO,NO2,Ozone,PM2.5,SO2",Ozone,Azusa
2018-09-16,87.0,48,16,"CO,NO2,Ozone,PM2.5,SO2",Ozone,Azusa
2018-09-17,87.0,53,16,"CO,NO2,Ozone,PM2.5,SO2",Ozone,Lancaster-Division Street
2018-09-18,105.0,47,16,"CO,NO2,Ozone,PM2.5,SO2",Ozone,Lancaster-Division Street
2018-09-19,133.0,47,16,"CO,NO2,Ozone,PM2.5,SO2",Ozone,Santa Clarita
2018-09-20,108.0,51,16,"CO,NO2,Ozone,PM2.5,SO2",Ozone,Lancaster-Division Street
2018-09-21,105.0,46,16,"CO,NO2,Ozone,PM2.5,SO2",Ozone,Reseda
2018-09-22,115.0,48,16,"CO,NO2,Ozone,PM2.5,SO2",Ozone,Glendora
2018-09-23,97.0,53,16,"CO,NO2,Ozone,PM2.5,SO2",Ozone,Azusa
2018-09-24,61.0,46,16,"CO,NO2,Ozone,PM2.5,SO2",Ozone,Reseda
2018-09-25,69.0,45,16,"CO,NO2,Ozone,PM2.5,SO2",PM2.5,Long Beach (South)
2018-09-26,112.0,46,15,"CO,NO2,Ozone,PM2.5,SO2",Ozone,Reseda
2018-09-27,150.0,42,15,"CO,NO2,Ozone,PM2.5,SO2",Ozone,Reseda
2018-09-28,100.0,47,16,"CO,NO2,Ozone,PM2.5,SO2",Ozone,Azusa
2018-09-29,64.0,53,16,"CO,NO2,Ozone,PM2.5,SO2",Ozone,Azusa
2018-09-30,54.0,48,16,"CO,NO2,Ozone,PM2.5,SO2",PM2.5,Los Angeles-North Main Street
2018-10-01,71.0,48,16,"CO,NO2,Ozone,PM2.5,SO2",PM2.5,Long Beach-Route 710 Near Road
2018-10-02,54.0,53,16,"CO,NO2,Ozone,PM2.5,SO2",PM2.5,Long Beach-Route 710 Near Road
2018-10-03,40.0,48,16,"CO,NO2,Ozone,PM2.5,SO2",PM2.5,Long Beach-Route 710 Near Road
2018-10-04,34.0,48,16,"CO,NO2,Ozone,PM2.5,SO2",Ozone,Lancaster-Division Street
2018-10-05,44.0,52,16,"CO,NO2,Ozone,PM2.5,SO2",Ozone,Santa Clarita
2018-10-06,54.0,48,16,"CO,NO2,Ozone,PM2.5,SO2",PM2.5,Los Angeles-North Main Street
2018-10-07,56.0,48,16,"CO,NO2,Ozone,PM2.5,SO2",PM2.5,Long Beach-Route 710 Near Road
2018-10-08,57.0,53,16,"CO,NO2,Ozone,PM2.5,SO2",PM2.5,Long Beach-Route 710 Near Road
2018-10-09,52.0,46,16,"CO,NO2,Ozone,PM2.5,SO2",PM2.5,Los Angeles-North Main Street
2018-10-10,54.0,48,16,"CO,NO2,Ozone,PM2.5,SO2",PM2.5,Long Beach-Route 710 Near Road
2018-10-11,57.0,53,16,"CO,NO2,Ozone,PM2.5,SO2",PM2.5,Long Beach-Route 710 Near Road
2018-10-12,58.0,48,16,"CO,NO2,Ozone,PM2.5,SO2",PM2.5,Long Beach-Route 710 Near Road
2018-10-13,45.0,48,16,"CO,NO2,Ozone,PM2.5,SO2",Ozone,Lancaster-Division Street
2018-10-14,51.0,53,16,"CO,NO2,Ozone,PM2.5,SO2",PM2.5,Azusa
2018-10-15,57.0,46,16,"CO,NO2,Ozone,PM2.5,SO2",NO2,Long Beach (Hudson)
2018-10-16,63.0,48,16,"CO,NO2,Ozone,PM2.5,SO2",PM2.5,Long Beach-Route 710 Near Road
2018-10-17,61.0,53,16,"CO,NO2,Ozone,PM2.5,SO2",PM2.5,Long Beach-Route 710 Near Road
2018-10-18,66.0,46,16,"CO,NO2,Ozone,PM2.5,SO2",NO2,Long Beach-Route 710 Near Road
2018-10-19,69.0,44,16,"CO,NO2,Ozone,PM2.5,SO2",NO2,Long Beach-Route 710 Near Road
2018-10-20,67.0,53,16,"CO,NO2,Ozone,PM2.5,SO2",Ozone,Reseda
2018-10-21,90.0,47,16,"CO,NO2,Ozone,PM2.5,SO2",Ozone,Azusa
2018-10-22,74.0,46,16,"CO,NO2,Ozone,PM2.5,SO2",PM2.5,Los Angeles-North Main Street
2018-10-23,78.0,49,16,"CO,NO2,Ozone,PM2.5,SO2",PM2.5,Los Angeles-North Main Street
2018-10-24,64.0,44,16,"CO,NO2,Ozone,PM2.5,SO2",PM2.5,Long Beach-Route 710 Near Road
2018-10-25,100.0,45,16,"CO,NO2,Ozone,PM2.5,SO2",Ozone,Reseda
2018-10-26,101.0,50,16,"CO,NO2,Ozone,PM2.5,SO2",Ozone,Reseda
2018-10-27,126.0,48,16,"CO,NO2,Ozone,PM2.5,SO2",Ozone,Reseda
2018-10-28,129.0,48,16,"CO,NO2,Ozone,PM2.5,SO2",Ozone,Reseda
2018-10-29,133.0,53,16,"CO,NO2,Ozone,PM2.5,SO2",Ozone,Reseda
2018-10-30,72.0,48,16,"CO,NO2,Ozone,PM2.5,SO2",PM2.5,Los Angeles-North Main Street
2018-10-31,66.0,48,16,"CO,NO2,Ozone,PM2.5,SO2",PM2.5,Long Beach (South)
2018-11-01,62.0,51,16,"CO,NO2,Ozone,PM2.5,SO2",PM2.5,Compton
2018-11-02,67.0,45,16,"CO,NO2,Ozone,PM2.5,SO2",PM2.5,Long Beach (South)
2018-11-03,70.0,47,16,"CO,NO2,Ozone,PM2.5,SO2",PM2.5,Long Beach (South)
2018-11-04,90.0,52,16,"CO,NO2,Ozone,PM2.5,SO2",Ozone,Reseda
2018-11-05,74.0,47,16,"CO,NO2,Ozone,PM2.5,SO2",PM2.5,Los Angeles-North Main Street
2018-11-06,56.0,47,16,"CO,NO2,Ozone,PM2.5,SO2",PM2.5,Long Beach (South)
2018-11-07,61.0,52,16,"CO,NO2,Ozone,PM2.5,SO2",PM2.5,Los Angeles-North Main Street
2018-11-08,74.0,48,16,"CO,NO2,Ozone,PM2.5,SO2",PM2.5,Long Beach (South)
2018-11-09,73.0,47,16,"CO,NO2,Ozone,PM2.5,SO2",NO2,Long Beach-Route 710 Near Road
2018-11-10,109.0,52,16,"CO,NO2,Ozone,PM2.5,SO2",PM2.5,Reseda
2018-11-11,111.0,47,16,"CO,NO2,Ozone,PM2.5,SO2",PM2.5,Los Angeles-North Main Street
2018-11-12,66.0,46,16,"CO,NO2,Ozone,PM2.5,SO2",NO2,Long Beach-Route 710 Near Road
2018-11-13,73.0,51,16,"CO,NO2,Ozone,PM2.5,SO2",NO2,Long Beach-Route 710 Near Road
2018-11-14,66.0,47,16,"CO,NO2,Ozone,PM2.5,SO2",NO2,Long Beach-Route 710 Near Road
2018-11-15,68.0,46,16,"CO,NO2,Ozone,PM2.5,SO2",NO2,Long Beach-Route 710 Near Road
2018-11-16,73.0,52,16,"CO,NO2,Ozone,PM2.5,SO2",PM2.5,Compton
2018-11-17,80.0,47,16,"CO,NO2,Ozone,PM2.5,SO2",PM2.5,Los Angeles-North Main Street
2018-11-18,112.0,47,16,"CO,NO2,Ozone,PM2.5,SO2",PM2.5,Long Beach (South)
2018-11-19,130.0,52,16,"CO,NO2,Ozone,PM2.5,SO2",PM2.5,Long Beach-Route 710 Near Road
2018-11-20,102.0,46,16,"CO,NO2,Ozone,PM2.5,SO2",PM2.5,Long Beach-Route 710 Near Road
2018-11-21,83.0,47,16,"CO,NO2,Ozone,PM2.5,SO2",PM2.5,Long Beach-Route 710 Near Road
2018-11-22,59.0,52,16,"CO,NO2,Ozone,PM2.5,SO2",PM2.5,Compton
2018-11-23,61.0,47,16,"CO,NO2,Ozone,PM2.5,SO2",PM2.5,Long Beach-Route 710 Near Road
2018-11-24,64.0,47,16,"CO,NO2,Ozone,PM2.5,SO2",PM2.5,Los Angeles-North Main Street
2018-11-25,64.0,51,16,"CO,NO2,Ozone,PM2.5,SO2",PM2.5,Compton
2018-11-26,57.0,47,16,"CO,NO2,Ozone,PM2.5,SO2",NO2,Long Beach-Route 710 Near Road
2018-11-27,62.0,45,15,"CO,NO2,Ozone,PM2.5,SO2",NO2,Long Beach-Route 710 Near Road
2018-11-28,60.0,50,16,"CO,NO2,Ozone,PM2.5,SO2",PM2.5,Reseda
2018-11-29,39.0,39,14,"CO,NO2,Ozone,PM2.5,SO2",Ozone,LAX Hastings
2018-11-30,48.0,41,15,"CO,NO2,Ozone,PM2.5,SO2",PM2.5,Long Beach-Route 710 Near Road
2018-12-01,55.0,53,16,"CO,NO2,Ozone,PM2.5,SO2",PM2.5,Long Beach (South)
2018-12-02,39.0,45,15,"CO,NO2,Ozone,PM2.5,SO2",Ozone,Reseda
2018-12-03,61.0,44,15,"CO,NO2,Ozone,PM2.5,SO2",PM2.5,Long Beach (South)
2018-12-04,54.0,47,16,"CO,NO2,Ozone,PM2.5,SO2",NO2,Long Beach-Route 710 Near Road
2018-12-05,58.0,39,16,"CO,NO2,Ozone,PM2.5,SO2",NO2,Long Beach-Route 710 Near Road
2018-12-06,46.0,45,16,"CO,NO2,Ozone,PM2.5,SO2",NO2,Long Beach-Route 710 Near Road
2018-12-07,52.0,50,16,"CO,NO2,Ozone,PM2.5,SO2",PM2.5,Long Beach (South)
2018-12-08,62.0,47,16,"CO,NO2,Ozone,PM2.5,SO2",PM2.5,Long Beach (South)
2018-12-09,65.0,48,16,"CO,NO2,Ozone,PM2.5,SO2",PM2.5,Long Beach (South)
2018-12-10,68.0,53,16,"CO,NO2,Ozone,PM2.5,SO2",PM2.5,Long Beach-Route 710 Near Road
2018-12-11,83.0,45,16,"CO,NO2,Ozone,PM2.5,SO2",PM2.5,Long Beach (North)
2018-12-12,80.0,48,16,"CO,NO2,Ozone,PM2.5,SO2",PM2.5,Long Beach-Route 710 Near Road
2018-12-13,82.0,51,16,"CO,NO2,Ozone,PM2.5,SO2",PM2.5,Long Beach-Route 710 Near Road
2018-12-14,78.0,47,16,"CO,NO2,Ozone,PM2.5,SO2",NO2,Long Beach-Route 710 Near Road
2018-12-15,134.0,49,16,"CO,NO2,Ozone,PM2.5,SO2",PM2.5,Long Beach-Route 710 Near Road
2018-12-16,91.0,53,16,"CO,NO2,Ozone,PM2.5,SO2",PM2.5,Compton
2018-12-17,63.0,48,16,"CO,NO2,Ozone,PM2.5,SO2",PM2.5,Long Beach-Route 710 Near Road
2018-12-18,61.0,47,16,"CO,NO2,Ozone,PM2.5,SO2",PM2.5,Long Beach-Route 710 Near Road
2018-12-19,85.0,46,16,"CO,NO2,Ozone,PM2.5,SO2",PM2.5,Long Beach-Route 710 Near Road
2018-12-20,86.0,47,16,"CO,NO2,Ozone,PM2.5,SO2",PM2.5,Long Beach-Route 710 Near Road
2018-12-21,83.0,44,16,"CO,NO2,Ozone,PM2.5,SO2",PM2.5,Long Beach-Route 710 Near Road
2018-12-22,102.0,53,16,"CO,NO2,Ozone,PM2.5,SO2",PM2.5,Pico Rivera #2
2018-12-23,121.0,48,16,"CO,NO2,Ozone,PM2.5,SO2",PM2.5,Los Angeles-North Main Street
2018-12-24,130.0,48,16,"CO,NO2,Ozone,PM2.5,SO2",PM2.5,Long Beach (South)
2018-12-25,43.0,53,16,"CO,NO2,Ozone,PM2.5,SO2",PM2.5,Pico Rivera #2
2018-12-26,65.0,48,16,"CO,NO2,Ozone,PM2.5,SO2",PM2.5,Long Beach-Route 710 Near Road
2018-12-27,55.0,48,16,"CO,NO2,Ozone,PM2.5,SO2",PM2.5,Long Beach-Route 710 Near Road
2018-12-28,57.0,53,16,"CO,NO2,Ozone,PM2.5,SO2",NO2,Long Beach-Route 710 Near Road
2018-12-29,78.0,48,16,"CO,NO2,Ozone,PM2.5,SO2",PM2.5,Long Beach-Route 710 Near Road
2018-12-30,97.0,47,16,"CO,NO2,Ozone,PM2.5,SO2",PM2.5,Long Beach-Route 710 Near Road
2018-12-31,64.0,47,16,"CO,NO2,Ozone,PM2.5,SO2",PM2.5,Compton
2019-01-01,66.0,46,16,"CO,NO2,Ozone,PM2.5,SO2",PM2.5,Los Angeles-North Main Street
2019-01-02,93.0,41,15,"CO,NO2,Ozone,PM2.5,SO2",PM2.5,Long Beach-Route 710 Near Road
2019-01-03,71.0,51,16,"CO,NO2,Ozone,PM2.5,SO2",PM2.5,Long Beach-Route 710 Near Road
2019-01-04,87.0,46,16,"CO,NO2,Ozone,PM2.5,SO2",PM2.5,Long Beach-Route 710 Near Road
2019-01-05,85.0,47,16,"CO,NO2,Ozone,PM2.5,SO2",PM2.5,Long Beach-Route 710 Near Road
2019-01-06,58.0,49,15,"CO,NO2,Ozone,PM2.5,SO2",PM2.5,Long Beach-Route 710 Near Road
2019-01-07,57.0,45,15,"CO,NO2,Ozone,PM2.5,SO2",PM2.5,Long Beach-Route 710 Near Road
2019-01-08,66.0,47,16,"CO,NO2,Ozone,PM2.5,SO2",PM2.5,Long Beach-Route 710 Near Road
2019-01-09,77.0,48,15,"CO,NO2,Ozone,PM2.5,SO2",PM2.5,Compton
2019-01-10,71.0,44,15,"CO,NO2,Ozone,PM2.5,SO2",PM2.5,Long Beach-Route 710 Near Road
2019-01-11,92.0,47,15,"CO,NO2,Ozone,PM2.5,SO2",PM2.5,Long Beach-Route 710 Near Road
2019-01-12,57.0,51,16,"CO,NO2,Ozone,PM2.5,SO2",PM2.5,Long Beach (North)
2019-01-13,70.0,47,16,"CO,NO2,Ozone,PM2.5,SO2",PM2.5,Long Beach-Route 710 Near Road
2019-01-14,56.0,46,16,"CO,NO2,Ozone,PM2.5,SO2",PM2.5,Long Beach-Route 710 Near Road
2019-01-15,42.0,51,16,"CO,NO2,Ozone,PM2.5,SO2",NO2,Long Beach-Route 710 Near Road
2019-01-16,38.0,47,16,"CO,NO2,Ozone,PM2.5,SO2",NO2,LAX Hastings
2019-01-17,44.0,43,16,"CO,NO2,Ozone,PM2.5,SO2",NO2,Long Beach-Route 710 Near Road
2019-01-18,62.0,52,16,"CO,NO2,Ozone,PM2.5,SO2",PM2.5,Long Beach-Route 710 Near Road
2019-01-19,58.0,47,15,"CO,NO2,Ozone,PM2.5,SO2",PM2.5,Long Beach (South)
2019-01-20,54.0,47,15,"CO,NO2,Ozone,PM2.5,SO2",PM2.5,Long Beach-Route 710 Near Road
2019-01-21,40.0,52,15,"CO,NO2,Ozone,PM2.5,SO2",Ozone,Azusa
2019-01-22,71.0,45,15,"CO,NO2,Ozone,PM2.5,SO2",NO2,Long Beach-Route 710 Near Road
2019-01-23,65.0,45,15,"CO,NO2,Ozone,PM2.5,SO2",PM2.5,Long Beach-Route 710 Near Road
2019-01-24,76.0,50,15,"CO,NO2,Ozone,PM2.5,SO2",NO2,Long Beach-Route 710 Near Road
2019-01-25,62.0,46,15,"CO,NO2,Ozone,PM2.5,SO2",NO2,Long Beach-Route 710 Near Road
2019-01-26,66.0,48,16,"CO,NO2,Ozone,PM2.5,SO2",PM2.5,Long Beach-Route 710 Near Road
2019-01-27,84.0,53,16,"CO,NO2,Ozone,PM2.5,SO2",PM2.5,Long Beach-Route 710 Near Road
2019-01-28,106.0,48,16,"CO,NO2,Ozone,PM2.5,SO2",PM2.5,Long Beach-Route 710 Near Road
2019-01-29,95.0,48,16,"CO,NO2,Ozone,PM2.5,SO2",PM2.5,Los Angeles-North Main Street
2019-01-30,75.0,53,16,"CO,NO2,Ozone,PM2.5,SO2",PM2.5,Los Angeles-North Main Street
2019-01-31,64.0,44,16,"CO,NO2,Ozone,PM2.5,SO2",PM2.5,Los Angeles-North Main Street
2019-02-01,52.0,45,16,"CO,NO2,Ozone,PM2.5,SO2",PM2.5,Long Beach-Route 710 Near Road
2019-02-02,41.0,51,16,"CO,NO2,Ozone,PM2.5,SO2",Ozone,Lancaster-Division Street
2019-02-03,44.0,47,16,"CO,NO2,Ozone,PM2.5,SO2",PM2.5,Long Beach-Route 710 Near Road
2019-02-04,42.0,47,16,"CO,NO2,Ozone,PM2.5,SO2",Ozone,LAX Hastings
2019-02-05,46.0,49,16,"CO,NO2,Ozone,PM2.5,SO2",NO2,Long Beach-Route 710 Near Road
2019-02-06,52.0,48,16,"CO,NO2,Ozone,PM2.5,SO2",NO2,Long Beach-Route 710 Near Road
2019-02-07,61.0,48,16,"CO,NO2,Ozone,PM2.5,SO2",PM2.5,Long Beach-Route 710 Near Road
2019-02-08,64.0,53,16,"CO,NO2,Ozone,PM2.5,SO2",PM2.5,Long Beach-Route 710 Near Road
2019-02-09,62.0,48,16,"CO,NO2,Ozone,PM2.5,SO2",PM2.5,Long Beach-Route 710 Near Road
2019-02-10,52.0,48,16,"CO,NO2,Ozone,PM2.5,SO2",PM2.5,Long Beach-Route 710 Near Road
2019-02-11,57.0,53,16,"CO,NO2,Ozone,PM2.5,SO2",NO2,Long Beach-Route 710 Near Road
2019-02-12,60.0,46,16,"CO,NO2,Ozone,PM2.5,SO2",PM2.5,Long Beach-Route 710 Near Road
2019-02-13,53.0,44,14,"CO,NO2,Ozone,PM2.5,SO2",PM2.5,Long Beach-Route 710 Near Road
2019-02-14,51.0,52,15,"CO,NO2,Ozone,PM2.5,SO2",PM2.5,Long Beach-Route 710 Near Road
2019-02-15,52.0,45,15,"CO,NO2,Ozone,PM2.5,SO2",PM2.5,Long Beach-Route 710 Near Road
2019-02-16,41.0,48,16,"CO,NO2,Ozone,PM2.5,SO2",Ozone,Reseda
2019-02-17,44.0,53,16,"CO,NO2,Ozone,PM2.5,SO2",Ozone,LAX Hastings
2019-02-18,44.0,48,16,"CO,NO2,Ozone,PM2.5,SO2",NO2,Long Beach-Route 710 Near Road
2019-02-19,54.0,47,16,"CO,NO2,Ozone,PM2.5,SO2",NO2,Long Beach-Route 710 Near Road
2019-02-20,56.0,51,16,"CO,NO2,Ozone,PM2.5,SO2",PM2.5,Long Beach-Route 710 Near Road
2019-02-21,58.0,48,16,"CO,NO2,Ozone,PM2.5,SO2",PM2.5,Long Beach-Route 710 Near Road
2019-02-22,61.0,43,15,"CO,NO2,Ozone,PM2.5,SO2",PM2.5,Long Beach-Route 710 Near Road
2019-02-23,57.0,53,16,"CO,NO2,Ozone,PM2.5,SO2",PM2.5,Long Beach-Route 710 Near Road
2019-02-24,68.0,48,16,"CO,NO2,Ozone,PM2.5,SO2",PM2.5,Long Beach-Route 710 Near Road
2019-02-25,65.0,48,16,"CO,NO2,Ozone,PM2.5,SO2",PM2.5,Long Beach-Route 710 Near Road
2019-02-26,70.0,51,16,"CO,NO2,Ozone,PM2.5,SO2",PM2.5,Los Angeles-North Main Street
2019-02-27,57.0,46,15,"CO,NO2,Ozone,PM2.5,SO2",PM2.5,Long Beach-Route 710 Near Road
2019-02-28,53.0,44,15,"CO,NO2,Ozone,PM2.5,SO2",PM2.5,Long Beach-Route 710 Near Road
2019-03-01,62.0,52,16,"CO,NO2,Ozone,PM2.5,SO2",PM2.5,Pasadena
2019-03-02,36.0,48,16,"CO,NO2,Ozone,PM2.5,SO2",Ozone,Lancaster-Division Street
2019-03-03,37.0,48,16,"CO,NO2,Ozone,PM2.5,SO2",Ozone,Azusa
2019-03-04,42.0,53,16,"CO,NO2,Ozone,PM2.5,SO2",NO2,Long Beach-Route 710 Near Road
2019-03-05,64.0,40,14,"CO,NO2,Ozone,PM2.5,SO2",PM2.5,Long Beach-Route 710 Near Road
2019-03-06,54.0,45,15,"CO,NO2,Ozone,PM2.5,SO2",PM2.5,Long Beach-Route 710 Near Road
2019-03-07,43.0,49,15,"CO,NO2,Ozone,PM2.5,SO2",NO2,Long Beach-Route 710 Near Road
2019-03-08,44.0,45,15,"CO,NO2,Ozone,PM2.5,SO2",Ozone,Reseda
2019-03-09,44.0,45,15,"CO,NO2,Ozone,PM2.5,SO2",Ozone,Reseda
2019-03-10,53.0,53,16,"CO,NO2,Ozone,PM2.5,SO2",PM2.5,Long Beach-Route 710 Near Road
2019-03-11,57.0,48,16,"CO,NO2,Ozone,PM2.5,SO2",PM2.5,Long Beach-Route 710 Near Road
2019-03-12,56.0,47,16,"CO,NO2,Ozone,PM2.5,SO2",PM2.5,Long Beach-Route 710 Near Road
2019-03-13,59.0,49,15,"CO,NO2,Ozone,PM2.5,SO2",PM2.5,Long Beach-Route 710 Near Road
2019-03-14,55.0,47,16,"CO,NO2,Ozone,PM2.5,SO2",PM2.5,Long Beach-Route 710 Near Road
2019-03-15,54.0,47,16,"CO,NO2,Ozone,PM2.5,SO2",PM2.5,Long Beach-Route 710 Near Road
2019-03-16,61.0,53,16,"CO,NO2,Ozone,PM2.5,SO2",Ozone,Azusa
2019-03-17,71.0,48,16,"CO,NO2,Ozone,PM2.5,SO2",Ozone,Reseda
2019-03-18,87.0,48,16,"CO,NO2,Ozone,PM2.5,SO2",Ozone,Reseda
2019-03-19,65.0,49,16,"CO,NO2,Ozone,PM2.5,SO2",PM2.5,Los Angeles-North Main Street
2019-03-20,49.0,44,15,"CO,NO2,Ozone,PM2.5,SO2",Ozone,LAX Hastings
2019-03-21,51.0,48,16,"CO,NO2,Ozone,PM2.5,SO2",PM2.5,Long Beach-Route 710 Near Road
2019-03-22,50.0,47,15,"CO,NO2,Ozone,PM2.5,SO2",PM2.5,Long Beach-Route 710 Near Road
2019-03-23,45.0,48,16,"CO,NO2,Ozone,PM2.5,SO2",Ozone,Azusa
2019-03-24,64.0,48,16,"CO,NO2,Ozone,PM2.5,SO2",Ozone,Azusa
2019-03-25,87.0,52,16,"CO,NO2,Ozone,PM2.5,SO2",Ozone,Lancaster-Division Street
2019-03-26,67.0,46,16,"CO,NO2,Ozone,PM2.5,SO2",Ozone,Lancaster-Division Street
2019-03-27,50.0,44,16,"CO,NO2,Ozone,PM2.5,SO2",PM2.5,Long Beach-Route 710 Near Road
2019-03-28,45.0,48,15,"CO,NO2,Ozone,PM2.5,SO2",Ozone,Reseda
2019-03-29,57.0,48,16,"CO,NO2,Ozone,PM2.5,SO2",PM2.5,Long Beach-Route 710 Near Road
2019-03-30,84.0,48,16,"CO,NO2,Ozone,PM2.5,SO2",Ozone,Azusa
2019-03-31,108.0,53,16,"CO,NO2,Ozone,PM2.5,SO2",Ozone,Azusa
2019-04-01,80.0,49,16,"CO,NO2,Ozone,PM2.5,SO2",Ozone,Reseda
2019-04-02,51.0,48,15,"CO,NO2,Ozone,PM2.5,SO2",Ozone,Azusa
2019-04-03,40.0,53,16,"CO,NO2,Ozone,PM2.5,SO2",Ozone,Reseda
2019-04-04,40.0,48,15,"CO,NO2,Ozone,PM2.5,SO2",Ozone,Lancaster-Division Street
2019-04-05,38.0,47,15,"CO,NO2,Ozone,PM2.5,SO2",Ozone,Reseda
2019-04-06,51.0,53,16,"CO,NO2,Ozone,PM2.5,SO2",Ozone,Lancaster-Division Street
2019-04-07,97.0,48,15,"CO,NO2,Ozone,PM2.5,SO2",Ozone,Azusa
2019-04-08,80.0,48,15,"CO,NO2,Ozone,PM2.5,SO2",Ozone,Glendora
2019-04-09,57.0,53,16,"CO,NO2,Ozone,PM2.5,SO2",PM2.5,Long Beach (South)
2019-04-10,54.0,48,15,"CO,NO2,Ozone,PM2.5,SO2",Ozone,Azusa
2019-04-11,63.0,48,15,"CO,NO2,Ozone,PM2.5,SO2",PM2.5,Long Beach-Route 710 Near Road
2019-04-12,59.0,53,16,"CO,NO2,Ozone,PM2.5,SO2",PM2.5,Long Beach-Route 710 Near Road
2019-04-13,71.0,48,15,"CO,NO2,Ozone,PM2.5,SO2",Ozone,Azusa
2019-04-14,87.0,48,15,"CO,NO2,Ozone,PM2.5,SO2",Ozone,Azusa
2019-04-15,64.0,53,16,"CO,NO2,Ozone,PM2.5,SO2",Ozone,Lancaster-Division Street
2019-04-16,46.0,48,15,"CO,NO2,Ozone,PM2.5,SO2",PM2.5,Los Angeles-North Main Street
2019-04-17,55.0,48,15,"CO,NO2,Ozone,PM2.5,SO2",PM2.5,Long Beach-Route 710 Near Road
2019-04-18,97.0,52,16,"CO,NO2,Ozone,PM2.5,SO2",Ozone,Azusa
2019-04-19,100.0,47,15,"CO,NO2,Ozone,PM2.5,SO2",Ozone,Lancaster-Division Street
2019-04-20,67.0,47,15,"CO,NO2,Ozone,PM2.5,SO2",Ozone,Lancaster-Division Street
2019-04-21,51.0,52,16,"CO,NO2,Ozone,PM2.5,SO2",Ozone,Azusa
2019-04-22,61.0,47,15,"CO,NO2,Ozone,PM2.5,SO2",PM2.5,Los Angeles-North Main Street
2019-04-23,71.0,48,15,"CO,NO2,Ozone,PM2.5,SO2",PM2.5,Los Angeles-North Main Street
2019-04-24,93.0,53,16,"CO,NO2,Ozone,PM2.5,SO2",Ozone,Santa Clarita
2019-04-25,97.0,47,15,"CO,NO2,Ozone,PM2.5,SO2",Ozone,Santa Clarita
2019-04-26,87.0,47,15,"CO,NO2,Ozone,PM2.5,SO2",Ozone,Lancaster-Division Street
2019-04-27,76.0,53,16,"CO,NO2,Ozone,PM2.5,SO2",PM2.5,Pasadena
2019-04-28,55.0,48,15,"CO,NO2,Ozone,PM2.5,SO2",PM2.5,Los Angeles-North Main Street
2019-04-29,56.0,48,15,"CO,NO2,Ozone,PM2.5,SO2",PM2.5,Long Beach-Route 710 Near Road
2019-04-30,53.0,49,16,"CO,NO2,Ozone,PM2.5,SO2",PM2.5,Long Beach-Route 710 Near Road
2019-05-01,59.0,45,15,"CO,NO2,Ozone,PM2.5,SO2",PM2.5,Long Beach-Route 710 Near Road
2019-05-02,84.0,47,16,"CO,NO2,Ozone,PM2.5,SO2",Ozone,Lancaster-Division Street
2019-05-03,105.0,52,16,"CO,NO2,Ozone,PM2.5,SO2",Ozone,Lancaster-Division Street
2019-05-04,100.0,45,14,"CO,NO2,Ozone,PM2.5,SO2",Ozone,Azusa
2019-05-05,64.0,45,14,"CO,NO2,Ozone,PM2.5,SO2",Ozone,Azusa
2019-05-06,55.0,50,15,"CO,NO2,Ozone,PM2.5,SO2",PM2.5,Long Beach-Route 710 Near Road
2019-05-07,47.0,43,14,"CO,NO2,Ozone,PM2.5,SO2",PM2.5,Long Beach-Route 710 Near Road
2019-05-08,42.0,43,14,"CO,NO2,Ozone,PM2.5,SO2",Ozone,Lancaster-Division Street
2019-05-09,42.0,47,15,"CO,NO2,Ozone,PM2.5,SO2",Ozone,Lancaster-Division Street
2019-05-10,40.0,45,15,"CO,NO2,Ozone,PM2.5,SO2",Ozone,Lancaster-Division Street
2019-05-11,48.0,48,15,"CO,NO2,Ozone,PM2.5,SO2",Ozone,Reseda
2019-05-12,74.0,53,16,"CO,NO2,Ozone,PM2.5,SO2",Ozone,Santa Clarita
2019-05-13,77.0,48,15,"CO,NO2,Ozone,PM2.5,SO2",Ozone,Lancaster-Division Street
2019-05-14,97.0,45,15,"CO,NO2,Ozone,PM2.5,SO2",Ozone,Reseda
2019-05-15,59.0,53,16,"CO,NO2,Ozone,PM2.5,SO2",PM2.5,Pasadena
2019-05-16,48.0,47,15,"CO,NO2,Ozone,PM2.5,SO2",Ozone,Reseda
2019-05-17,57.0,42,14,"CO,NO2,Ozone,PM2.5,SO2",PM2.5,Long Beach-Route 710 Near Road
2019-05-18,58.0,53,16,"CO,NO2,Ozone,PM2.5,SO2",Ozone,Azusa
2019-05-19,47.0,48,15,"CO,NO2,Ozone,PM2.5,SO2",Ozone,Azusa
2019-05-20,52.0,45,15,"CO,NO2,Ozone,PM2.5,SO2",PM2.5,Long Beach-Route 710 Near Road
2019-05-21,52.0,49,16,"CO,NO2,Ozone,PM2.5,SO2",PM2.5,Long Beach-Route 710 Near Road
2019-05-22,50.0,42,15,"CO,NO2,Ozone,PM2.5,SO2",PM2.5,Long Beach-Route 710 Near Road
2019-05-23,54.0,40,15,"CO,NO2,Ozone,PM2.5,SO2",PM2.5,Los Angeles-North Main Street
2019-05-24,56.0,47,16,"CO,NO2,Ozone,PM2.5,SO2",PM2.5,Long Beach-Route 710 Near Road
2019-05-25,58.0,47,15,"CO,NO2,Ozone,PM2.5,SO2",Ozone,Santa Clarita
2019-05-26,44.0,47,15,"CO,NO2,Ozone,PM2.5,SO2",Ozone,Azusa
2019-05-27,48.0,52,16,"CO,NO2,Ozone,PM2.5,SO2",Ozone,Reseda
2019-05-28,48.0,44,15,"CO,NO2,Ozone,PM2.5,SO2",PM2.5,Long Beach-Route 710 Near Road
2019-05-29,67.0,40,14,"CO,NO2,Ozone,PM2.5,SO2",Ozone,Santa Clarita
2019-05-30,87.0,52,16,"CO,NO2,Ozone,PM2.5,SO2",Ozone,Santa Clarita
2019-05-31,90.0,44,15,"CO,NO2,Ozone,PM2.5,SO2",Ozone,Santa Clarita
2019-06-01,64.0,48,15,"CO,NO2,Ozone,PM2.5,SO2",Ozone,Lancaster-Division Street
2019-06-02,61.0,53,16,"CO,NO2,Ozone,PM2.5,SO2",Ozone,Lancaster-Division Street
2019-06-03,67.0,48,15,"CO,NO2,Ozone,PM2.5,SO2",Ozone,Santa Clarita
2019-06-04,90.0,48,15,"CO,NO2,Ozone,PM2.5,SO2",Ozone,Santa Clarita
2019-06-05,143.0,50,15,"CO,NO2,Ozone,PM2.5,SO2",Ozone,Santa Clarita
2019-06-06,129.0,48,15,"CO,NO2,Ozone,PM2.5,SO2",Ozone,Santa Clarita
2019-06-07,93.0,47,15,"CO,NO2,Ozone,PM2.5,SO2",Ozone,Santa Clarita
2019-06-08,105.0,53,16,"CO,NO2,Ozone,PM2.5,SO2",Ozone,Glendora
2019-06-09,151.0,48,15,"CO,NO2,Ozone,PM2.5,SO2",Ozone,Glendora
2019-06-10,126.0,48,15,"CO,NO2,Ozone,PM2.5,SO2",Ozone,Glendora
2019-06-11,172.0,51,16,"CO,NO2,Ozone,PM2.5,SO2",Ozone,Glendora
2019-06-12,200.0,46,15,"CO,NO2,Ozone,PM2.5,SO2",Ozone,Santa Clarita
2019-06-13,71.0,43,15,"CO,NO2,Ozone,PM2.5,SO2",Ozone,Santa Clarita
2019-06-14,64.0,52,16,"CO,NO2,Ozone,PM2.5,SO2",Ozone,Santa Clarita
2019-06-15,100.0,48,15,"CO,NO2,Ozone,PM2.5,SO2",Ozone,Santa Clarita
2019-06-16,87.0,48,15,"CO,NO2,Ozone,PM2.5,SO2",Ozone,Glendora
2019-06-17,71.0,53,16,"CO,NO2,Ozone,PM2.5,SO2",Ozone,Lancaster-Division Street
2019-06-18,74.0,45,15,"CO,NO2,Ozone,PM2.5,SO2",Ozone,Lancaster-Division Street
2019-06-19,105.0,45,15,"CO,NO2,Ozone,PM2.5,SO2",Ozone,Santa Clarita
2019-06-20,61.0,49,15,"CO,NO2,Ozone,PM2.5,SO2",Ozone,Lancaster-Division Street
2019-06-21,43.0,48,15,"CO,NO2,Ozone,PM2.5,SO2",Ozone,Lancaster-Division Street
2019-06-22,51.0,48,15,"CO,NO2,Ozone,PM2.5,SO2",Ozone,Santa Clarita
2019-06-23,97.0,52,16,"CO,NO2,Ozone,PM2.5,SO2",Ozone,Santa Clarita
2019-06-24,90.0,47,15,"CO,NO2,Ozone,PM2.5,SO2",Ozone,Lancaster-Division Street
2019-06-25,87.0,48,15,"CO,NO2,Ozone,PM2.5,SO2",Ozone,Lancaster-Division Street
2019-06-26,71.0,51,16,"CO,NO2,Ozone,PM2.5,SO2",Ozone,Santa Clarita
2019-06-27,105.0,42,14,"CO,NO2,Ozone,PM2.5,SO2",Ozone,Glendora
2019-06-28,112.0,47,15,"CO,NO2,Ozone,PM2.5,SO2",Ozone,Glendora
2019-06-29,112.0,52,16,"CO,NO2,Ozone,PM2.5,SO2",Ozone,Glendora
2019-06-30,122.0,48,15,"CO,NO2,Ozone,PM2.5,SO2",Ozone,Glendora
2019-07-01,115.0,48,15,"CO,NO2,Ozone,PM2.5,SO2",Ozone,Santa Clarita
2019-07-02,129.0,53,16,"CO,NO2,Ozone,PM2.5,SO2",Ozone,Santa Clarita
2019-07-03,108.0,46,15,"CO,NO2,Ozone,PM2.5,SO2",Ozone,Santa Clarita
2019-07-04,92.0,48,15,"CO,NO2,Ozone,PM2.5,SO2",PM2.5,Compton
2019-07-05,161.0,52,16,"CO,NO2,Ozone,PM2.5,SO2",PM2.5,Azusa
2019-07-06,133.0,48,15,"CO,NO2,Ozone,PM2.5,SO2",Ozone,Santa Clarita
2019-07-07,87.0,48,15,"CO,NO2,Ozone,PM2.5,SO2",Ozone,Santa Clarita
2019-07-08,67.0,53,16,"CO,NO2,Ozone,PM2.5,SO2",Ozone,Santa Clarita
2019-07-09,93.0,48,15,"CO,NO2,Ozone,PM2.5,SO2",Ozone,Glendora
2019-07-10,122.0,48,15,"CO,NO2,Ozone,PM2.5,SO2",Ozone,Santa Clarita
2019-07-11,136.0,52,16,"CO,NO2,Ozone,PM2.5,SO2",Ozone,Santa Clarita
2019-07-12,201.0,47,15,"CO,NO2,Ozone,PM2.5,SO2",Ozone,Santa Clarita
2019-07-13,179.0,47,15,"CO,NO2,Ozone,PM2.5,SO2",Ozone,Santa Clarita
2019-07-14,166.0,52,16,"CO,NO2,Ozone,PM2.5,SO2",Ozone,Glendora
2019-07-15,177.0,47,15,"CO,NO2,Ozone,PM2.5,SO2",Ozone,Glendora
2019-07-16,140.0,46,15,"CO,NO2,Ozone,PM2.5,SO2",Ozone,Santa Clarita
2019-07-17,90.0,52,16,"CO,NO2,Ozone,PM2.5,SO2",Ozone,Santa Clarita
2019-07-18,61.0,48,15,"CO,NO2,Ozone,PM2.5,SO2",Ozone,Glendora
2019-07-19,51.0,48,15,"CO,NO2,Ozone,PM2.5,SO2",Ozone,Lancaster-Division Street
2019-07-20,97.0,53,16,"CO,NO2,Ozone,PM2.5,SO2",Ozone,Glendora
2019-07-21,101.0,45,15,"CO,NO2,Ozone,PM2.5,SO2",Ozone,Glendora
2019-07-22,126.0,48,15,"CO,NO2,Ozone,PM2.5,SO2",Ozone,Santa Clarita
2019-07-23,161.0,50,15,"CO,NO2,Ozone,PM2.5,SO2",Ozone,Glendora
2019-07-24,126.0,47,14,"CO,NO2,Ozone,PM2.5,SO2",Ozone,Reseda
2019-07-25,126.0,46,14,"CO,NO2,Ozone,PM2.5,SO2",Ozone,Santa Clarita
2019-07-26,140.0,53,16,"CO,NO2,Ozone,PM2.5,SO2",Ozone,Santa Clarita
2019-07-27,179.0,48,15,"CO,NO2,Ozone,PM2.5,SO2",Ozone,Glendora
2019-07-28,169.0,48,15,"CO,NO2,Ozone,PM2.5,SO2",Ozone,Santa Clarita
2019-07-29,190.0,53,16,"CO,NO2,Ozone,PM2.5,SO2",Ozone,Santa Clarita
2019-07-30,174.0,48,15,"CO,NO2,Ozone,PM2.5,SO2",Ozone,Santa Clarita
2019-07-31,151.0,47,15,"CO,NO2,Ozone,PM2.5,SO2",Ozone,Santa Clarita
2019-08-01,126.0,52,15,"CO,NO2,Ozone,PM2.5,SO2",Ozone,Santa Clarita
2019-08-02,166.0,48,15,"CO,NO2,Ozone,PM2.5,SO2",Ozone,Santa Clarita
2019-08-03,156.0,48,15,"CO,NO2,Ozone,PM2.5,SO2",Ozone,Glendora
2019-08-04,169.0,53,16,"CO,NO2,Ozone,PM2.5,SO2",Ozone,Glendora
2019-08-05,154.0,48,15,"CO,NO2,Ozone,PM2.5,SO2",Ozone,Santa Clarita
2019-08-06,147.0,48,15,"CO,NO2,Ozone,PM2.5,SO2",Ozone,Reseda
2019-08-07,156.0,52,16,"CO,NO2,Ozone,PM2.5,SO2",Ozone,Santa Clarita
2019-08-08,122.0,47,15,"CO,NO2,Ozone,PM2.5,SO2",Ozone,Glendora
2019-08-09,87.0,47,15,"CO,NO2,Ozone,PM2.5,SO2",Ozone,Glendora
2019-08-10,93.0,53,16,"CO,NO2,Ozone,PM2.5,SO2",Ozone,Glendora
2019-08-11,74.0,48,15,"CO,NO2,Ozone,PM2.5,SO2",Ozone,Glendora
2019-08-12,119.0,48,15,"CO,NO2,Ozone,PM2.5,SO2",Ozone,Santa Clarita
2019-08-13,140.0,50,16,"CO,NO2,Ozone,PM2.5,SO2",Ozone,Glendora
2019-08-14,174.0,47,15,"CO,NO2,Ozone,PM2.5,SO2",Ozone,Glendora
2019-08-15,159.0,47,15,"CO,NO2,Ozone,PM2.5,SO2",Ozone,Santa Clarita
2019-08-16,105.0,52,16,"CO,NO2,Ozone,PM2.5,SO2",Ozone,Lancaster-Division Street
2019-08-17,90.0,46,15,"CO,NO2,Ozone,PM2.5,SO2",Ozone,Glendora
2019-08-18,67.0,47,15,"CO,NO2,Ozone,PM2.5,SO2",Ozone,Azusa
2019-08-19,80.0,52,16,"CO,NO2,Ozone,PM2.5,SO2",Ozone,Azusa
2019-08-20,133.0,41,14,"CO,NO2,Ozone,PM2.5,SO2",Ozone,Glendora
2019-08-21,197.0,47,15,"CO,NO2,Ozone,PM2.5,SO2",Ozone,Santa Clarita
2019-08-22,151.0,52,16,"CO,NO2,Ozone,PM2.5,SO2",Ozone,Santa Clarita
2019-08-23,119.0,45,15,"CO,NO2,Ozone,PM2.5,SO2",Ozone,Santa Clarita
2019-08-24,129.0,47,15,"CO,NO2,Ozone,PM2.5,SO2",Ozone,Glendora
2019-08-25,101.0,52,16,"CO,NO2,Ozone,PM2.5,SO2",Ozone,Azusa
2019-08-26,156.0,48,15,"CO,NO2,Ozone,PM2.5,SO2",Ozone,Santa Clarita
2019-08-27,122.0,47,15,"CO,NO2,Ozone,PM2.5,SO2",Ozone,Santa Clarita
2019-08-28,90.0,52,16,"CO,NO2,Ozone,PM2.5,SO2",Ozone,Santa Clarita
2019-08-29,105.0,44,15,"CO,NO2,Ozone,PM2.5,SO2",Ozone,Glendora
2019-08-30,112.0,46,15,"CO,NO2,Ozone,PM2.5,SO2",Ozone,Glendora
2019-08-31,140.0,53,16,"CO,NO2,Ozone,PM2.5,SO2",Ozone,Glendora
2019-09-01,190.0,48,15,"CO,NO2,Ozone,PM2.5,SO2",Ozone,Glendora
2019-09-02,97.0,48,15,"CO,NO2,Ozone,PM2.5,SO2",Ozone,Santa Clarita
2019-09-03,77.0,46,16,"CO,NO2,Ozone,PM2.5,SO2",Ozone,Glendora
2019-09-04,108.0,44,14,"CO,NO2,Ozone,PM2.5,SO2",Ozone,Santa Clarita
2019-09-05,87.0,46,15,"CO,NO2,Ozone,PM2.5,SO2",Ozone,Santa Clarita
2019-09-06,67.0,50,16,"CO,NO2,Ozone,PM2.5,SO2",Ozone,Reseda
2019-09-07,105.0,48,15,"CO,NO2,Ozone,PM2.5,SO2",Ozone,Glendora
2019-09-08,67.0,48,15,"CO,NO2,Ozone,PM2.5,SO2",Ozone,Glendora
2019-09-09,97.0,53,16,"CO,NO2,Ozone,PM2.5,SO2",Ozone,Santa Clarita
2019-09-10,54.0,48,15,"CO,NO2,Ozone,PM2.5,SO2",PM2.5,Los Angeles-North Main Street
2019-09-11,105.0,46,15,"CO,NO2,Ozone,PM2.5,SO2",Ozone,Santa Clarita
2019-09-12,115.0,50,15,"CO,NO2,Ozone,PM2.5,SO2",Ozone,Pasadena
2019-09-13,147.0,42,14,"CO,NO2,Ozone,PM2.5,SO2",Ozone,Pasadena
2019-09-14,185.0,42,14,"CO,NO2,Ozone,PM2.5,SO2",Ozone,Glendora
2019-09-15,133.0,47,15,"CO,NO2,Ozone,PM2.5,SO2",Ozone,Glendora
2019-09-16,59.0,42,14,"CO,NO2,Ozone,PM2.5,SO2",PM2.5,Los Angeles-North Main Street
2019-09-17,80.0,43,15,"CO,NO2,Ozone,PM2.5,SO2",Ozone,Santa Clarita
2019-09-18,80.0,53,16,"CO,NO2,Ozone,PM2.5,SO2",Ozone,Lancaster-Division Street
2019-09-19,45.0,48,15,"CO,NO2,Ozone,PM2.5,SO2",Ozone,Glendora
2019-09-20,55.0,45,14,"CO,NO2,Ozone,PM2.5,SO2",PM2.5,Long Beach-Route 710 Near Road
2019-09-21,126.0,53,16,"CO,NO2,Ozone,PM2.5,SO2",Ozone,Glendora
2019-09-22,100.0,47,15,"CO,NO2,Ozone,PM2.5,SO2",Ozone,Pasadena
2019-09-23,77.0,46,15,"CO,NO2,Ozone,PM2.5,SO2",Ozone,Santa Clarita
2019-09-24,108.0,51,16,"CO,NO2,Ozone,PM2.5,SO2",Ozone,Pasadena
2019-09-25,129.0,46,15,"CO,NO2,Ozone,PM2.5,SO2",Ozone,Santa Clarita
2019-09-26,52.0,46,15,"CO,NO2,Ozone,PM2.5,SO2",PM2.5,Los Angeles-North Main Street
2019-09-27,45.0,53,16,"CO,NO2,Ozone,PM2.5,SO2",PM2.5,Long Beach-Route 710 Near Road
2019-09-28,33.0,48,15,"CO,NO2,Ozone,PM2.5,SO2",Ozone,Lancaster-Division Street
2019-09-29,50.0,48,15,"CO,NO2,Ozone,PM2.5,SO2",PM2.5,Long Beach (South)
2019-09-30,56.0,51,15,"CO,NO2,Ozone,PM2.5,SO2",PM2.5,Long Beach-Route 710 Near Road
2019-10-01,56.0,45,14,"CO,NO2,Ozone,PM2.5,SO2",PM2.5,Long Beach-Route 710 Near Road
2019-10-02,87.0,49,16,"CO,NO2,Ozone,PM2.5,SO2",Ozone,Pasadena
2019-10-03,105.0,52,15,"CO,NO2,Ozone,PM2.5,SO2",Ozone,Reseda
2019-10-04,100.0,46,15,"CO,NO2,Ozone,PM2.5,SO2",Ozone,Santa Clarita
2019-10-05,164.0,48,15,"CO,NO2,Ozone,PM2.5,SO2",Ozone,Glendora
2019-10-06,192.0,52,16,"CO,NO2,Ozone,PM2.5,SO2",Ozone,Glendora
2019-10-07,133.0,47,15,"CO,NO2,Ozone,PM2.5,SO2",Ozone,Glendora
2019-10-08,87.0,47,15,"CO,NO2,Ozone,PM2.5,SO2",Ozone,Lancaster-Division Street
2019-10-09,74.0,52,16,"CO,NO2,Ozone,PM2.5,SO2",Ozone,Lancaster-Division Street
2019-10-10,72.0,48,15,"CO,NO2,Ozone,PM2.5,SO2",PM2.5,Long Beach-Route 710 Near Road
2019-10-11,63.0,45,15,"CO,NO2,Ozone,PM2.5,SO2",NO2,Long Beach-Route 710 Near Road
2019-10-12,101.0,53,16,"CO,NO2,Ozone,PM2.5,SO2",Ozone,Reseda
2019-10-13,115.0,48,15,"CO,NO2,Ozone,PM2.5,SO2",Ozone,Santa Clarita
2019-10-14,87.0,48,15,"CO,NO2,Ozone,PM2.5,SO2",Ozone,Santa Clarita
2019-10-15,71.0,51,16,"CO,NO2,Ozone,PM2.5,SO2",Ozone,Reseda
2019-10-16,89.0,47,15,"CO,NO2,Ozone,PM2.5,SO2",NO2,Long Beach-Route 710 Near Road
2019-10-17,77.0,48,15,"CO,NO2,Ozone,PM2.5,SO2",Ozone,Santa Clarita
2019-10-18,54.0,53,16,"CO,NO2,Ozone,PM2.5,SO2",PM2.5,Los Angeles-North Main Street
2019-10-19,62.0,48,15,"CO,NO2,Ozone,PM2.5,SO2",PM2.5,Long Beach-Route 710 Near Road
2019-10-20,93.0,48,15,"CO,NO2,Ozone,PM2.5,SO2",Ozone,Glendora
2019-10-21,71.0,53,16,"CO,NO2,Ozone,PM2.5,SO2",Ozone,Pasadena
2019-10-22,78.0,48,15,"CO,NO2,Ozone,PM2.5,SO2",NO2,Long Beach-Route 710 Near Road
2019-10-23,80.0,46,15,"CO,NO2,Ozone,PM2.5,SO2",Ozone,Reseda
2019-10-24,96.0,51,15,"CO,NO2,Ozone,PM2.5,SO2",NO2,Long Beach-Route 710 Near Road
2019-10-25,87.0,45,15,"CO,NO2,Ozone,PM2.5,SO2",NO2,Long Beach-Route 710 Near Road
2019-10-26,80.0,47,15,"CO,NO2,Ozone,PM2.5,SO2",Ozone,Reseda
2019-10-27,59.0,51,16,"CO,NO2,Ozone,PM2.5,SO2",PM2.5,Long Beach-Route 710 Near Road
2019-10-28,69.0,47,15,"CO,NO2,Ozone,PM2.5,SO2",PM2.5,Long Beach-Route 710 Near Road
2019-10-29,64.0,47,15,"CO,NO2,Ozone,PM2.5,SO2",PM2.5,Long Beach-Route 710 Near Road
2019-10-30,56.0,51,16,"CO,NO2,Ozone,PM2.5,SO2",PM2.5,Long Beach (South)
2019-10-31,68.0,48,15,"CO,NO2,Ozone,PM2.5,SO2",PM2.5,Long Beach (South)
2019-11-01,66.0,47,15,"CO,NO2,Ozone,PM2.5,SO2",PM2.5,Long Beach-Route 710 Near Road
2019-11-02,93.0,53,16,"CO,NO2,Ozone,PM2.5,SO2",PM2.5,Long Beach-Route 710 Near Road
2019-11-03,88.0,47,15,"CO,NO2,Ozone,PM2.5,SO2",PM2.5,Long Beach-Route 710 Near Road
2019-11-04,97.0,47,15,"CO,NO2,Ozone,PM2.5,SO2",Ozone,Reseda
2019-11-05,75.0,50,16,"CO,NO2,Ozone,PM2.5,SO2",PM2.5,Long Beach-Route 710 Near Road
2019-11-06,83.0,44,15,"CO,NO2,Ozone,PM2.5,SO2",PM2.5,Los Angeles-North Main Street
2019-11-07,121.0,45,15,"CO,NO2,Ozone,PM2.5,SO2",PM2.5,Los Angeles-North Main Street
2019-11-08,82.0,48,16,"CO,NO2,Ozone,PM2.5,SO2",NO2,Long Beach-Route 710 Near Road
2019-11-09,70.0,48,15,"CO,NO2,Ozone,PM2.5,SO2",PM2.5,Long Beach-Route 710 Near Road
2019-11-10,76.0,48,15,"CO,NO2,Ozone,PM2.5,SO2",PM2.5,Los Angeles-North Main Street
2019-11-11,93.0,53,16,"CO,NO2,Ozone,PM2.5,SO2",PM2.5,Los Angeles-North Main Street
2019-11-12,93.0,45,15,"CO,NO2,Ozone,PM2.5,SO2",PM2.5,Compton
2019-11-13,95.0,42,14,"CO,NO2,Ozone,PM2.5,SO2",PM2.5,Compton
2019-11-14,89.0,52,16,"CO,NO2,Ozone,PM2.5,SO2",PM2.5,Pico Rivera #2
2019-11-15,79.0,45,15,"CO,NO2,Ozone,PM2.5,SO2",PM2.5,Los Angeles-North Main Street
2019-11-16,80.0,48,15,"CO,NO2,Ozone,PM2.5,SO2",PM2.5,Long Beach (South)
2019-11-17,72.0,53,16,"CO,NO2,Ozone,PM2.5,SO2",PM2.5,Long Beach-Route 710 Near Road
2019-11-18,67.0,48,15,"CO,NO2,Ozone,PM2.5,SO2",NO2,Long Beach-Route 710 Near Road
2019-11-19,74.0,46,15,"CO,NO2,Ozone,PM2.5,SO2",NO2,Long Beach-Route 710 Near Road
2019-11-20,52.0,52,16,"CO,NO2,Ozone,PM2.5,SO2",PM2.5,Long Beach-Route 710 Near Road
2019-11-21,54.0,46,15,"CO,NO2,Ozone,PM2.5,SO2",PM2.5,Long Beach-Route 710 Near Road
2019-11-22,61.0,48,15,"CO,NO2,Ozone,PM2.5,SO2",PM2.5,Long Beach-Route 710 Near Road
2019-11-23,79.0,52,16,"CO,NO2,Ozone,PM2.5,SO2",PM2.5,Long Beach-Route 710 Near Road
2019-11-24,109.0,47,15,"CO,NO2,Ozone,PM2.5,SO2",PM2.5,Long Beach-Route 710 Near Road
2019-11-25,93.0,47,15,"CO,NO2,Ozone,PM2.5,SO2",PM2.5,Long Beach-Route 710 Near Road
2019-11-26,81.0,51,16,"CO,NO2,Ozone,PM2.5,SO2",PM2.5,Long Beach-Route 710 Near Road
2019-11-27,69.0,48,15,"CO,NO2,Ozone,PM2.5,SO2",PM2.5,Long Beach-Route 710 Near Road
2019-11-28,38.0,48,15,"CO,NO2,Ozone,PM2.5,SO2",Ozone,Glendora
2019-11-29,70.0,53,16,"CO,NO2,Ozone,PM2.5,SO2",PM2.5,Long Beach-Route 710 Near Road
2019-11-30,79.0,47,15,"CO,NO2,Ozone,PM2.5,SO2",PM2.5,Long Beach-Route 710 Near Road
2019-12-01,63.0,48,15,"CO,NO2,Ozone,PM2.5,SO2",PM2.5,Long Beach-Route 710 Near Road
2019-12-02,71.0,53,16,"CO,NO2,Ozone,PM2.5,SO2",PM2.5,Long Beach-Route 710 Near Road
2019-12-03,90.0,45,15,"CO,NO2,Ozone,PM2.5,SO2",PM2.5,Long Beach-Route 710 Near Road
2019-12-04,57.0,43,15,"CO,NO2,Ozone,PM2.5,SO2",PM2.5,Long Beach-Route 710 Near Road
2019-12-05,60.0,47,16,"CO,NO2,Ozone,PM2.5,SO2",PM2.5,Long Beach-Route 710 Near Road
2019-12-06,68.0,45,15,"CO,NO2,Ozone,PM2.5,SO2",PM2.5,Long Beach-Route 710 Near Road
2019-12-07,54.0,48,15,"CO,NO2,Ozone,PM2.5,SO2",PM2.5,Long Beach-Route 710 Near Road
2019-12-08,57.0,50,16,"CO,NO2,Ozone,PM2.5,SO2",PM2.5,Long Beach-Route 710 Near Road
2019-12-09,125.0,48,15,"CO,NO2,Ozone,PM2.5,SO2",PM2.5,Long Beach-Route 710 Near Road
2019-12-10,62.0,45,15,"CO,NO2,Ozone,PM2.5,SO2",PM2.5,Long Beach-Route 710 Near Road
2019-12-11,73.0,50,16,"CO,NO2,Ozone,PM2.5,SO2",PM2.5,Long Beach-Route 710 Near Road
2019-12-12,83.0,42,15,"CO,NO2,Ozone,PM2.5,SO2",PM2.5,Los Angeles-North Main Street
2019-12-13,96.0,43,15,"CO,NO2,Ozone,PM2.5,SO2",PM2.5,Los Angeles-North Main Street
2019-12-14,90.0,46,15,"CO,NO2,Ozone,PM2.5,SO2",PM2.5,Los Angeles-North Main Street
2019-12-15,48.0,44,14,"CO,NO2,Ozone,PM2.5,SO2",PM2.5,Compton
2019-12-16,48.0,43,14,"CO,NO2,Ozone,PM2.5,SO2",NO2,Long Beach-Route 710 Near Road
2019-12-17,54.0,48,15,"CO,NO2,Ozone,PM2.5,SO2",NO2,Long Beach-Route 710 Near Road
2019-12-18,64.0,41,14,"CO,NO2,Ozone,PM2.5,SO2",PM2.5,Long Beach-Route 710 Near Road
2019-12-19,79.0,44,14,"CO,NO2,Ozone,PM2.5,SO2",PM2.5,Long Beach-Route 710 Near Road
2019-12-20,67.0,46,15,"CO,NO2,Ozone,PM2.5,SO2",PM2.5,Long Beach-Route 710 Near Road
2019-12-21,76.0,41,14,"CO,NO2,Ozone,PM2.5,SO2",PM2.5,Compton
2019-12-22,63.0,42,14,"CO,NO2,Ozone,PM2.5,SO2",PM2.5,Long Beach-Route 710 Near Road
2019-12-23,41.0,49,15,"CO,NO2,Ozone,PM2.5,SO2",PM2.5,Long Beach-Route 710 Near Road
2019-12-24,59.0,44,14,"CO,NO2,Ozone,PM2.5,SO2",PM2.5,Compton
2019-12-25,53.0,44,14,"CO,NO2,Ozone,PM2.5,SO2",PM2.5,Compton
2019-12-26,43.0,47,15,"CO,NO2,Ozone,PM2.5,SO2",PM2.5,Compton
2019-12-27,73.0,42,14,"CO,NO2,Ozone,PM2.5,SO2",PM2.5,Long Beach-Route 710 Near Road
2019-12-28,69.0,44,14,"CO,NO2,Ozone,PM2.5,SO2",PM2.5,Long Beach-Route 710 Near Road
2019-12-29,83.0,49,15,"CO,NO2,Ozone,PM2.5,SO2",PM2.5,Reseda
2019-12-30,64.0,44,14,"CO,NO2,Ozone,PM2.5,SO2",PM2.5,Long Beach-Route 710 Near Road
2019-12-31,80.0,44,14,"CO,NO2,Ozone,PM2.5,SO2",PM2.5,Long Beach-Route 710 Near Road
2020-01-01,102.0,52,17,"CO,NO2,Ozone,PM2.5,SO2",PM2.5,Long Beach-Route 710 Near Road
2020-01-02,75.0,47,16,"CO,NO2,Ozone,PM2.5,SO2",PM2.5,Compton
2020-01-03,88.0,46,15,"CO,NO2,Ozone,PM2.5,SO2",PM2.5,Long Beach-Route 710 Near Road
2020-01-04,104.0,51,16,"CO,NO2,Ozone,PM2.5,SO2",PM2.5,Compton
2020-01-05,103.0,46,15,"CO,NO2,Ozone,PM2.5,SO2",PM2.5,Compton
2020-01-06,75.0,46,15,"CO,NO2,Ozone,PM2.5,SO2",PM2.5,Long Beach-Route 710 Near Road
2020-01-07,50.0,51,16,"CO,NO2,Ozone,PM2.5,SO2",PM2.5,Long Beach-Route 710 Near Road
2020-01-08,64.0,46,16,"CO,NO2,Ozone,PM2.5,SO2",PM2.5,Long Beach-Route 710 Near Road
2020-01-09,56.0,43,16,"CO,NO2,Ozone,PM2.5,SO2",PM2.5,Long Beach-Route 710 Near Road
2020-01-10,70.0,49,17,"CO,NO2,Ozone,PM2.5,SO2",PM2.5,Compton
2020-01-11,83.0,47,16,"CO,NO2,Ozone,PM2.5,SO2",PM2.5,Compton
2020-01-12,79.0,48,16,"CO,NO2,Ozone,PM2.5,SO2",PM2.5,Compton
2020-01-13,83.0,51,17,"CO,NO2,Ozone,PM2.5,SO2",PM2.5,Long Beach-Route 710 Near Road
2020-01-14,87.0,48,16,"CO,NO2,Ozone,PM2.5,SO2",PM2.5,Long Beach-Route 710 Near Road
2020-01-15,124.0,44,16,"CO,NO2,Ozone,PM2.5,SO2",PM2.5,Long Beach-Route 710 Near Road
2020-01-16,92.0,51,17,"CO,NO2,Ozone,PM2.5,SO2",PM2.5,Pico Rivera #2
2020-01-17,51.0,46,16,"CO,NO2,Ozone,PM2.5,SO2",PM2.5,Compton
2020-01-18,66.0,45,16,"CO,NO2,Ozone,PM2.5,SO2",PM2.5,Long Beach (South)
2020-01-19,63.0,52,17,"CO,NO2,Ozone,PM2.5,SO2",PM2.5,Long Beach (South)
2020-01-20,73.0,47,16,"CO,NO2,Ozone,PM2.5,SO2",PM2.5,Compton
2020-01-21,43.0,44,16,"CO,NO2,Ozone,PM2.5,SO2",PM2.5,Los Angeles-North Main Street
2020-01-22,64.0,52,17,"CO,NO2,Ozone,PM2.5,SO2",PM2.5,Long Beach-Route 710 Near Road
2020-01-23,63.0,46,16,"CO,NO2,Ozone,PM2.5,SO2",PM2.5,Long Beach (South)
2020-01-24,72.0,45,16,"CO,NO2,Ozone,PM2.5,SO2",PM2.5,Compton
2020-01-25,99.0,52,17,"CO,NO2,Ozone,PM2.5,SO2",PM2.5,Los Angeles-North Main Street
2020-01-26,130.0,47,16,"CO,NO2,Ozone,PM2.5,SO2",PM2.5,Los Angeles-North Main Street
2020-01-27,80.0,47,16,"CO,NO2,Ozone,PM2.5,SO2",PM2.5,Long Beach-Route 710 Near Road
2020-01-28,62.0,48,17,"CO,NO2,Ozone,PM2.5,SO2",PM2.5,Long Beach (South)
2020-01-29,54.0,42,16,"CO,NO2,Ozone,PM2.5,SO2",PM2.5,Long Beach (South)
2020-01-30,64.0,45,16,"CO,NO2,Ozone,PM2.5,SO2",PM2.5,Long Beach-Route 710 Near Road
2020-01-31,71.0,49,17,"CO,NO2,Ozone,PM2.5,SO2",PM2.5,Long Beach-Route 710 Near Road
2020-02-01,64.0,47,16,"CO,NO2,Ozone,PM2.5,SO2",PM2.5,Long Beach-Route 710 Near Road
2020-02-02,72.0,47,16,"CO,NO2,Ozone,PM2.5,SO2",PM2.5,Compton
2020-02-03,45.0,52,17,"CO,NO2,Ozone,PM2.5,SO2",Ozone,Pasadena
2020-02-04,49.0,44,16,"CO,NO2,Ozone,PM2.5,SO2",NO2,Long Beach-Route 710 Near Road
2020-02-05,57.0,42,15,"CO,NO2,Ozone,PM2.5,SO2",PM2.5,Long Beach (South)
2020-02-06,66.0,52,17,"CO,NO2,Ozone,PM2.5,SO2",PM2.5,Long Beach-Route 710 Near Road
2020-02-07,79.0,46,16,"CO,NO2,Ozone,PM2.5,SO2",PM2.5,Long Beach-Route 710 Near Road
2020-02-08,85.0,47,16,"CO,NO2,Ozone,PM2.5,SO2",PM2.5,Compton
2020-02-09,61.0,50,16,"CO,NO2,Ozone,PM2.5,SO2",PM2.5,Los Angeles-North Main Street
2020-02-10,53.0,45,15,"CO,NO2,Ozone,PM2.5,SO2",PM2.5,Long Beach-Route 710 Near Road
2020-02-11,54.0,44,16,"CO,NO2,Ozone,PM2.5,SO2",PM2.5,Long Beach-Route 710 Near Road
2020-02-12,58.0,48,16,"CO,NO2,Ozone,PM2.5,SO2",PM2.5,Long Beach-Route 710 Near Road
2020-02-13,67.0,44,16,"CO,NO2,Ozone,PM2.5,SO2",PM2.5,Long Beach-Route 710 Near Road
2020-02-14,67.0,43,16,"CO,NO2,Ozone,PM2.5,SO2",PM2.5,Compton
2020-02-15,77.0,51,17,"CO,NO2,Ozone,PM2.5,SO2",PM2.5,Compton
2020-02-16,77.0,47,16,"CO,NO2,Ozone,PM2.5,SO2",PM2.5,Compton
2020-02-17,75.0,48,16,"CO,NO2,Ozone,PM2.5,SO2",PM2.5,Compton
2020-02-18,77.0,53,17,"CO,NO2,Ozone,PM2.5,SO2",PM2.5,Los Angeles-North Main Street
2020-02-19,85.0,46,16,"CO,NO2,Ozone,PM2.5,SO2",PM2.5,Los Angeles-North Main Street
2020-02-20,81.0,48,16,"CO,NO2,Ozone,PM2.5,SO2",PM2.5,Long Beach-Route 710 Near Road
2020-02-21,73.0,48,17,"CO,NO2,Ozone,PM2.5,SO2",PM2.5,Long Beach (South)
2020-02-22,44.0,48,16,"CO,NO2,Ozone,PM2.5,SO2",PM2.5,Long Beach (South)
2020-02-23,55.0,48,16,"CO,NO2,Ozone,PM2.5,SO2",PM2.5,Long Beach (South)
2020-02-24,63.0,50,16,"CO,NO2,Ozone,PM2.5,SO2",PM2.5,Long Beach-Route 710 Near Road
2020-02-25,66.0,44,16,"CO,NO2,Ozone,PM2.5,SO2",NO2,Long Beach-Route 710 Near Road
2020-02-26,57.0,48,16,"CO,NO2,Ozone,PM2.5,SO2",PM2.5,Long Beach-Route 710 Near Road
2020-02-27,62.0,50,17,"CO,NO2,Ozone,PM2.5,SO2",PM2.5,Long Beach-Route 710 Near Road
2020-02-28,74.0,47,16,"CO,NO2,Ozone,PM2.5,SO2",NO2,West Los Angeles
2020-02-29,52.0,47,16,"CO,NO2,Ozone,PM2.5,SO2",PM2.5,Long Beach-Route 710 Near Road
2020-03-01,48.0,51,17,"CO,NO2,Ozone,PM2.5,SO2",PM2.5,Long Beach-Route 710 Near Road
2020-03-02,46.0,46,16,"CO,NO2,Ozone,PM2.5,SO2",PM2.5,Long Beach (South)
2020-03-03,51.0,48,16,"CO,NO2,Ozone,PM2.5,SO2",PM2.5,Long Beach-Route 710 Near Road
2020-03-04,63.0,50,16,"CO,NO2,Ozone,PM2.5,SO2",PM2.5,Los Angeles-North Main Street
2020-03-05,75.0,48,16,"CO,NO2,Ozone,PM2.5,SO2",PM2.5,Long Beach (South)
2020-03-06,71.0,47,16,"CO,NO2,Ozone,PM2.5,SO2",PM2.5,Los Angeles-North Main Street
2020-03-07,41.0,52,17,"CO,NO2,Ozone,PM2.5,SO2",Ozone,Pomona
2020-03-08,42.0,47,16,"CO,NO2,Ozone,PM2.5,SO2",Ozone,Pasadena
2020-03-09,47.0,47,16,"CO,NO2,Ozone,PM2.5,SO2",PM2.5,Long Beach-Route 710 Near Road
2020-03-10,28.0,52,17,"CO,NO2,Ozone,PM2.5,SO2",Ozone,Pasadena
2020-03-11,41.0,48,16,"CO,NO2,Ozone,PM2.5,SO2",Ozone,Reseda
2020-03-12,53.0,44,15,"CO,NO2,Ozone,PM2.5,SO2",PM2.5,Long Beach-Route 710 Near Road
2020-03-13,47.0,52,17,"CO,NO2,Ozone,PM2.5,SO2",PM2.5,Long Beach-Route 710 Near Road
2020-03-14,41.0,47,16,"CO,NO2,Ozone,PM2.5,SO2",Ozone,Reseda
2020-03-15,43.0,45,15,"CO,NO2,Ozone,PM2.5,SO2",Ozone,Pasadena
2020-03-16,42.0,53,17,"CO,NO2,Ozone,PM2.5,SO2",PM2.5,Long Beach-Route 710 Near Road
2020-03-17,46.0,46,16,"CO,NO2,Ozone,PM2.5,SO2",NO2,Long Beach-Route 710 Near Road
2020-03-18,55.0,45,16,"CO,NO2,Ozone,PM2.5,SO2",PM2.5,Long Beach-Route 710 Near Road
2020-03-19,44.0,49,17,"CO,NO2,Ozone,PM2.5,SO2",Ozone,Reseda
2020-03-20,43.0,47,16,"CO,NO2,Ozone,PM2.5,SO2",Ozone,Pasadena
2020-03-21,47.0,48,16,"CO,NO2,Ozone,PM2.5,SO2",Ozone,Reseda
2020-03-22,43.0,52,17,"CO,NO2,Ozone,PM2.5,SO2",Ozone,Pasadena
2020-03-23,45.0,48,16,"CO,NO2,Ozone,PM2.5,SO2",Ozone,Pasadena
2020-03-24,43.0,44,16,"CO,NO2,Ozone,PM2.5,SO2",Ozone,Pasadena
2020-03-25,44.0,53,17,"CO,NO2,Ozone,PM2.5,SO2",Ozone,Pasadena
2020-03-26,45.0,48,16,"CO,NO2,Ozone,PM2.5,SO2",Ozone,Pasadena
2020-03-27,48.0,48,16,"CO,NO2,Ozone,PM2.5,SO2",NO2,Long Beach-Route 710 Near Road
2020-03-28,51.0,53,17,"CO,NO2,Ozone,PM2.5,SO2",Ozone,Pasadena
2020-03-29,53.0,48,16,"CO,NO2,Ozone,PM2.5,SO2",PM2.5,Long Beach (South)
2020-03-30,54.0,48,16,"CO,NO2,Ozone,PM2.5,SO2",Ozone,Pasadena
2020-03-31,74.0,51,17,"CO,NO2,Ozone,PM2.5,SO2",Ozone,Pasadena
2020-04-01,67.0,47,16,"CO,NO2,Ozone,PM2.5,SO2",Ozone,Glendora
2020-04-02,56.0,47,16,"CO,NO2,Ozone,PM2.5,SO2",PM2.5,Long Beach-Route 710 Near Road
2020-04-03,54.0,53,17,"CO,NO2,Ozone,PM2.5,SO2",PM2.5,Los Angeles-North Main Street
2020-04-04,54.0,48,16,"CO,NO2,Ozone,PM2.5,SO2",PM2.5,Los Angeles-North Main Street
2020-04-05,37.0,48,16,"CO,NO2,Ozone,PM2.5,SO2",Ozone,Pomona
2020-04-06,41.0,53,17,"CO,NO2,Ozone,PM2.5,SO2",Ozone,Reseda
2020-04-07,40.0,48,16,"CO,NO2,Ozone,PM2.5,SO2",Ozone,Reseda
2020-04-08,51.0,46,16,"CO,NO2,Ozone,PM2.5,SO2",NO2,Long Beach-Route 710 Near Road
2020-04-09,35.0,51,17,"CO,NO2,Ozone,PM2.5,SO2",Ozone,Reseda
2020-04-10,42.0,47,16,"CO,NO2,Ozone,PM2.5,SO2",Ozone,Pasadena
2020-04-11,49.0,47,16,"CO,NO2,Ozone,PM2.5,SO2",Ozone,Pasadena
2020-04-12,39.0,52,17,"CO,NO2,Ozone,PM2.5,SO2",Ozone,Reseda
2020-04-13,38.0,48,16,"CO,NO2,Ozone,PM2.5,SO2",Ozone,Reseda
2020-04-14,55.0,48,16,"CO,NO2,Ozone,PM2.5,SO2",PM2.5,Long Beach-Route 710 Near Road
2020-04-15,74.0,53,17,"CO,NO2,Ozone,PM2.5,SO2",Ozone,Pasadena
2020-04-16,71.0,48,16,"CO,NO2,Ozone,PM2.5,SO2",Ozone,Pasadena
2020-04-17,43.0,46,16,"CO,NO2,Ozone,PM2.5,SO2",Ozone,Reseda
2020-04-18,40.0,51,17,"CO,NO2,Ozone,PM2.5,SO2",Ozone,Pasadena
2020-04-19,44.0,48,16,"CO,NO2,Ozone,PM2.5,SO2",Ozone,Pasadena
2020-04-20,49.0,48,16,"CO,NO2,Ozone,PM2.5,SO2",PM2.5,Long Beach-Route 710 Near Road
2020-04-21,51.0,52,17,"CO,NO2,Ozone,PM2.5,SO2",PM2.5,Los Angeles-North Main Street
2020-04-22,100.0,48,16,"CO,NO2,Ozone,PM2.5,SO2",Ozone,Glendora
2020-04-23,140.0,48,16,"CO,NO2,Ozone,PM2.5,SO2",Ozone,Glendora
2020-04-24,143.0,53,17,"CO,NO2,Ozone,PM2.5,SO2",Ozone,Pomona
2020-04-25,182.0,48,16,"CO,NO2,Ozone,PM2.5,SO2",Ozone,Pasadena
2020-04-26,166.0,48,16,"CO,NO2,Ozone,PM2.5,SO2",Ozone,Pasadena
2020-04-27,108.0,49,17,"CO,NO2,Ozone,PM2.5,SO2",Ozone,Santa Clarita
2020-04-28,185.0,41,15,"CO,NO2,Ozone,PM2.5,SO2",Ozone,Santa Clarita
2020-04-29,147.0,44,15,"CO,NO2,Ozone,PM2.5,SO2",Ozone,Santa Clarita
2020-04-30,143.0,47,16,"CO,NO2,Ozone,PM2.5,SO2",Ozone,Glendora
2020-05-01,97.0,44,15,"CO,NO2,Ozone,PM2.5,SO2",Ozone,Glendora
2020-05-02,90.0,45,15,"CO,NO2,Ozone,PM2.5,SO2",Ozone,Glendora
2020-05-03,61.0,49,16,"CO,NO2,Ozone,PM2.5,SO2",Ozone,Glendora
2020-05-04,115.0,44,15,"CO,NO2,Ozone,PM2.5,SO2",Ozone,Glendora
2020-05-05,159.0,44,15,"CO,NO2,Ozone,PM2.5,SO2",Ozone,Pomona
2020-05-06,206.0,48,16,"CO,NO2,Ozone,PM2.5,SO2",Ozone,Glendora
2020-05-07,203.0,45,15,"CO,NO2,Ozone,PM2.5,SO2",Ozone,Pasadena
2020-05-08,185.0,46,16,"CO,NO2,Ozone,PM2.5,SO2",Ozone,Santa Clarita
2020-05-09,143.0,53,17,"CO,NO2,Ozone,PM2.5,SO2",Ozone,Santa Clarita
2020-05-10,97.0,47,16,"CO,NO2,Ozone,PM2.5,SO2",Ozone,Pasadena
2020-05-11,80.0,47,16,"CO,NO2,Ozone,PM2.5,SO2",Ozone,Glendora
2020-05-12,39.0,51,17,"CO,NO2,Ozone,PM2.5,SO2",Ozone,Pomona
2020-05-13,49.0,43,16,"CO,NO2,Ozone,PM2.5,SO2",Ozone,Pasadena
2020-05-14,54.0,42,15,"CO,NO2,Ozone,PM2.5,SO2",PM2.5,Long Beach (South)
2020-05-15,87.0,53,17,"CO,NO2,Ozone,PM2.5,SO2",Ozone,Glendora
2020-05-16,140.0,47,16,"CO,NO2,Ozone,PM2.5,SO2",Ozone,Glendora
2020-05-17,77.0,47,16,"CO,NO2,Ozone,PM2.5,SO2",Ozone,Pasadena
2020-05-18,39.0,51,17,"CO,NO2,Ozone,PM2.5,SO2",Ozone,Reseda
2020-05-19,45.0,46,16,"CO,NO2,Ozone,PM2.5,SO2",Ozone,Pomona
2020-05-20,54.0,44,16,"CO,NO2,Ozone,PM2.5,SO2",Ozone,Pomona
2020-05-21,97.0,47,16,"CO,NO2,Ozone,PM2.5,SO2",Ozone,Pasadena
2020-05-22,64.0,43,15,"CO,NO2,Ozone,PM2.5,SO2",Ozone,Glendora
2020-05-23,71.0,46,16,"CO,NO2,Ozone,PM2.5,SO2",Ozone,Pasadena
2020-05-24,108.0,51,17,"CO,NO2,Ozone,PM2.5,SO2",Ozone,Glendora
2020-05-25,140.0,46,16,"CO,NO2,Ozone,PM2.5,SO2",Ozone,Glendora
2020-05-26,147.0,42,15,"CO,NO2,Ozone,PM2.5,SO2",Ozone,Glendora
2020-05-27,136.0,51,17,"CO,NO2,Ozone,PM2.5,SO2",Ozone,Reseda
2020-05-28,161.0,48,16,"CO,NO2,Ozone,PM2.5,SO2",Ozone,Santa Clarita
2020-05-29,64.0,44,16,"CO,NO2,Ozone,PM2.5,SO2",Ozone,Lancaster-Division Street
2020-05-30,61.0,51,17,"CO,NO2,Ozone,PM2.5,SO2",PM2.5,Pico Rivera #2
2020-05-31,54.0,46,16,"CO,NO2,Ozone,PM2.5,SO2",Ozone,Pasadena
2020-06-01,71.0,45,16,"CO,NO2,Ozone,PM2.5,SO2",Ozone,Pomona
2020-06-02,122.0,49,17,"CO,NO2,Ozone,PM2.5,SO2",Ozone,Santa Clarita
2020-06-03,129.0,47,16,"CO,NO2,Ozone,PM2.5,SO2",Ozone,Glendora
2020-06-04,108.0,47,16,"CO,NO2,Ozone,PM2.5,SO2",Ozone,Santa Clarita
2020-06-05,44.0,52,17,"CO,NO2,Ozone,PM2.5,SO2",PM2.5,Long Beach (South)
2020-06-06,44.0,48,16,"CO,NO2,Ozone,PM2.5,SO2",PM2.5,Long Beach (South)
2020-06-07,54.0,48,16,"CO,NO2,Ozone,PM2.5,SO2",PM2.5,Long Beach (South)
2020-06-08,74.0,53,17,"CO,NO2,Ozone,PM2.5,SO2",Ozone,Pasadena
2020-06-09,80.0,47,16,"CO,NO2,Ozone,PM2.5,SO2",Ozone,Glendora
2020-06-10,143.0,44,16,"CO,NO2,Ozone,PM2.5,SO2",Ozone,Glendora
2020-06-11,161.0,53,17,"CO,NO2,Ozone,PM2.5,SO2",Ozone,Glendora
2020-06-12,77.0,48,16,"CO,NO2,Ozone,PM2.5,SO2",Ozone,Glendora
2020-06-13,61.0,48,16,"CO,NO2,Ozone,PM2.5,SO2",Ozone,Glendora
2020-06-14,77.0,53,17,"CO,NO2,Ozone,PM2.5,SO2",Ozone,Santa Clarita
2020-06-15,112.0,48,16,"CO,NO2,Ozone,PM2.5,SO2",Ozone,Santa Clarita
2020-06-16,61.0,47,16,"CO,NO2,Ozone,PM2.5,SO2",Ozone,Santa Clarita
2020-06-17,71.0,53,17,"CO,NO2,Ozone,PM2.5,SO2",Ozone,Santa Clarita
2020-06-18,64.0,45,15,"CO,NO2,Ozone,PM2.5,SO2",Ozone,Santa Clarita
2020-06-19,97.0,47,16,"CO,NO2,Ozone,PM2.5,SO2",Ozone,Santa Clarita
2020-06-20,77.0,53,17,"CO,NO2,Ozone,PM2.5,SO2",Ozone,Lancaster-Division Street
2020-06-21,105.0,48,16,"CO,NO2,Ozone,PM2.5,SO2",Ozone,Pomona
2020-06-22,154.0,48,16,"CO,NO2,Ozone,PM2.5,SO2",Ozone,Santa Clarita
2020-06-23,159.0,52,17,"CO,NO2,Ozone,PM2.5,SO2",Ozone,Santa Clarita
2020-06-24,156.0,47,16,"CO,NO2,Ozone,PM2.5,SO2",Ozone,Santa Clarita
2020-06-25,112.0,44,15,"CO,NO2,Ozone,PM2.5,SO2",Ozone,Santa Clarita
2020-06-26,126.0,53,17,"CO,NO2,Ozone,PM2.5,SO2",Ozone,Santa Clarita
2020-06-27,119.0,48,16,"CO,NO2,Ozone,PM2.5,SO2",Ozone,Santa Clarita
2020-06-28,40.0,48,16,"CO,NO2,Ozone,PM2.5,SO2",Ozone,Lancaster-Division Street
2020-06-29,44.0,52,17,"CO,NO2,Ozone,PM2.5,SO2",Ozone,Reseda
2020-06-30,80.0,46,16,"CO,NO2,Ozone,PM2.5,SO2",Ozone,Pomona
2020-07-01,77.0,43,15,"CO,NO2,Ozone,PM2.5,SO2",Ozone,Santa Clarita
2020-07-02,100.0,52,17,"CO,NO2,Ozone,PM2.5,SO2",Ozone,Glendora
2020-07-03,129.0,47,16,"CO,NO2,Ozone,PM2.5,SO2",Ozone,Glendora
2020-07-04,175.0,48,16,"CO,NO2,Ozone,PM2.5,SO2",PM2.5,Los Angeles-North Main Street
2020-07-05,250.0,53,17,"CO,NO2,Ozone,PM2.5,SO2",PM2.5,Los Angeles-North Main Street
2020-07-06,140.0,48,16,"CO,NO2,Ozone,PM2.5,SO2",Ozone,Glendora
2020-07-07,129.0,47,16,"CO,NO2,Ozone,PM2.5,SO2",Ozone,Glendora
2020-07-08,105.0,50,17,"CO,NO2,Ozone,PM2.5,SO2",Ozone,Glendora
2020-07-09,156.0,47,16,"CO,NO2,Ozone,PM2.5,SO2",Ozone,Glendora
2020-07-10,204.0,48,16,"CO,NO2,Ozone,PM2.5,SO2",Ozone,Glendora
2020-07-11,177.0,53,17,"CO,NO2,Ozone,PM2.5,SO2",Ozone,Glendora
2020-07-12,172.0,48,16,"CO,NO2,Ozone,PM2.5,SO2",Ozone,Glendora
2020-07-13,112.0,48,16,"CO,NO2,Ozone,PM2.5,SO2",Ozone,Santa Clarita
2020-07-14,90.0,51,17,"CO,NO2,Ozone,PM2.5,SO2",Ozone,Glendora
2020-07-15,101.0,46,16,"CO,NO2,Ozone,PM2.5,SO2",Ozone,Santa Clarita
2020-07-16,108.0,47,16,"CO,NO2,Ozone,PM2.5,SO2",Ozone,Glendora
2020-07-17,136.0,52,17,"CO,NO2,Ozone,PM2.5,SO2",Ozone,Glendora
2020-07-18,122.0,47,16,"CO,NO2,Ozone,PM2.5,SO2",Ozone,Pomona
2020-07-19,97.0,47,16,"CO,NO2,Ozone,PM2.5,SO2",Ozone,Pomona
2020-07-20,133.0,52,17,"CO,NO2,Ozone,PM2.5,SO2",Ozone,Santa Clarita
2020-07-21,143.0,46,16,"CO,NO2,Ozone,PM2.5,SO2",Ozone,Santa Clarita
2020-07-22,100.0,48,16,"CO,NO2,Ozone,PM2.5,SO2",Ozone,Santa Clarita
2020-07-23,80.0,52,17,"CO,NO2,Ozone,PM2.5,SO2",Ozone,Santa Clarita
2020-07-24,115.0,47,16,"CO,NO2,Ozone,PM2.5,SO2",Ozone,Santa Clarita
2020-07-25,140.0,48,16,"CO,NO2,Ozone,PM2.5,SO2",Ozone,Glendora
2020-07-26,143.0,53,17,"CO,NO2,Ozone,PM2.5,SO2",Ozone,Pomona
2020-07-27,97.0,48,16,"CO,NO2,Ozone,PM2.5,SO2",Ozone,Santa Clarita
2020-07-28,129.0,48,16,"CO,NO2,Ozone,PM2.5,SO2",Ozone,Santa Clarita
2020-07-29,164.0,53,17,"CO,NO2,Ozone,PM2.5,SO2",Ozone,Santa Clarita
2020-07-30,161.0,46,16,"CO,NO2,Ozone,PM2.5,SO2",Ozone,Glendora
2020-07-31,187.0,47,16,"CO,NO2,Ozone,PM2.5,SO2",Ozone,Pomona
2020-08-01,161.0,52,17,"CO,NO2,Ozone,PM2.5,SO2",Ozone,Santa Clarita
2020-08-02,140.0,47,16,"CO,NO2,Ozone,PM2.5,SO2",Ozone,Santa Clarita
2020-08-03,200.0,47,16,"CO,NO2,Ozone,PM2.5,SO2",Ozone,Santa Clarita
2020-08-04,122.0,52,17,"CO,NO2,Ozone,PM2.5,SO2",Ozone,Santa Clarita
2020-08-05,97.0,47,16,"CO,NO2,Ozone,PM2.5,SO2",Ozone,Santa Clarita
2020-08-06,61.0,47,16,"CO,NO2,Ozone,PM2.5,SO2",Ozone,Santa Clarita
2020-08-07,93.0,53,17,"CO,NO2,Ozone,PM2.5,SO2",Ozone,Santa Clarita
2020-08-08,112.0,48,16,"CO,NO2,Ozone,PM2.5,SO2",Ozone,Glendora
2020-08-09,105.0,48,16,"CO,NO2,Ozone,PM2.5,SO2",Ozone,Pomona
2020-08-10,87.0,53,17,"CO,NO2,Ozone,PM2.5,SO2",Ozone,Pomona
2020-08-11,112.0,48,16,"CO,NO2,Ozone,PM2.5,SO2",Ozone,Pomona
2020-08-12,147.0,48,16,"CO,NO2,Ozone,PM2.5,SO2",Ozone,Glendora
2020-08-13,166.0,49,16,"CO,NO2,Ozone,PM2.5,SO2",Ozone,Pomona
2020-08-14,204.0,48,16,"CO,NO2,Ozone,PM2.5,SO2",Ozone,Glendora
2020-08-15,220.0,47,16,"CO,NO2,Ozone,PM2.5,SO2",Ozone,Glendora
2020-08-16,133.0,52,17,"CO,NO2,Ozone,PM2.5,SO2",PM2.5,Lancaster-Division Street
2020-08-17,164.0,47,16,"CO,NO2,Ozone,PM2.5,SO2",Ozone,Glendora
2020-08-18,222.0,46,16,"CO,NO2,Ozone,PM2.5,SO2",Ozone,Glendora
2020-08-19,217.0,51,17,"CO,NO2,Ozone,PM2.5,SO2",Ozone,Glendora
2020-08-20,218.0,47,16,"CO,NO2,Ozone,PM2.5,SO2",Ozone,Santa Clarita
2020-08-21,192.0,47,16,"CO,NO2,Ozone,PM2.5,SO2",Ozone,Santa Clarita
2020-08-22,126.0,52,17,"CO,NO2,Ozone,PM2.5,SO2",Ozone,Santa Clarita
2020-08-23,71.0,47,16,"CO,NO2,Ozone,PM2.5,SO2",Ozone,Glendora
2020-08-24,90.0,47,16,"CO,NO2,Ozone,PM2.5,SO2",Ozone,Santa Clarita
2020-08-25,74.0,53,17,"CO,NO2,Ozone,PM2.5,SO2",Ozone,Glendora
2020-08-26,97.0,48,16,"CO,NO2,Ozone,PM2.5,SO2",Ozone,Pomona
2020-08-27,129.0,44,15,"CO,NO2,Ozone,PM2.5,SO2",Ozone,Pomona
2020-08-28,112.0,50,17,"CO,NO2,Ozone,PM2.5,SO2",Ozone,Glendora
2020-08-29,115.0,44,15,"CO,NO2,Ozone,PM2.5,SO2",Ozone,Glendora
2020-08-30,115.0,44,15,"CO,NO2,Ozone,PM2.5,SO2",Ozone,Glendora
2020-08-31,115.0,49,17,"CO,NO2,Ozone,PM2.5,SO2",Ozone,Glendora
2020-09-01,100.0,44,15,"CO,NO2,Ozone,PM2.5,SO2",Ozone,Glendora
2020-09-02,150.0,45,15,"CO,NO2,Ozone,PM2.5,SO2",Ozone,Santa Clarita
2020-09-03,201.0,49,17,"CO,NO2,Ozone,PM2.5,SO2",Ozone,Santa Clarita
2020-09-04,220.0,44,15,"CO,NO2,Ozone,PM2.5,SO2",Ozone,Glendora
2020-09-05,235.0,46,16,"CO,NO2,Ozone,PM2.5,SO2",Ozone,Glendora
2020-09-06,214.0,48,16,"CO,NO2,Ozone,PM2.5,SO2",Ozone,Los Angeles-North Main Street
2020-09-07,164.0,43,15,"CO,NO2,Ozone,PM2.5,SO2",PM2.5,Lancaster-Division Street
2020-09-08,127.0,43,15,"CO,NO2,Ozone,PM2.5,SO2",PM2.5,Lancaster-Division Street
2020-09-09,96.0,51,17,"CO,NO2,Ozone,PM2.5,SO2",PM2.5,Azusa
2020-09-10,93.0,45,15,"CO,NO2,Ozone,PM2.5,SO2",PM2.5,Los Angeles-North Main Street
2020-09-11,134.0,46,16,"CO,NO2,Ozone,PM2.5,SO2",PM2.5,Los Angeles-North Main Street
2020-09-12,184.0,52,17,"CO,NO2,Ozone,PM2.5,SO2",PM2.5,Azusa
2020-09-13,159.0,48,16,"CO,NO2,Ozone,PM2.5,SO2",Ozone,Pomona
2020-09-14,197.0,48,16,"CO,NO2,Ozone,PM2.5,SO2",Ozone,Glendora
2020-09-15,164.0,51,17,"CO,NO2,Ozone,PM2.5,SO2",PM2.5,Long Beach-Route 710 Near Road
2020-09-16,154.0,47,16,"CO,NO2,Ozone,PM2.5,SO2",Ozone,Glendora
2020-09-17,133.0,42,15,"CO,NO2,Ozone,PM2.5,SO2",Ozone,Lancaster-Division Street
2020-09-18,156.0,53,17,"CO,NO2,Ozone,PM2.5,SO2",Ozone,Reseda
2020-09-19,147.0,48,16,"CO,NO2,Ozone,PM2.5,SO2",Ozone,Glendora
2020-09-20,119.0,48,16,"CO,NO2,Ozone,PM2.5,SO2",Ozone,North Hollywood (NOHO)
2020-09-21,100.0,53,17,"CO,NO2,Ozone,PM2.5,SO2",Ozone,Santa Clarita
2020-09-22,122.0,46,16,"CO,NO2,Ozone,PM2.5,SO2",Ozone,Glendora
2020-09-23,126.0,48,16,"CO,NO2,Ozone,PM2.5,SO2",Ozone,Pasadena
2020-09-24,201.0,53,17,"CO,NO2,Ozone,PM2.5,SO2",Ozone,Santa Clarita
2020-09-25,136.0,47,16,"CO,NO2,Ozone,PM2.5,SO2",Ozone,Santa Clarita
2020-09-26,151.0,48,16,"CO,NO2,Ozone,PM2.5,SO2",Ozone,Reseda
2020-09-27,154.0,53,17,"CO,NO2,Ozone,PM2.5,SO2",Ozone,Santa Clarita
2020-09-28,179.0,48,16,"CO,NO2,Ozone,PM2.5,SO2",Ozone,Glendora
2020-09-29,150.0,48,16,"CO,NO2,Ozone,PM2.5,SO2",Ozone,Pasadena
2020-09-30,161.0,53,17,"CO,NO2,Ozone,PM2.5,SO2",Ozone,Glendora
2020-10-01,172.0,47,16,"CO,NO2,Ozone,PM2.5,SO2",Ozone,North Hollywood (NOHO)
2020-10-02,204.0,47,16,"CO,NO2,Ozone,PM2.5,SO2",Ozone,Reseda
2020-10-03,210.0,52,17,"CO,NO2,Ozone,PM2.5,SO2",Ozone,Reseda
2020-10-04,177.0,47,16,"CO,NO2,Ozone,PM2.5,SO2",Ozone,Pasadena
2020-10-05,151.0,46,16,"CO,NO2,Ozone,PM2.5,SO2",Ozone,Reseda
2020-10-06,159.0,52,17,"CO,NO2,Ozone,PM2.5,SO2",Ozone,North Hollywood (NOHO)
2020-10-07,133.0,47,16,"CO,NO2,Ozone,PM2.5,SO2",Ozone,Santa Clarita
2020-10-08,77.0,47,16,"CO,NO2,Ozone,PM2.5,SO2",Ozone,Glendora
2020-10-09,74.0,52,17,"CO,NO2,Ozone,PM2.5,SO2",Ozone,Reseda
2020-10-10,80.0,48,16,"CO,NO2,Ozone,PM2.5,SO2",Ozone,Reseda
2020-10-11,87.0,48,16,"CO,NO2,Ozone,PM2.5,SO2",Ozone,Glendora
2020-10-12,100.0,53,17,"CO,NO2,Ozone,PM2.5,SO2",Ozone,Glendora
2020-10-13,100.0,47,16,"CO,NO2,Ozone,PM2.5,SO2",Ozone,Reseda
2020-10-14,164.0,48,16,"CO,NO2,Ozone,PM2.5,SO2",Ozone,Reseda
2020-10-15,185.0,53,17,"CO,NO2,Ozone,PM2.5,SO2",Ozone,Los Angeles-North Main Street
2020-10-16,169.0,48,16,"CO,NO2,Ozone,PM2.5,SO2",Ozone,North Hollywood (NOHO)
2020-10-17,119.0,48,16,"CO,NO2,Ozone,PM2.5,SO2",Ozone,Glendora
2020-10-18,159.0,53,17,"CO,NO2,Ozone,PM2.5,SO2",Ozone,Santa Clarita
2020-10-19,126.0,48,16,"CO,NO2,Ozone,PM2.5,SO2",Ozone,Reseda
2020-10-20,129.0,48,16,"CO,NO2,Ozone,PM2.5,SO2",Ozone,Reseda
2020-10-21,119.0,52,17,"CO,NO2,Ozone,PM2.5,SO2",Ozone,Santa Clarita
2020-10-22,64.0,48,16,"CO,NO2,Ozone,PM2.5,SO2",PM2.5,Lancaster-Division Street
2020-10-23,61.0,48,16,"CO,NO2,Ozone,PM2.5,SO2",PM2.5,Lancaster-Division Street
2020-10-24,53.0,53,17,"CO,NO2,Ozone,PM2.5,SO2",PM2.5,Long Beach (South)
2020-10-25,49.0,47,16,"CO,NO2,Ozone,PM2.5,SO2",PM2.5,Long Beach (South)
2020-10-26,90.0,46,16,"CO,NO2,Ozone,PM2.5,SO2",PM2.5,Long Beach (South)
2020-10-27,155.0,52,17,"CO,NO2,Ozone,PM2.5,SO2",PM2.5,Long Beach (South)
2020-10-28,96.0,47,16,"CO,NO2,Ozone,PM2.5,SO2",PM2.5,Long Beach (South)
2020-10-29,97.0,48,16,"CO,NO2,Ozone,PM2.5,SO2",Ozone,West Los Angeles
2020-10-30,78.0,50,17,"CO,NO2,Ozone,PM2.5,SO2",PM2.5,Long Beach (South)
2020-10-31,93.0,47,16,"CO,NO2,Ozone,PM2.5,SO2",Ozone,Los Angeles-North Main Street
2020-11-01,87.0,47,16,"CO,NO2,Ozone,PM2.5,SO2",Ozone,Los Angeles-North Main Street
2020-11-02,84.0,52,17,"CO,NO2,Ozone,PM2.5,SO2",Ozone,Reseda
2020-11-03,114.0,42,16,"CO,NO2,Ozone,PM2.5,SO2",PM2.5,Compton
2020-11-04,95.0,38,15,"CO,NO2,Ozone,PM2.5,SO2",PM2.5,Long Beach (South)
2020-11-05,78.0,42,16,"CO,NO2,Ozone,PM2.5,SO2",PM2.5,Long Beach-Route 710 Near Road
2020-11-06,59.0,43,16,"CO,NO2,Ozone,PM2.5,SO2",PM2.5,Long Beach-Route 710 Near Road
2020-11-07,44.0,43,16,"CO,NO2,Ozone,PM2.5,SO2",Ozone,Reseda
2020-11-08,57.0,49,17,"CO,NO2,Ozone,PM2.5,SO2",PM2.5,Pico Rivera #2
2020-11-09,57.0,44,16,"CO,NO2,Ozone,PM2.5,SO2",PM2.5,Long Beach-Route 710 Near Road
2020-11-10,63.0,43,16,"CO,NO2,Ozone,PM2.5,SO2",PM2.5,Long Beach-Route 710 Near Road
2020-11-11,70.0,48,17,"CO,NO2,Ozone,PM2.5,SO2",PM2.5,Compton
2020-11-12,83.0,45,16,"CO,NO2,Ozone,PM2.5,SO2",PM2.5,Long Beach-Route 710 Near Road
2020-11-13,78.0,41,16,"CO,NO2,Ozone,PM2.5,SO2",PM2.5,Long Beach-Route 710 Near Road
2020-11-14,76.0,50,17,"CO,NO2,Ozone,PM2.5,SO2",PM2.5,Compton
2020-11-15,85.0,46,16,"CO,NO2,Ozone,PM2.5,SO2",PM2.5,Long Beach-Route 710 Near Road
2020-11-16,62.0,46,16,"CO,NO2,Ozone,PM2.5,SO2",NO2,Long Beach-Route 710 Near Road
2020-11-17,67.0,48,16,"CO,NO2,Ozone,PM2.5,SO2",PM2.5,Long Beach-Route 710 Near Road
2020-11-18,57.0,44,16,"CO,NO2,Ozone,PM2.5,SO2",PM2.5,Los Angeles-North Main Street
2020-11-19,63.0,44,16,"CO,NO2,Ozone,PM2.5,SO2",PM2.5,Los Angeles-North Main Street
2020-11-20,88.0,51,17,"CO,NO2,Ozone,PM2.5,SO2",PM2.5,Pico Rivera #2
2020-11-21,95.0,46,16,"CO,NO2,Ozone,PM2.5,SO2",PM2.5,Compton
2020-11-22,103.0,45,16,"CO,NO2,Ozone,PM2.5,SO2",PM2.5,Compton
2020-11-23,86.0,50,17,"CO,NO2,Ozone,PM2.5,SO2",PM2.5,Los Angeles-North Main Street
2020-11-24,72.0,45,16,"CO,NO2,Ozone,PM2.5,SO2",PM2.5,Long Beach-Route 710 Near Road
2020-11-25,81.0,46,16,"CO,NO2,Ozone,PM2.5,SO2",PM2.5,Compton
2020-11-26,84.0,51,17,"CO,NO2,Ozone,PM2.5,SO2",PM2.5,Compton
2020-11-27,86.0,46,16,"CO,NO2,Ozone,PM2.5,SO2",PM2.5,Compton
2020-11-28,69.0,46,16,"CO,NO2,Ozone,PM2.5,SO2",PM2.5,Compton
2020-11-29,70.0,51,17,"CO,NO2,Ozone,PM2.5,SO2",PM2.5,Long Beach (South)
2020-11-30,79.0,47,16,"CO,NO2,Ozone,PM2.5,SO2",NO2,Long Beach-Route 710 Near Road
2020-12-01,83.0,46,16,"CO,NO2,Ozone,PM2.5,SO2",PM2.5,Long Beach-Route 710 Near Road
2020-12-02,94.0,48,17,"CO,NO2,Ozone,PM2.5,SO2",PM2.5,Long Beach-Route 710 Near Road
2020-12-03,109.0,45,16,"CO,NO2,Ozone,PM2.5,SO2",PM2.5,Long Beach (South)
2020-12-04,71.0,45,16,"CO,NO2,Ozone,PM2.5,SO2",PM2.5,Compton
2020-12-05,108.0,51,17,"CO,NO2,Ozone,PM2.5,SO2",PM2.5,Compton
2020-12-06,109.0,46,16,"CO,NO2,Ozone,PM2.5,SO2",PM2.5,Long Beach-Route 710 Near Road
2020-12-07,93.0,46,16,"CO,NO2,Ozone,PM2.5,SO2",PM2.5,Long Beach-Route 710 Near Road
2020-12-08,85.0,51,17,"CO,NO2,Ozone,PM2.5,SO2",NO2,Long Beach-Route 710 Near Road
2020-12-09,68.0,45,16,"CO,NO2,Ozone,PM2.5,SO2",PM2.5,Long Beach (South)
2020-12-10,72.0,45,16,"CO,NO2,Ozone,PM2.5,SO2",PM2.5,Compton
2020-12-11,83.0,50,17,"CO,NO2,Ozone,PM2.5,SO2",PM2.5,Compton
2020-12-12,97.0,46,16,"CO,NO2,Ozone,PM2.5,SO2",PM2.5,Compton
2020-12-13,76.0,46,16,"CO,NO2,Ozone,PM2.5,SO2",PM2.5,Long Beach (South)
2020-12-14,55.0,51,17,"CO,NO2,Ozone,PM2.5,SO2",PM2.5,Pico Rivera #2
2020-12-15,88.0,44,16,"CO,NO2,Ozone,PM2.5,SO2",PM2.5,Compton
2020-12-16,72.0,44,16,"CO,NO2,Ozone,PM2.5,SO2",PM2.5,Long Beach (South)
2020-12-17,74.0,49,17,"CO,NO2,Ozone,PM2.5,SO2",PM2.5,Long Beach-Route 710 Near Road
2020-12-18,90.0,46,16,"CO,NO2,Ozone,PM2.5,SO2",PM2.5,Compton
2020-12-19,84.0,47,16,"CO,NO2,Ozone,PM2.5,SO2",PM2.5,Compton
2020-12-20,85.0,50,17,"CO,NO2,Ozone,PM2.5,SO2",PM2.5,Compton
2020-12-21,65.0,45,16,"CO,NO2,Ozone,PM2.5,SO2",PM2.5,Long Beach-Route 710 Near Road
2020-12-22,77.0,47,16,"CO,NO2,Ozone,PM2.5,SO2",PM2.5,Compton
2020-12-23,95.0,49,17,"CO,NO2,Ozone,PM2.5,SO2",PM2.5,Compton
2020-12-24,61.0,45,16,"CO,NO2,Ozone,PM2.5,SO2",PM2.5,Long Beach (South)
2020-12-25,77.0,46,16,"CO,NO2,Ozone,PM2.5,SO2",PM2.5,Compton
2020-12-26,111.0,51,17,"CO,NO2,Ozone,PM2.5,SO2",PM2.5,Compton
2020-12-27,71.0,45,16,"CO,NO2,Ozone,PM2.5,SO2",PM2.5,Los Angeles-North Main Street
2020-12-28,54.0,44,16,"CO,NO2,Ozone,PM2.5,SO2",PM2.5,Compton
2020-12-29,67.0,51,17,"CO,NO2,Ozone,PM2.5,SO2",PM2.5,Compton
2020-12-30,79.0,45,16,"CO,NO2,Ozone,PM2.5,SO2",PM2.5,Compton
2020-12-31,120.0,46,16,"CO,NO2,Ozone,PM2.5,SO2",PM2.5,Compton
2021-01-01,184.0,52,17,"CO,NO2,Ozone,PM2.5,SO2",PM2.5,Compton
2021-01-02,75.0,47,16,"CO,NO2,Ozone,PM2.5,SO2",PM2.5,Long Beach-Route 710 Near Road
2021-01-03,74.0,47,16,"CO,NO2,Ozone,PM2.5,SO2",PM2.5,Long Beach-Route 710 Near Road
2021-01-04,77.0,51,17,"CO,NO2,Ozone,PM2.5,SO2",PM2.5,Pico Rivera #2
2021-01-05,84.0,46,16,"CO,NO2,Ozone,PM2.5,SO2",PM2.5,Los Angeles-North Main Street
2021-01-06,90.0,46,16,"CO,NO2,Ozone,PM2.5,SO2",PM2.5,Long Beach-Route 710 Near Road
2021-01-07,84.0,52,17,"CO,NO2,Ozone,PM2.5,SO2",PM2.5,Long Beach-Route 710 Near Road
2021-01-08,88.0,48,16,"CO,NO2,Ozone,PM2.5,SO2",PM2.5,Compton
2021-01-09,96.0,48,16,"CO,NO2,Ozone,PM2.5,SO2",PM2.5,Compton
2021-01-10,69.0,53,17,"CO,NO2,Ozone,PM2.5,SO2",PM2.5,Compton
2021-01-11,69.0,48,16,"CO,NO2,Ozone,PM2.5,SO2",PM2.5,Long Beach-Route 710 Near Road
2021-01-12,69.0,48,16,"CO,NO2,Ozone,PM2.5,SO2",PM2.5,Long Beach (South)
2021-01-13,77.0,49,17,"CO,NO2,Ozone,PM2.5,SO2",PM2.5,Long Beach (South)
2021-01-14,86.0,45,16,"CO,NO2,Ozone,PM2.5,SO2",PM2.5,Long Beach-Route 710 Near Road
2021-01-15,82.0,46,16,"CO,NO2,Ozone,PM2.5,SO2",PM2.5,Long Beach-Route 710 Near Road
2021-01-16,92.0,52,17,"CO,NO2,Ozone,PM2.5,SO2",PM2.5,Compton
2021-01-17,84.0,47,16,"CO,NO2,Ozone,PM2.5,SO2",PM2.5,Long Beach-Route 710 Near Road
2021-01-18,74.0,47,16,"CO,NO2,Ozone,PM2.5,SO2",PM2.5,Long Beach-Route 710 Near Road
2021-01-19,58.0,53,17,"CO,NO2,Ozone,PM2.5,SO2",PM2.5,Azusa
2021-01-20,49.0,48,16,"CO,NO2,Ozone,PM2.5,SO2",PM2.5,Long Beach-Route 710 Near Road
2021-01-21,58.0,48,16,"CO,NO2,Ozone,PM2.5,SO2",PM2.5,Long Beach-Route 710 Near Road
2021-01-22,53.0,53,17,"CO,NO2,Ozone,PM2.5,SO2",PM2.5,Pico Rivera #2
2021-01-23,48.0,47,16,"CO,NO2,Ozone,PM2.5,SO2",PM2.5,Long Beach-Route 710 Near Road
2021-01-24,62.0,47,16,"CO,NO2,Ozone,PM2.5,SO2",PM2.5,Long Beach-Route 710 Near Road
2021-01-25,42.0,52,17,"CO,NO2,Ozone,PM2.5,SO2",NO2,Long Beach-Route 710 Near Road
2021-01-26,51.0,47,16,"CO,NO2,Ozone,PM2.5,SO2",PM2.5,Long Beach-Route 710 Near Road
2021-01-27,43.0,44,16,"CO,NO2,Ozone,PM2.5,SO2",PM2.5,Long Beach (South)
2021-01-28,52.0,53,17,"CO,NO2,Ozone,PM2.5,SO2",PM2.5,Long Beach-Route 710 Near Road
2021-01-29,55.0,48,16,"CO,NO2,Ozone,PM2.5,SO2",PM2.5,Long Beach-Route 710 Near Road
2021-01-30,63.0,48,16,"CO,NO2,Ozone,PM2.5,SO2",PM2.5,Long Beach-Route 710 Near Road
2021-01-31,60.0,53,17,"CO,NO2,Ozone,PM2.5,SO2",PM2.5,Long Beach-Route 710 Near Road
2021-02-01,61.0,48,16,"CO,NO2,Ozone,PM2.5,SO2",NO2,Long Beach-Route 710 Near Road
2021-02-02,54.0,47,16,"CO,NO2,Ozone,PM2.5,SO2",PM2.5,Los Angeles-North Main Street
2021-02-03,56.0,51,17,"CO,NO2,Ozone,PM2.5,SO2",PM2.5,Compton
2021-02-04,61.0,49,16,"CO,NO2,Ozone,PM2.5,SO2",PM2.5,Los Angeles-North Main Street
2021-02-05,69.0,46,16,"CO,NO2,Ozone,PM2.5,SO2",PM2.5,Long Beach-Route 710 Near Road
2021-02-06,96.0,53,17,"CO,NO2,Ozone,PM2.5,SO2",PM2.5,Long Beach-Route 710 Near Road
2021-02-07,84.0,47,16,"CO,NO2,Ozone,PM2.5,SO2",PM2.5,Long Beach-Route 710 Near Road
2021-02-08,83.0,47,16,"CO,NO2,Ozone,PM2.5,SO2",PM2.5,Los Angeles-North Main Street
2021-02-09,73.0,53,17,"CO,NO2,Ozone,PM2.5,SO2",PM2.5,Reseda
2021-02-10,72.0,46,16,"CO,NO2,Ozone,PM2.5,SO2",PM2.5,Los Angeles-North Main Street
2021-02-11,84.0,43,15,"CO,NO2,Ozone,PM2.5,SO2",PM2.5,Long Beach-Route 710 Near Road
2021-02-12,53.0,51,17,"CO,NO2,Ozone,PM2.5,SO2",PM2.5,Pico Rivera #2
2021-02-13,53.0,47,16,"CO,NO2,Ozone,PM2.5,SO2",PM2.5,Long Beach-Route 710 Near Road
2021-02-14,43.0,47,16,"CO,NO2,Ozone,PM2.5,SO2",Ozone,Reseda
2021-02-15,55.0,52,17,"CO,NO2,Ozone,PM2.5,SO2",PM2.5,Compton
2021-02-16,57.0,45,16,"CO,NO2,Ozone,PM2.5,SO2",PM2.5,Long Beach-Route 710 Near Road
2021-02-17,57.0,45,15,"CO,NO2,Ozone,PM2.5,SO2",PM2.5,Long Beach-Route 710 Near Road
2021-02-18,61.0,52,17,"CO,NO2,Ozone,PM2.5,SO2",PM2.5,Long Beach-Route 710 Near Road
2021-02-19,63.0,44,15,"CO,NO2,Ozone,PM2.5,SO2",PM2.5,Long Beach-Route 710 Near Road
2021-02-20,63.0,49,16,"CO,NO2,Ozone,PM2.5,SO2",PM2.5,Long Beach-Route 710 Near Road
2021-02-21,64.0,53,17,"CO,NO2,Ozone,PM2.5,SO2",PM2.5,Long Beach-Route 710 Near Road
2021-02-22,60.0,48,16,"CO,NO2,Ozone,PM2.5,SO2",NO2,Long Beach-Route 710 Near Road
2021-02-23,63.0,47,16,"CO,NO2,Ozone,PM2.5,SO2",PM2.5,Long Beach-Route 710 Near Road
2021-02-24,60.0,50,17,"CO,NO2,Ozone,PM2.5,SO2",PM2.5,Pico Rivera #2
2021-02-25,61.0,44,15,"CO,NO2,Ozone,PM2.5,SO2",PM2.5,Long Beach-Route 710 Near Road
2021-02-26,66.0,47,16,"CO,NO2,Ozone,PM2.5,SO2",PM2.5,Long Beach-Route 710 Near Road
2021-02-27,70.0,54,17,"CO,NO2,Ozone,PM2.5,SO2",PM2.5,Long Beach-Route 710 Near Road
2021-02-28,58.0,49,16,"CO,NO2,Ozone,PM2.5,SO2",PM2.5,Compton
2021-03-01,64.0,49,16,"CO,NO2,Ozone,PM2.5,SO2",NO2,Long Beach-Route 710 Near Road
2021-03-02,60.0,53,17,"CO,NO2,Ozone,PM2.5,SO2",PM2.5,Long Beach-Route 710 Near Road
2021-03-03,57.0,49,16,"CO,NO2,Ozone,PM2.5,SO2",PM2.5,Long Beach-Route 710 Near Road
2021-03-04,59.0,49,16,"CO,NO2,Ozone,PM2.5,SO2",PM2.5,Long Beach-Route 710 Near Road
2021-03-05,68.0,54,17,"CO,NO2,Ozone,PM2.5,SO2",PM2.5,Long Beach-Route 710 Near Road
2021-03-06,56.0,49,16,"CO,NO2,Ozone,PM2.5,SO2",PM2.5,Los Angeles-North Main Street
2021-03-07,48.0,49,16,"CO,NO2,Ozone,PM2.5,SO2",PM2.5,Compton
2021-03-08,54.0,53,17,"CO,NO2,Ozone,PM2.5,SO2",PM2.5,Pico Rivera #2
2021-03-09,52.0,48,16,"CO,NO2,Ozone,PM2.5,SO2",PM2.5,Long Beach-Route 710 Near Road
2021-03-10,43.0,48,16,"CO,NO2,Ozone,PM2.5,SO2",Ozone,Reseda
2021-03-11,52.0,54,17,"CO,NO2,Ozone,PM2.5,SO2",NO2,Long Beach-Route 710 Near Road
2021-03-12,58.0,48,16,"CO,NO2,Ozone,PM2.5,SO2",PM2.5,Long Beach-Route 710 Near Road
2021-03-13,64.0,48,16,"CO,NO2,Ozone,PM2.5,SO2",PM2.5,Compton
2021-03-14,55.0,54,17,"CO,NO2,Ozone,PM2.5,SO2",PM2.5,Reseda
2021-03-15,42.0,49,16,"CO,NO2,Ozone,PM2.5,SO2",Ozone,Signal Hill (LBSH)
2021-03-16,49.0,49,16,"CO,NO2,Ozone,PM2.5,SO2",NO2,Long Beach-Route 710 Near Road
2021-03-17,58.0,52,17,"CO,NO2,Ozone,PM2.5,SO2",PM2.5,Long Beach-Route 710 Near Road
2021-03-18,64.0,48,16,"CO,NO2,Ozone,PM2.5,SO2",Ozone,Lancaster-Division Street
2021-03-19,51.0,44,16,"CO,NO2,Ozone,PM2.5,SO2",PM2.5,Los Angeles-North Main Street
2021-03-20,49.0,53,17,"CO,NO2,Ozone,PM2.5,SO2",PM2.5,Long Beach-Route 710 Near Road
2021-03-21,55.0,48,16,"CO,NO2,Ozone,PM2.5,SO2",PM2.5,Long Beach (South)
2021-03-22,56.0,48,16,"CO,NO2,Ozone,PM2.5,SO2",PM2.5,Long Beach (South)
2021-03-23,55.0,51,16,"CO,NO2,Ozone,PM2.5,SO2",PM2.5,Long Beach (South)
2021-03-24,56.0,45,15,"CO,NO2,Ozone,PM2.5,SO2",PM2.5,Long Beach-Route 710 Near Road
2021-03-25,55.0,47,16,"CO,NO2,Ozone,PM2.5,SO2",PM2.5,Long Beach (South)
2021-03-26,54.0,53,16,"CO,NO2,Ozone,PM2.5,SO2",PM2.5,Long Beach-Route 710 Near Road
2021-03-27,61.0,49,16,"CO,NO2,Ozone,PM2.5,SO2",PM2.5,Long Beach-Route 710 Near Road
2021-03-28,77.0,49,16,"CO,NO2,Ozone,PM2.5,SO2",Ozone,Pasadena
2021-03-29,67.0,54,17,"CO,NO2,Ozone,PM2.5,SO2",Ozone,Reseda
2021-03-30,67.0,43,15,"CO,NO2,Ozone,PM2.5,SO2",Ozone,Reseda
2021-03-31,74.0,48,16,"CO,NO2,Ozone,PM2.5,SO2",Ozone,North Hollywood (NOHO)
2021-04-01,80.0,54,17,"CO,NO2,Ozone,PM2.5,SO2",Ozone,Reseda
2021-04-02,93.0,49,16,"CO,NO2,Ozone,PM2.5,SO2",Ozone,Santa Clarita
2021-04-03,112.0,49,16,"CO,NO2,Ozone,PM2.5,SO2",Ozone,Glendora
2021-04-04,112.0,54,17,"CO,NO2,Ozone,PM2.5,SO2",Ozone,Glendora
2021-04-05,58.0,49,16,"CO,NO2,Ozone,PM2.5,SO2",PM2.5,Compton
2021-04-06,59.0,49,16,"CO,NO2,Ozone,PM2.5,SO2",PM2.5,Long Beach (South)
2021-04-07,87.0,54,17,"CO,NO2,Ozone,PM2.5,SO2",Ozone,Glendora
2021-04-08,64.0,49,16,"CO,NO2,Ozone,PM2.5,SO2",Ozone,Reseda
2021-04-09,80.0,49,16,"CO,NO2,Ozone,PM2.5,SO2",Ozone,Santa Clarita
2021-04-10,100.0,54,17,"CO,NO2,Ozone,PM2.5,SO2",Ozone,Glendora
2021-04-11,101.0,49,16,"CO,NO2,Ozone,PM2.5,SO2",Ozone,Santa Clarita
2021-04-12,71.0,49,16,"CO,NO2,Ozone,PM2.5,SO2",Ozone,Santa Clarita
2021-04-13,59.0,53,17,"CO,NO2,Ozone,PM2.5,SO2",PM2.5,Los Angeles-North Main Street
2021-04-14,56.0,49,16,"CO,NO2,Ozone,PM2.5,SO2",PM2.5,Los Angeles-North Main Street
2021-04-15,61.0,48,16,"CO,NO2,Ozone,PM2.5,SO2",PM2.5,Los Angeles-North Main Street
2021-04-16,71.0,50,16,"CO,NO2,Ozone,PM2.5,SO2",PM2.5,Long Beach (South)
2021-04-17,93.0,49,16,"CO,NO2,Ozone,PM2.5,SO2",Ozone,Pomona
2021-04-18,71.0,49,16,"CO,NO2,Ozone,PM2.5,SO2",Ozone,Signal Hill (LBSH)
2021-04-19,80.0,54,17,"CO,NO2,Ozone,PM2.5,SO2",Ozone,Reseda
2021-04-20,74.0,48,16,"CO,NO2,Ozone,PM2.5,SO2",Ozone,Lancaster-Division Street
2021-04-21,52.0,48,16,"CO,NO2,Ozone,PM2.5,SO2",PM2.5,Los Angeles-North Main Street
2021-04-22,52.0,53,17,"CO,NO2,Ozone,PM2.5,SO2",PM2.5,Azusa
2021-04-23,48.0,49,16,"CO,NO2,Ozone,PM2.5,SO2",PM2.5,Los Angeles-North Main Street
2021-04-24,53.0,49,16,"CO,NO2,Ozone,PM2.5,SO2",PM2.5,Long Beach (South)
2021-04-25,45.0,54,17,"CO,NO2,Ozone,PM2.5,SO2",Ozone,Glendora
2021-04-26,40.0,48,16,"CO,NO2,Ozone,PM2.5,SO2",Ozone,Los Angeles-North Main Street
2021-04-27,44.0,47,16,"CO,NO2,Ozone,PM2.5,SO2",Ozone,Reseda
2021-04-28,57.0,49,17,"CO,NO2,Ozone,PM2.5,SO2",PM2.5,Long Beach-Route 710 Near Road
2021-04-29,90.0,47,16,"CO,NO2,Ozone,PM2.5,SO2",Ozone,North Hollywood (NOHO)
2021-04-30,133.0,47,16,"CO,NO2,Ozone,PM2.5,SO2",Ozone,Pasadena
2021-05-01,90.0,50,17,"CO,NO2,Ozone,PM2.5,SO2",Ozone,Santa Clarita
2021-05-02,55.0,47,16,"CO,NO2,Ozone,PM2.5,SO2",PM2.5,Los Angeles-North Main Street
2021-05-03,61.0,46,16,"CO,NO2,Ozone,PM2.5,SO2",PM2.5,Los Angeles-North Main Street
2021-05-04,100.0,49,17,"CO,NO2,Ozone,PM2.5,SO2",Ozone,Reseda
2021-05-05,129.0,44,16,"CO,NO2,Ozone,PM2.5,SO2",Ozone,Santa Clarita
2021-05-06,84.0,41,14,"CO,NO2,Ozone,PM2.5,SO2",Ozone,Santa Clarita
2021-05-07,74.0,52,17,"CO,NO2,Ozone,PM2.5,SO2",Ozone,Santa Clarita
2021-05-08,90.0,47,16,"CO,NO2,Ozone,PM2.5,SO2",Ozone,Santa Clarita
2021-05-09,84.0,47,16,"CO,NO2,Ozone,PM2.5,SO2",Ozone,Santa Clarita
2021-05-10,58.0,52,17,"CO,NO2,Ozone,PM2.5,SO2",PM2.5,Los Angeles-North Main Street
2021-05-11,97.0,44,16,"CO,NO2,Ozone,PM2.5,SO2",Ozone,Santa Clarita
2021-05-12,97.0,44,15,"CO,NO2,Ozone,PM2.5,SO2",Ozone,Santa Clarita
2021-05-13,97.0,51,17,"CO,NO2,Ozone,PM2.5,SO2",Ozone,Santa Clarita
2021-05-14,80.0,49,16,"CO,NO2,Ozone,PM2.5,SO2",Ozone,Santa Clarita
2021-05-15,59.0,49,16,"CO,NO2,Ozone,PM2.5,SO2",PM2.5,Lancaster-Division Street
2021-05-16,60.0,52,17,"CO,NO2,Ozone,PM2.5,SO2",PM2.5,Reseda
2021-05-17,51.0,46,16,"CO,NO2,Ozone,PM2.5,SO2",Ozone,Santa Clarita
2021-05-18,74.0,46,15,"CO,NO2,Ozone,PM2.5,SO2",Ozone,Pomona
2021-05-19,84.0,46,17,"CO,NO2,Ozone,PM2.5,SO2",Ozone,Santa Clarita
2021-05-20,60.0,45,16,"CO,NO2,Ozone,PM2.5,SO2",PM2.5,Long Beach-Route 710 Near Road
2021-05-21,61.0,49,16,"CO,NO2,Ozone,PM2.5,SO2",PM2.5,Long Beach (South)
2021-05-22,57.0,54,17,"CO,NO2,Ozone,PM2.5,SO2",PM2.5,Long Beach (South)
2021-05-23,58.0,49,16,"CO,NO2,Ozone,PM2.5,SO2",PM2.5,Compton
2021-05-24,97.0,49,16,"CO,NO2,Ozone,PM2.5,SO2",Ozone,Pomona
2021-05-25,100.0,54,17,"CO,NO2,Ozone,PM2.5,SO2",Ozone,Glendora
2021-05-26,62.0,49,16,"CO,NO2,Ozone,PM2.5,SO2",PM2.5,Los Angeles-North Main Street
2021-05-27,90.0,49,16,"CO,NO2,Ozone,PM2.5,SO2",Ozone,Santa Clarita
2021-05-28,122.0,52,17,"CO,NO2,Ozone,PM2.5,SO2",Ozone,Santa Clarita
2021-05-29,71.0,49,16,"CO,NO2,Ozone,PM2.5,SO2",Ozone,Santa Clarita
2021-05-30,80.0,49,16,"CO,NO2,Ozone,PM2.5,SO2",Ozone,Santa Clarita
2021-05-31,101.0,54,17,"CO,NO2,Ozone,PM2.5,SO2",Ozone,Santa Clarita
2021-06-01,140.0,49,16,"CO,NO2,Ozone,PM2.5,SO2",Ozone,Santa Clarita
2021-06-02,161.0,49,16,"CO,NO2,Ozone,PM2.5,SO2",Ozone,Santa Clarita
2021-06-03,159.0,52,17,"CO,NO2,Ozone,PM2.5,SO2",Ozone,Santa Clarita
2021-06-04,108.0,49,16,"CO,NO2,Ozone,PM2.5,SO2",Ozone,Santa Clarita
2021-06-05,54.0,49,16,"CO,NO2,Ozone,PM2.5,SO2",Ozone,Glendora
2021-06-06,50.0,54,17,"CO,NO2,Ozone,PM2.5,SO2",Ozone,Santa Clarita
2021-06-07,40.0,49,16,"CO,NO2,Ozone,PM2.5,SO2",Ozone,Lancaster-Division Street
2021-06-08,58.0,49,16,"CO,NO2,Ozone,PM2.5,SO2",Ozone,Glendora
2021-06-09,54.0,54,17,"CO,NO2,Ozone,PM2.5,SO2",Ozone,Lancaster-Division Street
2021-06-10,52.0,48,16,"CO,NO2,Ozone,PM2.5,SO2",PM2.5,Long Beach-Route 710 Near Road
2021-06-11,119.0,48,16,"CO,NO2,Ozone,PM2.5,SO2",Ozone,Santa Clarita
2021-06-12,172.0,54,17,"CO,NO2,Ozone,PM2.5,SO2",Ozone,Santa Clarita
2021-06-13,143.0,49,16,"CO,NO2,Ozone,PM2.5,SO2",Ozone,Glendora
2021-06-14,97.0,49,16,"CO,NO2,Ozone,PM2.5,SO2",Ozone,Glendora
2021-06-15,129.0,51,16,"CO,NO2,Ozone,PM2.5,SO2",Ozone,Pomona
2021-06-16,169.0,46,15,"CO,NO2,Ozone,PM2.5,SO2",Ozone,Santa Clarita
2021-06-17,140.0,47,16,"CO,NO2,Ozone,PM2.5,SO2",Ozone,Santa Clarita
2021-06-18,159.0,53,17,"CO,NO2,Ozone,PM2.5,SO2",Ozone,Santa Clarita
2021-06-19,169.0,49,16,"CO,NO2,Ozone,PM2.5,SO2",Ozone,Santa Clarita
2021-06-20,129.0,49,16,"CO,NO2,Ozone,PM2.5,SO2",Ozone,Santa Clarita
2021-06-21,115.0,52,17,"CO,NO2,Ozone,PM2.5,SO2",Ozone,Glendora
2021-06-22,74.0,45,16,"CO,NO2,Ozone,PM2.5,SO2",Ozone,Glendora
2021-06-23,58.0,48,16,"CO,NO2,Ozone,PM2.5,SO2",Ozone,Santa Clarita
2021-06-24,44.0,53,17,"CO,NO2,Ozone,PM2.5,SO2",Ozone,Santa Clarita
2021-06-25,48.0,49,16,"CO,NO2,Ozone,PM2.5,SO2",Ozone,Glendora
2021-06-26,140.0,49,16,"CO,NO2,Ozone,PM2.5,SO2",Ozone,Santa Clarita
2021-06-27,177.0,54,17,"CO,NO2,Ozone,PM2.5,SO2",Ozone,Santa Clarita
2021-06-28,195.0,48,16,"CO,NO2,Ozone,PM2.5,SO2",Ozone,Santa Clarita
2021-06-29,108.0,48,16,"CO,NO2,Ozone,PM2.5,SO2",Ozone,Santa Clarita
2021-06-30,143.0,53,17,"CO,NO2,Ozone,PM2.5,SO2",Ozone,Santa Clarita
2021-07-01,112.0,48,16,"CO,NO2,Ozone,PM2.5,SO2",Ozone,Pomona
2021-07-02,108.0,47,16,"CO,NO2,Ozone,PM2.5,SO2",Ozone,Pomona
2021-07-03,119.0,52,17,"CO,NO2,Ozone,PM2.5,SO2",Ozone,Santa Clarita
2021-07-04,125.0,47,16,"CO,NO2,Ozone,PM2.5,SO2",PM2.5,Los Angeles-North Main Street
2021-07-05,126.0,46,16,"CO,NO2,Ozone,PM2.5,SO2",Ozone,Santa Clarita
2021-07-06,136.0,53,17,"CO,NO2,Ozone,PM2.5,SO2",Ozone,Santa Clarita
2021-07-07,187.0,48,16,"CO,NO2,Ozone,PM2.5,SO2",Ozone,Santa Clarita
2021-07-08,179.0,48,16,"CO,NO2,Ozone,PM2.5,SO2",Ozone,Santa Clarita
2021-07-09,185.0,53,17,"CO,NO2,Ozone,PM2.5,SO2",Ozone,Santa Clarita
2021-07-10,150.0,48,16,"CO,NO2,Ozone,PM2.5,SO2",Ozone,Santa Clarita
2021-07-11,115.0,48,16,"CO,NO2,Ozone,PM2.5,SO2",Ozone,Santa Clarita
2021-07-12,112.0,53,17,"CO,NO2,Ozone,PM2.5,SO2",Ozone,Santa Clarita
2021-07-13,119.0,45,15,"CO,NO2,Ozone,PM2.5,SO2",Ozone,Glendora
2021-07-14,90.0,48,16,"CO,NO2,Ozone,PM2.5,SO2",Ozone,Santa Clarita
2021-07-15,87.0,52,17,"CO,NO2,Ozone,PM2.5,SO2",Ozone,Santa Clarita
2021-07-16,100.0,47,16,"CO,NO2,Ozone,PM2.5,SO2",Ozone,Glendora
2021-07-17,119.0,47,16,"CO,NO2,Ozone,PM2.5,SO2",Ozone,Glendora
2021-07-18,136.0,52,17,"CO,NO2,Ozone,PM2.5,SO2",Ozone,Glendora
2021-07-19,115.0,47,16,"CO,NO2,Ozone,PM2.5,SO2",Ozone,Glendora
2021-07-20,97.0,47,16,"CO,NO2,Ozone,PM2.5,SO2",Ozone,Glendora
2021-07-21,119.0,53,17,"CO,NO2,Ozone,PM2.5,SO2",Ozone,Glendora
2021-07-22,68.0,46,16,"CO,NO2,Ozone,PM2.5,SO2",PM2.5,Los Angeles-North Main Street
2021-07-23,84.0,48,16,"CO,NO2,Ozone,PM2.5,SO2",Ozone,Santa Clarita
2021-07-24,100.0,53,17,"CO,NO2,Ozone,PM2.5,SO2",Ozone,Santa Clarita
2021-07-25,90.0,44,15,"CO,NO2,Ozone,PM2.5,SO2",Ozone,Santa Clarita
2021-07-26,58.0,48,16,"CO,NO2,Ozone,PM2.5,SO2",Ozone,Santa Clarita
2021-07-27,87.0,53,17,"CO,NO2,Ozone,PM2.5,SO2",Ozone,Glendora
2021-07-28,87.0,48,16,"CO,NO2,Ozone,PM2.5,SO2",Ozone,Santa Clarita
2021-07-29,84.0,47,16,"CO,NO2,Ozone,PM2.5,SO2",Ozone,Pomona
2021-07-30,87.0,53,17,"CO,NO2,Ozone,PM2.5,SO2",Ozone,Reseda
2021-07-31,100.0,48,16,"CO,NO2,Ozone,PM2.5,SO2",Ozone,Pomona
2021-08-01,115.0,48,16,"CO,NO2,Ozone,PM2.5,SO2",Ozone,Glendora
2021-08-02,112.0,53,17,"CO,NO2,Ozone,PM2.5,SO2",Ozone,Glendora
2021-08-03,154.0,48,16,"CO,NO2,Ozone,PM2.5,SO2",Ozone,Santa Clarita
2021-08-04,179.0,45,16,"CO,NO2,Ozone,PM2.5,SO2",Ozone,Santa Clarita
2021-08-05,179.0,50,17,"CO,NO2,Ozone,PM2.5,SO2",Ozone,Santa Clarita
2021-08-06,140.0,43,15,"CO,NO2,Ozone,PM2.5,SO2",Ozone,Santa Clarita
2021-08-07,129.0,46,16,"CO,NO2,Ozone,PM2.5,SO2",Ozone,Santa Clarita
2021-08-08,119.0,51,17,"CO,NO2,Ozone,PM2.5,SO2",Ozone,Glendora
2021-08-09,129.0,46,16,"CO,NO2,Ozone,PM2.5,SO2",Ozone,Santa Clarita
2021-08-10,143.0,46,16,"CO,NO2,Ozone,PM2.5,SO2",Ozone,Glendora
2021-08-11,90.0,52,17,"CO,NO2,Ozone,PM2.5,SO2",Ozone,Pomona
2021-08-12,80.0,46,15,"CO,NO2,Ozone,PM2.5,SO2",Ozone,Santa Clarita
2021-08-13,61.0,48,16,"CO,NO2,Ozone,PM2.5,SO2",Ozone,Santa Clarita
2021-08-14,101.0,53,17,"CO,NO2,Ozone,PM2.5,SO2",Ozone,Glendora
2021-08-15,164.0,48,16,"CO,NO2,Ozone,PM2.5,SO2",Ozone,Pomona
2021-08-16,122.0,48,16,"CO,NO2,Ozone,PM2.5,SO2",Ozone,Santa Clarita
2021-08-17,57.0,51,17,"CO,NO2,Ozone,PM2.5,SO2",PM2.5,Lancaster-Division Street
2021-08-18,55.0,46,16,"CO,NO2,Ozone,PM2.5,SO2",PM2.5,Lancaster-Division Street
2021-08-19,67.0,48,16,"CO,NO2,Ozone,PM2.5,SO2",PM2.5,Lancaster-Division Street
2021-08-20,84.0,53,17,"CO,NO2,Ozone,PM2.5,SO2",Ozone,Lancaster-Division Street
2021-08-21,52.0,48,16,"CO,NO2,Ozone,PM2.5,SO2",PM2.5,Long Beach (South)
2021-08-22,87.0,48,16,"CO,NO2,Ozone,PM2.5,SO2",Ozone,Pomona
2021-08-23,129.0,53,17,"CO,NO2,Ozone,PM2.5,SO2",Ozone,Lancaster-Division Street
2021-08-24,150.0,48,16,"CO,NO2,Ozone,PM2.5,SO2",Ozone,Santa Clarita
2021-08-25,166.0,48,16,"CO,NO2,Ozone,PM2.5,SO2",Ozone,Pomona
2021-08-26,159.0,50,16,"CO,NO2,Ozone,PM2.5,SO2",Ozone,Glendora
2021-08-27,154.0,47,16,"CO,NO2,Ozone,PM2.5,SO2",Ozone,Glendora
2021-08-28,177.0,46,16,"CO,NO2,Ozone,PM2.5,SO2",Ozone,Glendora
2021-08-29,166.0,53,17,"CO,NO2,Ozone,PM2.5,SO2",Ozone,Glendora
2021-08-30,136.0,48,16,"CO,NO2,Ozone,PM2.5,SO2",Ozone,Santa Clarita
2021-08-31,73.0,48,16,"CO,NO2,Ozone,PM2.5,SO2",PM2.5,Los Angeles-North Main Street
2021-09-01,63.0,53,17,"CO,NO2,Ozone,PM2.5,SO2",PM2.5,Long Beach-Route 710 Near Road
2021-09-02,101.0,48,16,"CO,NO2,Ozone,PM2.5,SO2",Ozone,Santa Clarita
2021-09-03,150.0,48,16,"CO,NO2,Ozone,PM2.5,SO2",Ozone,Pomona
2021-09-04,100.0,52,17,"CO,NO2,Ozone,PM2.5,SO2",Ozone,Glendora
2021-09-05,143.0,47,16,"CO,NO2,Ozone,PM2.5,SO2",Ozone,Glendora
2021-09-06,154.0,47,16,"CO,NO2,Ozone,PM2.5,SO2",Ozone,Santa Clarita
2021-09-07,150.0,51,17,"CO,NO2,Ozone,PM2.5,SO2",Ozone,Santa Clarita
2021-09-08,150.0,48,16,"CO,NO2,Ozone,PM2.5,SO2",Ozone,Glendora
2021-09-09,161.0,44,15,"CO,NO2,Ozone,PM2.5,SO2",Ozone,Glendora
2021-09-10,115.0,51,17,"CO,NO2,Ozone,PM2.5,SO2",Ozone,Pomona
2021-09-11,84.0,48,16,"CO,NO2,Ozone,PM2.5,SO2",Ozone,Glendora
2021-09-12,100.0,48,16,"CO,NO2,Ozone,PM2.5,SO2",Ozone,Glendora
2021-09-13,112.0,53,17,"CO,NO2,Ozone,PM2.5,SO2",Ozone,Pomona
2021-09-14,105.0,45,16,"CO,NO2,Ozone,PM2.5,SO2",Ozone,Santa Clarita
2021-09-15,105.0,48,16,"CO,NO2,Ozone,PM2.5,SO2",Ozone,Santa Clarita
2021-09-16,133.0,49,16,"CO,NO2,Ozone,PM2.5,SO2",Ozone,Santa Clarita
2021-09-17,100.0,44,15,"CO,NO2,Ozone,PM2.5,SO2",Ozone,Santa Clarita
2021-09-18,77.0,44,15,"CO,NO2,Ozone,PM2.5,SO2",Ozone,Pomona
2021-09-19,105.0,49,16,"CO,NO2,Ozone,PM2.5,SO2",Ozone,Santa Clarita
2021-09-20,115.0,44,15,"CO,NO2,Ozone,PM2.5,SO2",Ozone,Reseda
2021-09-21,119.0,44,15,"CO,NO2,Ozone,PM2.5,SO2",Ozone,Glendora
2021-09-22,61.0,44,16,"CO,NO2,Ozone,PM2.5,SO2",Ozone,Glendora
2021-09-23,94.0,41,15,"CO,NO2,Ozone,PM2.5,SO2",PM2.5,Lancaster-Division Street
2021-09-24,88.0,42,15,"CO,NO2,Ozone,PM2.5,SO2",PM2.5,Lancaster-Division Street
2021-09-25,87.0,49,16,"CO,NO2,Ozone,PM2.5,SO2",Ozone,Santa Clarita
2021-09-26,73.0,44,15,"CO,NO2,Ozone,PM2.5,SO2",PM2.5,Lancaster-Division Street
2021-09-27,52.0,44,15,"CO,NO2,Ozone,PM2.5,SO2",PM2.5,Los Angeles-North Main Street
2021-09-28,45.0,49,16,"CO,NO2,Ozone,PM2.5,SO2",NO2,Long Beach-Route 710 Near Road
2021-09-29,60.0,41,14,"CO,NO2,Ozone,PM2.5,SO2",PM2.5,Lancaster-Division Street
2021-09-30,80.0,43,15,"CO,NO2,Ozone,PM2.5,SO2",Ozone,Pasadena
2021-10-01,90.0,49,16,"CO,NO2,Ozone,PM2.5,SO2",Ozone,North Hollywood (NOHO)
2021-10-02,115.0,44,15,"CO,NO2,Ozone,PM2.5,SO2",Ozone,North Hollywood (NOHO)
2021-10-03,150.0,44,15,"CO,NO2,Ozone,PM2.5,SO2",Ozone,Los Angeles-North Main Street
2021-10-04,93.0,49,16,"CO,NO2,Ozone,PM2.5,SO2",Ozone,Reseda
2021-10-05,71.0,43,15,"CO,NO2,Ozone,PM2.5,SO2",Ozone,Reseda
2021-10-06,64.0,44,15,"CO,NO2,Ozone,PM2.5,SO2",Ozone,Santa Clarita
2021-10-07,53.0,47,16,"CO,NO2,Ozone,PM2.5,SO2",PM2.5,Los Angeles-North Main Street
2021-10-08,41.0,44,15,"CO,NO2,Ozone,PM2.5,SO2",NO2,Long Beach-Route 710 Near Road
2021-10-09,53.0,43,15,"CO,NO2,Ozone,PM2.5,SO2",PM2.5,Long Beach-Route 710 Near Road
2021-10-10,74.0,49,16,"CO,NO2,Ozone,PM2.5,SO2",Ozone,Pasadena
2021-10-11,101.0,44,15,"CO,NO2,Ozone,PM2.5,SO2",PM2.5,Lancaster-Division Street
2021-10-12,59.0,44,15,"CO,NO2,Ozone,PM2.5,SO2",PM2.5,Long Beach-Route 710 Near Road
2021-10-13,71.0,49,16,"CO,NO2,Ozone,PM2.5,SO2",PM2.5,Long Beach-Route 710 Near Road
2021-10-14,75.0,44,15,"CO,NO2,Ozone,PM2.5,SO2",PM2.5,Long Beach-Route 710 Near Road
2021-10-15,66.0,44,15,"CO,NO2,Ozone,PM2.5,SO2",PM2.5,Long Beach-Route 710 Near Road
2021-10-16,71.0,49,16,"CO,NO2,Ozone,PM2.5,SO2",Ozone,North Hollywood (NOHO)
2021-10-17,63.0,44,15,"CO,NO2,Ozone,PM2.5,SO2",PM2.5,Long Beach-Route 710 Near Road
2021-10-18,49.0,44,15,"CO,NO2,Ozone,PM2.5,SO2",PM2.5,Long Beach (South)
2021-10-19,49.0,49,16,"CO,NO2,Ozone,PM2.5,SO2",NO2,Long Beach-Route 710 Near Road
2021-10-20,61.0,43,15,"CO,NO2,Ozone,PM2.5,SO2",PM2.5,Long Beach-Route 710 Near Road
2021-10-21,93.0,44,15,"CO,NO2,Ozone,PM2.5,SO2",Ozone,Reseda
2021-10-22,61.0,48,16,"CO,NO2,Ozone,PM2.5,SO2",PM2.5,Azusa
2021-10-23,44.0,44,15,"CO,NO2,Ozone,PM2.5,SO2",PM2.5,Los Angeles-North Main Street
2021-10-24,43.0,44,15,"CO,NO2,Ozone,PM2.5,SO2",Ozone,Pasadena
2021-10-25,44.0,49,16,"CO,NO2,Ozone,PM2.5,SO2",PM2.5,Azusa
2021-10-26,60.0,44,15,"CO,NO2,Ozone,PM2.5,SO2",PM2.5,Long Beach-Route 710 Near Road
2021-10-27,66.0,43,15,"CO,NO2,Ozone,PM2.5,SO2",NO2,Long Beach-Route 710 Near Road
2021-10-28,81.0,46,15,"CO,NO2,Ozone,PM2.5,SO2",NO2,Long Beach-Route 710 Near Road
2021-10-29,61.0,44,15,"CO,NO2,Ozone,PM2.5,SO2",PM2.5,Long Beach-Route 710 Near Road
2021-10-30,77.0,44,15,"CO,NO2,Ozone,PM2.5,SO2",PM2.5,Los Angeles-North Main Street
2021-10-31,80.0,49,16,"CO,NO2,Ozone,PM2.5,SO2",PM2.5,Pasadena
2021-11-01,77.0,44,15,"CO,NO2,Ozone,PM2.5,SO2",PM2.5,Los Angeles-North Main Street
2021-11-02,71.0,43,15,"CO,NO2,Ozone,PM2.5,SO2",PM2.5,Los Angeles-North Main Street
2021-11-03,80.0,49,16,"CO,NO2,Ozone,PM2.5,SO2",PM2.5,Compton
2021-11-04,104.0,43,15,"CO,NO2,Ozone,PM2.5,SO2",PM2.5,Compton
2021-11-05,123.0,41,15,"CO,NO2,Ozone,PM2.5,SO2",PM2.5,Los Angeles-North Main Street
2021-11-06,158.0,49,16,"CO,NO2,Ozone,PM2.5,SO2",PM2.5,Pico Rivera #2
2021-11-07,149.0,44,15,"CO,NO2,Ozone,PM2.5,SO2",PM2.5,Los Angeles-North Main Street
2021-11-08,87.0,44,15,"CO,NO2,Ozone,PM2.5,SO2",PM2.5,Los Angeles-North Main Street
2021-11-09,67.0,48,16,"CO,NO2,Ozone,PM2.5,SO2",PM2.5,Pico Rivera #2
2021-11-10,76.0,43,15,"CO,NO2,Ozone,PM2.5,SO2",PM2.5,Los Angeles-North Main Street
2021-11-11,75.0,44,15,"CO,NO2,Ozone,PM2.5,SO2",PM2.5,Long Beach-Route 710 Near Road
2021-11-12,89.0,48,16,"CO,NO2,Ozone,PM2.5,SO2",NO2,Long Beach-Route 710 Near Road
2021-11-13,62.0,44,15,"CO,NO2,Ozone,PM2.5,SO2",PM2.5,Long Beach (South)
2021-11-14,85.0,44,15,"CO,NO2,Ozone,PM2.5,SO2",PM2.5,Long Beach-Route 710 Near Road
2021-11-15,85.0,48,16,"CO,NO2,Ozone,PM2.5,SO2",NO2,Long Beach-Route 710 Near Road
2021-11-16,93.0,43,15,"CO,NO2,Ozone,PM2.5,SO2",PM2.5,Los Angeles-North Main Street
2021-11-17,87.0,39,14,"CO,NO2,Ozone,PM2.5,SO2",PM2.5,Los Angeles-North Main Street
2021-11-18,94.0,46,16,"CO,NO2,Ozone,PM2.5,SO2",PM2.5,Azusa
2021-11-19,121.0,41,15,"CO,NO2,Ozone,PM2.5,SO2",PM2.5,Los Angeles-North Main Street
2021-11-20,146.0,43,15,"CO,NO2,Ozone,PM2.5,SO2",PM2.5,Compton
2021-11-21,82.0,47,16,"CO,NO2,Ozone,PM2.5,SO2",PM2.5,Long Beach (South)
2021-11-22,67.0,42,15,"CO,NO2,Ozone,PM2.5,SO2",NO2,Long Beach-Route 710 Near Road
2021-11-23,53.0,43,15,"CO,NO2,Ozone,PM2.5,SO2",PM2.5,Compton
2021-11-24,64.0,48,16,"CO,NO2,Ozone,PM2.5,SO2",PM2.5,Long Beach-Route 710 Near Road
2021-11-25,67.0,43,15,"CO,NO2,Ozone,PM2.5,SO2",PM2.5,Compton
2021-11-26,65.0,43,15,"CO,NO2,Ozone,PM2.5,SO2",PM2.5,Long Beach-Route 710 Near Road
2021-11-27,79.0,48,16,"CO,NO2,Ozone,PM2.5,SO2",PM2.5,Compton
2021-11-28,81.0,43,15,"CO,NO2,Ozone,PM2.5,SO2",PM2.5,Long Beach-Route 710 Near Road
2021-11-29,86.0,44,15,"CO,NO2,Ozone,PM2.5,SO2",PM2.5,Compton
2021-11-30,108.0,47,16,"CO,NO2,Ozone,PM2.5,SO2",PM2.5,Los Angeles-North Main Street
2021-12-01,125.0,40,15,"CO,NO2,Ozone,PM2.5,SO2",PM2.5,Los Angeles-North Main Street
2021-12-02,124.0,42,15,"CO,NO2,Ozone,PM2.5,SO2",PM2.5,Los Angeles-North Main Street
2021-12-03,155.0,46,15,"CO,NO2,Ozone,PM2.5,SO2",PM2.5,Pico Rivera #2
2021-12-04,134.0,44,15,"CO,NO2,Ozone,PM2.5,SO2",PM2.5,Los Angeles-North Main Street
2021-12-05,130.0,44,15,"CO,NO2,Ozone,PM2.5,SO2",PM2.5,Los Angeles-North Main Street
2021-12-06,133.0,48,16,"CO,NO2,Ozone,PM2.5,SO2",PM2.5,Pico Rivera #2
2021-12-07,77.0,42,15,"CO,NO2,Ozone,PM2.5,SO2",PM2.5,Compton
2021-12-08,78.0,42,15,"CO,NO2,Ozone,PM2.5,SO2",PM2.5,Long Beach-Route 710 Near Road
2021-12-09,72.0,47,16,"CO,NO2,Ozone,PM2.5,SO2",PM2.5,Long Beach (North)
2021-12-10,63.0,42,15,"CO,NO2,Ozone,PM2.5,SO2",PM2.5,Compton
2021-12-11,68.0,44,15,"CO,NO2,Ozone,PM2.5,SO2",PM2.5,Compton
2021-12-12,89.0,48,16,"CO,NO2,Ozone,PM2.5,SO2",PM2.5,Long Beach-Route 710 Near Road
2021-12-13,64.0,44,15,"CO,NO2,Ozone,PM2.5,SO2",PM2.5,Los Angeles-North Main Street
2021-12-14,51.0,41,15,"CO,NO2,Ozone,PM2.5,SO2",NO2,Long Beach-Route 710 Near Road
2021-12-15,65.0,45,16,"CO,NO2,Ozone,PM2.5,SO2",PM2.5,Long Beach-Route 710 Near Road
2021-12-16,67.0,41,15,"CO,NO2,Ozone,PM2.5,SO2",PM2.5,Long Beach (South)
2021-12-17,71.0,44,15,"CO,NO2,Ozone,PM2.5,SO2",PM2.5,Long Beach-Route 710 Near Road
2021-12-18,74.0,49,16,"CO,NO2,Ozone,PM2.5,SO2",PM2.5,Compton
2021-12-19,97.0,44,15,"CO,NO2,Ozone,PM2.5,SO2",PM2.5,Compton
2021-12-20,120.0,44,15,"CO,NO2,Ozone,PM2.5,SO2",PM2.5,Compton
2021-12-21,93.0,48,16,"CO,NO2,Ozone,PM2.5,SO2",PM2.5,Compton
2021-12-22,95.0,43,15,"CO,NO2,Ozone,PM2.5,SO2",PM2.5,Compton
2021-12-23,59.0,44,15,"CO,NO2,Ozone,PM2.5,SO2",PM2.5,Compton
2021-12-24,61.0,49,16,"CO,NO2,Ozone,PM2.5,SO2",PM2.5,Compton
2021-12-25,57.0,44,15,"CO,NO2,Ozone,PM2.5,SO2",PM2.5,Compton
2021-12-26,39.0,44,15,"CO,NO2,Ozone,PM2.5,SO2",PM2.5,Compton
2021-12-27,54.0,49,16,"CO,NO2,Ozone,PM2.5,SO2",PM2.5,Reseda
2021-12-28,52.0,44,15,"CO,NO2,Ozone,PM2.5,SO2",PM2.5,Long Beach-Route 710 Near Road
2021-12-29,39.0,44,15,"CO,NO2,Ozone,PM2.5,SO2",NO2,Long Beach-Route 710 Near Road
2021-12-30,42.0,49,16,"CO,NO2,Ozone,PM2.5,SO2",NO2,Long Beach-Route 710 Near Road
2021-12-31,82.0,44,15,"CO,NO2,Ozone,PM2.5,SO2",PM2.5,Compton
2022-01-01,105.0,42,15,"CO,NO2,Ozone,PM2.5,SO2",PM2.5,Compton
2022-01-02,56.0,48,16,"CO,NO2,Ozone,PM2.5,SO2",PM2.5,Lancaster-Division Street
2022-01-03,60.0,43,15,"CO,NO2,Ozone,PM2.5,SO2",PM2.5,Compton
2022-01-04,75.0,43,15,"CO,NO2,Ozone,PM2.5,SO2",PM2.5,Compton
2022-01-05,95.0,47,15,"CO,NO2,Ozone,PM2.5,SO2",PM2.5,Compton
2022-01-06,104.0,43,15,"CO,NO2,Ozone,PM2.5,SO2",PM2.5,Compton
2022-01-07,97.0,42,15,"CO,NO2,Ozone,PM2.5,SO2",PM2.5,Los Angeles-North Main Street
2022-01-08,80.0,48,16,"CO,NO2,Ozone,PM2.5,SO2",PM2.5,Compton
2022-01-09,80.0,43,15,"CO,NO2,Ozone,PM2.5,SO2",PM2.5,Long Beach (South)
2022-01-10,66.0,43,15,"CO,NO2,Ozone,PM2.5,SO2",NO2,Long Beach-Route 710 Near Road
2022-01-11,78.0,48,16,"CO,NO2,Ozone,PM2.5,SO2",NO2,Long Beach-Route 710 Near Road
2022-01-12,71.0,42,15,"CO,NO2,Ozone,PM2.5,SO2",NO2,Long Beach-Route 710 Near Road
2022-01-13,77.0,43,15,"CO,NO2,Ozone,PM2.5,SO2",PM2.5,Compton
2022-01-14,89.0,48,16,"CO,NO2,Ozone,PM2.5,SO2",NO2,Long Beach-Route 710 Near Road
2022-01-15,74.0,43,15,"CO,NO2,Ozone,PM2.5,SO2",PM2.5,Long Beach (South)
2022-01-16,56.0,43,15,"CO,NO2,Ozone,PM2.5,SO2",PM2.5,Long Beach (South)
2022-01-17,65.0,48,16,"CO,NO2,Ozone,PM2.5,SO2",PM2.5,Pico Rivera #2
2022-01-18,62.0,43,15,"CO,NO2,Ozone,PM2.5,SO2",PM2.5,Los Angeles-North Main Street
2022-01-19,77.0,43,15,"CO,NO2,Ozone,PM2.5,SO2",PM2.5,Compton
2022-01-20,65.0,46,16,"CO,NO2,Ozone,PM2.5,SO2",NO2,Long Beach-Route 710 Near Road
2022-01-21,62.0,43,15,"CO,NO2,Ozone,PM2.5,SO2",PM2.5,Long Beach (South)
2022-01-22,55.0,43,15,"CO,NO2,Ozone,PM2.5,SO2",PM2.5,Compton
2022-01-23,75.0,47,16,"CO,NO2,Ozone,PM2.5,SO2",PM2.5,Compton
2022-01-24,63.0,43,15,"CO,NO2,Ozone,PM2.5,SO2",PM2.5,Compton
2022-01-25,69.0,43,15,"CO,NO2,Ozone,PM2.5,SO2",PM2.5,Compton
2022-01-26,69.0,48,16,"CO,NO2,Ozone,PM2.5,SO2",PM2.5,Compton
2022-01-27,65.0,41,15,"CO,NO2,Ozone,PM2.5,SO2",NO2,Long Beach-Route 710 Near Road
2022-01-28,71.0,43,15,"CO,NO2,Ozone,PM2.5,SO2",NO2,Long Beach-Route 710 Near Road
2022-01-29,57.0,48,16,"CO,NO2,Ozone,PM2.5,SO2",PM2.5,Long Beach (South)
2022-01-30,81.0,43,15,"CO,NO2,Ozone,PM2.5,SO2",PM2.5,Compton
2022-01-31,77.0,43,15,"CO,NO2,Ozone,PM2.5,SO2",PM2.5,Los Angeles-North Main Street
2022-02-01,79.0,48,16,"CO,NO2,Ozone,PM2.5,SO2",PM2.5,Compton
2022-02-02,65.0,43,15,"CO,NO2,Ozone,PM2.5,SO2",PM2.5,Long Beach (South)
2022-02-03,65.0,43,15,"CO,NO2,Ozone,PM2.5,SO2",PM2.5,Long Beach (South)
2022-02-04,71.0,48,16,"CO,NO2,Ozone,PM2.5,SO2",NO2,Long Beach-Route 710 Near Road
2022-02-05,57.0,43,15,"CO,NO2,Ozone,PM2.5,SO2",PM2.5,Compton
2022-02-06,79.0,43,15,"CO,NO2,Ozone,PM2.5,SO2",PM2.5,Compton
2022-02-07,79.0,48,16,"CO,NO2,Ozone,PM2.5,SO2",NO2,Long Beach-Route 710 Near Road
2022-02-08,69.0,41,15,"CO,NO2,Ozone,PM2.5,SO2",NO2,Long Beach-Route 710 Near Road
2022-02-09,95.0,41,15,"CO,NO2,Ozone,PM2.5,SO2",NO2,Long Beach-Route 710 Near Road
2022-02-10,71.0,45,15,"CO,NO2,Ozone,PM2.5,SO2",NO2,Long Beach-Route 710 Near Road
2022-02-11,65.0,43,15,"CO,NO2,Ozone,PM2.5,SO2",NO2,Long Beach-Route 710 Near Road
2022-02-12,65.0,43,15,"CO,NO2,Ozone,PM2.5,SO2",PM2.5,Compton
2022-02-13,65.0,48,16,"CO,NO2,Ozone,PM2.5,SO2",PM2.5,Compton
2022-02-14,75.0,43,15,"CO,NO2,Ozone,PM2.5,SO2",PM2.5,Compton
2022-02-15,57.0,43,15,"CO,NO2,Ozone,PM2.5,SO2",NO2,Long Beach-Route 710 Near Road
2022-02-16,54.0,48,16,"CO,NO2,Ozone,PM2.5,SO2",PM2.5,Long Beach (South)
2022-02-17,55.0,40,14,"CO,NO2,Ozone,PM2.5,SO2",NO2,Long Beach-Route 710 Near Road
2022-02-18,60.0,41,15,"CO,NO2,Ozone,PM2.5,SO2",NO2,Long Beach-Route 710 Near Road
2022-02-19,64.0,48,16,"CO,NO2,Ozone,PM2.5,SO2",PM2.5,Long Beach (South)
2022-02-20,73.0,43,15,"CO,NO2,Ozone,PM2.5,SO2",PM2.5,Compton
2022-02-21,55.0,43,15,"CO,NO2,Ozone,PM2.5,SO2",PM2.5,Long Beach-Route 710 Near Road
2022-02-22,42.0,46,16,"CO,NO2,Ozone,PM2.5,SO2",Ozone,Lancaster-Division Street
2022-02-23,47.0,40,14,"CO,NO2,Ozone,PM2.5,SO2",NO2,Long Beach-Route 710 Near Road
2022-02-24,55.0,37,14,"CO,NO2,Ozone,PM2.5,SO2",NO2,Long Beach-Route 710 Near Road
2022-02-25,59.0,48,16,"CO,NO2,Ozone,PM2.5,SO2",PM2.5,Long Beach (South)
2022-02-26,62.0,43,15,"CO,NO2,Ozone,PM2.5,SO2",PM2.5,Compton
2022-02-27,58.0,43,15,"CO,NO2,Ozone,PM2.5,SO2",PM2.5,Long Beach (South)
2022-02-28,76.0,48,16,"CO,NO2,Ozone,PM2.5,SO2",NO2,Long Beach-Route 710 Near Road
2022-03-01,85.0,41,15,"CO,NO2,Ozone,PM2.5,SO2",NO2,Long Beach-Route 710 Near Road
2022-03-02,65.0,42,15,"CO,NO2,Ozone,PM2.5,SO2",NO2,Long Beach-Route 710 Near Road
2022-03-03,67.0,45,16,"CO,NO2,Ozone,PM2.5,SO2",PM2.5,Los Angeles-North Main Street
2022-03-04,39.0,42,15,"CO,NO2,Ozone,PM2.5,SO2",PM2.5,Los Angeles-North Main Street
2022-03-05,43.0,40,14,"CO,NO2,Ozone,PM2.5,SO2",Ozone,Reseda
2022-03-06,52.0,46,16,"CO,NO2,Ozone,PM2.5,SO2",PM2.5,Long Beach (South)
2022-03-07,58.0,42,15,"CO,NO2,Ozone,PM2.5,SO2",PM2.5,Long Beach (South)
2022-03-08,56.0,42,15,"CO,NO2,Ozone,PM2.5,SO2",NO2,Long Beach-Route 710 Near Road
2022-03-09,55.0,47,16,"CO,NO2,Ozone,PM2.5,SO2",PM2.5,Long Beach (South)
2022-03-10,60.0,41,15,"CO,NO2,Ozone,PM2.5,SO2",PM2.5,Los Angeles-North Main Street
2022-03-11,60.0,43,15,"CO,NO2,Ozone,PM2.5,SO2",NO2,Long Beach-Route 710 Near Road
2022-03-12,58.0,48,16,"CO,NO2,Ozone,PM2.5,SO2",PM2.5,Long Beach (South)
2022-03-13,64.0,42,15,"CO,NO2,Ozone,PM2.5,SO2",Ozone,Pomona
2022-03-14,58.0,42,15,"CO,NO2,Ozone,PM2.5,SO2",Ozone,Reseda
2022-03-15,61.0,42,16,"CO,NO2,Ozone,PM2.5,SO2",PM2.5,Los Angeles-North Main Street
2022-03-16,55.0,38,14,"CO,NO2,Ozone,PM2.5,SO2",PM2.5,Long Beach (South)
2022-03-17,58.0,39,14,"CO,NO2,Ozone,PM2.5,SO2",PM2.5,Los Angeles-North Main Street
2022-03-18,65.0,45,16,"CO,NO2,Ozone,PM2.5,SO2",PM2.5,Long Beach (South)
2022-03-19,61.0,40,14,"CO,NO2,Ozone,PM2.5,SO2",PM2.5,Los Angeles-North Main Street
2022-03-20,43.0,40,14,"CO,NO2,Ozone,PM2.5,SO2",Ozone,Reseda
2022-03-21,61.0,45,16,"CO,NO2,Ozone,PM2.5,SO2",PM2.5,Los Angeles-North Main Street
2022-03-22,67.0,39,14,"CO,NO2,Ozone,PM2.5,SO2",NO2,Long Beach-Route 710 Near Road
2022-03-23,58.0,39,14,"CO,NO2,Ozone,PM2.5,SO2",NO2,Long Beach-Route 710 Near Road
2022-03-24,74.0,44,16,"CO,NO2,Ozone,PM2.5,SO2",Ozone,Glendora
2022-03-25,74.0,43,15,"CO,NO2,Ozone,PM2.5,SO2",Ozone,Lancaster-Division Street
2022-03-26,69.0,43,15,"CO,NO2,Ozone,PM2.5,SO2",PM2.5,Los Angeles-North Main Street
2022-03-27,53.0,48,16,"CO,NO2,Ozone,PM2.5,SO2",PM2.5,Los Angeles-North Main Street
2022-03-28,46.0,43,15,"CO,NO2,Ozone,PM2.5,SO2",NO2,Long Beach-Route 710 Near Road
2022-03-29,51.0,43,15,"CO,NO2,Ozone,PM2.5,SO2",PM2.5,Los Angeles-North Main Street
2022-03-30,56.0,47,16,"CO,NO2,Ozone,PM2.5,SO2",PM2.5,Los Angeles-North Main Street
2022-03-31,57.0,43,15,"CO,NO2,Ozone,PM2.5,SO2",PM2.5,Los Angeles-North Main Street
2022-04-01,60.0,44,15,"CO,NO2,Ozone,PM2.5,SO2",PM2.5,Los Angeles-North Main Street
2022-04-02,66.0,48,16,"CO,NO2,Ozone,PM2.5,SO2",PM2.5,Azusa
2022-04-03,55.0,43,15,"CO,NO2,Ozone,PM2.5,SO2",PM2.5,Los Angeles-North Main Street
2022-04-04,64.0,43,15,"CO,NO2,Ozone,PM2.5,SO2",PM2.5,Los Angeles-North Main Street
2022-04-05,80.0,45,16,"CO,NO2,Ozone,PM2.5,SO2",Ozone,Pomona
2022-04-06,112.0,43,15,"CO,NO2,Ozone,PM2.5,SO2",Ozone,Glendora
2022-04-07,129.0,43,15,"CO,NO2,Ozone,PM2.5,SO2",Ozone,Glendora
2022-04-08,77.0,48,16,"CO,NO2,Ozone,PM2.5,SO2",Ozone,Glendora
2022-04-09,115.0,44,15,"CO,NO2,Ozone,PM2.5,SO2",Ozone,Santa Clarita
2022-04-10,73.0,44,15,"CO,NO2,Ozone,PM2.5,SO2",PM2.5,Los Angeles-North Main Street
2022-04-11,63.0,49,16,"CO,NO2,Ozone,PM2.5,SO2",PM2.5,Los Angeles-North Main Street
2022-04-12,49.0,44,15,"CO,NO2,Ozone,PM2.5,SO2",PM2.5,Long Beach (South)
2022-04-13,58.0,44,15,"CO,NO2,Ozone,PM2.5,SO2",Ozone,Santa Clarita
2022-04-14,61.0,44,15,"CO,NO2,Ozone,PM2.5,SO2",Ozone,Pomona
2022-04-15,54.0,44,15,"CO,NO2,Ozone,PM2.5,SO2",PM2.5,Los Angeles-North Main Street
2022-04-16,38.0,44,15,"CO,NO2,Ozone,PM2.5,SO2",PM2.5,Los Angeles-North Main Street
2022-04-17,61.0,49,16,"CO,NO2,Ozone,PM2.5,SO2",Ozone,Pomona
2022-04-18,74.0,41,14,"CO,NO2,Ozone,PM2.5,SO2",Ozone,Glendora
2022-04-19,53.0,43,15,"CO,NO2,Ozone,PM2.5,SO2",PM2.5,Los Angeles-North Main Street
2022-04-20,49.0,48,16,"CO,NO2,Ozone,PM2.5,SO2",Ozone,Lancaster-Division Street
2022-04-21,43.0,40,14,"CO,NO2,Ozone,PM2.5,SO2",Ozone,Pomona
2022-04-22,44.0,43,15,"CO,NO2,Ozone,PM2.5,SO2",Ozone,Pomona
2022-04-23,55.0,49,16,"CO,NO2,Ozone,PM2.5,SO2",PM2.5,Los Angeles-North Main Street
2022-04-24,61.0,44,15,"CO,NO2,Ozone,PM2.5,SO2",Ozone,Pomona
2022-04-25,87.0,44,15,"CO,NO2,Ozone,PM2.5,SO2",Ozone,North Hollywood (NOHO)
2022-04-26,100.0,49,16,"CO,NO2,Ozone,PM2.5,SO2",Ozone,Lancaster-Division Street
2022-04-27,97.0,44,15,"CO,NO2,Ozone,PM2.5,SO2",Ozone,Lancaster-Division Street
2022-04-28,80.0,44,15,"CO,NO2,Ozone,PM2.5,SO2",Ozone,Lancaster-Division Street
2022-04-29,90.0,48,15,"CO,NO2,Ozone,PM2.5,SO2",Ozone,Pomona
2022-04-30,129.0,44,15,"CO,NO2,Ozone,PM2.5,SO2",Ozone,Pomona
2022-05-01,93.0,43,14,"CO,NO2,Ozone,PM2.5,SO2",Ozone,Glendora
2022-05-02,74.0,48,15,"CO,NO2,Ozone,PM2.5,SO2",Ozone,Lancaster-Division Street
2022-05-03,71.0,43,14,"CO,NO2,Ozone,PM2.5,SO2",Ozone,Santa Clarita
2022-05-04,101.0,43,14,"CO,NO2,Ozone,PM2.5,SO2",Ozone,Glendora
2022-05-05,108.0,45,15,"CO,NO2,Ozone,PM2.5,SO2",Ozone,Lancaster-Division Street
2022-05-06,108.0,43,14,"CO,NO2,Ozone,PM2.5,SO2",Ozone,Glendora
2022-05-07,80.0,44,14,"CO,NO2,Ozone,PM2.5,SO2",Ozone,Santa Clarita
2022-05-08,56.0,48,15,"CO,NO2,Ozone,PM2.5,SO2",PM2.5,Los Angeles-North Main Street
2022-05-09,55.0,43,14,"CO,NO2,Ozone,PM2.5,SO2",PM2.5,Los Angeles-North Main Street
2022-05-10,52.0,43,14,"CO,NO2,Ozone,PM2.5,SO2",PM2.5,Los Angeles-North Main Street
2022-05-11,47.0,44,15,"CO,NO2,Ozone,PM2.5,SO2",NO2,Long Beach-Route 710 Near Road
2022-05-12,74.0,42,14,"CO,NO2,Ozone,PM2.5,SO2",Ozone,Glendora
2022-05-13,101.0,42,14,"CO,NO2,Ozone,PM2.5,SO2",Ozone,North Hollywood (NOHO)
2022-05-14,192.0,48,15,"CO,NO2,Ozone,PM2.5,SO2",Ozone,Pasadena
2022-05-15,133.0,43,14,"CO,NO2,Ozone,PM2.5,SO2",Ozone,Santa Clarita
2022-05-16,84.0,43,14,"CO,NO2,Ozone,PM2.5,SO2",Ozone,Santa Clarita
2022-05-17,74.0,47,15,"CO,NO2,Ozone,PM2.5,SO2",Ozone,Santa Clarita
2022-05-18,119.0,39,14,"CO,NO2,Ozone,PM2.5,SO2",Ozone,Santa Clarita
2022-05-19,77.0,38,14,"CO,NO2,Ozone,PM2.5,SO2",Ozone,Santa Clarita
2022-05-20,64.0,45,14,"CO,NO2,Ozone,PM2.5,SO2",Ozone,Lancaster-Division Street
2022-05-21,64.0,42,14,"CO,NO2,Ozone,PM2.5,SO2",Ozone,Lancaster-Division Street
2022-05-22,84.0,42,14,"CO,NO2,Ozone,PM2.5,SO2",Ozone,Lancaster-Division Street
2022-05-23,93.0,45,14,"CO,NO2,Ozone,PM2.5,SO2",Ozone,Santa Clarita
2022-05-24,154.0,42,14,"CO,NO2,Ozone,PM2.5,SO2",Ozone,Santa Clarita
2022-05-25,179.0,42,14,"CO,NO2,Ozone,PM2.5,SO2",Ozone,Santa Clarita
2022-05-26,90.0,46,15,"CO,NO2,Ozone,PM2.5,SO2",Ozone,Santa Clarita
2022-05-27,53.0,43,14,"CO,NO2,Ozone,PM2.5,SO2",PM2.5,Los Angeles-North Main Street
2022-05-28,47.0,43,14,"CO,NO2,Ozone,PM2.5,SO2",PM2.5,Los Angeles-North Main Street
2022-05-29,49.0,48,15,"CO,NO2,Ozone,PM2.5,SO2",Ozone,Lancaster-Division Street
2022-05-30,59.0,43,14,"CO,NO2,Ozone,PM2.5,SO2",PM2.5,Los Angeles-North Main Street
2022-05-31,97.0,43,14,"CO,NO2,Ozone,PM2.5,SO2",Ozone,Santa Clarita
2022-06-01,105.0,47,15,"CO,NO2,Ozone,PM2.5,SO2",Ozone,Glendora
2022-06-02,136.0,42,14,"CO,NO2,Ozone,PM2.5,SO2",Ozone,Lancaster-Division Street
2022-06-03,84.0,43,14,"CO,NO2,Ozone,PM2.5,SO2",Ozone,Glendora
2022-06-04,61.0,47,15,"CO,NO2,Ozone,PM2.5,SO2",Ozone,Santa Clarita
2022-06-05,67.0,43,14,"CO,NO2,Ozone,PM2.5,SO2",Ozone,Pomona
2022-06-06,90.0,43,14,"CO,NO2,Ozone,PM2.5,SO2",Ozone,Santa Clarita
2022-06-07,129.0,47,15,"CO,NO2,Ozone,PM2.5,SO2",Ozone,Santa Clarita
2022-06-08,174.0,42,14,"CO,NO2,Ozone,PM2.5,SO2",Ozone,Santa Clarita
2022-06-09,172.0,42,14,"CO,NO2,Ozone,PM2.5,SO2",Ozone,Santa Clarita
2022-06-10,182.0,45,15,"CO,NO2,Ozone,PM2.5,SO2",Ozone,Santa Clarita
2022-06-11,154.0,43,14,"CO,NO2,Ozone,PM2.5,SO2",Ozone,Glendora
2022-06-12,93.0,43,14,"CO,NO2,Ozone,PM2.5,SO2",Ozone,Santa Clarita
2022-06-13,64.0,46,15,"CO,NO2,Ozone,PM2.5,SO2",Ozone,Santa Clarita
2022-06-14,97.0,42,14,"CO,NO2,Ozone,PM2.5,SO2",Ozone,Santa Clarita
2022-06-15,159.0,42,14,"CO,NO2,Ozone,PM2.5,SO2",Ozone,Santa Clarita
2022-06-16,161.0,45,15,"CO,NO2,Ozone,PM2.5,SO2",Ozone,Santa Clarita
2022-06-17,80.0,42,14,"CO,NO2,Ozone,PM2.5,SO2",Ozone,Glendora
2022-06-18,58.0,42,14,"CO,NO2,Ozone,PM2.5,SO2",Ozone,Glendora
2022-06-19,71.0,45,15,"CO,NO2,Ozone,PM2.5,SO2",Ozone,Pomona
2022-06-20,133.0,42,14,"CO,NO2,Ozone,PM2.5,SO2",Ozone,Pomona
2022-06-21,112.0,39,13,"CO,NO2,Ozone,PM2.5,SO2",Ozone,Lancaster-Division Street
2022-06-22,68.0,46,15,"CO,NO2,Ozone,PM2.5,SO2",PM2.5,Los Angeles-North Main Street
2022-06-23,87.0,42,14,"CO,NO2,Ozone,PM2.5,SO2",Ozone,Glendora
2022-06-24,115.0,43,14,"CO,NO2,Ozone,PM2.5,SO2",Ozone,Glendora
2022-06-25,140.0,47,15,"CO,NO2,Ozone,PM2.5,SO2",Ozone,Lancaster-Division Street
2022-06-26,172.0,43,14,"CO,NO2,Ozone,PM2.5,SO2",Ozone,Glendora
2022-06-27,151.0,43,14,"CO,NO2,Ozone,PM2.5,SO2",Ozone,Glendora
2022-06-28,154.0,47,15,"CO,NO2,Ozone,PM2.5,SO2",Ozone,Santa Clarita
2022-06-29,133.0,43,14,"CO,NO2,Ozone,PM2.5,SO2",Ozone,Glendora
2022-06-30,119.0,42,14,"CO,NO2,Ozone,PM2.5,SO2",Ozone,Glendora
2022-07-01,105.0,46,14,"CO,NO2,Ozone,PM2.5,SO2",Ozone,Glendora
2022-07-02,74.0,43,14,"CO,NO2,Ozone,PM2.5,SO2",Ozone,Glendora
2022-07-03,57.0,43,14,"CO,NO2,Ozone,PM2.5,SO2",PM2.5,Los Angeles-North Main Street
2022-07-04,146.0,46,14,"CO,NO2,Ozone,PM2.5,SO2",PM2.5,Pico Rivera #2
2022-07-05,107.0,43,14,"CO,NO2,Ozone,PM2.5,SO2",PM2.5,Los Angeles-North Main Street
2022-07-06,47.0,43,14,"CO,NO2,Ozone,PM2.5,SO2",PM2.5,Los Angeles-North Main Street
2022-07-07,58.0,46,14,"CO,NO2,Ozone,PM2.5,SO2",Ozone,Glendora
2022-07-08,93.0,43,14,"CO,NO2,Ozone,PM2.5,SO2",Ozone,Santa Clarita
2022-07-09,93.0,43,14,"CO,NO2,Ozone,PM2.5,SO2",Ozone,Lancaster-Division Street
2022-07-10,115.0,46,14,"CO,NO2,Ozone,PM2.5,SO2",Ozone,Glendora
2022-07-11,112.0,43,14,"CO,NO2,Ozone,PM2.5,SO2",Ozone,Santa Clarita
2022-07-12,108.0,43,14,"CO,NO2,Ozone,PM2.5,SO2",Ozone,Lancaster-Division Street
2022-07-13,133.0,46,14,"CO,NO2,Ozone,PM2.5,SO2",Ozone,Santa Clarita
2022-07-14,115.0,43,14,"CO,NO2,Ozone,PM2.5,SO2",Ozone,Santa Clarita
2022-07-15,156.0,43,14,"CO,NO2,Ozone,PM2.5,SO2",Ozone,Santa Clarita
2022-07-16,169.0,47,14,"CO,NO2,Ozone,PM2.5,SO2",Ozone,Santa Clarita
2022-07-17,140.0,43,14,"CO,NO2,Ozone,PM2.5,SO2",Ozone,Santa Clarita
2022-07-18,108.0,43,14,"CO,NO2,Ozone,PM2.5,SO2",Ozone,Santa Clarita
2022-07-19,84.0,47,14,"CO,NO2,Ozone,PM2.5,SO2",Ozone,Glendora
2022-07-20,90.0,43,14,"CO,NO2,Ozone,PM2.5,SO2",Ozone,Lancaster-Division Street
2022-07-21,156.0,43,14,"CO,NO2,Ozone,PM2.5,SO2",Ozone,Santa Clarita
2022-07-22,150.0,47,14,"CO,NO2,Ozone,PM2.5,SO2",Ozone,Santa Clarita
2022-07-23,133.0,43,14,"CO,NO2,Ozone,PM2.5,SO2",Ozone,Santa Clarita
2022-07-24,136.0,43,14,"CO,NO2,Ozone,PM2.5,SO2",Ozone,Santa Clarita
2022-07-25,129.0,47,14,"CO,NO2,Ozone,PM2.5,SO2",Ozone,Glendora
2022-07-26,122.0,43,14,"CO,NO2,Ozone,PM2.5,SO2",Ozone,Glendora
2022-07-27,112.0,43,14,"CO,NO2,Ozone,PM2.5,SO2",Ozone,Pomona
2022-07-28,140.0,45,14,"CO,NO2,Ozone,PM2.5,SO2",Ozone,Lancaster-Division Street
2022-07-29,136.0,41,14,"CO,NO2,Ozone,PM2.5,SO2",Ozone,Lancaster-Division Street
2022-07-30,108.0,43,14,"CO,NO2,Ozone,PM2.5,SO2",Ozone,Santa Clarita
2022-07-31,93.0,47,14,"CO,NO2,Ozone,PM2.5,SO2",Ozone,Glendora
2022-08-01,74.0,43,14,"CO,NO2,Ozone,PM2.5,SO2",Ozone,Santa Clarita
2022-08-02,51.0,39,13,"CO,NO2,Ozone,PM2.5,SO2",PM2.5,Lancaster-Division Street
2022-08-03,112.0,47,14,"CO,NO2,Ozone,PM2.5,SO2",Ozone,Santa Clarita
2022-08-04,105.0,40,13,"CO,NO2,Ozone,PM2.5,SO2",Ozone,Lancaster-Division Street
2022-08-05,67.0,43,14,"CO,NO2,Ozone,PM2.5,SO2",Ozone,Glendora
2022-08-06,87.0,47,14,"CO,NO2,Ozone,PM2.5,SO2",Ozone,Pomona
2022-08-07,136.0,43,14,"CO,NO2,Ozone,PM2.5,SO2",Ozone,Glendora
2022-08-08,122.0,43,14,"CO,NO2,Ozone,PM2.5,SO2",Ozone,Santa Clarita
2022-08-09,90.0,46,14,"CO,NO2,Ozone,PM2.5,SO2",Ozone,Lancaster-Division Street
2022-08-10,84.0,42,14,"CO,NO2,Ozone,PM2.5,SO2",Ozone,Glendora
2022-08-11,87.0,43,14,"CO,NO2,Ozone,PM2.5,SO2",Ozone,Pomona
2022-08-12,140.0,45,14,"CO,NO2,Ozone,PM2.5,SO2",Ozone,Pomona
2022-08-13,161.0,43,14,"CO,NO2,Ozone,PM2.5,SO2",Ozone,Glendora
2022-08-14,150.0,43,14,"CO,NO2,Ozone,PM2.5,SO2",Ozone,Glendora
2022-08-15,161.0,47,14,"CO,NO2,Ozone,PM2.5,SO2",Ozone,Glendora
2022-08-16,151.0,43,14,"CO,NO2,Ozone,PM2.5,SO2",Ozone,Pomona
2022-08-17,119.0,43,14,"CO,NO2,Ozone,PM2.5,SO2",Ozone,Pomona
2022-08-18,136.0,45,13,"CO,NO2,Ozone,PM2.5,SO2",Ozone,Santa Clarita
2022-08-19,164.0,43,14,"CO,NO2,Ozone,PM2.5,SO2",Ozone,Santa Clarita
2022-08-20,105.0,43,14,"CO,NO2,Ozone,PM2.5,SO2",Ozone,Santa Clarita
2022-08-21,90.0,47,14,"CO,NO2,Ozone,PM2.5,SO2",Ozone,Lancaster-Division Street
2022-08-22,112.0,43,14,"CO,NO2,Ozone,PM2.5,SO2",Ozone,Santa Clarita
2022-08-23,174.0,43,14,"CO,NO2,Ozone,PM2.5,SO2",Ozone,Santa Clarita
2022-08-24,115.0,47,14,"CO,NO2,Ozone,PM2.5,SO2",Ozone,Santa Clarita
2022-08-25,84.0,43,14,"CO,NO2,Ozone,PM2.5,SO2",Ozone,Lancaster-Division Street
2022-08-26,101.0,43,14,"CO,NO2,Ozone,PM2.5,SO2",Ozone,Santa Clarita
2022-08-27,84.0,47,14,"CO,NO2,Ozone,PM2.5,SO2",Ozone,Glendora
2022-08-28,50.0,43,14,"CO,NO2,Ozone,PM2.5,SO2",Ozone,Glendora
2022-08-29,74.0,43,14,"CO,NO2,Ozone,PM2.5,SO2",Ozone,Lancaster-Division Street
2022-08-30,112.0,47,14,"CO,NO2,Ozone,PM2.5,SO2",Ozone,Glendora
2022-08-31,159.0,43,14,"CO,NO2,Ozone,PM2.5,SO2",Ozone,Glendora
2022-09-01,209.0,43,14,"CO,NO2,Ozone,PM2.5,SO2",Ozone,Santa Clarita
2022-09-02,156.0,47,14,"CO,NO2,Ozone,PM2.5,SO2",Ozone,Santa Clarita
2022-09-03,159.0,43,14,"CO,NO2,Ozone,PM2.5,SO2",Ozone,Glendora
2022-09-04,133.0,43,14,"CO,NO2,Ozone,PM2.5,SO2",Ozone,Pasadena
2022-09-05,182.0,47,14,"CO,NO2,Ozone,PM2.5,SO2",Ozone,Glendora
2022-09-06,172.0,41,14,"CO,NO2,Ozone,PM2.5,SO2",Ozone,Glendora
2022-09-07,156.0,42,14,"CO,NO2,Ozone,PM2.5,SO2",Ozone,Pomona
2022-09-08,77.0,46,14,"CO,NO2,Ozone,PM2.5,SO2",Ozone,Reseda
2022-09-09,58.0,42,14,"CO,NO2,Ozone,PM2.5,SO2",NO2,Long Beach-Route 710 Near Road
2022-09-10,39.0,43,14,"CO,NO2,Ozone,PM2.5,SO2",PM2.5,Los Angeles-North Main Street
2022-09-11,45.0,47,14,"CO,NO2,Ozone,PM2.5,SO2",Ozone,Glendora
2022-09-12,49.0,42,14,"CO,NO2,Ozone,PM2.5,SO2",Ozone,Lancaster-Division Street
2022-09-13,61.0,43,14,"CO,NO2,Ozone,PM2.5,SO2",Ozone,Lancaster-Division Street
2022-09-14,55.0,46,14,"CO,NO2,Ozone,PM2.5,SO2",PM2.5,Los Angeles-North Main Street
2022-09-15,55.0,41,14,"CO,NO2,Ozone,PM2.5,SO2",PM2.5,Los Angeles-North Main Street
2022-09-16,93.0,41,14,"CO,NO2,Ozone,PM2.5,SO2",Ozone,Santa Clarita
2022-09-17,67.0,47,14,"CO,NO2,Ozone,PM2.5,SO2",Ozone,Lancaster-Division Street
2022-09-18,53.0,43,14,"CO,NO2,Ozone,PM2.5,SO2",PM2.5,Los Angeles-North Main Street
2022-09-19,46.0,42,14,"CO,NO2,Ozone,PM2.5,SO2",Ozone,Glendora
2022-09-20,38.0,47,14,"CO,NO2,Ozone,PM2.5,SO2",Ozone,Pomona
2022-09-21,42.0,43,14,"CO,NO2,Ozone,PM2.5,SO2",Ozone,Lancaster-Division Street
2022-09-22,87.0,41,14,"CO,NO2,Ozone,PM2.5,SO2",Ozone,Santa Clarita
2022-09-23,90.0,47,14,"CO,NO2,Ozone,PM2.5,SO2",Ozone,Glendora
2022-09-24,93.0,43,14,"CO,NO2,Ozone,PM2.5,SO2",Ozone,Pomona
2022-09-25,101.0,43,14,"CO,NO2,Ozone,PM2.5,SO2",Ozone,Glendora
2022-09-26,87.0,46,14,"CO,NO2,Ozone,PM2.5,SO2",Ozone,Glendora
2022-09-27,126.0,43,14,"CO,NO2,Ozone,PM2.5,SO2",Ozone,Glendora
2022-09-28,154.0,42,14,"CO,NO2,Ozone,PM2.5,SO2",Ozone,Glendora
2022-09-29,112.0,46,14,"CO,NO2,Ozone,PM2.5,SO2",Ozone,Glendora
2022-09-30,67.0,40,13,"CO,NO2,Ozone,PM2.5,SO2",Ozone,Santa Clarita
2022-10-01,64.0,40,13,"CO,NO2,Ozone,PM2.5,SO2",Ozone,Santa Clarita
2022-10-02,87.0,42,13,"CO,NO2,Ozone,PM2.5,SO2",Ozone,Pomona
2022-10-03,74.0,40,13,"CO,NO2,Ozone,PM2.5,SO2",Ozone,Pomona
2022-10-04,93.0,40,13,"CO,NO2,Ozone,PM2.5,SO2",Ozone,Reseda
2022-10-05,126.0,42,13,"CO,NO2,Ozone,PM2.5,SO2",Ozone,Santa Clarita
2022-10-06,129.0,38,13,"CO,NO2,Ozone,PM2.5,SO2",Ozone,Santa Clarita
2022-10-07,119.0,40,13,"CO,NO2,Ozone,PM2.5,SO2",Ozone,Santa Clarita
2022-10-08,143.0,43,13,"CO,NO2,Ozone,PM2.5,SO2",Ozone,Glendora
2022-10-09,115.0,40,13,"CO,NO2,Ozone,PM2.5,SO2",Ozone,Glendora
2022-10-10,80.0,38,13,"CO,NO2,Ozone,PM2.5,SO2",Ozone,Lancaster-Division Street
2022-10-11,58.0,43,13,"CO,NO2,Ozone,PM2.5,SO2",PM2.5,Los Angeles-North Main Street
2022-10-12,55.0,38,13,"CO,NO2,Ozone,PM2.5,SO2",PM2.5,Los Angeles-North Main Street
2022-10-13,76.0,36,12,"CO,NO2,Ozone,PM2.5,SO2",PM2.5,Los Angeles-North Main Street
2022-10-14,69.0,43,13,"CO,NO2,Ozone,PM2.5,SO2",PM2.5,Pasadena
2022-10-15,51.0,39,13,"CO,NO2,Ozone,PM2.5,SO2",Ozone,Lancaster-Division Street
2022-10-16,54.0,40,13,"CO,NO2,Ozone,PM2.5,SO2",Ozone,Lancaster-Division Street
2022-10-17,58.0,42,13,"CO,NO2,Ozone,PM2.5,SO2",Ozone,Santa Clarita
2022-10-18,84.0,39,13,"CO,NO2,Ozone,PM2.5,SO2",Ozone,West Los Angeles
2022-10-19,72.0,40,13,"CO,NO2,Ozone,PM2.5,SO2",NO2,Long Beach-Route 710 Near Road
2022-10-20,61.0,43,13,"CO,NO2,Ozone,PM2.5,SO2",Ozone,Santa Clarita
2022-10-21,97.0,39,13,"CO,NO2,Ozone,PM2.5,SO2",Ozone,Santa Clarita
2022-10-22,53.0,39,13,"CO,NO2,Ozone,PM2.5,SO2",PM2.5,Los Angeles-North Main Street
2022-10-23,44.0,42,13,"CO,NO2,Ozone,PM2.5,SO2",PM2.5,Compton
2022-10-24,47.0,39,13,"CO,NO2,Ozone,PM2.5,SO2",NO2,Long Beach-Route 710 Near Road
2022-10-25,51.0,39,13,"CO,NO2,Ozone,PM2.5,SO2",PM2.5,Long Beach-Route 710 Near Road
2022-10-26,56.0,42,13,"CO,NO2,Ozone,PM2.5,SO2",PM2.5,Long Beach-Route 710 Near Road
2022-10-27,61.0,40,13,"CO,NO2,Ozone,PM2.5,SO2",PM2.5,Long Beach-Route 710 Near Road
2022-10-28,66.0,40,13,"CO,NO2,Ozone,PM2.5,SO2",PM2.5,Compton
2022-10-29,68.0,43,13,"CO,NO2,Ozone,PM2.5,SO2",PM2.5,Compton
2022-10-30,77.0,40,13,"CO,NO2,Ozone,PM2.5,SO2",Ozone,Glendora
2022-10-31,68.0,40,13,"CO,NO2,Ozone,PM2.5,SO2",PM2.5,Long Beach-Route 710 Near Road
2022-11-01,60.0,43,13,"CO,NO2,Ozone,PM2.5,SO2",PM2.5,Reseda
2022-11-02,36.0,39,13,"CO,NO2,Ozone,PM2.5,SO2",NO2,Long Beach-Route 710 Near Road
2022-11-03,41.0,36,13,"CO,NO2,Ozone,PM2.5,SO2",NO2,Long Beach-Route 710 Near Road
2022-11-04,49.0,43,13,"CO,NO2,Ozone,PM2.5,SO2",PM2.5,Long Beach-Route 710 Near Road
2022-11-05,59.0,40,13,"CO,NO2,Ozone,PM2.5,SO2",PM2.5,Compton
2022-11-06,65.0,40,13,"CO,NO2,Ozone,PM2.5,SO2",PM2.5,Compton
2022-11-07,43.0,43,13,"CO,NO2,Ozone,PM2.5,SO2",PM2.5,Los Angeles-North Main Street
2022-11-08,36.0,39,13,"CO,NO2,Ozone,PM2.5,SO2",Ozone,Lancaster-Division Street
2022-11-09,43.0,38,13,"CO,NO2,Ozone,PM2.5,SO2",NO2,Long Beach-Route 710 Near Road
2022-11-10,52.0,43,13,"CO,NO2,Ozone,PM2.5,SO2",PM2.5,Long Beach-Route 710 Near Road
2022-11-11,53.0,40,13,"CO,NO2,Ozone,PM2.5,SO2",PM2.5,Compton
2022-11-12,66.0,40,13,"CO,NO2,Ozone,PM2.5,SO2",PM2.5,Compton
2022-11-13,56.0,42,13,"CO,NO2,Ozone,PM2.5,SO2",PM2.5,Compton
2022-11-14,62.0,40,13,"CO,NO2,Ozone,PM2.5,SO2",PM2.5,Long Beach-Route 710 Near Road
2022-11-15,63.0,39,13,"CO,NO2,Ozone,PM2.5,SO2",PM2.5,Long Beach-Route 710 Near Road
2022-11-16,66.0,41,13,"CO,NO2,Ozone,PM2.5,SO2",NO2,Long Beach-Route 710 Near Road
2022-11-17,58.0,37,13,"CO,NO2,Ozone,PM2.5,SO2",PM2.5,Long Beach-Route 710 Near Road
2022-11-18,66.0,38,13,"CO,NO2,Ozone,PM2.5,SO2",PM2.5,Compton
2022-11-19,78.0,43,13,"CO,NO2,Ozone,PM2.5,SO2",PM2.5,Compton
2022-11-20,55.0,40,13,"CO,NO2,Ozone,PM2.5,SO2",PM2.5,Compton
2022-11-21,54.0,40,13,"CO,NO2,Ozone,PM2.5,SO2",NO2,Long Beach-Route 710 Near Road
2022-11-22,59.0,43,13,"CO,NO2,Ozone,PM2.5,SO2",PM2.5,Compton
2022-11-23,84.0,40,13,"CO,NO2,Ozone,PM2.5,SO2",PM2.5,Compton
2022-11-24,105.0,40,13,"CO,NO2,Ozone,PM2.5,SO2",PM2.5,Compton
2022-11-25,69.0,42,13,"CO,NO2,Ozone,PM2.5,SO2",PM2.5,Compton
2022-11-26,76.0,40,13,"CO,NO2,Ozone,PM2.5,SO2",PM2.5,Compton
2022-11-27,83.0,40,13,"CO,NO2,Ozone,PM2.5,SO2",PM2.5,Compton
2022-11-28,70.0,43,13,"CO,NO2,Ozone,PM2.5,SO2",PM2.5,Reseda
2022-11-29,59.0,38,13,"CO,NO2,Ozone,PM2.5,SO2",PM2.5,Los Angeles-North Main Street
2022-11-30,56.0,39,13,"CO,NO2,Ozone,PM2.5,SO2",PM2.5,Los Angeles-North Main Street
2022-12-01,39.0,43,13,"CO,NO2,Ozone,PM2.5,SO2",PM2.5,Los Angeles-North Main Street
2022-12-02,51.0,40,13,"CO,NO2,Ozone,PM2.5,SO2",NO2,Glendora
2022-12-03,55.0,40,13,"CO,NO2,Ozone,PM2.5,SO2",PM2.5,Compton
2022-12-04,65.0,43,13,"CO,NO2,Ozone,PM2.5,SO2",PM2.5,Compton
2022-12-05,39.0,40,13,"CO,NO2,Ozone,PM2.5,SO2",NO2,Long Beach-Route 710 Near Road
2022-12-06,55.0,39,13,"CO,NO2,Ozone,PM2.5,SO2",PM2.5,Compton
2022-12-07,59.0,40,13,"CO,NO2,Ozone,PM2.5,SO2",PM2.5,Compton
2022-12-08,59.0,37,13,"CO,NO2,Ozone,PM2.5,SO2",PM2.5,Compton
2022-12-09,74.0,39,13,"CO,NO2,Ozone,PM2.5,SO2",PM2.5,Compton
2022-12-10,64.0,42,13,"CO,NO2,Ozone,PM2.5,SO2",PM2.5,Compton
2022-12-11,48.0,38,13,"CO,NO2,Ozone,PM2.5,SO2",PM2.5,Lancaster-Division Street
2022-12-12,45.0,38,13,"CO,NO2,Ozone,PM2.5,SO2",NO2,Long Beach-Route 710 Near Road
2022-12-13,57.0,41,13,"CO,NO2,Ozone,PM2.5,SO2",PM2.5,Long Beach-Route 710 Near Road
2022-12-14,69.0,38,13,"CO,NO2,Ozone,PM2.5,SO2",PM2.5,Compton
2022-12-15,76.0,39,13,"CO,NO2,Ozone,PM2.5,SO2",PM2.5,Long Beach-Route 710 Near Road
2022-12-16,55.0,39,13,"CO,NO2,Ozone,PM2.5,SO2",PM2.5,Compton
2022-12-17,58.0,37,13,"CO,NO2,Ozone,PM2.5,SO2",PM2.5,Lancaster-Division Street
2022-12-18,77.0,37,13,"CO,NO2,Ozone,PM2.5,SO2",PM2.5,Long Beach-Route 710 Near Road
2022-12-19,94.0,37,12,"CO,NO2,Ozone,PM2.5,SO2",PM2.5,Long Beach-Route 710 Near Road
2022-12-20,72.0,34,12,"CO,NO2,Ozone,PM2.5,SO2",PM2.5,Long Beach-Route 710 Near Road
2022-12-21,63.0,32,12,"CO,NO2,Ozone,PM2.5,SO2",PM2.5,Los Angeles-North Main Street
2022-12-22,88.0,38,12,"CO,NO2,Ozone,PM2.5,SO2",PM2.5,Long Beach-Route 710 Near Road
2022-12-23,102.0,35,12,"CO,NO2,Ozone,PM2.5,SO2",PM2.5,Compton
2022-12-24,144.0,36,12,"CO,NO2,Ozone,PM2.5,SO2",PM2.5,Compton
2022-12-25,99.0,39,12,"CO,NO2,Ozone,PM2.5,SO2",PM2.5,Compton
2022-12-26,77.0,37,12,"CO,NO2,Ozone,PM2.5,SO2",PM2.5,Compton
2022-12-27,75.0,37,12,"CO,NO2,Ozone,PM2.5,SO2",PM2.5,Compton
2022-12-28,57.0,40,12,"CO,NO2,Ozone,PM2.5,SO2",PM2.5,Compton
2022-12-29,53.0,36,12,"CO,NO2,Ozone,PM2.5,SO2",PM2.5,Los Angeles-North Main Street
2022-12-30,54.0,36,12,"CO,NO2,Ozone,PM2.5,SO2",PM2.5,Los Angeles-North Main Street
2022-12-31,25.0,39,12,"CO,NO2,Ozone,PM2.5,SO2",Ozone,Signal Hill (LBSH)
2023-01-01,38.0,39,13,"CO,NO2,Ozone,PM2.5,SO2",PM2.5,Compton
2023-01-02,53.0,39,13,"CO,NO2,Ozone,PM2.5,SO2",PM2.5,Compton
2023-01-03,34.0,41,13,"CO,NO2,Ozone,PM2.5,SO2",Ozone,Lancaster - Fairgrounds
2023-01-04,38.0,38,13,"CO,NO2,Ozone,PM2.5,SO2",Ozone,Santa Clarita
2023-01-05,38.0,38,13,"CO,NO2,Ozone,PM2.5,SO2",Ozone,Signal Hill (LBSH)
2023-01-06,61.0,42,13,"CO,NO2,Ozone,PM2.5,SO2",PM2.5,Compton
2023-01-07,67.0,39,13,"CO,NO2,Ozone,PM2.5,SO2",PM2.5,Compton
2023-01-08,78.0,39,13,"CO,NO2,Ozone,PM2.5,SO2",PM2.5,Compton
2023-01-09,48.0,41,13,"CO,NO2,Ozone,PM2.5,SO2",PM2.5,Compton
2023-01-10,42.0,38,13,"CO,NO2,Ozone,PM2.5,SO2",NO2,Long Beach-Route 710 Near Road
2023-01-11,65.0,38,13,"CO,NO2,Ozone,PM2.5,SO2",PM2.5,Long Beach-Route 710 Near Road
2023-01-12,53.0,42,13,"CO,NO2,Ozone,PM2.5,SO2",PM2.5,Compton
2023-01-13,62.0,40,13,"CO,NO2,Ozone,PM2.5,SO2",PM2.5,Compton
2023-01-14,66.0,40,13,"CO,NO2,Ozone,PM2.5,SO2",PM2.5,Compton
2023-01-15,39.0,43,13,"CO,NO2,Ozone,PM2.5,SO2",Ozone,Santa Clarita
2023-01-16,38.0,40,13,"CO,NO2,Ozone,PM2.5,SO2",Ozone,Signal Hill (LBSH)
2023-01-17,38.0,39,13,"CO,NO2,Ozone,PM2.5,SO2",NO2,Long Beach-Route 710 Near Road
2023-01-18,57.0,42,13,"CO,NO2,Ozone,PM2.5,SO2",PM2.5,Long Beach-Route 710 Near Road
2023-01-19,62.0,38,13,"CO,NO2,Ozone,PM2.5,SO2",PM2.5,Long Beach-Route 710 Near Road
2023-01-20,62.0,39,13,"CO,NO2,Ozone,PM2.5,SO2",PM2.5,Compton
2023-01-21,70.0,42,13,"CO,NO2,Ozone,PM2.5,SO2",PM2.5,Compton
2023-01-22,82.0,39,13,"CO,NO2,Ozone,PM2.5,SO2",PM2.5,Compton
2023-01-23,53.0,39,13,"CO,NO2,Ozone,PM2.5,SO2",NO2,Long Beach-Route 710 Near Road
2023-01-24,58.0,40,13,"CO,NO2,Ozone,PM2.5,SO2",PM2.5,Compton
2023-01-25,73.0,40,13,"CO,NO2,Ozone,PM2.5,SO2",PM2.5,Long Beach-Route 710 Near Road
2023-01-26,63.0,40,13,"CO,NO2,Ozone,PM2.5,SO2",PM2.5,Compton
2023-01-27,62.0,42,13,"CO,NO2,Ozone,PM2.5,SO2",PM2.5,Compton
2023-01-28,63.0,40,13,"CO,NO2,Ozone,PM2.5,SO2",PM2.5,Compton
2023-01-29,39.0,40,13,"CO,NO2,Ozone,PM2.5,SO2",Ozone,Reseda
2023-01-30,49.0,43,13,"CO,NO2,Ozone,PM2.5,SO2",NO2,Long Beach-Route 710 Near Road
2023-01-31,60.0,40,13,"CO,NO2,Ozone,PM2.5,SO2",PM2.5,Long Beach-Route 710 Near Road
2023-02-01,58.0,39,13,"CO,NO2,Ozone,PM2.5,SO2",PM2.5,Long Beach-Route 710 Near Road
2023-02-02,60.0,43,13,"CO,NO2,Ozone,PM2.5,SO2",PM2.5,Compton
2023-02-03,59.0,40,13,"CO,NO2,Ozone,PM2.5,SO2",PM2.5,Compton
2023-02-04,71.0,40,13,"CO,NO2,Ozone,PM2.5,SO2",PM2.5,Compton
2023-02-05,64.0,43,13,"CO,NO2,Ozone,PM2.5,SO2",PM2.5,Pico Rivera #2
2023-02-06,46.0,40,13,"CO,NO2,Ozone,PM2.5,SO2",NO2,Long Beach-Route 710 Near Road
2023-02-07,55.0,40,13,"CO,NO2,Ozone,PM2.5,SO2",PM2.5,Signal Hill (LBSH)
2023-02-08,60.0,42,13,"CO,NO2,Ozone,PM2.5,SO2",PM2.5,Long Beach-Route 710 Near Road
2023-02-09,66.0,38,13,"CO,NO2,Ozone,PM2.5,SO2",NO2,Long Beach-Route 710 Near Road
2023-02-10,48.0,39,13,"CO,NO2,Ozone,PM2.5,SO2",NO2,Long Beach-Route 710 Near Road
2023-02-11,55.0,42,13,"CO,NO2,Ozone,PM2.5,SO2",PM2.5,Compton
2023-02-12,59.0,40,13,"CO,NO2,Ozone,PM2.5,SO2",PM2.5,Compton
2023-02-13,51.0,40,13,"CO,NO2,Ozone,PM2.5,SO2",PM2.5,Los Angeles-North Main Street
2023-02-14,55.0,43,13,"CO,NO2,Ozone,PM2.5,SO2",PM2.5,Lancaster - Fairgrounds
2023-02-15,46.0,38,13,"CO,NO2,Ozone,PM2.5,SO2",NO2,Long Beach-Route 710 Near Road
2023-02-16,54.0,37,12,"CO,NO2,Ozone,PM2.5,SO2",PM2.5,Long Beach-Route 710 Near Road
2023-02-17,52.0,43,13,"CO,NO2,Ozone,PM2.5,SO2",PM2.5,Los Angeles-North Main Street
2023-02-18,57.0,40,13,"CO,NO2,Ozone,PM2.5,SO2",PM2.5,Los Angeles-North Main Street
2023-02-19,77.0,40,13,"CO,NO2,Ozone,PM2.5,SO2",PM2.5,Compton
2023-02-20,65.0,42,13,"CO,NO2,Ozone,PM2.5,SO2",PM2.5,Signal Hill (LBSH)
2023-02-21,63.0,38,13,"CO,NO2,Ozone,PM2.5,SO2",PM2.5,Los Angeles-North Main Street
2023-02-22,51.0,37,13,"CO,NO2,Ozone,PM2.5,SO2",PM2.5,Signal Hill (LBSH)
2023-02-23,42.0,39,12,"CO,NO2,Ozone,PM2.5,SO2",NO2,Long Beach-Route 710 Near Road
2023-02-24,43.0,38,13,"CO,NO2,Ozone,PM2.5,SO2",Ozone,Santa Clarita
2023-02-25,43.0,38,13,"CO,NO2,Ozone,PM2.5,SO2",Ozone,Signal Hill (LBSH)
2023-02-26,51.0,41,13,"CO,NO2,Ozone,PM2.5,SO2",PM2.5,Los Angeles-North Main Street
2023-02-27,49.0,38,13,"CO,NO2,Ozone,PM2.5,SO2",PM2.5,Los Angeles-North Main Street
2023-02-28,39.0,36,13,"CO,NO2,Ozone,PM2.5,SO2",Ozone,Compton
2023-03-01,43.0,41,13,"CO,NO2,Ozone,PM2.5,SO2",Ozone,Glendora
2023-03-02,46.0,37,13,"CO,NO2,Ozone,PM2.5,SO2",PM2.5,Los Angeles-North Main Street
2023-03-03,59.0,38,13,"CO,NO2,Ozone,PM2.5,SO2",PM2.5,Los Angeles-North Main Street
2023-03-04,60.0,43,13,"CO,NO2,Ozone,PM2.5,SO2",PM2.5,Los Angeles-North Main Street
2023-03-05,54.0,40,13,"CO,NO2,Ozone,PM2.5,SO2",PM2.5,Los Angeles-North Main Street
2023-03-06,44.0,40,13,"CO,NO2,Ozone,PM2.5,SO2",Ozone,Santa Clarita
2023-03-07,52.0,42,13,"CO,NO2,Ozone,PM2.5,SO2",PM2.5,Los Angeles-North Main Street
2023-03-08,54.0,39,13,"CO,NO2,Ozone,PM2.5,SO2",PM2.5,Los Angeles-North Main Street
2023-03-09,57.0,39,13,"CO,NO2,Ozone,PM2.5,SO2",PM2.5,Los Angeles-North Main Street
2023-03-10,42.0,42,13,"CO,NO2,Ozone,PM2.5,SO2",PM2.5,Los Angeles-North Main Street
2023-03-11,36.0,39,13,"CO,NO2,Ozone,PM2.5,SO2",PM2.5,Los Angeles-North Main Street
2023-03-12,37.0,39,13,"CO,NO2,Ozone,PM2.5,SO2",PM2.5,Los Angeles-North Main Street
2023-03-13,52.0,42,13,"CO,NO2,Ozone,PM2.5,SO2",PM2.5,Los Angeles-North Main Street
2023-03-14,57.0,38,13,"CO,NO2,Ozone,PM2.5,SO2",PM2.5,Los Angeles-North Main Street
2023-03-15,40.0,40,13,"CO,NO2,Ozone,PM2.5,SO2",PM2.5,Los Angeles-North Main Street
2023-03-16,64.0,43,13,"CO,NO2,Ozone,PM2.5,SO2",Ozone,Santa Clarita
2023-03-17,64.0,40,13,"CO,NO2,Ozone,PM2.5,SO2",PM2.5,Los Angeles-North Main Street
2023-03-18,56.0,40,13,"CO,NO2,Ozone,PM2.5,SO2",PM2.5,Los Angeles-North Main Street
2023-03-19,55.0,43,13,"CO,NO2,Ozone,PM2.5,SO2",PM2.5,Los Angeles-North Main Street
2023-03-20,40.0,40,13,"CO,NO2,Ozone,PM2.5,SO2",Ozone,Santa Clarita
2023-03-21,45.0,40,13,"CO,NO2,Ozone,PM2.5,SO2",Ozone,Reseda
2023-03-22,44.0,41,13,"CO,NO2,Ozone,PM2.5,SO2",Ozone,Signal Hill (LBSH)
2023-03-23,52.0,39,13,"CO,NO2,Ozone,PM2.5,SO2",PM2.5,Signal Hill (LBSH)
2023-03-24,44.0,37,13,"CO,NO2,Ozone,PM2.5,SO2",Ozone,Reseda
2023-03-25,52.0,43,13,"CO,NO2,Ozone,PM2.5,SO2",PM2.5,Signal Hill (LBSH)
2023-03-26,52.0,40,13,"CO,NO2,Ozone,PM2.5,SO2",PM2.5,Signal Hill (LBSH)
2023-03-27,55.0,40,13,"CO,NO2,Ozone,PM2.5,SO2",PM2.5,Signal Hill (LBSH)
2023-03-28,61.0,42,13,"CO,NO2,Ozone,PM2.5,SO2",Ozone,Glendora
2023-03-29,44.0,38,13,"CO,NO2,Ozone,PM2.5,SO2",Ozone,Los Angeles-North Main Street
2023-03-30,44.0,40,13,"CO,NO2,Ozone,PM2.5,SO2",Ozone,Glendora
2023-03-31,53.0,43,13,"CO,NO2,Ozone,PM2.5,SO2",PM2.5,Los Angeles-North Main Street
2023-04-01,55.0,40,13,"CO,NO2,Ozone,PM2.5,SO2",PM2.5,Los Angeles-North Main Street
2023-04-02,67.0,40,13,"CO,NO2,Ozone,PM2.5,SO2",Ozone,Glendora
2023-04-03,44.0,41,13,"CO,NO2,Ozone,PM2.5,SO2",Ozone,Glendora
2023-04-04,42.0,39,13,"CO,NO2,Ozone,PM2.5,SO2",Ozone,Glendora
2023-04-05,52.0,40,13,"CO,NO2,Ozone,PM2.5,SO2",PM2.5,Los Angeles-North Main Street
2023-04-06,61.0,42,13,"CO,NO2,Ozone,PM2.5,SO2",Ozone,Glendora
2023-04-07,61.0,40,13,"CO,NO2,Ozone,PM2.5,SO2",Ozone,Glendora
2023-04-08,55.0,40,13,"CO,NO2,Ozone,PM2.5,SO2",PM2.5,Los Angeles-North Main Street
2023-04-09,97.0,43,13,"CO,NO2,Ozone,PM2.5,SO2",Ozone,Glendora
2023-04-10,108.0,40,13,"CO,NO2,Ozone,PM2.5,SO2",Ozone,Santa Clarita
2023-04-11,97.0,40,13,"CO,NO2,Ozone,PM2.5,SO2",Ozone,Santa Clarita
2023-04-12,67.0,43,13,"CO,NO2,Ozone,PM2.5,SO2",PM2.5,Reseda
2023-04-13,56.0,39,13,"CO,NO2,Ozone,PM2.5,SO2",PM2.5,Los Angeles-North Main Street
2023-04-14,58.0,39,13,"CO,NO2,Ozone,PM2.5,SO2",PM2.5,Los Angeles-North Main Street
2023-04-15,80.0,42,13,"CO,NO2,Ozone,PM2.5,SO2",Ozone,Santa Clarita
2023-04-16,80.0,40,13,"CO,NO2,Ozone,PM2.5,SO2",Ozone,Lancaster - Fairgrounds
2023-04-17,68.0,40,13,"CO,NO2,Ozone,PM2.5,SO2",PM2.5,Los Angeles-North Main Street
2023-04-18,55.0,43,13,"CO,NO2,Ozone,PM2.5,SO2",PM2.5,Los Angeles-North Main Street
2023-04-19,61.0,39,13,"CO,NO2,Ozone,PM2.5,SO2",PM2.5,Compton
2023-04-20,101.0,39,13,"CO,NO2,Ozone,PM2.5,SO2",Ozone,North Hollywood (NOHO)
2023-04-21,108.0,42,13,"CO,NO2,Ozone,PM2.5,SO2",Ozone,North Hollywood (NOHO)
2023-04-22,156.0,39,13,"CO,NO2,Ozone,PM2.5,SO2",Ozone,Glendora
2023-04-23,90.0,39,13,"CO,NO2,Ozone,PM2.5,SO2",Ozone,Glendora
2023-04-24,67.0,42,13,"CO,NO2,Ozone,PM2.5,SO2",PM2.5,Los Angeles-North Main Street
2023-04-25,77.0,38,13,"CO,NO2,Ozone,PM2.5,SO2",Ozone,Santa Clarita
2023-04-26,97.0,40,13,"CO,NO2,Ozone,PM2.5,SO2",Ozone,Glendora
2023-04-27,122.0,39,13,"CO,NO2,Ozone,PM2.5,SO2",Ozone,Santa Clarita
2023-04-28,136.0,37,12,"CO,NO2,Ozone,PM2.5,SO2",Ozone,Santa Clarita
2023-04-29,136.0,37,12,"CO,NO2,Ozone,PM2.5,SO2",Ozone,Pomona
2023-04-30,100.0,40,13,"CO,NO2,Ozone,PM2.5,SO2",Ozone,Santa Clarita
2023-05-01,44.0,37,12,"CO,NO2,Ozone,PM2.5,SO2",Ozone,Santa Clarita
2023-05-02,40.0,35,12,"CO,NO2,Ozone,PM2.5,SO2",Ozone,Lancaster - Fairgrounds
2023-05-03,44.0,42,13,"CO,NO2,Ozone,PM2.5,SO2",Ozone,Santa Clarita
2023-05-04,37.0,37,13,"CO,NO2,Ozone,PM2.5,SO2",Ozone,Glendora
2023-05-05,38.0,40,13,"CO,NO2,Ozone,PM2.5,SO2",Ozone,Glendora
2023-05-06,44.0,43,13,"CO,NO2,Ozone,PM2.5,SO2",Ozone,Glendora
2023-05-07,46.0,40,13,"CO,NO2,Ozone,PM2.5,SO2",Ozone,Glendora
2023-05-08,52.0,40,13,"CO,NO2,Ozone,PM2.5,SO2",PM2.5,Los Angeles-North Main Street
2023-05-09,53.0,43,13,"CO,NO2,Ozone,PM2.5,SO2",PM2.5,Los Angeles-North Main Street
2023-05-10,51.0,38,13,"CO,NO2,Ozone,PM2.5,SO2",PM2.5,Los Angeles-North Main Street
2023-05-11,67.0,39,13,"CO,NO2,Ozone,PM2.5,SO2",Ozone,Santa Clarita
2023-05-12,87.0,42,13,"CO,NO2,Ozone,PM2.5,SO2",Ozone,Pomona
2023-05-13,136.0,40,13,"CO,NO2,Ozone,PM2.5,SO2",Ozone,Glendora
2023-05-14,119.0,40,13,"CO,NO2,Ozone,PM2.5,SO2",Ozone,Santa Clarita
2023-05-15,105.0,43,13,"CO,NO2,Ozone,PM2.5,SO2",Ozone,Santa Clarita
2023-05-16,101.0,40,13,"CO,NO2,Ozone,PM2.5,SO2",Ozone,Santa Clarita
2023-05-17,122.0,40,13,"CO,NO2,Ozone,PM2.5,SO2",Ozone,Santa Clarita
2023-05-18,100.0,41,13,"CO,NO2,Ozone,PM2.5,SO2",Ozone,Santa Clarita
2023-05-19,87.0,40,13,"CO,NO2,Ozone,PM2.5,SO2",Ozone,Santa Clarita
2023-05-20,112.0,40,13,"CO,NO2,Ozone,PM2.5,SO2",Ozone,Glendora
2023-05-21,115.0,43,13,"CO,NO2,Ozone,PM2.5,SO2",Ozone,Santa Clarita
2023-05-22,80.0,40,13,"CO,NO2,Ozone,PM2.5,SO2",Ozone,Santa Clarita
2023-05-23,54.0,40,13,"CO,NO2,Ozone,PM2.5,SO2",Ozone,Lancaster - Fairgrounds
2023-05-24,49.0,41,13,"CO,NO2,Ozone,PM2.5,SO2",PM2.5,Los Angeles-North Main Street
2023-05-25,47.0,35,12,"CO,NO2,Ozone,PM2.5,SO2",Ozone,Lancaster - Fairgrounds
2023-05-26,43.0,39,13,"CO,NO2,Ozone,PM2.5,SO2",Ozone,North Hollywood (NOHO)
2023-05-27,51.0,43,13,"CO,NO2,Ozone,PM2.5,SO2",Ozone,Glendora
2023-05-28,51.0,40,13,"CO,NO2,Ozone,PM2.5,SO2",PM2.5,Los Angeles-North Main Street
2023-05-29,45.0,40,13,"CO,NO2,Ozone,PM2.5,SO2",Ozone,Santa Clarita
2023-05-30,39.0,42,13,"CO,NO2,Ozone,PM2.5,SO2",Ozone,North Hollywood (NOHO)
2023-05-31,35.0,38,13,"CO,NO2,Ozone,PM2.5,SO2",Ozone,Lancaster - Fairgrounds
2023-06-01,45.0,40,13,"CO,NO2,Ozone,PM2.5,SO2",PM2.5,Los Angeles-North Main Street
2023-06-02,58.0,43,13,"CO,NO2,Ozone,PM2.5,SO2",Ozone,Santa Clarita
2023-06-03,93.0,40,13,"CO,NO2,Ozone,PM2.5,SO2",Ozone,Glendora
2023-06-04,101.0,40,13,"CO,NO2,Ozone,PM2.5,SO2",Ozone,Glendora
2023-06-05,58.0,43,13,"CO,NO2,Ozone,PM2.5,SO2",Ozone,Lancaster - Fairgrounds
2023-06-06,51.0,40,13,"CO,NO2,Ozone,PM2.5,SO2",Ozone,Glendora
2023-06-07,46.0,40,13,"CO,NO2,Ozone,PM2.5,SO2",Ozone,Lancaster - Fairgrounds
2023-06-08,49.0,43,13,"CO,NO2,Ozone,PM2.5,SO2",Ozone,Santa Clarita
2023-06-09,52.0,40,13,"CO,NO2,Ozone,PM2.5,SO2",PM2.5,Los Angeles-North Main Street
2023-06-10,53.0,40,13,"CO,NO2,Ozone,PM2.5,SO2",PM2.5,Los Angeles-North Main Street
2023-06-11,36.0,43,13,"CO,NO2,Ozone,PM2.5,SO2",Ozone,Glendora
2023-06-12,61.0,40,13,"CO,NO2,Ozone,PM2.5,SO2",NO2,Glendora
2023-06-13,49.0,40,13,"CO,NO2,Ozone,PM2.5,SO2",Ozone,Lancaster - Fairgrounds
2023-06-14,55.0,43,13,"CO,NO2,Ozone,PM2.5,SO2",PM2.5,Los Angeles-North Main Street
2023-06-15,44.0,40,13,"CO,NO2,Ozone,PM2.5,SO2",Ozone,Lancaster - Fairgrounds
2023-06-16,54.0,40,13,"CO,NO2,Ozone,PM2.5,SO2",PM2.5,Los Angeles-North Main Street
2023-06-17,100.0,43,13,"CO,NO2,Ozone,PM2.5,SO2",Ozone,Glendora
2023-06-18,60.0,40,13,"CO,NO2,Ozone,PM2.5,SO2",PM2.5,Los Angeles-North Main Street
2023-06-19,53.0,40,13,"CO,NO2,Ozone,PM2.5,SO2",PM2.5,Los Angeles-North Main Street
2023-06-20,87.0,42,13,"CO,NO2,Ozone,PM2.5,SO2",NO2,Glendora
2023-06-21,100.0,37,13,"CO,NO2,Ozone,PM2.5,SO2",Ozone,Glendora
2023-06-22,59.0,37,13,"CO,NO2,Ozone,PM2.5,SO2",PM2.5,Los Angeles-North Main Street
2023-06-23,54.0,40,13,"CO,NO2,Ozone,PM2.5,SO2",Ozone,Glendora
2023-06-24,80.0,40,13,"CO,NO2,Ozone,PM2.5,SO2",Ozone,Glendora
2023-06-25,80.0,40,13,"CO,NO2,Ozone,PM2.5,SO2",Ozone,Glendora
2023-06-26,80.0,43,13,"CO,NO2,Ozone,PM2.5,SO2",Ozone,Glendora
2023-06-27,93.0,40,13,"CO,NO2,Ozone,PM2.5,SO2",Ozone,Santa Clarita
2023-06-28,77.0,39,13,"CO,NO2,Ozone,PM2.5,SO2",Ozone,Santa Clarita
2023-06-29,115.0,43,13,"CO,NO2,Ozone,PM2.5,SO2",Ozone,Santa Clarita
2023-06-30,192.0,40,13,"CO,NO2,Ozone,PM2.5,SO2",Ozone,Santa Clarita
2023-07-01,207.0,40,13,"CO,NO2,Ozone,PM2.5,SO2",Ozone,Santa Clarita
2023-07-02,174.0,43,13,"CO,NO2,Ozone,PM2.5,SO2",Ozone,Santa Clarita
2023-07-03,166.0,40,13,"CO,NO2,Ozone,PM2.5,SO2",Ozone,Santa Clarita
2023-07-04,108.0,40,13,"CO,NO2,Ozone,PM2.5,SO2",Ozone,Santa Clarita
2023-07-05,155.0,43,13,"CO,NO2,Ozone,PM2.5,SO2",PM2.5,Pico Rivera #2
2023-07-06,108.0,40,13,"CO,NO2,Ozone,PM2.5,SO2",Ozone,Santa Clarita
2023-07-07,115.0,40,13,"CO,NO2,Ozone,PM2.5,SO2",Ozone,Santa Clarita
2023-07-08,133.0,43,13,"CO,NO2,Ozone,PM2.5,SO2",Ozone,Santa Clarita
2023-07-09,112.0,40,13,"CO,NO2,Ozone,PM2.5,SO2",Ozone,Glendora
2023-07-10,147.0,40,13,"CO,NO2,Ozone,PM2.5,SO2",Ozone,Glendora
2023-07-11,156.0,43,13,"CO,NO2,Ozone,PM2.5,SO2",Ozone,Glendora
2023-07-12,126.0,40,13,"CO,NO2,Ozone,PM2.5,SO2",Ozone,Pomona
2023-07-13,126.0,38,13,"CO,NO2,Ozone,PM2.5,SO2",Ozone,Santa Clarita
2023-07-14,192.0,43,13,"CO,NO2,Ozone,PM2.5,SO2",Ozone,Glendora
2023-07-15,210.0,40,13,"CO,NO2,Ozone,PM2.5,SO2",Ozone,Santa Clarita
2023-07-16,195.0,40,13,"CO,NO2,Ozone,PM2.5,SO2",Ozone,Santa Clarita
2023-07-17,172.0,43,13,"CO,NO2,Ozone,PM2.5,SO2",Ozone,Santa Clarita
2023-07-18,143.0,40,13,"CO,NO2,Ozone,PM2.5,SO2",Ozone,Glendora
2023-07-19,126.0,40,13,"CO,NO2,Ozone,PM2.5,SO2",Ozone,Pomona
2023-07-20,159.0,42,13,"CO,NO2,Ozone,PM2.5,SO2",Ozone,Pomona
2023-07-21,164.0,40,13,"CO,NO2,Ozone,PM2.5,SO2",Ozone,Santa Clarita
2023-07-22,195.0,40,13,"CO,NO2,Ozone,PM2.5,SO2",Ozone,Glendora
2023-07-23,156.0,43,13,"CO,NO2,Ozone,PM2.5,SO2",Ozone,Reseda
2023-07-24,185.0,40,13,"CO,NO2,Ozone,PM2.5,SO2",Ozone,Glendora
2023-07-25,200.0,39,13,"CO,NO2,Ozone,PM2.5,SO2",Ozone,Glendora
2023-07-26,151.0,41,13,"CO,NO2,Ozone,PM2.5,SO2",Ozone,Pomona
2023-07-27,187.0,39,13,"CO,NO2,Ozone,PM2.5,SO2",Ozone,Glendora
2023-07-28,177.0,40,13,"CO,NO2,Ozone,PM2.5,SO2",Ozone,Santa Clarita
2023-07-29,192.0,43,13,"CO,NO2,Ozone,PM2.5,SO2",Ozone,Glendora
2023-07-30,161.0,40,13,"CO,NO2,Ozone,PM2.5,SO2",Ozone,Santa Clarita
2023-07-31,87.0,40,13,"CO,NO2,Ozone,PM2.5,SO2",Ozone,Glendora
2023-08-01,126.0,43,13,"CO,NO2,Ozone,PM2.5,SO2",Ozone,Glendora
2023-08-02,112.0,40,13,"CO,NO2,Ozone,PM2.5,SO2",Ozone,Glendora
2023-08-03,140.0,40,13,"CO,NO2,Ozone,PM2.5,SO2",Ozone,Glendora
2023-08-04,150.0,42,13,"CO,NO2,Ozone,PM2.5,SO2",Ozone,Glendora
2023-08-05,179.0,39,13,"CO,NO2,Ozone,PM2.5,SO2",Ozone,Glendora
2023-08-06,185.0,39,13,"CO,NO2,Ozone,PM2.5,SO2",Ozone,Glendora
2023-08-07,133.0,42,13,"CO,NO2,Ozone,PM2.5,SO2",Ozone,Santa Clarita
2023-08-08,84.0,37,13,"CO,NO2,Ozone,PM2.5,SO2",Ozone,Lancaster - Fairgrounds
2023-08-09,54.0,35,13,"CO,NO2,Ozone,PM2.5,SO2",PM2.5,Los Angeles-North Main Street
2023-08-10,50.0,41,13,"CO,NO2,Ozone,PM2.5,SO2",Ozone,Santa Clarita
2023-08-11,48.0,39,13,"CO,NO2,Ozone,PM2.5,SO2",Ozone,Glendora
2023-08-12,97.0,40,13,"CO,NO2,Ozone,PM2.5,SO2",Ozone,Glendora
2023-08-13,105.0,43,13,"CO,NO2,Ozone,PM2.5,SO2",Ozone,Glendora
2023-08-14,101.0,40,13,"CO,NO2,Ozone,PM2.5,SO2",Ozone,Glendora
2023-08-15,133.0,40,13,"CO,NO2,Ozone,PM2.5,SO2",Ozone,Glendora
2023-08-16,122.0,43,13,"CO,NO2,Ozone,PM2.5,SO2",Ozone,Glendora
2023-08-17,133.0,39,13,"CO,NO2,Ozone,PM2.5,SO2",Ozone,Glendora
2023-08-18,90.0,40,13,"CO,NO2,Ozone,PM2.5,SO2",Ozone,Glendora
2023-08-19,61.0,43,13,"CO,NO2,Ozone,PM2.5,SO2",Ozone,Santa Clarita
2023-08-20,36.0,40,13,"CO,NO2,Ozone,PM2.5,SO2",Ozone,Lancaster - Fairgrounds
2023-08-21,44.0,40,13,"CO,NO2,Ozone,PM2.5,SO2",Ozone,Glendora
2023-08-22,77.0,42,13,"CO,NO2,Ozone,PM2.5,SO2",Ozone,Pomona
2023-08-23,112.0,40,13,"CO,NO2,Ozone,PM2.5,SO2",Ozone,Pomona
2023-08-24,97.0,39,13,"CO,NO2,Ozone,PM2.5,SO2",Ozone,Santa Clarita
2023-08-25,100.0,42,13,"CO,NO2,Ozone,PM2.5,SO2",Ozone,Glendora
2023-08-26,143.0,39,13,"CO,NO2,Ozone,PM2.5,SO2",Ozone,Glendora
2023-08-27,179.0,39,13,"CO,NO2,Ozone,PM2.5,SO2",Ozone,Glendora
2023-08-28,192.0,41,13,"CO,NO2,Ozone,PM2.5,SO2",Ozone,Glendora
2023-08-29,208.0,39,13,"CO,NO2,Ozone,PM2.5,SO2",Ozone,Pomona
2023-08-30,174.0,39,13,"CO,NO2,Ozone,PM2.5,SO2",Ozone,Glendora
2023-08-31,126.0,40,13,"CO,NO2,Ozone,PM2.5,SO2",Ozone,Santa Clarita
2023-09-01,66.0,39,13,"CO,NO2,Ozone,PM2.5,SO2",PM2.5,Los Angeles-North Main Street
2023-09-02,47.0,39,13,"CO,NO2,Ozone,PM2.5,SO2",PM2.5,Los Angeles-North Main Street
2023-09-03,51.0,42,13,"CO,NO2,Ozone,PM2.5,SO2",PM2.5,Signal Hill (LBSH)
2023-09-04,51.0,39,13,"CO,NO2,Ozone,PM2.5,SO2",PM2.5,Los Angeles-North Main Street
2023-09-05,61.0,39,13,"CO,NO2,Ozone,PM2.5,SO2",Ozone,Santa Clarita
2023-09-06,93.0,39,13,"CO,NO2,Ozone,PM2.5,SO2",Ozone,Glendora
2023-09-07,164.0,37,13,"CO,NO2,Ozone,PM2.5,SO2",Ozone,Glendora
2023-09-08,129.0,39,13,"CO,NO2,Ozone,PM2.5,SO2",Ozone,Pomona
2023-09-09,143.0,43,13,"CO,NO2,Ozone,PM2.5,SO2",Ozone,Glendora
2023-09-10,108.0,40,13,"CO,NO2,Ozone,PM2.5,SO2",Ozone,Pasadena
2023-09-11,93.0,40,13,"CO,NO2,Ozone,PM2.5,SO2",Ozone,Santa Clarita
2023-09-12,105.0,43,13,"CO,NO2,Ozone,PM2.5,SO2",Ozone,Santa Clarita
2023-09-13,80.0,40,13,"CO,NO2,Ozone,PM2.5,SO2",Ozone,Santa Clarita
2023-09-14,97.0,39,13,"CO,NO2,Ozone,PM2.5,SO2",Ozone,Santa Clarita
2023-09-15,74.0,42,13,"CO,NO2,Ozone,PM2.5,SO2",Ozone,Lancaster - Fairgrounds
2023-09-16,67.0,39,13,"CO,NO2,Ozone,PM2.5,SO2",Ozone,Lancaster - Fairgrounds
2023-09-17,57.0,40,13,"CO,NO2,Ozone,PM2.5,SO2",PM2.5,Signal Hill (LBSH)
2023-09-18,90.0,43,13,"CO,NO2,Ozone,PM2.5,SO2",Ozone,Santa Clarita
2023-09-19,84.0,40,13,"CO,NO2,Ozone,PM2.5,SO2",Ozone,Santa Clarita
2023-09-20,55.0,40,13,"CO,NO2,Ozone,PM2.5,SO2",PM2.5,Compton
2023-09-21,70.0,40,13,"CO,NO2,Ozone,PM2.5,SO2",PM2.5,Los Angeles-North Main Street
2023-09-22,84.0,39,13,"CO,NO2,Ozone,PM2.5,SO2",PM2.5,Signal Hill (LBSH)
2023-09-23,119.0,39,13,"CO,NO2,Ozone,PM2.5,SO2",Ozone,Glendora
2023-09-24,122.0,42,13,"CO,NO2,Ozone,PM2.5,SO2",Ozone,Glendora
2023-09-25,90.0,39,13,"CO,NO2,Ozone,PM2.5,SO2",Ozone,Glendora
2023-09-26,97.0,39,13,"CO,NO2,Ozone,PM2.5,SO2",Ozone,Glendora
2023-09-27,140.0,42,13,"CO,NO2,Ozone,PM2.5,SO2",Ozone,Santa Clarita
2023-09-28,112.0,38,13,"CO,NO2,Ozone,PM2.5,SO2",Ozone,Santa Clarita
2023-09-29,61.0,37,13,"CO,NO2,Ozone,PM2.5,SO2",Ozone,Lancaster - Fairgrounds
2023-09-30,39.0,41,13,"CO,NO2,Ozone,PM2.5,SO2",Ozone,Lancaster - Fairgrounds
2023-10-01,42.0,38,13,"CO,NO2,Ozone,PM2.5,SO2",Ozone,Lancaster - Fairgrounds
2023-10-02,50.0,38,13,"CO,NO2,Ozone,PM2.5,SO2",PM2.5,Los Angeles-North Main Street
2023-10-03,58.0,40,13,"CO,NO2,Ozone,PM2.5,SO2",Ozone,Glendora
2023-10-04,59.0,35,13,"CO,NO2,Ozone,PM2.5,SO2",PM2.5,Long Beach-Route 710 Near Road
2023-10-05,67.0,40,13,"CO,NO2,Ozone,PM2.5,SO2",Ozone,Glendora
2023-10-06,80.0,43,13,"CO,NO2,Ozone,PM2.5,SO2",Ozone,Glendora
2023-10-07,169.0,40,13,"CO,NO2,Ozone,PM2.5,SO2",Ozone,Glendora
2023-10-08,172.0,40,13,"CO,NO2,Ozone,PM2.5,SO2",Ozone,Glendora
2023-10-09,97.0,42,13,"CO,NO2,Ozone,PM2.5,SO2",Ozone,Santa Clarita
2023-10-10,52.0,37,13,"CO,NO2,Ozone,PM2.5,SO2",PM2.5,Los Angeles-North Main Street
2023-10-11,52.0,40,13,"CO,NO2,Ozone,PM2.5,SO2",PM2.5,Los Angeles-North Main Street
2023-10-12,64.0,43,13,"CO,NO2,Ozone,PM2.5,SO2",Ozone,Glendora
2023-10-13,59.0,39,13,"CO,NO2,Ozone,PM2.5,SO2",PM2.5,Los Angeles-North Main Street
2023-10-14,90.0,40,13,"CO,NO2,Ozone,PM2.5,SO2",Ozone,Glendora
2023-10-15,136.0,42,13,"CO,NO2,Ozone,PM2.5,SO2",Ozone,Glendora
2023-10-16,122.0,40,13,"CO,NO2,Ozone,PM2.5,SO2",Ozone,Reseda
2023-10-17,172.0,38,13,"CO,NO2,Ozone,PM2.5,SO2",Ozone,Santa Clarita
2023-10-18,159.0,38,13,"CO,NO2,Ozone,PM2.5,SO2",Ozone,North Hollywood (NOHO)
2023-10-19,119.0,38,13,"CO,NO2,Ozone,PM2.5,SO2",Ozone,Santa Clarita
2023-10-20,133.0,39,13,"CO,NO2,Ozone,PM2.5,SO2",Ozone,Glendora
2023-10-21,80.0,43,13,"CO,NO2,Ozone,PM2.5,SO2",Ozone,Glendora
2023-10-22,46.0,40,13,"CO,NO2,Ozone,PM2.5,SO2",Ozone,Santa Clarita
2023-10-23,40.0,40,13,"CO,NO2,Ozone,PM2.5,SO2",NO2,Long Beach-Route 710 Near Road
2023-10-24,48.0,43,13,"CO,NO2,Ozone,PM2.5,SO2",PM2.5,Reseda
2023-10-25,43.0,38,13,"CO,NO2,Ozone,PM2.5,SO2",PM2.5,Los Angeles-North Main Street
2023-10-26,48.0,40,13,"CO,NO2,Ozone,PM2.5,SO2",PM2.5,Long Beach-Route 710 Near Road
2023-10-27,54.0,43,13,"CO,NO2,Ozone,PM2.5,SO2",PM2.5,Compton
2023-10-28,58.0,40,13,"CO,NO2,Ozone,PM2.5,SO2",PM2.5,Compton
2023-10-29,59.0,40,13,"CO,NO2,Ozone,PM2.5,SO2",PM2.5,Compton
2023-10-30,56.0,43,13,"CO,NO2,Ozone,PM2.5,SO2",PM2.5,Compton
2023-10-31,60.0,38,13,"CO,NO2,Ozone,PM2.5,SO2",NO2,Long Beach-Route 710 Near Road
2023-11-01,54.0,38,13,"CO,NO2,Ozone,PM2.5,SO2",NO2,Long Beach-Route 710 Near Road
2023-11-02,77.0,43,13,"CO,NO2,Ozone,PM2.5,SO2",Ozone,Reseda
2023-11-03,93.0,40,13,"CO,NO2,Ozone,PM2.5,SO2",Ozone,Reseda
2023-11-04,119.0,40,13,"CO,NO2,Ozone,PM2.5,SO2",Ozone,Pomona
2023-11-05,164.0,43,13,"CO,NO2,Ozone,PM2.5,SO2",Ozone,Glendora
2023-11-06,77.0,40,13,"CO,NO2,Ozone,PM2.5,SO2",Ozone,Glendora
2023-11-07,40.0,39,13,"CO,NO2,Ozone,PM2.5,SO2",NO2,Long Beach-Route 710 Near Road
2023-11-08,57.0,41,13,"CO,NO2,Ozone,PM2.5,SO2",PM2.5,Compton
2023-11-09,62.0,39,13,"CO,NO2,Ozone,PM2.5,SO2",PM2.5,Compton
2023-11-10,63.0,40,13,"CO,NO2,Ozone,PM2.5,SO2",PM2.5,Compton
2023-11-11,77.0,42,13,"CO,NO2,Ozone,PM2.5,SO2",PM2.5,Compton
2023-11-12,62.0,40,13,"CO,NO2,Ozone,PM2.5,SO2",PM2.5,Compton
2023-11-13,68.0,39,13,"CO,NO2,Ozone,PM2.5,SO2",PM2.5,Long Beach-Route 710 Near Road
2023-11-14,71.0,40,13,"CO,NO2,Ozone,PM2.5,SO2",PM2.5,Compton
2023-11-15,66.0,39,13,"CO,NO2,Ozone,PM2.5,SO2",PM2.5,Long Beach-Route 710 Near Road
2023-11-16,50.0,37,13,"CO,NO2,Ozone,PM2.5,SO2",PM2.5,Compton
2023-11-17,56.0,41,13,"CO,NO2,Ozone,PM2.5,SO2",PM2.5,Long Beach-Route 710 Near Road
2023-11-18,35.0,40,13,"CO,NO2,Ozone,PM2.5,SO2",Ozone,Lancaster - Fairgrounds
2023-11-19,39.0,40,13,"CO,NO2,Ozone,PM2.5,SO2",Ozone,Reseda
2023-11-20,60.0,43,13,"CO,NO2,Ozone,PM2.5,SO2",PM2.5,Compton
2023-11-21,57.0,38,13,"CO,NO2,Ozone,PM2.5,SO2",PM2.5,Long Beach-Route 710 Near Road
2023-11-22,47.0,40,13,"CO,NO2,Ozone,PM2.5,SO2",PM2.5,Long Beach-Route 710 Near Road
2023-11-23,58.0,43,13,"CO,NO2,Ozone,PM2.5,SO2",PM2.5,Compton
2023-11-24,60.0,40,13,"CO,NO2,Ozone,PM2.5,SO2",PM2.5,Compton
2023-11-25,62.0,39,13,"CO,NO2,Ozone,PM2.5,SO2",PM2.5,Compton
2023-11-26,52.0,41,13,"CO,NO2,Ozone,PM2.5,SO2",PM2.5,Compton
2023-11-27,47.0,39,13,"CO,NO2,Ozone,PM2.5,SO2",NO2,Long Beach-Route 710 Near Road
2023-11-28,55.0,39,13,"CO,NO2,Ozone,PM2.5,SO2",PM2.5,Compton
2023-11-29,51.0,43,13,"CO,NO2,Ozone,PM2.5,SO2",PM2.5,Long Beach-Route 710 Near Road
2023-11-30,54.0,38,13,"CO,NO2,Ozone,PM2.5,SO2",PM2.5,Long Beach-Route 710 Near Road
2023-12-01,52.0,40,13,"CO,NO2,Ozone,PM2.5,SO2",PM2.5,Signal Hill (LBSH)
2023-12-02,68.0,43,13,"CO,NO2,Ozone,PM2.5,SO2",PM2.5,Compton
2023-12-03,91.0,40,13,"CO,NO2,Ozone,PM2.5,SO2",PM2.5,Compton
2023-12-04,77.0,40,13,"CO,NO2,Ozone,PM2.5,SO2",PM2.5,Signal Hill (LBSH)
2023-12-05,62.0,41,13,"CO,NO2,Ozone,PM2.5,SO2",PM2.5,Long Beach-Route 710 Near Road
2023-12-06,63.0,35,13,"CO,NO2,Ozone,PM2.5,SO2",PM2.5,Compton
2023-12-07,58.0,38,13,"CO,NO2,Ozone,PM2.5,SO2",PM2.5,Compton
2023-12-08,65.0,39,13,"CO,NO2,Ozone,PM2.5,SO2",PM2.5,Compton
2023-12-09,55.0,38,13,"CO,NO2,Ozone,PM2.5,SO2",PM2.5,Los Angeles-North Main Street
2023-12-10,47.0,38,13,"CO,NO2,Ozone,PM2.5,SO2",PM2.5,Compton
2023-12-11,64.0,42,13,"CO,NO2,Ozone,PM2.5,SO2",PM2.5,Compton
2023-12-12,72.0,37,12,"CO,NO2,Ozone,PM2.5,SO2",PM2.5,Compton
2023-12-13,75.0,38,13,"CO,NO2,Ozone,PM2.5,SO2",PM2.5,Los Angeles-North Main Street
2023-12-14,66.0,40,13,"CO,NO2,Ozone,PM2.5,SO2",PM2.5,Long Beach-Route 710 Near Road
2023-12-15,53.0,39,13,"CO,NO2,Ozone,PM2.5,SO2",PM2.5,Long Beach-Route 710 Near Road
2023-12-16,59.0,39,13,"CO,NO2,Ozone,PM2.5,SO2",PM2.5,Compton
2023-12-17,66.0,42,13,"CO,NO2,Ozone,PM2.5,SO2",PM2.5,Signal Hill (LBSH)
2023-12-18,71.0,39,13,"CO,NO2,Ozone,PM2.5,SO2",PM2.5,Compton
2023-12-19,57.0,40,13,"CO,NO2,Ozone,PM2.5,SO2",PM2.5,Los Angeles-North Main Street
2023-12-20,52.0,43,13,"CO,NO2,Ozone,PM2.5,SO2",PM2.5,Los Angeles-North Main Street
2023-12-21,35.0,39,13,"CO,NO2,Ozone,PM2.5,SO2",PM2.5,Los Angeles-North Main Street
2023-12-22,36.0,38,13,"CO,NO2,Ozone,PM2.5,SO2",NO2,Long Beach-Route 710 Near Road
2023-12-23,64.0,43,13,"CO,NO2,Ozone,PM2.5,SO2",PM2.5,Compton
2023-12-24,102.0,38,13,"CO,NO2,Ozone,PM2.5,SO2",PM2.5,Compton
2023-12-25,153.0,38,13,"CO,NO2,Ozone,PM2.5,SO2",PM2.5,Long Beach-Route 710 Near Road
2023-12-26,90.0,42,13,"CO,NO2,Ozone,PM2.5,SO2",PM2.5,Compton
2023-12-27,83.0,37,13,"CO,NO2,Ozone,PM2.5,SO2",PM2.5,Long Beach-Route 710 Near Road
2023-12-28,86.0,35,13,"CO,NO2,Ozone,PM2.5,SO2",PM2.5,Compton
2023-12-29,96.0,41,13,"CO,NO2,Ozone,PM2.5,SO2",PM2.5,Pico Rivera #2
2023-12-30,60.0,39,13,"CO,NO2,Ozone,PM2.5,SO2",PM2.5,Los Angeles-North Main Street
2023-12-31,87.0,39,13,"CO,NO2,Ozone,PM2.5,SO2",PM2.5,Compton
2024-01-01,93.0,42,13,"CO,NO2,Ozone,PM2.5,SO2",PM2.5,Compton
2024-01-02,67.0,37,13,"CO,NO2,Ozone,PM2.5,SO2",PM2.5,Compton
2024-01-03,52.0,38,13,"CO,NO2,Ozone,PM2.5,SO2",PM2.5,Compton
2024-01-04,43.0,41,13,"CO,NO2,Ozone,PM2.5,SO2",PM2.5,Compton
2024-01-05,61.0,38,13,"CO,NO2,Ozone,PM2.5,SO2",PM2.5,Long Beach-Route 710 Near Road
2024-01-06,65.0,40,13,"CO,NO2,Ozone,PM2.5,SO2",PM2.5,Compton
2024-01-07,36.0,43,13,"CO,NO2,Ozone,PM2.5,SO2",Ozone,Glendora
2024-01-08,43.0,40,13,"CO,NO2,Ozone,PM2.5,SO2",NO2,Long Beach-Route 710 Near Road
2024-01-09,60.0,40,13,"CO,NO2,Ozone,PM2.5,SO2",PM2.5,Long Beach-Route 710 Near Road
2024-01-10,62.0,41,13,"CO,NO2,Ozone,PM2.5,SO2",PM2.5,Long Beach-Route 710 Near Road
2024-01-11,40.0,39,13,"CO,NO2,Ozone,PM2.5,SO2",NO2,Long Beach-Route 710 Near Road
2024-01-12,61.0,38,13,"CO,NO2,Ozone,PM2.5,SO2",PM2.5,Compton
2024-01-13,80.0,42,13,"CO,NO2,Ozone,PM2.5,SO2",PM2.5,Compton
2024-01-14,81.0,38,13,"CO,NO2,Ozone,PM2.5,SO2",PM2.5,Compton
2024-01-15,93.0,38,13,"CO,NO2,Ozone,PM2.5,SO2",PM2.5,Compton
2024-01-16,95.0,40,13,"CO,NO2,Ozone,PM2.5,SO2",PM2.5,Compton
2024-01-17,86.0,40,13,"CO,NO2,Ozone,PM2.5,SO2",PM2.5,Los Angeles-North Main Street
2024-01-18,75.0,40,13,"CO,NO2,Ozone,PM2.5,SO2",PM2.5,Los Angeles-North Main Street
2024-01-19,75.0,43,13,"CO,NO2,Ozone,PM2.5,SO2",PM2.5,Compton
2024-01-20,62.0,40,13,"CO,NO2,Ozone,PM2.5,SO2",PM2.5,Compton
2024-01-21,40.0,40,13,"CO,NO2,Ozone,PM2.5,SO2",PM2.5,Los Angeles-North Main Street
2024-01-22,44.0,43,13,"CO,NO2,Ozone,PM2.5,SO2",NO2,Long Beach-Route 710 Near Road
2024-01-23,52.0,40,13,"CO,NO2,Ozone,PM2.5,SO2",PM2.5,Los Angeles-North Main Street
2024-01-24,52.0,37,13,"CO,NO2,Ozone,PM2.5,SO2",PM2.5,Los Angeles-North Main Street
2024-01-25,51.0,42,13,"CO,NO2,Ozone,PM2.5,SO2",PM2.5,Los Angeles-North Main Street
2024-01-26,55.0,39,13,"CO,NO2,Ozone,PM2.5,SO2",PM2.5,Compton
2024-01-27,59.0,39,13,"CO,NO2,Ozone,PM2.5,SO2",PM2.5,Compton
2024-01-28,63.0,43,13,"CO,NO2,Ozone,PM2.5,SO2",PM2.5,Compton
2024-01-29,57.0,40,13,"CO,NO2,Ozone,PM2.5,SO2",PM2.5,Long Beach-Route 710 Near Road
2024-01-30,65.0,38,13,"CO,NO2,Ozone,PM2.5,SO2",PM2.5,Compton
2024-01-31,66.0,43,13,"CO,NO2,Ozone,PM2.5,SO2",PM2.5,Compton
2024-02-01,41.0,40,13,"CO,NO2,Ozone,PM2.5,SO2",NO2,Long Beach-Route 710 Near Road
2024-02-02,48.0,40,13,"CO,NO2,Ozone,PM2.5,SO2",PM2.5,Los Angeles-North Main Street
2024-02-03,42.0,42,13,"CO,NO2,Ozone,PM2.5,SO2",PM2.5,Los Angeles-North Main Street
2024-02-04,38.0,40,13,"CO,NO2,Ozone,PM2.5,SO2",Ozone,Signal Hill (LBSH)
2024-02-05,35.0,40,13,"CO,NO2,Ozone,PM2.5,SO2",NO2,Long Beach-Route 710 Near Road
2024-02-06,44.0,43,13,"CO,NO2,Ozone,PM2.5,SO2",NO2,Long Beach-Route 710 Near Road
2024-02-07,43.0,40,13,"CO,NO2,Ozone,PM2.5,SO2",PM2.5,Long Beach-Route 710 Near Road
2024-02-08,42.0,40,13,"CO,NO2,Ozone,PM2.5,SO2",NO2,Long Beach-Route 710 Near Road
2024-02-09,37.0,42,13,"CO,NO2,Ozone,PM2.5,SO2",Ozone,Lancaster - Fairgrounds
2024-02-10,52.0,40,13,"CO,NO2,Ozone,PM2.5,SO2",PM2.5,Compton
2024-02-11,58.0,40,13,"CO,NO2,Ozone,PM2.5,SO2",PM2.5,Compton
2024-02-12,57.0,43,13,"CO,NO2,Ozone,PM2.5,SO2",PM2.5,Signal Hill (LBSH)
2024-02-13,59.0,37,12,"CO,NO2,Ozone,PM2.5,SO2",PM2.5,Compton
2024-02-14,59.0,40,13,"CO,NO2,Ozone,PM2.5,SO2",PM2.5,Los Angeles-North Main Street
2024-02-15,55.0,43,13,"CO,NO2,Ozone,PM2.5,SO2",PM2.5,Pico Rivera #2
2024-02-16,66.0,40,13,"CO,NO2,Ozone,PM2.5,SO2",PM2.5,Los Angeles-North Main Street
2024-02-17,85.0,40,13,"CO,NO2,Ozone,PM2.5,SO2",PM2.5,Los Angeles-North Main Street
2024-02-18,51.0,43,13,"CO,NO2,Ozone,PM2.5,SO2",PM2.5,Los Angeles-North Main Street
2024-02-19,31.0,40,13,"CO,NO2,Ozone,PM2.5,SO2",Ozone,Signal Hill (LBSH)
2024-02-20,36.0,40,13,"CO,NO2,Ozone,PM2.5,SO2",Ozone,Lancaster - Fairgrounds
2024-02-21,42.0,43,13,"CO,NO2,Ozone,PM2.5,SO2",NO2,Long Beach-Route 710 Near Road
2024-02-22,55.0,38,13,"CO,NO2,Ozone,PM2.5,SO2",PM2.5,Compton
2024-02-23,55.0,39,13,"CO,NO2,Ozone,PM2.5,SO2",PM2.5,Long Beach-Route 710 Near Road
2024-02-24,56.0,43,13,"CO,NO2,Ozone,PM2.5,SO2",PM2.5,Compton
2024-02-25,57.0,40,13,"CO,NO2,Ozone,PM2.5,SO2",PM2.5,Compton
2024-02-26,63.0,40,13,"CO,NO2,Ozone,PM2.5,SO2",PM2.5,Compton
2024-02-27,63.0,43,13,"CO,NO2,Ozone,PM2.5,SO2",PM2.5,Pasadena
2024-02-28,58.0,40,13,"CO,NO2,Ozone,PM2.5,SO2",PM2.5,Compton
2024-02-29,52.0,38,13,"CO,NO2,Ozone,PM2.5,SO2",PM2.5,Los Angeles-North Main Street
2024-03-01,39.0,43,13,"CO,NO2,Ozone,PM2.5,SO2",Ozone,Glendora
2024-03-02,38.0,40,13,"CO,NO2,Ozone,PM2.5,SO2",Ozone,Lancaster - Fairgrounds
2024-03-03,39.0,39,13,"CO,NO2,Ozone,PM2.5,SO2",Ozone,Santa Clarita
2024-03-04,48.0,42,13,"CO,NO2,Ozone,PM2.5,SO2",PM2.5,Compton
2024-03-05,43.0,38,13,"CO,NO2,Ozone,PM2.5,SO2",PM2.5,Los Angeles-North Main Street
2024-03-06,39.0,40,13,"CO,NO2,Ozone,PM2.5,SO2",NO2,Long Beach-Route 710 Near Road
2024-03-07,39.0,43,13,"CO,NO2,Ozone,PM2.5,SO2",NO2,Long Beach-Route 710 Near Road
2024-03-08,53.0,40,13,"CO,NO2,Ozone,PM2.5,SO2",PM2.5,Compton
2024-03-09,57.0,40,13,"CO,NO2,Ozone,PM2.5,SO2",PM2.5,Compton
2024-03-10,52.0,43,13,"CO,NO2,Ozone,PM2.5,SO2",PM2.5,Compton
2024-03-11,41.0,40,13,"CO,NO2,Ozone,PM2.5,SO2",Ozone,Lancaster - Fairgrounds
2024-03-12,40.0,40,13,"CO,NO2,Ozone,PM2.5,SO2",Ozone,Santa Clarita
2024-03-13,41.0,42,13,"CO,NO2,Ozone,PM2.5,SO2",PM2.5,Los Angeles-North Main Street
2024-03-14,44.0,38,13,"CO,NO2,Ozone,PM2.5,SO2",Ozone,Santa Clarita
2024-03-15,41.0,39,13,"CO,NO2,Ozone,PM2.5,SO2",Ozone,Signal Hill (LBSH)
2024-03-16,46.0,43,13,"CO,NO2,Ozone,PM2.5,SO2",Ozone,North Hollywood (NOHO)
2024-03-17,52.0,40,13,"CO,NO2,Ozone,PM2.5,SO2",PM2.5,Los Angeles-North Main Street
2024-03-18,56.0,40,13,"CO,NO2,Ozone,PM2.5,SO2",PM2.5,Long Beach-Route 710 Near Road
2024-03-19,57.0,42,13,"CO,NO2,Ozone,PM2.5,SO2",PM2.5,Long Beach-Route 710 Near Road
2024-03-20,84.0,38,13,"CO,NO2,Ozone,PM2.5,SO2",Ozone,Santa Clarita
2024-03-21,70.0,40,13,"CO,NO2,Ozone,PM2.5,SO2",PM2.5,Los Angeles-North Main Street
2024-03-22,70.0,43,13,"CO,NO2,Ozone,PM2.5,SO2",PM2.5,Los Angeles-North Main Street
2024-03-23,40.0,40,13,"CO,NO2,Ozone,PM2.5,SO2",Ozone,North Hollywood (NOHO)
2024-03-24,41.0,40,13,"CO,NO2,Ozone,PM2.5,SO2",Ozone,Santa Clarita
2024-03-25,42.0,43,13,"CO,NO2,Ozone,PM2.5,SO2",Ozone,Santa Clarita
2024-03-26,47.0,39,13,"CO,NO2,Ozone,PM2.5,SO2",PM2.5,Los Angeles-North Main Street
2024-03-27,64.0,39,13,"CO,NO2,Ozone,PM2.5,SO2",Ozone,Lancaster - Fairgrounds
2024-03-28,53.0,43,13,"CO,NO2,Ozone,PM2.5,SO2",PM2.5,Los Angeles-North Main Street
2024-03-29,48.0,40,13,"CO,NO2,Ozone,PM2.5,SO2",Ozone,Lancaster - Fairgrounds
2024-03-30,44.0,40,13,"CO,NO2,Ozone,PM2.5,SO2",Ozone,Lancaster - Fairgrounds
2024-03-31,44.0,43,13,"CO,NO2,Ozone,PM2.5,SO2",Ozone,North Hollywood (NOHO)
2024-04-01,45.0,40,13,"CO,NO2,Ozone,PM2.5,SO2",Ozone,Glendora
2024-04-02,49.0,39,13,"CO,NO2,Ozone,PM2.5,SO2",Ozone,Glendora
2024-04-03,58.0,43,13,"CO,NO2,Ozone,PM2.5,SO2",Ozone,Santa Clarita
2024-04-04,44.0,39,13,"CO,NO2,Ozone,PM2.5,SO2",Ozone,Lancaster - Fairgrounds
2024-04-05,44.0,37,13,"CO,NO2,Ozone,PM2.5,SO2",Ozone,Glendora
2024-04-06,47.0,43,13,"CO,NO2,Ozone,PM2.5,SO2",Ozone,Glendora
2024-04-07,54.0,40,13,"CO,NO2,Ozone,PM2.5,SO2",PM2.5,Compton
2024-04-08,49.0,40,13,"CO,NO2,Ozone,PM2.5,SO2",Ozone,Santa Clarita
2024-04-09,61.0,42,13,"CO,NO2,Ozone,PM2.5,SO2",Ozone,Glendora
2024-04-10,87.0,39,13,"CO,NO2,Ozone,PM2.5,SO2",Ozone,Santa Clarita
2024-04-11,119.0,38,13,"CO,NO2,Ozone,PM2.5,SO2",Ozone,Glendora
2024-04-12,87.0,40,13,"CO,NO2,Ozone,PM2.5,SO2",Ozone,Lancaster - Fairgrounds
2024-04-13,49.0,40,13,"CO,NO2,Ozone,PM2.5,SO2",Ozone,Signal Hill (LBSH)
2024-04-14,48.0,40,13,"CO,NO2,Ozone,PM2.5,SO2",Ozone,Lancaster - Fairgrounds
2024-04-15,71.0,43,13,"CO,NO2,Ozone,PM2.5,SO2",Ozone,Glendora
2024-04-16,77.0,38,13,"CO,NO2,Ozone,PM2.5,SO2",Ozone,Glendora
2024-04-17,101.0,39,13,"CO,NO2,Ozone,PM2.5,SO2",Ozone,Santa Clarita
2024-04-18,90.0,42,13,"CO,NO2,Ozone,PM2.5,SO2",Ozone,Lancaster - Fairgrounds
2024-04-19,67.0,38,13,"CO,NO2,Ozone,PM2.5,SO2",Ozone,Glendora
2024-04-20,93.0,40,13,"CO,NO2,Ozone,PM2.5,SO2",Ozone,Glendora
2024-04-21,140.0,43,13,"CO,NO2,Ozone,PM2.5,SO2",Ozone,Glendora
2024-04-22,97.0,40,13,"CO,NO2,Ozone,PM2.5,SO2",Ozone,Santa Clarita
2024-04-23,51.0,39,13,"CO,NO2,Ozone,PM2.5,SO2",Ozone,Lancaster - Fairgrounds
2024-04-24,46.0,43,13,"CO,NO2,Ozone,PM2.5,SO2",Ozone,Glendora
2024-04-25,39.0,40,13,"CO,NO2,Ozone,PM2.5,SO2",Ozone,Glendora
2024-04-26,49.0,40,13,"CO,NO2,Ozone,PM2.5,SO2",PM2.5,Los Angeles-North Main Street
2024-04-27,48.0,40,12,"CO,NO2,Ozone,PM2.5,SO2",Ozone,Glendora
2024-04-28,80.0,40,13,"CO,NO2,Ozone,PM2.5,SO2",Ozone,Santa Clarita
2024-04-29,74.0,40,13,"CO,NO2,Ozone,PM2.5,SO2",Ozone,Glendora
2024-04-30,97.0,43,13,"CO,NO2,Ozone,PM2.5,SO2",Ozone,Santa Clarita
2024-05-01,67.0,37,12,"CO,NO2,Ozone,PM2.5,SO2",Ozone,Pomona
2024-05-02,97.0,35,12,"CO,NO2,Ozone,PM2.5,SO2",Ozone,Santa Clarita
2024-05-03,87.0,39,12,"CO,NO2,Ozone,PM2.5,SO2",Ozone,Santa Clarita
2024-05-04,53.0,35,11,"CO,NO2,Ozone,PM2.5,SO2",PM2.5,Los Angeles-North Main Street
2024-05-05,47.0,31,11,"CO,NO2,Ozone,PM2.5,SO2",Ozone,Santa Clarita
2024-05-06,48.0,39,12,"CO,NO2,Ozone,PM2.5,SO2",Ozone,Pomona
2024-05-07,84.0,37,12,"CO,NO2,Ozone,PM2.5,SO2",Ozone,Santa Clarita
2024-05-08,77.0,36,12,"CO,NO2,Ozone,PM2.5,SO2",Ozone,Santa Clarita
2024-05-09,67.0,37,12,"CO,NO2,Ozone,PM2.5,SO2",Ozone,Pasadena
2024-05-10,74.0,35,12,"CO,NO2,Ozone,PM2.5,SO2",Ozone,Pomona
2024-05-11,84.0,37,12,"CO,NO2,Ozone,PM2.5,SO2",Ozone,Pomona
2024-05-12,108.0,40,12,"CO,NO2,Ozone,PM2.5,SO2",Ozone,Santa Clarita
2024-05-13,97.0,37,12,"CO,NO2,Ozone,PM2.5,SO2",Ozone,Lancaster - Fairgrounds
2024-05-14,90.0,36,12,"CO,NO2,Ozone,PM2.5,SO2",Ozone,Lancaster - Fairgrounds
2024-05-15,74.0,38,12,"CO,NO2,Ozone,PM2.5,SO2",Ozone,Lancaster - Fairgrounds
2024-05-16,74.0,34,12,"CO,NO2,Ozone,PM2.5,SO2",Ozone,Lancaster - Fairgrounds
2024-05-17,54.0,34,11,"CO,NO2,Ozone,PM2.5,SO2",Ozone,Lancaster - Fairgrounds
2024-05-18,105.0,40,12,"CO,NO2,Ozone,PM2.5,SO2",Ozone,Lancaster - Fairgrounds
2024-05-19,77.0,37,12,"CO,NO2,Ozone,PM2.5,SO2",Ozone,Lancaster - Fairgrounds
2024-05-20,51.0,37,12,"CO,NO2,Ozone,PM2.5,SO2",Ozone,Lancaster - Fairgrounds
2024-05-21,74.0,40,12,"CO,NO2,Ozone,PM2.5,SO2",Ozone,Santa Clarita
2024-05-22,87.0,35,12,"CO,NO2,Ozone,PM2.5,SO2",Ozone,Lancaster - Fairgrounds
2024-05-23,61.0,32,12,"CO,NO2,Ozone,PM2.5,SO2",Ozone,Lancaster - Fairgrounds
2024-05-24,61.0,41,13,"CO,NO2,Ozone,PM2.5,SO2",PM2.5,Los Angeles-North Main Street
2024-05-25,44.0,38,13,"CO,NO2,Ozone,PM2.5,SO2",Ozone,Glendora
2024-05-26,48.0,38,13,"CO,NO2,Ozone,PM2.5,SO2",PM2.5,Los Angeles-North Main Street
2024-05-27,87.0,43,13,"CO,NO2,Ozone,PM2.5,SO2",Ozone,Santa Clarita
2024-05-28,93.0,40,13,"CO,NO2,Ozone,PM2.5,SO2",Ozone,Santa Clarita
2024-05-29,80.0,38,13,"CO,NO2,Ozone,PM2.5,SO2",Ozone,Santa Clarita
2024-05-30,119.0,40,12,"CO,NO2,Ozone,PM2.5,SO2",Ozone,Santa Clarita
2024-05-31,119.0,37,12,"CO,NO2,Ozone,PM2.5,SO2",Ozone,Santa Clarita
2024-06-01,87.0,39,13,"CO,NO2,Ozone,PM2.5,SO2",Ozone,Santa Clarita
2024-06-02,54.0,42,13,"CO,NO2,Ozone,PM2.5,SO2",Ozone,Santa Clarita
2024-06-03,74.0,39,13,"CO,NO2,Ozone,PM2.5,SO2",Ozone,Santa Clarita
2024-06-04,115.0,39,13,"CO,NO2,Ozone,PM2.5,SO2",Ozone,Santa Clarita
2024-06-05,179.0,42,13,"CO,NO2,Ozone,PM2.5,SO2",Ozone,Santa Clarita
2024-06-06,166.0,36,13,"CO,NO2,Ozone,PM2.5,SO2",Ozone,Santa Clarita
2024-06-07,84.0,36,13,"CO,NO2,Ozone,PM2.5,SO2",Ozone,Santa Clarita
2024-06-08,58.0,39,13,"CO,NO2,Ozone,PM2.5,SO2",Ozone,Lancaster - Fairgrounds
2024-06-09,46.0,39,13,"CO,NO2,Ozone,PM2.5,SO2",Ozone,Glendora
2024-06-10,97.0,39,13,"CO,NO2,Ozone,PM2.5,SO2",Ozone,Santa Clarita
2024-06-11,115.0,42,13,"CO,NO2,Ozone,PM2.5,SO2",Ozone,Santa Clarita
2024-06-12,105.0,39,13,"CO,NO2,Ozone,PM2.5,SO2",Ozone,Glendora
2024-06-13,77.0,40,13,"CO,NO2,Ozone,PM2.5,SO2",Ozone,Pomona
2024-06-14,164.0,43,13,"CO,NO2,Ozone,PM2.5,SO2",Ozone,Santa Clarita
2024-06-15,161.0,40,13,"CO,NO2,Ozone,PM2.5,SO2",Ozone,Glendora
2024-06-16,129.0,40,13,"CO,NO2,Ozone,PM2.5,SO2",Ozone,Santa Clarita
2024-06-17,71.0,43,13,"CO,NO2,Ozone,PM2.5,SO2",PM2.5,Los Angeles-North Main Street
2024-06-18,108.0,38,13,"CO,NO2,Ozone,PM2.5,SO2",Ozone,Santa Clarita
2024-06-19,119.0,40,13,"CO,NO2,Ozone,PM2.5,SO2",Ozone,Glendora
2024-06-20,140.0,43,13,"CO,NO2,Ozone,PM2.5,SO2",Ozone,Glendora
2024-06-21,166.0,37,12,"CO,NO2,Ozone,PM2.5,SO2",Ozone,Santa Clarita
2024-06-22,202.0,40,13,"CO,NO2,Ozone,PM2.5,SO2",Ozone,Glendora
2024-06-23,154.0,42,13,"CO,NO2,Ozone,PM2.5,SO2",Ozone,Pomona
2024-06-24,126.0,39,13,"CO,NO2,Ozone,PM2.5,SO2",Ozone,Glendora
2024-06-25,100.0,33,12,"CO,NO2,Ozone,PM2.5,SO2",Ozone,Santa Clarita
2024-06-26,140.0,39,12,"CO,NO2,Ozone,PM2.5,SO2",Ozone,Santa Clarita
2024-06-27,122.0,39,13,"CO,NO2,Ozone,PM2.5,SO2",Ozone,Santa Clarita
2024-06-28,108.0,38,13,"CO,NO2,Ozone,PM2.5,SO2",Ozone,Santa Clarita
2024-06-29,147.0,42,13,"CO,NO2,Ozone,PM2.5,SO2",Ozone,Glendora
2024-06-30,169.0,39,13,"CO,NO2,Ozone,PM2.5,SO2",Ozone,Glendora
2024-07-01,150.0,39,13,"CO,NO2,Ozone,PM2.5,SO2",Ozone,Glendora
2024-07-02,161.0,40,13,"CO,NO2,Ozone,PM2.5,SO2",Ozone,Glendora
2024-07-03,195.0,37,12,"CO,NO2,Ozone,PM2.5,SO2",Ozone,Santa Clarita
2024-07-04,166.0,39,13,"CO,NO2,Ozone,PM2.5,SO2",Ozone,Santa Clarita
2024-07-05,197.0,42,13,"CO,NO2,Ozone,PM2.5,SO2",Ozone,Glendora
2024-07-06,156.0,36,12,"CO,NO2,Ozone,PM2.5,SO2",Ozone,Santa Clarita
2024-07-07,108.0,39,13,"CO,NO2,Ozone,PM2.5,SO2",Ozone,Santa Clarita
2024-07-08,187.0,43,13,"CO,NO2,Ozone,PM2.5,SO2",Ozone,Santa Clarita
2024-07-09,206.0,37,12,"CO,NO2,Ozone,PM2.5,SO2",Ozone,Santa Clarita
2024-07-10,209.0,39,13,"CO,NO2,Ozone,PM2.5,SO2",Ozone,Santa Clarita
2024-07-11,166.0,42,13,"CO,NO2,Ozone,PM2.5,SO2",Ozone,Glendora
2024-07-12,147.0,38,13,"CO,NO2,Ozone,PM2.5,SO2",Ozone,Santa Clarita
2024-07-13,147.0,40,13,"CO,NO2,Ozone,PM2.5,SO2",Ozone,Santa Clarita
2024-07-14,136.0,43,13,"CO,NO2,Ozone,PM2.5,SO2",Ozone,Glendora
2024-07-15,136.0,40,13,"CO,NO2,Ozone,PM2.5,SO2",Ozone,Santa Clarita
2024-07-16,129.0,36,12,"CO,NO2,Ozone,PM2.5,SO2",Ozone,Santa Clarita
2024-07-17,129.0,39,13,"CO,NO2,Ozone,PM2.5,SO2",Ozone,Glendora
2024-07-18,174.0,35,13,"CO,NO2,Ozone,PM2.5,SO2",Ozone,Santa Clarita
2024-07-19,203.0,36,13,"CO,NO2,Ozone,PM2.5,SO2",Ozone,Glendora
2024-07-20,164.0,40,13,"CO,NO2,Ozone,PM2.5,SO2",Ozone,Glendora
2024-07-21,147.0,37,13,"CO,NO2,Ozone,PM2.5,SO2",Ozone,Glendora
2024-07-22,159.0,37,13,"CO,NO2,Ozone,PM2.5,SO2",Ozone,Santa Clarita
2024-07-23,154.0,40,13,"CO,NO2,Ozone,PM2.5,SO2",Ozone,Glendora
2024-07-24,159.0,35,13,"CO,NO2,Ozone,PM2.5,SO2",Ozone,Santa Clarita
2024-07-25,182.0,35,13,"CO,NO2,Ozone,PM2.5,SO2",Ozone,Glendora
2024-07-26,143.0,40,13,"CO,NO2,Ozone,PM2.5,SO2",Ozone,Glendora
2024-07-27,105.0,38,13,"CO,NO2,Ozone,PM2.5,SO2",Ozone,Glendora
2024-07-28,105.0,38,13,"CO,NO2,Ozone,PM2.5,SO2",Ozone,Glendora
2024-07-29,119.0,41,13,"CO,NO2,Ozone,PM2.5,SO2",Ozone,Glendora
2024-07-30,150.0,38,13,"CO,NO2,Ozone,PM2.5,SO2",Ozone,Glendora
2024-07-31,166.0,37,13,"CO,NO2,Ozone,PM2.5,SO2",Ozone,Santa Clarita
2024-08-01,126.0,42,13,"CO,NO2,Ozone,PM2.5,SO2",Ozone,Santa Clarita
2024-08-02,200.0,40,13,"CO,NO2,Ozone,PM2.5,SO2",Ozone,Glendora
2024-08-03,174.0,40,13,"CO,NO2,Ozone,PM2.5,SO2",Ozone,Glendora
2024-08-04,164.0,40,13,"CO,NO2,Ozone,PM2.5,SO2",Ozone,Glendora
2024-08-05,182.0,39,13,"CO,NO2,Ozone,PM2.5,SO2",Ozone,Glendora
2024-08-06,192.0,40,13,"CO,NO2,Ozone,PM2.5,SO2",Ozone,Santa Clarita
2024-08-07,108.0,43,13,"CO,NO2,Ozone,PM2.5,SO2",Ozone,Santa Clarita
2024-08-08,140.0,40,13,"CO,NO2,Ozone,PM2.5,SO2",Ozone,Santa Clarita
2024-08-09,182.0,40,13,"CO,NO2,Ozone,PM2.5,SO2",Ozone,Santa Clarita
2024-08-10,202.0,43,13,"CO,NO2,Ozone,PM2.5,SO2",Ozone,Glendora
2024-08-11,136.0,40,13,"CO,NO2,Ozone,PM2.5,SO2",Ozone,Santa Clarita
2024-08-12,90.0,40,13,"CO,NO2,Ozone,PM2.5,SO2",Ozone,Glendora
2024-08-13,105.0,43,13,"CO,NO2,Ozone,PM2.5,SO2",Ozone,Glendora
2024-08-14,140.0,40,13,"CO,NO2,Ozone,PM2.5,SO2",Ozone,Santa Clarita
2024-08-15,159.0,39,13,"CO,NO2,Ozone,PM2.5,SO2",Ozone,Glendora
2024-08-16,151.0,42,13,"CO,NO2,Ozone,PM2.5,SO2",Ozone,Glendora
2024-08-17,90.0,40,13,"CO,NO2,Ozone,PM2.5,SO2",Ozone,Glendora
2024-08-18,126.0,40,13,"CO,NO2,Ozone,PM2.5,SO2",Ozone,Glendora
2024-08-19,156.0,43,13,"CO,NO2,Ozone,PM2.5,SO2",Ozone,Pomona
2024-08-20,161.0,40,13,"CO,NO2,Ozone,PM2.5,SO2",Ozone,Glendora
2024-08-21,154.0,40,13,"CO,NO2,Ozone,PM2.5,SO2",Ozone,Glendora
2024-08-22,105.0,43,13,"CO,NO2,Ozone,PM2.5,SO2",Ozone,Glendora
2024-08-23,77.0,33,12,"CO,NO2,Ozone,PM2.5,SO2",Ozone,Lancaster - Fairgrounds
2024-08-24,71.0,36,12,"CO,NO2,Ozone,PM2.5,SO2",Ozone,Santa Clarita
2024-08-25,87.0,39,12,"CO,NO2,Ozone,PM2.5,SO2",Ozone,Glendora
2024-08-26,129.0,36,12,"CO,NO2,Ozone,PM2.5,SO2",Ozone,Glendora
2024-08-27,156.0,34,12,"CO,NO2,Ozone,PM2.5,SO2",Ozone,Glendora
2024-08-28,133.0,38,13,"CO,NO2,Ozone,PM2.5,SO2",Ozone,Glendora
2024-08-29,126.0,36,12,"CO,NO2,Ozone,PM2.5,SO2",Ozone,Glendora
2024-08-30,156.0,37,13,"CO,NO2,Ozone,PM2.5,SO2",Ozone,Santa Clarita
2024-08-31,187.0,42,13,"CO,NO2,Ozone,PM2.5,SO2",Ozone,Glendora
2024-09-01,169.0,40,13,"CO,NO2,Ozone,PM2.5,SO2",Ozone,Glendora
2024-09-02,182.0,40,13,"CO,NO2,Ozone,PM2.5,SO2",Ozone,Glendora
2024-09-03,166.0,42,13,"CO,NO2,Ozone,PM2.5,SO2",Ozone,Glendora
2024-09-04,147.0,40,13,"CO,NO2,Ozone,PM2.5,SO2",Ozone,Glendora
2024-09-05,207.0,38,12,"CO,NO2,Ozone,PM2.5,SO2",Ozone,Glendora
2024-09-06,190.0,41,12,"CO,NO2,Ozone,PM2.5,SO2",Ozone,Glendora
2024-09-07,209.0,35,12,"CO,NO2,Ozone,PM2.5,SO2",Ozone,Glendora
2024-09-08,150.0,35,12,"CO,NO2,Ozone,PM2.5,SO2",Ozone,Glendora
2024-09-09,185.0,38,12,"CO,NO2,Ozone,PM2.5,SO2",Ozone,Glendora
2024-09-10,112.0,36,12,"CO,NO2,Ozone,PM2.5,SO2",Ozone,Glendora
2024-09-11,122.0,35,12,"CO,NO2,Ozone,PM2.5,SO2",Ozone,Santa Clarita
2024-09-12,101.0,40,13,"CO,NO2,Ozone,PM2.5,SO2",Ozone,Santa Clarita
2024-09-13,119.0,39,13,"CO,NO2,Ozone,PM2.5,SO2",Ozone,Lancaster - Fairgrounds
2024-09-14,122.0,40,13,"CO,NO2,Ozone,PM2.5,SO2",Ozone,Glendora
2024-09-15,77.0,43,13,"CO,NO2,Ozone,PM2.5,SO2",Ozone,Lancaster - Fairgrounds
2024-09-16,48.0,40,13,"CO,NO2,Ozone,PM2.5,SO2",Ozone,Lancaster - Fairgrounds
2024-09-17,49.0,38,13,"CO,NO2,Ozone,PM2.5,SO2",PM2.5,Los Angeles-North Main Street
2024-09-18,80.0,42,13,"CO,NO2,Ozone,PM2.5,SO2",Ozone,Lancaster - Fairgrounds
2024-09-19,67.0,36,13,"CO,NO2,Ozone,PM2.5,SO2",Ozone,Lancaster - Fairgrounds
2024-09-20,64.0,39,13,"CO,NO2,Ozone,PM2.5,SO2",Ozone,Lancaster - Fairgrounds
2024-09-21,90.0,42,13,"CO,NO2,Ozone,PM2.5,SO2",Ozone,Santa Clarita
2024-09-22,122.0,39,13,"CO,NO2,Ozone,PM2.5,SO2",Ozone,Santa Clarita
2024-09-23,112.0,39,13,"CO,NO2,Ozone,PM2.5,SO2",Ozone,Pomona
2024-09-24,133.0,42,13,"CO,NO2,Ozone,PM2.5,SO2",Ozone,Santa Clarita
2024-09-25,101.0,38,13,"CO,NO2,Ozone,PM2.5,SO2",Ozone,Santa Clarita
2024-09-26,126.0,37,12,"CO,NO2,Ozone,PM2.5,SO2",Ozone,Santa Clarita
2024-09-27,108.0,43,13,"CO,NO2,Ozone,PM2.5,SO2",Ozone,Santa Clarita
2024-09-28,133.0,40,13,"CO,NO2,Ozone,PM2.5,SO2",Ozone,Glendora
2024-09-29,122.0,40,13,"CO,NO2,Ozone,PM2.5,SO2",Ozone,Glendora
2024-09-30,136.0,43,13,"CO,NO2,Ozone,PM2.5,SO2",Ozone,Glendora
2024-10-01,126.0,40,13,"CO,NO2,Ozone,PM2.5,SO2",Ozone,Reseda
2024-10-02,179.0,36,13,"CO,NO2,Ozone,PM2.5,SO2",Ozone,Reseda
2024-10-03,203.0,42,13,"CO,NO2,Ozone,PM2.5,SO2",Ozone,Santa Clarita
2024-10-04,164.0,38,13,"CO,NO2,Ozone,PM2.5,SO2",Ozone,Reseda
2024-10-05,172.0,39,13,"CO,NO2,Ozone,PM2.5,SO2",Ozone,Glendora
2024-10-06,172.0,43,13,"CO,NO2,Ozone,PM2.5,SO2",Ozone,Glendora
2024-10-07,154.0,40,13,"CO,NO2,Ozone,PM2.5,SO2",Ozone,Santa Clarita
2024-10-08,108.0,37,12,"CO,NO2,Ozone,PM2.5,SO2",Ozone,Glendora
2024-10-09,105.0,43,13,"CO,NO2,Ozone,PM2.5,SO2",Ozone,Glendora
2024-10-10,119.0,40,13,"CO,NO2,Ozone,PM2.5,SO2",Ozone,Glendora
2024-10-11,97.0,39,13,"CO,NO2,Ozone,PM2.5,SO2",Ozone,Glendora
2024-10-12,100.0,43,13,"CO,NO2,Ozone,PM2.5,SO2",Ozone,Glendora
2024-10-13,101.0,40,13,"CO,NO2,Ozone,PM2.5,SO2",Ozone,Santa Clarita
2024-10-14,61.0,40,13,"CO,NO2,Ozone,PM2.5,SO2",PM2.5,Los Angeles-North Main Street
2024-10-15,78.0,42,13,"CO,NO2,Ozone,PM2.5,SO2",PM2.5,Los Angeles-North Main Street
2024-10-16,81.0,40,13,"CO,NO2,Ozone,PM2.5,SO2",PM2.5,Los Angeles-North Main Street
2024-10-17,54.0,39,13,"CO,NO2,Ozone,PM2.5,SO2",PM2.5,Los Angeles-North Main Street
2024-10-18,55.0,41,13,"CO,NO2,Ozone,PM2.5,SO2",PM2.5,Los Angeles-North Main Street
2024-10-19,60.0,40,13,"CO,NO2,Ozone,PM2.5,SO2",PM2.5,Long Beach-Route 710 Near Road
2024-10-20,67.0,40,13,"CO,NO2,Ozone,PM2.5,SO2",Ozone,North Hollywood (NOHO)
2024-10-21,67.0,43,13,"CO,NO2,Ozone,PM2.5,SO2",Ozone,Glendora
2024-10-22,87.0,40,13,"CO,NO2,Ozone,PM2.5,SO2",Ozone,Santa Clarita
2024-10-23,122.0,40,13,"CO,NO2,Ozone,PM2.5,SO2",Ozone,North Hollywood (NOHO)
2024-10-24,150.0,42,13,"CO,NO2,Ozone,PM2.5,SO2",Ozone,Santa Clarita
2024-10-25,108.0,39,13,"CO,NO2,Ozone,PM2.5,SO2",Ozone,Santa Clarita
2024-10-26,122.0,39,13,"CO,NO2,Ozone,PM2.5,SO2",Ozone,Glendora
2024-10-27,105.0,41,13,"CO,NO2,Ozone,PM2.5,SO2",Ozone,Glendora
2024-10-28,55.0,38,13,"CO,NO2,Ozone,PM2.5,SO2",PM2.5,Los Angeles-North Main Street
2024-10-29,51.0,38,13,"CO,NO2,Ozone,PM2.5,SO2",PM2.5,Compton
2024-10-30,53.0,41,13,"CO,NO2,Ozone,PM2.5,SO2",PM2.5,Los Angeles-North Main Street
2024-10-31,59.0,38,13,"CO,NO2,Ozone,PM2.5,SO2",PM2.5,Long Beach-Route 710 Near Road
2024-11-01,58.0,39,13,"CO,NO2,Ozone,PM2.5,SO2",PM2.5,Long Beach-Route 710 Near Road
2024-11-02,56.0,42,13,"CO,NO2,Ozone,PM2.5,SO2",PM2.5,Los Angeles-North Main Street
2024-11-03,44.0,39,13,"CO,NO2,Ozone,PM2.5,SO2",Ozone,Pomona
2024-11-04,55.0,39,13,"CO,NO2,Ozone,PM2.5,SO2",PM2.5,Long Beach-Route 710 Near Road
2024-11-05,55.0,43,13,"CO,NO2,Ozone,PM2.5,SO2",PM2.5,Los Angeles-North Main Street
2024-11-06,56.0,40,13,"CO,NO2,Ozone,PM2.5,SO2",PM2.5,Long Beach-Route 710 Near Road
2024-11-07,57.0,40,13,"CO,NO2,Ozone,PM2.5,SO2",PM2.5,Long Beach-Route 710 Near Road
2024-11-08,59.0,43,13,"CO,NO2,Ozone,PM2.5,SO2",PM2.5,Long Beach-Route 710 Near Road
2024-11-09,78.0,40,13,"CO,NO2,Ozone,PM2.5,SO2",PM2.5,Compton
2024-11-10,106.0,40,13,"CO,NO2,Ozone,PM2.5,SO2",PM2.5,Compton
2024-11-11,83.0,43,13,"CO,NO2,Ozone,PM2.5,SO2",PM2.5,Compton
2024-11-12,53.0,40,13,"CO,NO2,Ozone,PM2.5,SO2",PM2.5,Los Angeles-North Main Street
2024-11-13,52.0,40,13,"CO,NO2,Ozone,PM2.5,SO2",PM2.5,Long Beach-Route 710 Near Road
2024-11-14,62.0,41,13,"CO,NO2,Ozone,PM2.5,SO2",PM2.5,Long Beach-Route 710 Near Road
2024-11-15,47.0,36,13,"CO,NO2,Ozone,PM2.5,SO2",PM2.5,Long Beach-Route 710 Near Road
2024-11-16,78.0,38,13,"CO,NO2,Ozone,PM2.5,SO2",PM2.5,Compton
2024-11-17,65.0,41,13,"CO,NO2,Ozone,PM2.5,SO2",PM2.5,Compton
2024-11-18,61.0,39,13,"CO,NO2,Ozone,PM2.5,SO2",PM2.5,Compton
2024-11-19,70.0,39,13,"CO,NO2,Ozone,PM2.5,SO2",PM2.5,Long Beach-Route 710 Near Road
2024-11-20,67.0,43,13,"CO,NO2,Ozone,PM2.5,SO2",PM2.5,Signal Hill (LBSH)
2024-11-21,68.0,36,13,"CO,NO2,Ozone,PM2.5,SO2",PM2.5,Long Beach-Route 710 Near Road
2024-11-22,72.0,36,13,"CO,NO2,Ozone,PM2.5,SO2",PM2.5,Compton
2024-11-23,73.0,42,13,"CO,NO2,Ozone,PM2.5,SO2",PM2.5,Compton
2024-11-24,44.0,40,13,"CO,NO2,Ozone,PM2.5,SO2",PM2.5,Los Angeles-North Main Street
2024-11-25,79.0,39,13,"CO,NO2,Ozone,PM2.5,SO2",PM2.5,Compton
2024-11-26,58.0,41,13,"CO,NO2,Ozone,PM2.5,SO2",PM2.5,Pico Rivera #2
2024-11-27,54.0,39,13,"CO,NO2,Ozone,PM2.5,SO2",PM2.5,Compton
2024-11-28,58.0,40,13,"CO,NO2,Ozone,PM2.5,SO2",PM2.5,Compton
2024-11-29,53.0,43,13,"CO,NO2,Ozone,PM2.5,SO2",PM2.5,Compton
2024-11-30,54.0,40,13,"CO,NO2,Ozone,PM2.5,SO2",PM2.5,Compton
2024-12-01,70.0,40,13,"CO,NO2,Ozone,PM2.5,SO2",PM2.5,Compton
2024-12-02,78.0,43,13,"CO,NO2,Ozone,PM2.5,SO2",PM2.5,Signal Hill (LBSH)
2024-12-03,82.0,40,13,"CO,NO2,Ozone,PM2.5,SO2",PM2.5,Los Angeles-North Main Street
2024-12-04,128.0,40,13,"CO,NO2,Ozone,PM2.5,SO2",PM2.5,Los Angeles-North Main Street
2024-12-05,155.0,39,13,"CO,NO2,Ozone,PM2.5,SO2",PM2.5,Pico Rivera #2
2024-12-06,105.0,33,13,"CO,NO2,Ozone,PM2.5,SO2",PM2.5,Compton
2024-12-07,86.0,35,13,"CO,NO2,Ozone,PM2.5,SO2",PM2.5,Compton
2024-12-08,90.0,43,13,"CO,NO2,Ozone,PM2.5,SO2",PM2.5,Compton
2024-12-09,103.0,40,13,"CO,NO2,Ozone,PM2.5,SO2",PM2.5,Los Angeles-North Main Street
2024-12-10,77.0,38,13,"CO,NO2,Ozone,PM2.5,SO2",PM2.5,Long Beach-Route 710 Near Road
2024-12-11,59.0,40,13,"CO,NO2,Ozone,PM2.5,SO2",PM2.5,Compton
2024-12-12,71.0,36,13,"CO,NO2,Ozone,PM2.5,SO2",PM2.5,Signal Hill (LBSH)
2024-12-13,71.0,36,13,"CO,NO2,Ozone,PM2.5,SO2",PM2.5,Compton
2024-12-14,71.0,39,13,"CO,NO2,Ozone,PM2.5,SO2",PM2.5,Long Beach-Route 710 Near Road
2024-12-15,74.0,36,13,"CO,NO2,Ozone,PM2.5,SO2",PM2.5,Long Beach-Route 710 Near Road
2024-12-16,76.0,37,13,"CO,NO2,Ozone,PM2.5,SO2",PM2.5,Signal Hill (LBSH)
2024-12-17,74.0,42,13,"CO,NO2,Ozone,PM2.5,SO2",PM2.5,Long Beach-Route 710 Near Road
2024-12-18,71.0,39,13,"CO,NO2,Ozone,PM2.5,SO2",PM2.5,Signal Hill (LBSH)
2024-12-19,63.0,40,13,"CO,NO2,Ozone,PM2.5,SO2",PM2.5,Los Angeles-North Main Street
2024-12-20,101.0,43,13,"CO,NO2,Ozone,PM2.5,SO2",PM2.5,Los Angeles-North Main Street
2024-12-21,86.0,40,13,"CO,NO2,Ozone,PM2.5,SO2",PM2.5,Los Angeles-North Main Street
2024-12-22,99.0,40,13,"CO,NO2,Ozone,PM2.5,SO2",PM2.5,Los Angeles-North Main Street
2024-12-23,127.0,43,13,"CO,NO2,Ozone,PM2.5,SO2",PM2.5,Los Angeles-North Main Street
2024-12-24,129.0,35,13,"CO,NO2,Ozone,PM2.5,SO2",PM2.5,Compton
2024-12-25,80.0,38,13,"CO,NO2,Ozone,PM2.5,SO2",PM2.5,Compton
2024-12-26,74.0,37,13,"CO,NO2,Ozone,PM2.5,SO2",PM2.5,Compton
2024-12-27,62.0,36,12,"CO,NO2,Ozone,PM2.5,SO2",PM2.5,Los Angeles-North Main Street
2024-12-28,88.0,39,13,"CO,NO2,Ozone,PM2.5,SO2",PM2.5,Signal Hill (LBSH)
2024-12-29,99.0,41,13,"CO,NO2,Ozone,PM2.5,SO2",PM2.5,Compton
2024-12-30,98.0,39,13,"CO,NO2,Ozone,PM2.5,SO2",PM2.5,Los Angeles-North Main Street
2024-12-31,152.0,36,13,"CO,NO2,Ozone,PM2.5,SO2",PM2.5,Compton
2025-01-01,145.0,39,13,"CO,NO2,Ozone,PM2.5,SO2",PM2.5,Compton
2025-01-02,97.0,37,13,"CO,NO2,Ozone,PM2.5,SO2",PM2.5,Compton
2025-01-03,87.0,38,13,"CO,NO2,Ozone,PM2.5,SO2",PM2.5,Los Angeles-North Main Street
2025-01-04,106.0,43,13,"CO,NO2,Ozone,PM2.5,SO2",PM2.5,Pasadena
2025-01-05,77.0,40,13,"CO,NO2,Ozone,PM2.5,SO2",PM2.5,Signal Hill (LBSH)
2025-01-06,71.0,40,13,"CO,NO2,Ozone,PM2.5,SO2",PM2.5,Signal Hill (LBSH)
2025-01-07,157.0,39,13,"CO,NO2,Ozone,PM2.5,SO2",PM2.5,Pasadena
2025-01-08,182.0,36,12,"CO,NO2,Ozone,PM2.5,SO2",PM2.5,Los Angeles-North Main Street
2025-01-09,164.0,36,13,"CO,NO2,Ozone,PM2.5,SO2",PM2.5,Los Angeles-North Main Street
2025-01-10,163.0,42,13,"CO,NO2,Ozone,PM2.5,SO2",PM2.5,Pasadena
2025-01-11,88.0,39,13,"CO,NO2,Ozone,PM2.5,SO2",PM2.5,Compton
2025-01-12,79.0,40,13,"CO,NO2,Ozone,PM2.5,SO2",PM2.5,Compton
2025-01-13,55.0,43,13,"CO,NO2,Ozone,PM2.5,SO2",PM2.5,Compton
2025-01-14,58.0,39,13,"CO,NO2,Ozone,PM2.5,SO2",PM2.5,Long Beach-Route 710 Near Road
2025-01-15,61.0,39,13,"CO,NO2,Ozone,PM2.5,SO2",PM2.5,Long Beach-Route 710 Near Road
2025-01-16,60.0,41,13,"CO,NO2,Ozone,PM2.5,SO2",PM2.5,Long Beach-Route 710 Near Road
2025-01-17,60.0,38,13,"CO,NO2,Ozone,PM2.5,SO2",PM2.5,Compton
2025-01-18,78.0,40,13,"CO,NO2,Ozone,PM2.5,SO2",PM2.5,Compton
2025-01-19,92.0,43,13,"CO,NO2,Ozone,PM2.5,SO2",PM2.5,Compton
2025-01-20,65.0,40,13,"CO,NO2,Ozone,PM2.5,SO2",PM2.5,Lancaster - Fairgrounds
2025-01-21,56.0,40,13,"CO,NO2,Ozone,PM2.5,SO2",PM2.5,Compton
2025-01-22,69.0,43,13,"CO,NO2,Ozone,PM2.5,SO2",NO2,Long Beach-Route 710 Near Road
2025-01-23,69.0,40,13,"CO,NO2,Ozone,PM2.5,SO2",PM2.5,Compton
2025-01-24,52.0,40,13,"CO,NO2,Ozone,PM2.5,SO2",PM2.5,Compton
2025-01-25,59.0,43,13,"CO,NO2,Ozone,PM2.5,SO2",PM2.5,Los Angeles-North Main Street
2025-01-26,36.0,40,13,"CO,NO2,Ozone,PM2.5,SO2",Ozone,Signal Hill (LBSH)
2025-01-27,42.0,39,13,"CO,NO2,Ozone,PM2.5,SO2",NO2,Long Beach-Route 710 Near Road
2025-01-28,62.0,42,13,"CO,NO2,Ozone,PM2.5,SO2",PM2.5,Long Beach-Route 710 Near Road
2025-01-29,63.0,38,13,"CO,NO2,Ozone,PM2.5,SO2",PM2.5,Compton
2025-01-30,66.0,39,13,"CO,NO2,Ozone,PM2.5,SO2",PM2.5,Compton
2025-01-31,74.0,41,13,"CO,NO2,Ozone,PM2.5,SO2",PM2.5,Pico Rivera #2
2025-02-01,76.0,40,13,"CO,NO2,Ozone,PM2.5,SO2",PM2.5,Long Beach-Route 710 Near Road
2025-02-02,103.0,39,13,"CO,NO2,Ozone,PM2.5,SO2",PM2.5,Los Angeles-North Main Street
2025-02-03,83.0,42,13,"CO,NO2,Ozone,PM2.5,SO2",PM2.5,Los Angeles-North Main Street
2025-02-04,46.0,39,13,"CO,NO2,Ozone,PM2.5,SO2",PM2.5,Los Angeles-North Main Street
2025-02-05,38.0,37,13,"CO,NO2,Ozone,PM2.5,SO2",PM2.5,Los Angeles-North Main Street
2025-02-06,38.0,41,13,"CO,NO2,Ozone,PM2.5,SO2",PM2.5,Los Angeles-North Main Street
2025-02-07,40.0,35,12,"CO,NO2,Ozone,PM2.5,SO2",Ozone,Lancaster - Fairgrounds
2025-02-08,57.0,40,13,"CO,NO2,Ozone,PM2.5,SO2",PM2.5,Compton
2025-02-09,66.0,42,13,"CO,NO2,Ozone,PM2.5,SO2",PM2.5,Compton
2025-02-10,55.0,39,13,"CO,NO2,Ozone,PM2.5,SO2",PM2.5,Compton
2025-02-11,43.0,35,12,"CO,NO2,Ozone,PM2.5,SO2",PM2.5,Los Angeles-North Main Street
2025-02-12,36.0,40,13,"CO,NO2,Ozone,PM2.5,SO2",PM2.5,Signal Hill (LBSH)
2025-02-13,41.0,37,12,"CO,NO2,Ozone,PM2.5,SO2",Ozone,Lancaster - Fairgrounds
2025-02-14,44.0,40,13,"CO,NO2,Ozone,PM2.5,SO2",PM2.5,Los Angeles-North Main Street
2025-02-15,58.0,43,13,"CO,NO2,Ozone,PM2.5,SO2",PM2.5,Compton
2025-02-16,66.0,40,13,"CO,NO2,Ozone,PM2.5,SO2",PM2.5,Compton
2025-02-17,64.0,40,13,"CO,NO2,Ozone,PM2.5,SO2",PM2.5,Compton
2025-02-18,59.0,42,13,"CO,NO2,Ozone,PM2.5,SO2",PM2.5,Los Angeles-North Main Street
2025-02-19,77.0,38,13,"CO,NO2,Ozone,PM2.5,SO2",PM2.5,Compton
2025-02-20,66.0,37,12,"CO,NO2,Ozone,PM2.5,SO2",PM2.5,Compton
2025-02-21,64.0,41,13,"CO,NO2,Ozone,PM2.5,SO2",PM2.5,Compton
2025-02-22,70.0,38,13,"CO,NO2,Ozone,PM2.5,SO2",PM2.5,Compton
2025-02-23,79.0,37,13,"CO,NO2,Ozone,PM2.5,SO2",PM2.5,Compton
2025-02-24,84.0,42,13,"CO,NO2,Ozone,PM2.5,SO2",Ozone,Glendora
2025-02-25,71.0,38,13,"CO,NO2,Ozone,PM2.5,SO2",Ozone,Glendora
2025-02-26,70.0,36,13,"CO,NO2,Ozone,PM2.5,SO2",PM2.5,Compton
2025-02-27,61.0,41,13,"CO,NO2,Ozone,PM2.5,SO2",NO2,Long Beach-Route 710 Near Road
2025-02-28,54.0,39,13,"CO,NO2,Ozone,PM2.5,SO2",NO2,Long Beach-Route 710 Near Road
2025-03-01,52.0,40,13,"CO,NO2,Ozone,PM2.5,SO2",PM2.5,Los Angeles-North Main Street
2025-03-02,44.0,43,13,"CO,NO2,Ozone,PM2.5,SO2",Ozone,Pasadena
2025-03-03,56.0,40,13,"CO,NO2,Ozone,PM2.5,SO2",PM2.5,Signal Hill (LBSH)
2025-03-04,52.0,40,13,"CO,NO2,Ozone,PM2.5,SO2",PM2.5,Los Angeles-North Main Street
2025-03-05,59.0,40,13,"CO,NO2,Ozone,PM2.5,SO2",PM2.5,Los Angeles-North Main Street
2025-03-06,43.0,39,13,"CO,NO2,Ozone,PM2.5,SO2",Ozone,Signal Hill (LBSH)
2025-03-07,50.0,39,13,"CO,NO2,Ozone,PM2.5,SO2",PM2.5,Long Beach-Route 710 Near Road
2025-03-08,55.0,43,13,"CO,NO2,Ozone,PM2.5,SO2",PM2.5,Compton
2025-03-09,62.0,39,13,"CO,NO2,Ozone,PM2.5,SO2",PM2.5,Compton
2025-03-10,57.0,39,13,"CO,NO2,Ozone,PM2.5,SO2",PM2.5,Signal Hill (LBSH)
2025-03-11,46.0,41,13,"CO,NO2,Ozone,PM2.5,SO2",Ozone,Lancaster - Fairgrounds
2025-03-12,44.0,40,13,"CO,NO2,Ozone,PM2.5,SO2",Ozone,Lancaster - Fairgrounds
2025-03-13,44.0,35,12,"CO,NO2,Ozone,PM2.5,SO2",Ozone,North Hollywood (NOHO)
2025-03-14,41.0,39,12,"CO,NO2,Ozone,PM2.5,SO2",Ozone,Lancaster - Fairgrounds
2025-03-15,55.0,40,13,"CO,NO2,Ozone,PM2.5,SO2",PM2.5,Compton
2025-03-16,67.0,40,13,"CO,NO2,Ozone,PM2.5,SO2",Ozone,Glendora
2025-03-17,59.0,43,13,"CO,NO2,Ozone,PM2.5,SO2",PM2.5,Los Angeles-North Main Street
2025-03-18,44.0,38,13,"CO,NO2,Ozone,PM2.5,SO2",Ozone,North Hollywood (NOHO)
2025-03-19,50.0,37,13,"CO,NO2,Ozone,PM2.5,SO2",Ozone,Santa Clarita
2025-03-20,54.0,43,13,"CO,NO2,Ozone,PM2.5,SO2",PM2.5,Los Angeles-North Main Street
2025-03-21,67.0,36,13,"CO,NO2,Ozone,PM2.5,SO2",Ozone,Glendora
2025-03-22,87.0,40,13,"CO,NO2,Ozone,PM2.5,SO2",Ozone,Glendora
2025-03-23,93.0,43,13,"CO,NO2,Ozone,PM2.5,SO2",Ozone,Glendora
2025-03-24,74.0,40,13,"CO,NO2,Ozone,PM2.5,SO2",Ozone,Glendora
2025-03-25,87.0,39,13,"CO,NO2,Ozone,PM2.5,SO2",Ozone,Santa Clarita
2025-03-26,59.0,43,13,"CO,NO2,Ozone,PM2.5,SO2",PM2.5,Pasadena
2025-03-27,39.0,38,13,"CO,NO2,Ozone,PM2.5,SO2",Ozone,Lancaster - Fairgrounds
2025-03-28,67.0,38,13,"CO,NO2,Ozone,PM2.5,SO2",PM2.5,Lancaster - Fairgrounds
2025-03-29,51.0,43,13,"CO,NO2,Ozone,PM2.5,SO2",PM2.5,Los Angeles-North Main Street
2025-03-30,44.0,40,13,"CO,NO2,Ozone,PM2.5,SO2",Ozone,Pomona
2025-03-31,44.0,39,13,"CO,NO2,Ozone,PM2.5,SO2",Ozone,Lancaster - Fairgrounds
2025-04-01,44.0,39,13,"CO,NO2,Ozone,PM2.5,SO2",Ozone,North Hollywood (NOHO)
2025-04-02,44.0,35,12,"CO,NO2,Ozone,PM2.5,SO2",Ozone,Santa Clarita
2025-04-03,47.0,37,13,"CO,NO2,Ozone,PM2.5,SO2",PM2.5,Los Angeles-North Main Street
2025-04-04,51.0,42,13,"CO,NO2,Ozone,PM2.5,SO2",PM2.5,Long Beach-Route 710 Near Road
2025-04-05,54.0,39,13,"CO,NO2,Ozone,PM2.5,SO2",Ozone,Glendora
2025-04-06,67.0,39,13,"CO,NO2,Ozone,PM2.5,SO2",Ozone,Glendora
2025-04-07,90.0,42,13,"CO,NO2,Ozone,PM2.5,SO2",Ozone,Santa Clarita
2025-04-08,119.0,38,13,"CO,NO2,Ozone,PM2.5,SO2",Ozone,Santa Clarita
2025-04-09,115.0,38,13,"CO,NO2,Ozone,PM2.5,SO2",Ozone,Santa Clarita
2025-04-10,122.0,42,13,"CO,NO2,Ozone,PM2.5,SO2",Ozone,Santa Clarita
2025-04-11,136.0,39,13,"CO,NO2,Ozone,PM2.5,SO2",Ozone,Glendora
2025-04-12,97.0,39,13,"CO,NO2,Ozone,PM2.5,SO2",Ozone,Glendora
2025-04-13,80.0,42,13,"CO,NO2,Ozone,PM2.5,SO2",Ozone,Santa Clarita
2025-04-14,90.0,39,13,"CO,NO2,Ozone,PM2.5,SO2",Ozone,Lancaster - Fairgrounds
2025-04-15,67.0,37,13,"CO,NO2,Ozone,PM2.5,SO2",Ozone,Lancaster - Fairgrounds
2025-04-16,52.0,42,13,"CO,NO2,Ozone,PM2.5,SO2",PM2.5,Lancaster - Fairgrounds
2025-04-17,41.0,38,13,"CO,NO2,Ozone,PM2.5,SO2",Ozone,Lancaster - Fairgrounds
2025-04-18,44.0,39,13,"CO,NO2,Ozone,PM2.5,SO2",Ozone,Santa Clarita
2025-04-19,58.0,42,13,"CO,NO2,Ozone,PM2.5,SO2",Ozone,Glendora
2025-04-20,80.0,39,13,"CO,NO2,Ozone,PM2.5,SO2",Ozone,Glendora
2025-04-21,80.0,39,13,"CO,NO2,Ozone,PM2.5,SO2",Ozone,Santa Clarita
2025-04-22,77.0,41,13,"CO,NO2,Ozone,PM2.5,SO2",Ozone,Santa Clarita
2025-04-23,56.0,38,13,"CO,NO2,Ozone,PM2.5,SO2",PM2.5,Los Angeles-North Main Street
2025-04-24,71.0,39,13,"CO,NO2,Ozone,PM2.5,SO2",Ozone,Lancaster - Fairgrounds
2025-04-25,61.0,42,13,"CO,NO2,Ozone,PM2.5,SO2",Ozone,Lancaster - Fairgrounds
2025-04-26,48.0,39,13,"CO,NO2,Ozone,PM2.5,SO2",Ozone,Lancaster - Fairgrounds
2025-04-27,44.0,39,13,"CO,NO2,Ozone,PM2.5,SO2",Ozone,Glendora
2025-04-28,52.0,41,13,"CO,NO2,Ozone,PM2.5,SO2",PM2.5,Los Angeles-North Main Street
2025-04-29,64.0,38,13,"CO,NO2,Ozone,PM2.5,SO2",Ozone,Santa Clarita
2025-04-30,71.0,36,13,"CO,NO2,Ozone,PM2.5,SO2",Ozone,Lancaster - Fairgrounds
2025-05-01,54.0,39,13,"CO,NO2,Ozone,PM2.5,SO2",PM2.5,Los Angeles-North Main Street
2025-05-02,67.0,39,13,"CO,NO2,Ozone,PM2.5,SO2",Ozone,Santa Clarita
2025-05-03,51.0,39,13,"CO,NO2,Ozone,PM2.5,SO2",PM2.5,Los Angeles-North Main Street
2025-05-04,53.0,42,13,"CO,NO2,Ozone,PM2.5,SO2",PM2.5,Los Angeles-North Main Street
2025-05-05,54.0,39,13,"CO,NO2,Ozone,PM2.5,SO2",PM2.5,Los Angeles-North Main Street
2025-05-06,53.0,39,13,"CO,NO2,Ozone,PM2.5,SO2",PM2.5,Los Angeles-North Main Street
2025-05-07,61.0,41,13,"CO,NO2,Ozone,PM2.5,SO2",Ozone,Lancaster - Fairgrounds
2025-05-08,115.0,39,13,"CO,NO2,Ozone,PM2.5,SO2",Ozone,Santa Clarita
2025-05-09,147.0,39,13,"CO,NO2,Ozone,PM2.5,SO2",Ozone,Glendora
2025-05-10,159.0,42,13,"CO,NO2,Ozone,PM2.5,SO2",Ozone,Pico Rivera #2
2025-05-11,136.0,39,13,"CO,NO2,Ozone,PM2.5,SO2",Ozone,Pasadena
2025-05-12,64.0,39,13,"CO,NO2,Ozone,PM2.5,SO2",Ozone,Lancaster - Fairgrounds
2025-05-13,47.0,38,13,"CO,NO2,Ozone,PM2.5,SO2",PM2.5,Los Angeles-North Main Street
2025-05-14,55.0,33,13,"CO,NO2,Ozone,PM2.5,SO2",PM2.5,Los Angeles-North Main Street
2025-05-15,80.0,36,13,"CO,NO2,Ozone,PM2.5,SO2",Ozone,Lancaster - Fairgrounds
2025-05-16,71.0,39,13,"CO,NO2,Ozone,PM2.5,SO2",Ozone,Lancaster - Fairgrounds
2025-05-17,52.0,39,13,"CO,NO2,Ozone,PM2.5,SO2",PM2.5,Lancaster - Fairgrounds
2025-05-18,64.0,39,13,"CO,NO2,Ozone,PM2.5,SO2",Ozone,Lancaster - Fairgrounds
2025-05-19,108.0,40,13,"CO,NO2,Ozone,PM2.5,SO2",Ozone,Glendora
2025-05-20,156.0,36,13,"CO,NO2,Ozone,PM2.5,SO2",Ozone,Glendora
2025-05-21,154.0,36,13,"CO,NO2,Ozone,PM2.5,SO2",Ozone,Glendora
2025-05-22,143.0,38,13,"CO,NO2,Ozone,PM2.5,SO2",Ozone,Santa Clarita
2025-05-23,100.0,38,13,"CO,NO2,Ozone,PM2.5,SO2",Ozone,Lancaster - Fairgrounds
2025-05-24,74.0,39,13,"CO,NO2,Ozone,PM2.5,SO2",Ozone,Santa Clarita
2025-05-25,74.0,42,13,"CO,NO2,Ozone,PM2.5,SO2",Ozone,Santa Clarita
2025-05-26,74.0,39,13,"CO,NO2,Ozone,PM2.5,SO2",Ozone,Santa Clarita
2025-05-27,105.0,38,13,"CO,NO2,Ozone,PM2.5,SO2",Ozone,Santa Clarita
2025-05-28,87.0,41,13,"CO,NO2,Ozone,PM2.5,SO2",Ozone,Lancaster - Fairgrounds
2025-05-29,101.0,38,13,"CO,NO2,Ozone,PM2.5,SO2",Ozone,Santa Clarita
2025-05-30,143.0,39,13,"CO,NO2,Ozone,PM2.5,SO2",Ozone,Santa Clarita
2025-05-31,147.0,42,13,"CO,NO2,Ozone,PM2.5,SO2",Ozone,Pasadena
2025-06-01,112.0,39,13,"CO,NO2,Ozone,PM2.5,SO2",Ozone,Santa Clarita
2025-06-02,64.0,39,13,"CO,NO2,Ozone,PM2.5,SO2",Ozone,West Los Angeles
2025-06-03,55.0,42,13,"CO,NO2,Ozone,PM2.5,SO2",PM2.5,Los Angeles-North Main Street
2025-06-04,84.0,40,13,"CO,NO2,Ozone,PM2.5,SO2",Ozone,Lancaster - Fairgrounds
2025-06-05,77.0,40,13,"CO,NO2,Ozone,PM2.5,SO2",Ozone,Lancaster - Fairgrounds
2025-06-06,80.0,43,13,"CO,NO2,Ozone,PM2.5,SO2",Ozone,Santa Clarita
2025-06-07,80.0,39,13,"CO,NO2,Ozone,PM2.5,SO2",Ozone,Lancaster - Fairgrounds
2025-06-08,84.0,39,13,"CO,NO2,Ozone,PM2.5,SO2",Ozone,Lancaster - Fairgrounds
2025-06-09,115.0,42,13,"CO,NO2,Ozone,PM2.5,SO2",Ozone,Santa Clarita
2025-06-10,156.0,39,13,"CO,NO2,Ozone,PM2.5,SO2",Ozone,Santa Clarita
2025-06-11,154.0,40,13,"CO,NO2,Ozone,PM2.5,SO2",Ozone,Santa Clarita
2025-06-12,136.0,42,13,"CO,NO2,Ozone,PM2.5,SO2",Ozone,Santa Clarita
2025-06-13,150.0,39,13,"CO,NO2,Ozone,PM2.5,SO2",Ozone,Santa Clarita
2025-06-14,164.0,40,13,"CO,NO2,Ozone,PM2.5,SO2",Ozone,Glendora
2025-06-15,172.0,43,13,"CO,NO2,Ozone,PM2.5,SO2",Ozone,Glendora
2025-06-16,182.0,40,13,"CO,NO2,Ozone,PM2.5,SO2",Ozone,Glendora
2025-06-17,166.0,37,13,"CO,NO2,Ozone,PM2.5,SO2",Ozone,Santa Clarita
2025-06-18,201.0,43,13,"CO,NO2,Ozone,PM2.5,SO2",Ozone,Santa Clarita
2025-06-19,140.0,40,13,"CO,NO2,Ozone,PM2.5,SO2",Ozone,Santa Clarita
2025-06-20,100.0,39,13,"CO,NO2,Ozone,PM2.5,SO2",Ozone,Santa Clarita
2025-06-21,58.0,43,13,"CO,NO2,Ozone,PM2.5,SO2",PM2.5,Los Angeles-North Main Street
2025-06-22,77.0,40,13,"CO,NO2,Ozone,PM2.5,SO2",Ozone,Santa Clarita
2025-06-23,84.0,40,13,"CO,NO2,Ozone,PM2.5,SO2",Ozone,Santa Clarita
2025-06-24,77.0,43,13,"CO,NO2,Ozone,PM2.5,SO2",Ozone,Lancaster - Fairgrounds
2025-06-25,126.0,40,13,"CO,NO2,Ozone,PM2.5,SO2",Ozone,Santa Clarita
2025-06-26,161.0,36,13,"CO,NO2,Ozone,PM2.5,SO2",Ozone,Santa Clarita
2025-06-27,147.0,39,13,"CO,NO2,Ozone,PM2.5,SO2",Ozone,Santa Clarita
2025-06-28,156.0,40,13,"CO,NO2,Ozone,PM2.5,SO2",Ozone,Glendora
2025-06-29,122.0,40,13,"CO,NO2,Ozone,PM2.5,SO2",Ozone,Glendora
2025-06-30,93.0,43,13,"CO,NO2,Ozone,PM2.5,SO2",Ozone,Glendora
2025-07-01,80.0,39,13,"CO,NO2,Ozone,PM2.5,SO2",Ozone,Glendora
2025-07-02,101.0,40,13,"CO,NO2,Ozone,PM2.5,SO2",Ozone,Santa Clarita
2025-07-03,119.0,42,13,"CO,NO2,Ozone,PM2.5,SO2",Ozone,Santa Clarita
2025-07-04,138.0,40,13,"CO,NO2,Ozone,PM2.5,SO2",PM2.5,Compton
2025-07-05,170.0,40,13,"CO,NO2,Ozone,PM2.5,SO2",PM2.5,Los Angeles-North Main Street
2025-07-06,122.0,43,13,"CO,NO2,Ozone,PM2.5,SO2",Ozone,Lancaster - Fairgrounds
2025-07-07,133.0,40,13,"CO,NO2,Ozone,PM2.5,SO2",Ozone,Glendora
2025-07-08,126.0,37,13,"CO,NO2,Ozone,PM2.5,SO2",Ozone,Glendora
2025-07-09,159.0,42,13,"CO,NO2,Ozone,PM2.5,SO2",Ozone,Santa Clarita
2025-07-10,177.0,40,13,"CO,NO2,Ozone,PM2.5,SO2",Ozone,Santa Clarita
2025-07-11,147.0,39,13,"CO,NO2,Ozone,PM2.5,SO2",Ozone,Lancaster - Fairgrounds
2025-07-12,126.0,41,13,"CO,NO2,Ozone,PM2.5,SO2",Ozone,Santa Clarita
2025-07-13,122.0,38,13,"CO,NO2,Ozone,PM2.5,SO2",Ozone,Santa Clarita
2025-07-14,154.0,38,13,"CO,NO2,Ozone,PM2.5,SO2",Ozone,Santa Clarita
2025-07-15,77.0,40,13,"CO,NO2,Ozone,PM2.5,SO2",Ozone,Lancaster - Fairgrounds
2025-07-16,61.0,38,13,"CO,NO2,Ozone,PM2.5,SO2",Ozone,Lancaster - Fairgrounds
2025-07-17,71.0,38,13,"CO,NO2,Ozone,PM2.5,SO2",Ozone,Santa Clarita
2025-07-18,105.0,42,13,"CO,NO2,Ozone,PM2.5,SO2",Ozone,Santa Clarita
2025-07-19,119.0,40,13,"CO,NO2,Ozone,PM2.5,SO2",Ozone,Santa Clarita
2025-07-20,87.0,40,13,"CO,NO2,Ozone,PM2.5,SO2",Ozone,Lancaster - Fairgrounds
2025-07-21,71.0,43,13,"CO,NO2,Ozone,PM2.5,SO2",Ozone,Santa Clarita
2025-07-22,64.0,37,13,"CO,NO2,Ozone,PM2.5,SO2",Ozone,Pomona
2025-07-23,61.0,36,12,"CO,NO2,Ozone,PM2.5,SO2",Ozone,Pomona
2025-07-24,51.0,43,13,"CO,NO2,Ozone,PM2.5,SO2",Ozone,Lancaster - Fairgrounds
2025-07-25,61.0,40,13,"CO,NO2,Ozone,PM2.5,SO2",Ozone,Lancaster - Fairgrounds
2025-07-26,54.0,40,13,"CO,NO2,Ozone,PM2.5,SO2",Ozone,Lancaster - Fairgrounds
2025-07-27,71.0,43,13,"CO,NO2,Ozone,PM2.5,SO2",Ozone,Glendora
2025-07-28,90.0,40,13,"CO,NO2,Ozone,PM2.5,SO2",Ozone,Santa Clarita
2025-07-29,97.0,40,13,"CO,NO2,Ozone,PM2.5,SO2",Ozone,Santa Clarita
2025-07-30,119.0,42,13,"CO,NO2,Ozone,PM2.5,SO2",Ozone,Glendora
2025-07-31,108.0,38,13,"CO,NO2,Ozone,PM2.5,SO2",Ozone,Glendora
2025-08-01,108.0,38,13,"CO,NO2,Ozone,PM2.5,SO2",Ozone,Glendora
2025-08-02,143.0,42,13,"CO,NO2,Ozone,PM2.5,SO2",Ozone,Santa Clarita
2025-08-03,133.0,40,13,"CO,NO2,Ozone,PM2.5,SO2",Ozone,Glendora
2025-08-04,143.0,40,13,"CO,NO2,Ozone,PM2.5,SO2",Ozone,Santa Clarita
2025-08-05,126.0,43,13,"CO,NO2,Ozone,PM2.5,SO2",Ozone,Santa Clarita
2025-08-06,185.0,40,13,"CO,NO2,Ozone,PM2.5,SO2",Ozone,Pomona
2025-08-07,161.0,40,13,"CO,NO2,Ozone,PM2.5,SO2",Ozone,Pomona
2025-08-08,108.0,41,13,"CO,NO2,Ozone,PM2.5,SO2",Ozone,Glendora
2025-08-09,126.0,39,13,"CO,NO2,Ozone,PM2.5,SO2",Ozone,Glendora
2025-08-10,129.0,39,13,"CO,NO2,Ozone,PM2.5,SO2",Ozone,Santa Clarita
2025-08-11,169.0,43,13,"CO,NO2,Ozone,PM2.5,SO2",Ozone,Santa Clarita
2025-08-12,74.0,37,13,"CO,NO2,Ozone,PM2.5,SO2",Ozone,Lancaster - Fairgrounds
2025-08-13,154.0,39,13,"CO,NO2,Ozone,PM2.5,SO2",Ozone,Santa Clarita
2025-08-14,150.0,42,13,"CO,NO2,Ozone,PM2.5,SO2",Ozone,Santa Clarita
2025-08-15,90.0,39,13,"CO,NO2,Ozone,PM2.5,SO2",Ozone,Santa Clarita
2025-08-16,67.0,40,13,"CO,NO2,Ozone,PM2.5,SO2",Ozone,Santa Clarita
2025-08-17,90.0,43,13,"CO,NO2,Ozone,PM2.5,SO2",Ozone,Glendora
2025-08-18,115.0,40,13,"CO,NO2,Ozone,PM2.5,SO2",Ozone,Glendora
2025-08-19,101.0,37,13,"CO,NO2,Ozone,PM2.5,SO2",Ozone,Glendora
2025-08-20,151.0,39,12,"CO,NO2,Ozone,PM2.5,SO2",Ozone,Santa Clarita
2025-08-21,185.0,40,13,"CO,NO2,Ozone,PM2.5,SO2",Ozone,Glendora
2025-08-22,172.0,38,13,"CO,NO2,Ozone,PM2.5,SO2",Ozone,Santa Clarita
2025-08-23,115.0,43,13,"CO,NO2,Ozone,PM2.5,SO2",Ozone,Reseda
2025-08-24,140.0,41,13,"CO,NO2,Ozone,PM2.5,SO2",Ozone,Pomona
2025-08-25,112.0,40,13,"CO,NO2,Ozone,PM2.5,SO2",Ozone,Glendora
2025-08-26,74.0,40,13,"CO,NO2,Ozone,PM2.5,SO2",Ozone,Glendora
2025-08-27,61.0,39,13,"CO,NO2,Ozone,PM2.5,SO2",Ozone,Glendora
2025-08-28,84.0,37,13,"CO,NO2,Ozone,PM2.5,SO2",Ozone,Santa Clarita
2025-08-29,151.0,38,13,"CO,NO2,Ozone,PM2.5,SO2",Ozone,Santa Clarita
2025-08-30,143.0,41,13,"CO,NO2,Ozone,PM2.5,SO2",Ozone,Santa Clarita
2025-08-31,133.0,40,13,"CO,NO2,Ozone,PM2.5,SO2",Ozone,Santa Clarita
2025-09-01,105.0,42,13,"CO,NO2,Ozone,PM2.5,SO2",Ozone,Santa Clarita
2025-09-02,93.0,39,13,"CO,NO2,Ozone,PM2.5,SO2",Ozone,North Hollywood (NOHO)
2025-09-03,115.0,39,13,"CO,NO2,Ozone,PM2.5,SO2",Ozone,Pomona
2025-09-04,93.0,39,13,"CO,NO2,Ozone,PM2.5,SO2",Ozone,Glendora
2025-09-05,90.0,39,13,"CO,NO2,Ozone,PM2.5,SO2",Ozone,Pomona
2025-09-06,112.0,40,13,"CO,NO2,Ozone,PM2.5,SO2",Ozone,Pomona
2025-09-07,101.0,43,13,"CO,NO2,Ozone,PM2.5,SO2",Ozone,Glendora
2025-09-08,64.0,39,13,"CO,NO2,Ozone,PM2.5,SO2",Ozone,Pomona
2025-09-09,48.0,36,13,"CO,NO2,Ozone,PM2.5,SO2",Ozone,Santa Clarita
2025-09-10,43.0,41,13,"CO,NO2,Ozone,PM2.5,SO2",Ozone,North Hollywood (NOHO)
2025-09-11,47.0,40,13,"CO,NO2,Ozone,PM2.5,SO2",Ozone,Santa Clarita
2025-09-12,58.0,40,13,"CO,NO2,Ozone,PM2.5,SO2",Ozone,Santa Clarita
2025-09-13,84.0,42,13,"CO,NO2,Ozone,PM2.5,SO2",Ozone,Santa Clarita
2025-09-14,100.0,40,13,"CO,NO2,Ozone,PM2.5,SO2",Ozone,Pomona
2025-09-15,182.0,40,13,"CO,NO2,Ozone,PM2.5,SO2",Ozone,Glendora
2025-09-16,122.0,43,13,"CO,NO2,Ozone,PM2.5,SO2",Ozone,Pomona
2025-09-17,58.0,40,13,"CO,NO2,Ozone,PM2.5,SO2",Ozone,Pomona
2025-09-18,62.0,35,12,"CO,NO2,Ozone,PM2.5,SO2",PM2.5,Long Beach-Route 710 Near Road
2025-09-19,55.0,43,13,"CO,NO2,Ozone,PM2.5,SO2",PM2.5,Signal Hill (LBSH)
2025-09-20,67.0,40,13,"CO,NO2,Ozone,PM2.5,SO2",Ozone,Pomona
2025-09-21,61.0,40,13,"CO,NO2,Ozone,PM2.5,SO2",Ozone,Santa Clarita
2025-09-22,100.0,43,13,"CO,NO2,Ozone,PM2.5,SO2",Ozone,Glendora
2025-09-23,122.0,40,13,"CO,NO2,Ozone,PM2.5,SO2",Ozone,Glendora
2025-09-24,52.0,40,13,"CO,NO2,Ozone,PM2.5,SO2",PM2.5,Los Angeles-North Main Street
2025-09-25,55.0,43,13,"CO,NO2,Ozone,PM2.5,SO2",PM2.5,Long Beach-Route 710 Near Road
2025-09-26,54.0,40,13,"CO,NO2,Ozone,PM2.5,SO2",Ozone,Lancaster - Fairgrounds
2025-09-27,50.0,40,13,"CO,NO2,Ozone,PM2.5,SO2",Ozone,Lancaster - Fairgrounds
2025-09-28,49.0,43,13,"CO,NO2,Ozone,PM2.5,SO2",Ozone,Lancaster - Fairgrounds
2025-09-29,71.0,40,13,"CO,NO2,Ozone,PM2.5,SO2",Ozone,Lancaster - Fairgrounds
2025-09-30,54.0,40,13,"CO,NO2,Ozone,PM2.5,SO2",PM2.5,Long Beach-Route 710 Near Road
2025-10-01,49.0,43,13,"CO,NO2,Ozone,PM2.5,SO2",Ozone,Santa Clarita
2025-10-02,50.0,40,13,"CO,NO2,Ozone,PM2.5,SO2",Ozone,Santa Clarita
2025-10-03,41.0,38,13,"CO,NO2,Ozone,PM2.5,SO2",PM2.5,Los Angeles-North Main Street
2025-10-04,54.0,43,13,"CO,NO2,Ozone,PM2.5,SO2",Ozone,Santa Clarita
2025-10-05,90.0,40,13,"CO,NO2,Ozone,PM2.5,SO2",Ozone,Santa Clarita
2025-10-06,67.0,40,13,"CO,NO2,Ozone,PM2.5,SO2",Ozone,Santa Clarita
2025-10-07,71.0,43,13,"CO,NO2,Ozone,PM2.5,SO2",Ozone,Santa Clarita
2025-10-08,84.0,40,13,"CO,NO2,Ozone,PM2.5,SO2",Ozone,Santa Clarita
2025-10-09,58.0,35,12,"CO,NO2,Ozone,PM2.5,SO2",Ozone,Lancaster - Fairgrounds
2025-10-10,58.0,38,12,"CO,NO2,Ozone,PM2.5,SO2",Ozone,North Hollywood (NOHO)
2025-10-11,77.0,39,13,"CO,NO2,Ozone,PM2.5,SO2",Ozone,Reseda
2025-10-12,74.0,38,13,"CO,NO2,Ozone,PM2.5,SO2",Ozone,Glendora
2025-10-13,53.0,42,13,"CO,NO2,Ozone,PM2.5,SO2",PM2.5,Long Beach-Route 710 Near Road
2025-10-14,36.0,38,13,"CO,NO2,Ozone,PM2.5,SO2",Ozone,Lancaster - Fairgrounds
2025-10-15,42.0,37,13,"CO,NO2,Ozone,PM2.5,SO2",Ozone,Santa Clarita
2025-10-16,52.0,39,13,"CO,NO2,Ozone,PM2.5,SO2",PM2.5,Long Beach-Route 710 Near Road
2025-10-17,54.0,38,13,"CO,NO2,Ozone,PM2.5,SO2",PM2.5,Long Beach-Route 710 Near Road
2025-10-18,64.0,39,13,"CO,NO2,Ozone,PM2.5,SO2",Ozone,Santa Clarita
2025-10-19,97.0,41,13,"CO,NO2,Ozone,PM2.5,SO2",Ozone,Glendora
2025-10-20,97.0,40,13,"CO,NO2,Ozone,PM2.5,SO2",Ozone,Reseda
2025-10-21,84.0,39,13,"CO,NO2,Ozone,PM2.5,SO2",Ozone,Santa Clarita
2025-10-22,47.0,43,13,"CO,NO2,Ozone,PM2.5,SO2",PM2.5,Los Angeles-North Main Street
2025-10-23,55.0,38,13,"CO,NO2,Ozone,PM2.5,SO2",PM2.5,Long Beach-Route 710 Near Road
2025-10-24,67.0,37,13,"CO,NO2,Ozone,PM2.5,SO2",PM2.5,Long Beach-Route 710 Near Road
2025-10-25,99.0,42,13,"CO,NO2,Ozone,PM2.5,SO2",PM2.5,Los Angeles-North Main Street
2025-10-26,98.0,40,13,"CO,NO2,Ozone,PM2.5,SO2",PM2.5,Los Angeles-North Main Street
2025-10-27,75.0,40,13,"CO,NO2,Ozone,PM2.5,SO2",PM2.5,Los Angeles-North Main Street
2025-10-28,69.0,43,13,"CO,NO2,Ozone,PM2.5,SO2",PM2.5,Los Angeles-North Main Street
2025-10-29,64.0,38,13,"CO,NO2,Ozone,PM2.5,SO2",Ozone,Pasadena
2025-10-30,84.0,38,13,"CO,NO2,Ozone,PM2.5,SO2",Ozone,Santa Clarita
2025-10-31,100.0,38,13,"CO,NO2,Ozone,PM2.5,SO2",Ozone,Santa Clarita
2025-11-01,115.0,40,13,"CO,NO2,Ozone,PM2.5,SO2",Ozone,Santa Clarita
2025-11-02,97.0,40,13,"CO,NO2,Ozone,PM2.5,SO2",Ozone,Santa Clarita
2025-11-03,103.0,43,13,"CO,NO2,Ozone,PM2.5,SO2",PM2.5,Los Angeles-North Main Street
2025-11-04,88.0,39,13,"CO,NO2,Ozone,PM2.5,SO2",PM2.5,Los Angeles-North Main Street
2025-11-05,47.0,39,13,"CO,NO2,Ozone,PM2.5,SO2",PM2.5,Los Angeles-North Main Street
2025-11-06,51.0,42,13,"CO,NO2,Ozone,PM2.5,SO2",PM2.5,Los Angeles-North Main Street
2025-11-07,60.0,38,13,"CO,NO2,Ozone,PM2.5,SO2",PM2.5,Long Beach-Route 710 Near Road
2025-11-08,78.0,40,13,"CO,NO2,Ozone,PM2.5,SO2",PM2.5,Los Angeles-North Main Street
2025-11-09,85.0,43,13,"CO,NO2,Ozone,PM2.5,SO2",PM2.5,Signal Hill (LBSH)
2025-11-10,53.0,40,13,"CO,NO2,Ozone,PM2.5,SO2",PM2.5,Los Angeles-North Main Street
2025-11-11,62.0,40,13,"CO,NO2,Ozone,PM2.5,SO2",PM2.5,Long Beach-Route 710 Near Road
2025-11-12,81.0,39,13,"CO,NO2,Ozone,PM2.5,SO2",PM2.5,Pico Rivera #2
2025-11-13,63.0,34,13,"CO,NO2,Ozone,PM2.5,SO2",PM2.5,Los Angeles-North Main Street
2025-11-14,46.0,37,13,"CO,NO2,Ozone,PM2.5,SO2",PM2.5,Compton
2025-11-15,38.0,41,13,"CO,NO2,Ozone,PM2.5,SO2",Ozone,Lancaster - Fairgrounds
2025-11-16,40.0,39,13,"CO,NO2,Ozone,PM2.5,SO2",Ozone,Lancaster - Fairgrounds
2025-11-17,39.0,39,13,"CO,NO2,Ozone,PM2.5,SO2",NO2,Long Beach-Route 710 Near Road
2025-11-18,45.0,40,13,"CO,NO2,Ozone,PM2.5,SO2",NO2,Long Beach-Route 710 Near Road
2025-11-19,53.0,37,13,"CO,NO2,Ozone,PM2.5,SO2",PM2.5,Signal Hill (LBSH)
2025-11-20,50.0,37,13,"CO,NO2,Ozone,PM2.5,SO2",PM2.5,Long Beach-Route 710 Near Road
2025-11-21,42.0,43,13,"CO,NO2,Ozone,PM2.5,SO2",NO2,Long Beach-Route 710 Near Road
2025-11-22,63.0,39,13,"CO,NO2,Ozone,PM2.5,SO2",PM2.5,Compton
2025-11-23,67.0,39,13,"CO,NO2,Ozone,PM2.5,SO2",PM2.5,Compton
2025-11-24,70.0,42,13,"CO,NO2,Ozone,PM2.5,SO2",PM2.5,Long Beach-Route 710 Near Road
2025-11-25,71.0,37,13,"CO,NO2,Ozone,PM2.5,SO2",PM2.5,Signal Hill (LBSH)
2025-11-26,53.0,36,13,"CO,NO2,Ozone,PM2.5,SO2",PM2.5,Long Beach-Route 710 Near Road
2025-11-27,63.0,42,13,"CO,NO2,Ozone,PM2.5,SO2",PM2.5,Compton
2025-11-28,71.0,39,13,"CO,NO2,Ozone,PM2.5,SO2",PM2.5,Compton
2025-11-29,84.0,40,13,"CO,NO2,Ozone,PM2.5,SO2",PM2.5,Compton
2025-11-30,99.0,43,13,"CO,NO2,Ozone,PM2.5,SO2",PM2.5,Compton
2025-12-01,85.0,39,13,"CO,NO2,Ozone,PM2.5,SO2",PM2.5,Compton
2025-12-02,73.0,39,13,"CO,NO2,Ozone,PM2.5,SO2",PM2.5,Long Beach-Route 710 Near Road
2025-12-03,64.0,38,13,"CO,NO2,Ozone,PM2.5,SO2",PM2.5,Compton
2025-12-04,52.0,39,13,"CO,NO2,Ozone,PM2.5,SO2",PM2.5,Long Beach-Route 710 Near Road
2025-12-05,58.0,37,13,"CO,NO2,Ozone,PM2.5,SO2",PM2.5,Long Beach-Route 710 Near Road
2025-12-06,91.0,41,13,"CO,NO2,Ozone,PM2.5,SO2",PM2.5,Long Beach-Route 710 Near Road
2025-12-07,86.0,39,13,"CO,NO2,Ozone,PM2.5,SO2",PM2.5,Compton
2025-12-08,75.0,39,13,"CO,NO2,Ozone,PM2.5,SO2",PM2.5,Long Beach-Route 710 Near Road
2025-12-09,57.0,38,13,"CO,NO2,Ozone,PM2.5,SO2",PM2.5,Long Beach-Route 710 Near Road
2025-12-10,62.0,36,13,"CO,NO2,Ozone,PM2.5,SO2",NO2,Long Beach-Route 710 Near Road
2025-12-11,76.0,35,13,"CO,NO2,Ozone,PM2.5,SO2",PM2.5,Long Beach-Route 710 Near Road
2025-12-12,93.0,38,13,"CO,NO2,Ozone,PM2.5,SO2",PM2.5,Pico Rivera #2
2025-12-13,151.0,35,12,"CO,NO2,Ozone,PM2.5,SO2",PM2.5,Compton
2025-12-14,86.0,37,13,"CO,NO2,Ozone,PM2.5,SO2",PM2.5,Los Angeles-North Main Street
2025-12-15,93.0,39,13,"CO,NO2,Ozone,PM2.5,SO2",PM2.5,Pico Rivera #2
2025-12-16,103.0,37,13,"CO,NO2,Ozone,PM2.5,SO2",PM2.5,Long Beach-Route 710 Near Road
2025-12-17,152.0,38,13,"CO,NO2,Ozone,PM2.5,SO2",PM2.5,Long Beach-Route 710 Near Road
2025-12-18,141.0,38,13,"CO,NO2,Ozone,PM2.5,SO2",PM2.5,Compton
2025-12-19,92.0,36,13,"CO,NO2,Ozone,PM2.5,SO2",PM2.5,Compton
2025-12-20,109.0,39,13,"CO,NO2,Ozone,PM2.5,SO2",PM2.5,Los Angeles-North Main Street
2025-12-21,107.0,41,13,"CO,NO2,Ozone,PM2.5,SO2",PM2.5,Compton
2025-12-22,105.0,39,13,"CO,NO2,Ozone,PM2.5,SO2",PM2.5,Compton
2025-12-23,75.0,37,13,"CO,NO2,Ozone,PM2.5,SO2",PM2.5,Los Angeles-North Main Street
2025-12-24,57.0,37,12,"CO,NO2,Ozone,PM2.5,SO2",PM2.5,Compton
2025-12-25,43.0,35,12,"CO,NO2,Ozone,PM2.5,SO2",Ozone,Lancaster - Fairgrounds
2025-12-26,39.0,33,12,"CO,NO2,Ozone,PM2.5,SO2",NO2,Long Beach-Route 710 Near Road
2025-12-27,66.0,41,13,"CO,NO2,Ozone,PM2.5,SO2",PM2.5,Compton
2025-12-28,67.0,38,13,"CO,NO2,Ozone,PM2.5,SO2",PM2.5,Compton
2025-12-29,56.0,39,13,"CO,NO2,Ozone,PM2.5,SO2",PM2.5,Long Beach-Route 710 Near Road
2025-12-30,44.0,37,13,"CO,NO2,Ozone,PM2.5,SO2",NO2,Long Beach-Route 710 Near Road
2025-12-31,49.0,39,13,"CO,NO2,Ozone,PM2.5,SO2",PM2.5,Compton
