date,daily_aqi,n_monitor_readings,n_sites,pollutants_used,dominant_pollutant,dominant_site
2016-01-01,101,31,17,"Ozone,PM2.5",PM2.5,Long Beach-Route 710 Near Road
2016-01-02,83,23,16,"Ozone,PM2.5",PM2.5,Reseda
2016-01-03,100,23,16,"Ozone,PM2.5",PM2.5,Long Beach-Route 710 Near Road
2016-01-04,68,27,16,"Ozone,PM2.5",PM2.5,Reseda
2016-01-05,58,22,16,"Ozone,PM2.5",PM2.5,Reseda
2016-01-06,66,22,15,"Ozone,PM2.5",PM2.5,Reseda
2016-01-07,62,28,15,"Ozone,PM2.5",PM2.5,Reseda
2016-01-08,64,22,15,"Ozone,PM2.5",PM2.5,Long Beach-Route 710 Near Road
2016-01-09,78,22,15,"Ozone,PM2.5",PM2.5,Reseda
2016-01-10,78,26,15,"Ozone,PM2.5",PM2.5,Reseda
2016-01-11,76,22,15,"Ozone,PM2.5",PM2.5,Long Beach-Route 710 Near Road
2016-01-12,65,20,14,"Ozone,PM2.5",PM2.5,Long Beach-Route 710 Near Road
2016-01-13,75,32,17,"Ozone,PM2.5",PM2.5,Long Beach-Route 710 Near Road
2016-01-14,78,22,15,"Ozone,PM2.5",PM2.5,Los Angeles-North Main Street
2016-01-15,74,22,16,"Ozone,PM2.5",PM2.5,Los Angeles-North Main Street
2016-01-16,83,29,17,"Ozone,PM2.5",PM2.5,Reseda
2016-01-17,100,22,15,"Ozone,PM2.5",PM2.5,Long Beach (South)
2016-01-18,75,24,16,"Ozone,PM2.5",PM2.5,Glendora
2016-01-19,69,32,16,"Ozone,PM2.5",PM2.5,Glendora
2016-01-20,76,23,16,"Ozone,PM2.5",PM2.5,Reseda
2016-01-21,59,24,16,"Ozone,PM2.5",PM2.5,Long Beach (South)
2016-01-22,71,27,16,"Ozone,PM2.5",PM2.5,Long Beach (South)
2016-01-23,70,23,16,"Ozone,PM2.5",PM2.5,Los Angeles-North Main Street
2016-01-24,67,24,16,"Ozone,PM2.5",PM2.5,Long Beach-Route 710 Near Road
2016-01-25,65,33,17,"Ozone,PM2.5",PM2.5,Long Beach-Route 710 Near Road
2016-01-26,69,24,16,"Ozone,PM2.5",PM2.5,Long Beach-Route 710 Near Road
2016-01-27,62,23,15,"Ozone,PM2.5",PM2.5,Long Beach-Route 710 Near Road
2016-01-28,75,30,17,"Ozone,PM2.5",PM2.5,Long Beach-Route 710 Near Road
2016-01-29,76,23,15,"Ozone,PM2.5",PM2.5,Los Angeles-North Main Street
2016-01-30,70,24,16,"Ozone,PM2.5",PM2.5,Reseda
2016-01-31,40,31,17,"Ozone,PM2.5",Ozone,LAX Hastings
2016-02-01,38,24,16,"Ozone,PM2.5",Ozone,Azusa
2016-02-02,54,20,15,"Ozone,PM2.5",PM2.5,Long Beach-Route 710 Near Road
2016-02-03,57,30,17,"Ozone,PM2.5",PM2.5,Long Beach-Route 710 Near Road
2016-02-04,63,23,16,"Ozone,PM2.5",PM2.5,Long Beach-Route 710 Near Road
2016-02-05,66,22,15,"Ozone,PM2.5",PM2.5,Long Beach-Route 710 Near Road
2016-02-06,60,33,17,"Ozone,PM2.5",PM2.5,Long Beach-Route 710 Near Road
2016-02-07,69,24,16,"Ozone,PM2.5",PM2.5,Long Beach-Route 710 Near Road
2016-02-08,80,24,16,"Ozone,PM2.5",PM2.5,Long Beach-Route 710 Near Road
2016-02-09,56,29,16,"Ozone,PM2.5",PM2.5,Long Beach-Route 710 Near Road
2016-02-10,72,23,16,"Ozone,PM2.5",PM2.5,Long Beach-Route 710 Near Road
2016-02-11,86,23,16,"Ozone,PM2.5",PM2.5,Long Beach-Route 710 Near Road
2016-02-12,91,31,17,"Ozone,PM2.5",PM2.5,Long Beach-Route 710 Near Road
2016-02-13,113,24,16,"Ozone,PM2.5",PM2.5,Los Angeles-North Main Street
2016-02-14,96,23,15,"Ozone,PM2.5",PM2.5,Long Beach (South)
2016-02-15,81,29,16,"Ozone,PM2.5",PM2.5,Long Beach-Route 710 Near Road
2016-02-16,64,22,15,"Ozone,PM2.5",PM2.5,Long Beach-Route 710 Near Road
2016-02-17,60,23,15,"Ozone,PM2.5",PM2.5,Los Angeles-North Main Street
2016-02-18,49,33,17,"Ozone,PM2.5",PM2.5,Los Angeles-North Main Street
2016-02-19,61,24,16,"Ozone,PM2.5",PM2.5,Los Angeles-North Main Street
2016-02-20,65,24,16,"Ozone,PM2.5",PM2.5,Long Beach-Route 710 Near Road
2016-02-21,77,30,17,"Ozone,PM2.5",PM2.5,Los Angeles-North Main Street
2016-02-22,73,24,16,"Ozone,PM2.5",PM2.5,Los Angeles-North Main Street
2016-02-23,70,23,15,"Ozone,PM2.5",PM2.5,Long Beach-Route 710 Near Road
2016-02-24,53,33,17,"Ozone,PM2.5",PM2.5,Long Beach-Route 710 Near Road
2016-02-25,67,24,16,"Ozone,PM2.5",Ozone,Reseda
2016-02-26,74,24,16,"Ozone,PM2.5",PM2.5,Los Angeles-North Main Street
2016-02-27,90,30,17,"Ozone,PM2.5",Ozone,Glendora
2016-02-28,115,24,16,"Ozone,PM2.5",Ozone,Glendora
2016-02-29,109,23,16,"Ozone,PM2.5",PM2.5,Los Angeles-North Main Street
2016-03-01,134,30,16,"Ozone,PM2.5",PM2.5,Los Angeles-North Main Street
2016-03-02,124,22,16,"Ozone,PM2.5",PM2.5,Los Angeles-North Main Street
2016-03-03,87,22,16,"Ozone,PM2.5",PM2.5,Los Angeles-North Main Street
2016-03-04,86,29,17,"Ozone,PM2.5",PM2.5,Los Angeles-North Main Street
2016-03-05,67,23,16,"Ozone,PM2.5",PM2.5,Glendora
2016-03-06,54,23,16,"Ozone,PM2.5",PM2.5,Reseda
2016-03-07,44,31,16,"Ozone,PM2.5",Ozone,LAX Hastings
2016-03-08,53,22,14,"Ozone,PM2.5",PM2.5,Long Beach-Route 710 Near Road
2016-03-09,58,21,13,"Ozone,PM2.5",PM2.5,Los Angeles-North Main Street
2016-03-10,66,29,16,"Ozone,PM2.5",PM2.5,Los Angeles-North Main Street
2016-03-11,54,23,15,"Ozone,PM2.5",PM2.5,Los Angeles-North Main Street
2016-03-12,56,24,16,"Ozone,PM2.5",PM2.5,Reseda
2016-03-13,59,32,16,"Ozone,PM2.5",PM2.5,Reseda
2016-03-14,52,23,16,"Ozone,PM2.5",PM2.5,Reseda
2016-03-15,59,23,16,"Ozone,PM2.5",PM2.5,Reseda
2016-03-16,77,28,16,"Ozone,PM2.5",Ozone,LAX Hastings
2016-03-17,100,24,16,"Ozone,PM2.5",Ozone,Lancaster-Division Street
2016-03-18,88,24,16,"Ozone,PM2.5",PM2.5,Los Angeles-North Main Street
2016-03-19,101,32,16,"Ozone,PM2.5",Ozone,Santa Clarita
2016-03-20,113,23,16,"Ozone,PM2.5",PM2.5,Los Angeles-North Main Street
2016-03-21,83,23,16,"Ozone,PM2.5",PM2.5,Los Angeles-North Main Street
2016-03-22,61,29,16,"Ozone,PM2.5",PM2.5,Long Beach-Route 710 Near Road
2016-03-23,57,22,15,"Ozone,PM2.5",PM2.5,Long Beach-Route 710 Near Road
2016-03-24,66,24,16,"Ozone,PM2.5",PM2.5,Long Beach-Route 710 Near Road
2016-03-25,58,31,17,"Ozone,PM2.5",Ozone,Pomona
2016-03-26,87,23,16,"Ozone,PM2.5",Ozone,Azusa
2016-03-27,108,22,16,"Ozone,PM2.5",Ozone,Lancaster-Division Street
2016-03-28,64,28,17,"Ozone,PM2.5",PM2.5,Long Beach-Route 710 Near Road
2016-03-29,54,20,15,"Ozone,PM2.5",PM2.5,Reseda
2016-03-30,58,23,16,"Ozone,PM2.5",PM2.5,Reseda
2016-03-31,56,33,17,"Ozone,PM2.5",PM2.5,Los Angeles-North Main Street
2016-04-01,68,23,15,"Ozone,PM2.5",PM2.5,Reseda
2016-04-02,101,24,16,"Ozone,PM2.5",Ozone,Azusa
2016-04-03,87,30,17,"Ozone,PM2.5",Ozone,Azusa
2016-04-04,64,24,16,"Ozone,PM2.5",Ozone,Reseda
2016-04-05,105,23,15,"Ozone,PM2.5",Ozone,Glendora
2016-04-06,74,32,17,"Ozone,PM2.5",Ozone,Reseda
2016-04-07,71,24,16,"Ozone,PM2.5",PM2.5,Reseda
2016-04-08,71,21,14,"Ozone,PM2.5",PM2.5,Glendora
2016-04-09,59,27,16,"Ozone,PM2.5",PM2.5,Reseda
2016-04-10,56,24,16,"Ozone,PM2.5",PM2.5,Reseda
2016-04-11,59,24,16,"Ozone,PM2.5",PM2.5,Reseda
2016-04-12,59,29,16,"Ozone,PM2.5",PM2.5,Reseda
2016-04-13,63,24,16,"Ozone,PM2.5",PM2.5,Reseda
2016-04-14,71,24,16,"Ozone,PM2.5",Ozone,Lancaster-Division Street
2016-04-15,61,28,17,"Ozone,PM2.5",PM2.5,Long Beach-Route 710 Near Road
2016-04-16,62,23,15,"Ozone,PM2.5",PM2.5,Long Beach-Route 710 Near Road
2016-04-17,97,23,16,"Ozone,PM2.5",Ozone,Azusa
2016-04-18,108,31,17,"Ozone,PM2.5",Ozone,Santa Clarita
2016-04-19,115,21,14,"Ozone,PM2.5",Ozone,LAX Hastings
2016-04-20,108,23,15,"Ozone,PM2.5",Ozone,Lancaster-Division Street
2016-04-21,112,28,16,"Ozone,PM2.5",Ozone,Lancaster-Division Street
2016-04-22,53,23,15,"Ozone,PM2.5",PM2.5,Reseda
2016-04-23,67,24,16,"Ozone,PM2.5",Ozone,Lancaster-Division Street
2016-04-24,77,33,17,"Ozone,PM2.5",Ozone,Azusa
2016-04-25,68,24,16,"Ozone,PM2.5",PM2.5,Long Beach-Route 710 Near Road
2016-04-26,64,23,15,"Ozone,PM2.5",Ozone,West Los Angeles
2016-04-27,69,29,16,"Ozone,PM2.5",PM2.5,Reseda
2016-04-28,59,24,16,"Ozone,PM2.5",PM2.5,Long Beach-Route 710 Near Road
2016-04-29,63,24,16,"Ozone,PM2.5",PM2.5,Reseda
2016-04-30,60,33,17,"Ozone,PM2.5",PM2.5,Reseda
2016-05-01,80,24,16,"Ozone,PM2.5",Ozone,Santa Clarita
2016-05-02,70,23,16,"Ozone,PM2.5",PM2.5,Los Angeles-North Main Street
2016-05-03,84,27,17,"Ozone,PM2.5",Ozone,Lancaster-Division Street
2016-05-04,77,24,16,"Ozone,PM2.5",Ozone,Lancaster-Division Street
2016-05-05,53,21,15,"Ozone,PM2.5",PM2.5,Glendora
2016-05-06,47,31,17,"Ozone,PM2.5",PM2.5,Reseda
2016-05-07,51,23,16,"Ozone,PM2.5",PM2.5,Glendora
2016-05-08,45,23,16,"Ozone,PM2.5",PM2.5,Reseda
2016-05-09,56,30,17,"Ozone,PM2.5",PM2.5,Glendora
2016-05-10,77,24,16,"Ozone,PM2.5",Ozone,Lancaster-Division Street
2016-05-11,101,23,16,"Ozone,PM2.5",Ozone,Lancaster-Division Street
2016-05-12,105,29,16,"Ozone,PM2.5",Ozone,Lancaster-Division Street
2016-05-13,115,24,16,"Ozone,PM2.5",Ozone,Lancaster-Division Street
2016-05-14,79,24,16,"Ozone,PM2.5",PM2.5,Lancaster-Division Street
2016-05-15,58,30,17,"Ozone,PM2.5",PM2.5,Reseda
2016-05-16,64,24,16,"Ozone,PM2.5",PM2.5,Reseda
2016-05-17,64,24,16,"Ozone,PM2.5",Ozone,Santa Clarita
2016-05-18,67,31,17,"Ozone,PM2.5",PM2.5,Reseda
2016-05-19,76,24,16,"Ozone,PM2.5",PM2.5,Reseda
2016-05-20,59,24,16,"Ozone,PM2.5",PM2.5,Reseda
2016-05-21,52,30,17,"Ozone,PM2.5",PM2.5,Glendora
2016-05-22,53,24,16,"Ozone,PM2.5",PM2.5,Lancaster-Division Street
2016-05-23,52,24,16,"Ozone,PM2.5",PM2.5,Reseda
2016-05-24,55,29,16,"Ozone,PM2.5",PM2.5,Reseda
2016-05-25,51,22,15,"Ozone,PM2.5",PM2.5,Reseda
2016-05-26,58,21,14,"Ozone,PM2.5",PM2.5,Reseda
2016-05-27,87,28,17,"Ozone,PM2.5",Ozone,Santa Clarita
2016-05-28,108,22,15,"Ozone,PM2.5",Ozone,Lancaster-Division Street
2016-05-29,90,22,15,"Ozone,PM2.5",Ozone,Lancaster-Division Street
2016-05-30,101,29,16,"Ozone,PM2.5",Ozone,Lancaster-Division Street
2016-05-31,100,22,15,"Ozone,PM2.5",Ozone,Lancaster-Division Street
2016-06-01,100,22,15,"Ozone,PM2.5",Ozone,Santa Clarita
2016-06-02,190,29,17,"Ozone,PM2.5",Ozone,Santa Clarita
2016-06-03,166,23,16,"Ozone,PM2.5",Ozone,Santa Clarita
2016-06-04,209,22,15,"Ozone,PM2.5",Ozone,Glendora
2016-06-05,140,32,17,"Ozone,PM2.5",Ozone,Santa Clarita
2016-06-06,108,23,16,"Ozone,PM2.5",Ozone,Lancaster-Division Street
2016-06-07,84,22,16,"Ozone,PM2.5",Ozone,Lancaster-Division Street
2016-06-08,164,29,17,"Ozone,PM2.5",Ozone,Santa Clarita
2016-06-09,133,24,16,"Ozone,PM2.5",Ozone,Lancaster-Division Street
2016-06-10,105,23,15,"Ozone,PM2.5",Ozone,Lancaster-Division Street
2016-06-11,59,32,17,"Ozone,PM2.5",PM2.5,Lancaster-Division Street
2016-06-12,53,23,16,"Ozone,PM2.5",PM2.5,Lancaster-Division Street
2016-06-13,61,23,16,"Ozone,PM2.5",Ozone,Lancaster-Division Street
2016-06-14,97,29,17,"Ozone,PM2.5",Ozone,Lancaster-Division Street
2016-06-15,71,23,16,"Ozone,PM2.5",Ozone,Lancaster-Division Street
2016-06-16,97,23,16,"Ozone,PM2.5",Ozone,Lancaster-Division Street
2016-06-17,169,31,17,"Ozone,PM2.5",Ozone,Santa Clarita
2016-06-18,119,24,16,"Ozone,PM2.5",Ozone,Azusa
2016-06-19,143,24,16,"Ozone,PM2.5",Ozone,Glendora
2016-06-20,126,30,17,"Ozone,PM2.5",Ozone,Glendora
2016-06-21,126,24,16,"Ozone,PM2.5",Ozone,Lancaster-Division Street
2016-06-22,119,23,15,"Ozone,PM2.5",Ozone,Lancaster-Division Street
2016-06-23,151,32,17,"Ozone,PM2.5",Ozone,Santa Clarita
2016-06-24,122,24,16,"Ozone,PM2.5",Ozone,Santa Clarita
2016-06-25,187,24,16,"Ozone,PM2.5",Ozone,Santa Clarita
2016-06-26,195,30,17,"Ozone,PM2.5",Ozone,Glendora
2016-06-27,177,24,16,"Ozone,PM2.5",Ozone,Santa Clarita
2016-06-28,133,20,14,"Ozone,PM2.5",Ozone,Glendora
2016-06-29,210,29,16,"Ozone,PM2.5",Ozone,Santa Clarita
2016-06-30,166,25,16,"Ozone,PM2.5",Ozone,Santa Clarita
2016-07-01,105,24,16,"Ozone,PM2.5",Ozone,Santa Clarita
2016-07-02,122,30,17,"Ozone,PM2.5",Ozone,Lancaster-Division Street
2016-07-03,84,24,16,"Ozone,PM2.5",Ozone,Glendora
2016-07-04,90,24,16,"Ozone,PM2.5",Ozone,Lancaster-Division Street
2016-07-05,129,33,17,"Ozone,PM2.5",Ozone,Lancaster-Division Street
2016-07-06,136,23,16,"Ozone,PM2.5",Ozone,Lancaster-Division Street
2016-07-07,126,24,16,"Ozone,PM2.5",Ozone,Lancaster-Division Street
2016-07-08,126,29,17,"Ozone,PM2.5",Ozone,Santa Clarita
2016-07-09,133,24,16,"Ozone,PM2.5",Ozone,Glendora
2016-07-10,87,24,16,"Ozone,PM2.5",Ozone,Azusa
2016-07-11,108,32,17,"Ozone,PM2.5",Ozone,Lancaster-Division Street
2016-07-12,133,23,16,"Ozone,PM2.5",Ozone,Santa Clarita
2016-07-13,156,21,15,"Ozone,PM2.5",Ozone,Santa Clarita
2016-07-14,156,29,17,"Ozone,PM2.5",Ozone,Glendora
2016-07-15,126,22,15,"Ozone,PM2.5",Ozone,Santa Clarita
2016-07-16,143,24,16,"Ozone,PM2.5",Ozone,Lancaster-Division Street
2016-07-17,133,33,17,"Ozone,PM2.5",Ozone,Lancaster-Division Street
2016-07-18,115,23,15,"Ozone,PM2.5",Ozone,Lancaster-Division Street
2016-07-19,115,24,16,"Ozone,PM2.5",Ozone,Glendora
2016-07-20,105,30,17,"Ozone,PM2.5",Ozone,Glendora
2016-07-21,105,24,16,"Ozone,PM2.5",Ozone,Santa Clarita
2016-07-22,169,24,16,"Ozone,PM2.5",Ozone,Glendora
2016-07-23,226,33,17,"Ozone,PM2.5",PM2.5,Lebec
2016-07-24,158,22,16,"Ozone,PM2.5",PM2.5,Lancaster-Division Street
2016-07-25,134,23,16,"Ozone,PM2.5",PM2.5,Lancaster-Division Street
2016-07-26,133,29,17,"Ozone,PM2.5",Ozone,Santa Clarita
2016-07-27,112,23,16,"Ozone,PM2.5",Ozone,Lancaster-Division Street
2016-07-28,172,21,15,"Ozone,PM2.5",Ozone,Santa Clarita
2016-07-29,206,30,16,"Ozone,PM2.5",Ozone,Santa Clarita
2016-07-30,122,24,16,"Ozone,PM2.5",Ozone,Lancaster-Division Street
2016-07-31,101,24,16,"Ozone,PM2.5",Ozone,Lancaster-Division Street
2016-08-01,105,30,17,"Ozone,PM2.5",Ozone,Lancaster-Division Street
2016-08-02,119,24,16,"Ozone,PM2.5",Ozone,Santa Clarita
2016-08-03,122,24,16,"Ozone,PM2.5",Ozone,Lancaster-Division Street
2016-08-04,147,29,16,"Ozone,PM2.5",Ozone,Lancaster-Division Street
2016-08-05,136,24,16,"Ozone,PM2.5",Ozone,Santa Clarita
2016-08-06,140,24,16,"Ozone,PM2.5",Ozone,Santa Clarita
2016-08-07,136,29,16,"Ozone,PM2.5",Ozone,Glendora
2016-08-08,156,22,15,"Ozone,PM2.5",Ozone,Santa Clarita
2016-08-09,129,23,15,"Ozone,PM2.5",Ozone,Santa Clarita
2016-08-10,119,27,15,"Ozone,PM2.5",Ozone,Glendora
2016-08-11,129,26,15,"Ozone,PM2.5",Ozone,Lancaster-Division Street
2016-08-12,77,24,16,"Ozone,PM2.5",Ozone,Glendora
2016-08-13,136,30,17,"Ozone,PM2.5",Ozone,Glendora
2016-08-14,172,24,16,"Ozone,PM2.5",Ozone,Glendora
2016-08-15,112,24,16,"Ozone,PM2.5",Ozone,Pomona
2016-08-16,97,33,17,"Ozone,PM2.5",Ozone,Santa Clarita
2016-08-17,115,24,16,"Ozone,PM2.5",Ozone,Glendora
2016-08-18,84,24,16,"Ozone,PM2.5",Ozone,Glendora
2016-08-19,100,27,16,"Ozone,PM2.5",Ozone,Santa Clarita
2016-08-20,75,22,16,"Ozone,PM2.5",PM2.5,Reseda
2016-08-21,77,23,16,"Ozone,PM2.5",Ozone,Azusa
2016-08-22,80,31,17,"Ozone,PM2.5",PM2.5,Reseda
2016-08-23,122,21,15,"Ozone,PM2.5",Ozone,Lancaster-Division Street
2016-08-24,129,22,15,"Ozone,PM2.5",Ozone,Lancaster-Division Street
2016-08-25,140,27,16,"Ozone,PM2.5",Ozone,Lancaster-Division Street
2016-08-26,97,22,16,"Ozone,PM2.5",Ozone,Lancaster-Division Street
2016-08-27,108,24,16,"Ozone,PM2.5",Ozone,Lancaster-Division Street
2016-08-28,126,33,17,"Ozone,PM2.5",Ozone,Glendora
2016-08-29,161,24,16,"Ozone,PM2.5",Ozone,Glendora
2016-08-30,187,24,16,"Ozone,PM2.5",Ozone,Glendora
2016-08-31,151,30,17,"Ozone,PM2.5",Ozone,Glendora
2016-09-01,80,24,16,"Ozone,PM2.5",Ozone,Glendora
2016-09-02,84,24,16,"Ozone,PM2.5",Ozone,Santa Clarita
2016-09-03,87,33,17,"Ozone,PM2.5",Ozone,Lancaster-Division Street
2016-09-04,68,24,16,"Ozone,PM2.5",PM2.5,Reseda
2016-09-05,73,24,16,"Ozone,PM2.5",PM2.5,Reseda
2016-09-06,93,28,17,"Ozone,PM2.5",Ozone,Santa Clarita
2016-09-07,129,24,16,"Ozone,PM2.5",Ozone,Santa Clarita
2016-09-08,97,24,16,"Ozone,PM2.5",Ozone,Santa Clarita
2016-09-09,87,31,17,"Ozone,PM2.5",Ozone,Lancaster-Division Street
2016-09-10,108,24,16,"Ozone,PM2.5",Ozone,Glendora
2016-09-11,72,24,16,"Ozone,PM2.5",PM2.5,Reseda
2016-09-12,77,29,17,"Ozone,PM2.5",PM2.5,Reseda
2016-09-13,60,22,15,"Ozone,PM2.5",PM2.5,Reseda
2016-09-14,74,21,15,"Ozone,PM2.5",Ozone,Lancaster-Division Street
2016-09-15,84,32,16,"Ozone,PM2.5",Ozone,Santa Clarita
2016-09-16,112,22,15,"Ozone,PM2.5",Ozone,Santa Clarita
2016-09-17,126,24,16,"Ozone,PM2.5",Ozone,Santa Clarita
2016-09-18,147,30,17,"Ozone,PM2.5",Ozone,Glendora
2016-09-19,76,24,16,"Ozone,PM2.5",PM2.5,Reseda
2016-09-20,71,23,15,"Ozone,PM2.5",Ozone,Lancaster-Division Street
2016-09-21,84,30,15,"Ozone,PM2.5",Ozone,Lancaster-Division Street
2016-09-22,69,24,16,"Ozone,PM2.5",PM2.5,Reseda
2016-09-23,68,22,14,"Ozone,PM2.5",PM2.5,Reseda
2016-09-24,80,29,17,"Ozone,PM2.5",Ozone,Glendora
2016-09-25,112,23,15,"Ozone,PM2.5",Ozone,Glendora
2016-09-26,64,23,15,"Ozone,PM2.5",Ozone,LAX Hastings
2016-09-27,64,31,17,"Ozone,PM2.5",Ozone,Reseda
2016-09-28,77,22,15,"Ozone,PM2.5",Ozone,Santa Clarita
2016-09-29,97,24,16,"Ozone,PM2.5",Ozone,Reseda
2016-09-30,71,29,16,"Ozone,PM2.5",Ozone,Reseda
2016-10-01,70,23,15,"Ozone,PM2.5",PM2.5,Long Beach-Route 710 Near Road
2016-10-02,74,22,15,"Ozone,PM2.5",Ozone,Lancaster-Division Street
2016-10-03,66,31,16,"Ozone,PM2.5",PM2.5,Long Beach-Route 710 Near Road
2016-10-04,65,23,15,"Ozone,PM2.5",PM2.5,Reseda
2016-10-05,64,23,15,"Ozone,PM2.5",PM2.5,Reseda
2016-10-06,80,30,17,"Ozone,PM2.5",Ozone,Glendora
2016-10-07,78,24,16,"Ozone,PM2.5",PM2.5,Long Beach-Route 710 Near Road
2016-10-08,105,24,16,"Ozone,PM2.5",Ozone,Santa Clarita
2016-10-09,108,33,17,"Ozone,PM2.5",Ozone,Glendora
2016-10-10,62,24,16,"Ozone,PM2.5",PM2.5,Long Beach-Route 710 Near Road
2016-10-11,69,23,16,"Ozone,PM2.5",PM2.5,Reseda
2016-10-12,76,29,16,"Ozone,PM2.5",PM2.5,Reseda
2016-10-13,79,23,15,"Ozone,PM2.5",PM2.5,Reseda
2016-10-14,84,24,16,"Ozone,PM2.5",PM2.5,Los Angeles-North Main Street
2016-10-15,71,32,17,"Ozone,PM2.5",PM2.5,Reseda
2016-10-16,55,22,16,"Ozone,PM2.5",PM2.5,Reseda
2016-10-17,56,23,16,"Ozone,PM2.5",PM2.5,Reseda
2016-10-18,58,28,16,"Ozone,PM2.5",PM2.5,Los Angeles-North Main Street
2016-10-19,71,22,15,"Ozone,PM2.5",PM2.5,Long Beach-Route 710 Near Road
2016-10-20,59,22,15,"Ozone,PM2.5",PM2.5,Long Beach-Route 710 Near Road
2016-10-21,66,32,17,"Ozone,PM2.5",PM2.5,Long Beach-Route 710 Near Road
2016-10-22,77,24,16,"Ozone,PM2.5",Ozone,Lancaster-Division Street
2016-10-23,67,23,15,"Ozone,PM2.5",PM2.5,Reseda
2016-10-24,71,28,16,"Ozone,PM2.5",PM2.5,Reseda
2016-10-25,65,24,16,"Ozone,PM2.5",PM2.5,Reseda
2016-10-26,65,24,16,"Ozone,PM2.5",PM2.5,Reseda
2016-10-27,67,33,17,"Ozone,PM2.5",PM2.5,Reseda
2016-10-28,55,24,16,"Ozone,PM2.5",PM2.5,Reseda
2016-10-29,57,24,16,"Ozone,PM2.5",PM2.5,Reseda
2016-10-30,60,30,17,"Ozone,PM2.5",PM2.5,Long Beach-Route 710 Near Road
2016-10-31,57,23,15,"Ozone,PM2.5",PM2.5,Reseda
2016-11-01,63,22,15,"Ozone,PM2.5",PM2.5,Reseda
2016-11-02,61,31,16,"Ozone,PM2.5",PM2.5,Long Beach-Route 710 Near Road
2016-11-03,65,22,14,"Ozone,PM2.5",PM2.5,Long Beach-Route 710 Near Road
2016-11-04,71,24,16,"Ozone,PM2.5",PM2.5,Long Beach-Route 710 Near Road
2016-11-05,80,30,17,"Ozone,PM2.5",PM2.5,Los Angeles-North Main Street
2016-11-06,83,23,16,"Ozone,PM2.5",PM2.5,Los Angeles-North Main Street
2016-11-07,84,23,16,"Ozone,PM2.5",PM2.5,Los Angeles-North Main Street
2016-11-08,75,29,17,"Ozone,PM2.5",PM2.5,Long Beach-Route 710 Near Road
2016-11-09,63,22,16,"Ozone,PM2.5",PM2.5,Long Beach-Route 710 Near Road
2016-11-10,62,21,15,"Ozone,PM2.5",PM2.5,Long Beach-Route 710 Near Road
2016-11-11,66,30,17,"Ozone,PM2.5",PM2.5,Long Beach-Route 710 Near Road
2016-11-12,70,24,16,"Ozone,PM2.5",PM2.5,Long Beach-Route 710 Near Road
2016-11-13,74,24,16,"Ozone,PM2.5",Ozone,West Los Angeles
2016-11-14,72,32,17,"Ozone,PM2.5",PM2.5,Long Beach-Route 710 Near Road
2016-11-15,87,23,16,"Ozone,PM2.5",PM2.5,Long Beach-Route 710 Near Road
2016-11-16,77,24,16,"Ozone,PM2.5",PM2.5,Los Angeles-North Main Street
2016-11-17,68,29,16,"Ozone,PM2.5",PM2.5,Long Beach-Route 710 Near Road
2016-11-18,57,21,15,"Ozone,PM2.5",PM2.5,Reseda
2016-11-19,72,24,16,"Ozone,PM2.5",PM2.5,Reseda
2016-11-20,66,31,16,"Ozone,PM2.5",PM2.5,Long Beach-Route 710 Near Road
2016-11-21,57,23,16,"Ozone,PM2.5",PM2.5,Long Beach-Route 710 Near Road
2016-11-22,59,22,16,"Ozone,PM2.5",PM2.5,Long Beach-Route 710 Near Road
2016-11-23,74,29,16,"Ozone,PM2.5",PM2.5,Long Beach-Route 710 Near Road
2016-11-24,68,24,16,"Ozone,PM2.5",PM2.5,Long Beach (South)
2016-11-25,82,24,16,"Ozone,PM2.5",PM2.5,Reseda
2016-11-26,88,31,16,"Ozone,PM2.5",PM2.5,Long Beach-Route 710 Near Road
2016-11-27,56,24,16,"Ozone,PM2.5",PM2.5,Los Angeles-North Main Street
2016-11-28,64,24,16,"Ozone,PM2.5",PM2.5,Long Beach-Route 710 Near Road
2016-11-29,61,27,16,"Ozone,PM2.5",PM2.5,Long Beach-Route 710 Near Road
2016-11-30,63,21,13,"Ozone,PM2.5",PM2.5,Long Beach-Route 710 Near Road
2016-12-01,72,25,16,"Ozone,PM2.5",PM2.5,Long Beach-Route 710 Near Road
2016-12-02,69,30,17,"Ozone,PM2.5",PM2.5,Long Beach-Route 710 Near Road
2016-12-03,71,24,16,"Ozone,PM2.5",PM2.5,Long Beach-Route 710 Near Road
2016-12-04,90,23,16,"Ozone,PM2.5",PM2.5,Long Beach-Route 710 Near Road
2016-12-05,83,28,17,"Ozone,PM2.5",PM2.5,Reseda
2016-12-06,70,22,15,"Ozone,PM2.5",PM2.5,Santa Clarita
2016-12-07,77,24,16,"Ozone,PM2.5",PM2.5,Reseda
2016-12-08,74,33,17,"Ozone,PM2.5",PM2.5,Long Beach-Route 710 Near Road
2016-12-09,80,23,16,"Ozone,PM2.5",PM2.5,Glendora
2016-12-10,116,24,16,"Ozone,PM2.5",PM2.5,Reseda
2016-12-11,97,30,17,"Ozone,PM2.5",PM2.5,Santa Clarita
2016-12-12,85,23,16,"Ozone,PM2.5",PM2.5,Reseda
2016-12-13,96,24,16,"Ozone,PM2.5",PM2.5,Glendora
2016-12-14,135,31,16,"Ozone,PM2.5",PM2.5,Los Angeles-North Main Street
2016-12-15,106,23,16,"Ozone,PM2.5",PM2.5,Reseda
2016-12-16,39,23,16,"Ozone,PM2.5",Ozone,LAX Hastings
2016-12-17,61,28,17,"Ozone,PM2.5",PM2.5,Reseda
2016-12-18,64,23,16,"Ozone,PM2.5",PM2.5,Long Beach-Route 710 Near Road
2016-12-19,63,23,16,"Ozone,PM2.5",PM2.5,Long Beach-Route 710 Near Road
2016-12-20,54,27,16,"Ozone,PM2.5",PM2.5,Long Beach (South)
2016-12-21,54,21,15,"Ozone,PM2.5",PM2.5,Reseda
2016-12-22,56,22,16,"Ozone,PM2.5",PM2.5,Reseda
2016-12-23,66,27,17,"Ozone,PM2.5",PM2.5,Reseda
2016-12-24,54,21,15,"Ozone,PM2.5",PM2.5,Reseda
2016-12-25,78,21,15,"Ozone,PM2.5",PM2.5,Reseda
2016-12-26,68,30,17,"Ozone,PM2.5",PM2.5,Compton
2016-12-27,54,20,15,"Ozone,PM2.5",PM2.5,Long Beach (South)
2016-12-28,64,24,16,"Ozone,PM2.5",PM2.5,Long Beach (South)
2016-12-29,60,28,16,"Ozone,PM2.5",PM2.5,Reseda
2016-12-30,56,23,15,"Ozone,PM2.5",PM2.5,Reseda
2016-12-31,66,11,8,PM2.5,PM2.5,Reseda
2017-01-01,145,32,17,"Ozone,PM2.5",PM2.5,Compton
2017-01-02,63,24,16,"Ozone,PM2.5",PM2.5,Reseda
2017-01-03,70,23,16,"Ozone,PM2.5",PM2.5,Long Beach-Route 710 Near Road
2017-01-04,75,27,15,"Ozone,PM2.5",PM2.5,Reseda
2017-01-05,53,23,16,"Ozone,PM2.5",PM2.5,Reseda
2017-01-06,56,21,15,"Ozone,PM2.5",PM2.5,Reseda
2017-01-07,74,32,17,"Ozone,PM2.5",PM2.5,Reseda
2017-01-08,84,23,15,"Ozone,PM2.5",PM2.5,Long Beach-Route 710 Near Road
2017-01-09,60,23,15,"Ozone,PM2.5",PM2.5,Reseda
2017-01-10,61,28,16,"Ozone,PM2.5",PM2.5,Reseda
2017-01-11,58,23,15,"Ozone,PM2.5",PM2.5,Los Angeles-North Main Street
2017-01-12,55,24,16,"Ozone,PM2.5",PM2.5,Reseda
2017-01-13,65,32,17,"Ozone,PM2.5",PM2.5,Long Beach-Route 710 Near Road
2017-01-14,75,24,16,"Ozone,PM2.5",PM2.5,Long Beach-Route 710 Near Road
2017-01-15,71,24,16,"Ozone,PM2.5",PM2.5,Reseda
2017-01-16,75,28,17,"Ozone,PM2.5",PM2.5,Reseda
2017-01-17,71,22,16,"Ozone,PM2.5",PM2.5,Long Beach-Route 710 Near Road
2017-01-18,73,24,16,"Ozone,PM2.5",PM2.5,Long Beach-Route 710 Near Road
2017-01-19,59,28,16,"Ozone,PM2.5",PM2.5,Reseda
2017-01-20,50,20,14,"Ozone,PM2.5",PM2.5,Long Beach-Route 710 Near Road
2017-01-21,54,23,16,"Ozone,PM2.5",PM2.5,Reseda
2017-01-22,57,27,16,"Ozone,PM2.5",PM2.5,Reseda
2017-01-23,55,23,16,"Ozone,PM2.5",PM2.5,Reseda
2017-01-24,66,22,15,"Ozone,PM2.5",PM2.5,Reseda
2017-01-25,68,29,16,"Ozone,PM2.5",PM2.5,Long Beach-Route 710 Near Road
2017-01-26,73,21,16,"Ozone,PM2.5",PM2.5,Long Beach-Route 710 Near Road
2017-01-27,69,22,16,"Ozone,PM2.5",PM2.5,Long Beach-Route 710 Near Road
2017-01-28,78,28,17,"Ozone,PM2.5",PM2.5,Long Beach-Route 710 Near Road
2017-01-29,69,23,16,"Ozone,PM2.5",PM2.5,Long Beach-Route 710 Near Road
2017-01-30,62,23,16,"Ozone,PM2.5",PM2.5,Long Beach-Route 710 Near Road
2017-01-31,78,30,17,"Ozone,PM2.5",PM2.5,Long Beach-Route 710 Near Road
2017-02-01,74,22,16,"Ozone,PM2.5",PM2.5,Long Beach (North)
2017-02-02,77,23,16,"Ozone,PM2.5",PM2.5,Reseda
2017-02-03,69,28,17,"Ozone,PM2.5",PM2.5,Reseda
2017-02-04,58,24,16,"Ozone,PM2.5",PM2.5,Reseda
2017-02-05,70,24,16,"Ozone,PM2.5",PM2.5,Reseda
2017-02-06,54,33,17,"Ozone,PM2.5",PM2.5,Reseda
2017-02-07,52,22,16,"Ozone,PM2.5",PM2.5,Reseda
2017-02-08,56,22,16,"Ozone,PM2.5",PM2.5,Reseda
2017-02-09,58,28,17,"Ozone,PM2.5",PM2.5,Los Angeles-North Main Street
2017-02-10,62,23,16,"Ozone,PM2.5",PM2.5,Los Angeles-North Main Street
2017-02-11,56,23,16,"Ozone,PM2.5",PM2.5,Long Beach-Route 710 Near Road
2017-02-12,60,30,16,"Ozone,PM2.5",PM2.5,Long Beach (South)
2017-02-13,63,23,16,"Ozone,PM2.5",PM2.5,Long Beach-Route 710 Near Road
2017-02-14,64,24,16,"Ozone,PM2.5",PM2.5,Reseda
2017-02-15,73,28,16,"Ozone,PM2.5",PM2.5,Long Beach-Route 710 Near Road
2017-02-16,66,22,14,"Ozone,PM2.5",PM2.5,Los Angeles-North Main Street
2017-02-17,49,24,16,"Ozone,PM2.5",Ozone,Azusa
2017-02-18,46,31,16,"Ozone,PM2.5",Ozone,Reseda
2017-02-19,55,24,16,"Ozone,PM2.5",PM2.5,Reseda
2017-02-20,57,24,16,"Ozone,PM2.5",PM2.5,Reseda
2017-02-21,61,28,15,"Ozone,PM2.5",PM2.5,Reseda
2017-02-22,48,23,15,"Ozone,PM2.5",PM2.5,Long Beach-Route 710 Near Road
2017-02-23,45,23,16,"Ozone,PM2.5",Ozone,Pasadena
2017-02-24,57,32,16,"Ozone,PM2.5",PM2.5,Long Beach-Route 710 Near Road
2017-02-25,65,24,16,"Ozone,PM2.5",PM2.5,Reseda
2017-02-26,54,24,16,"Ozone,PM2.5",PM2.5,Reseda
2017-02-27,48,29,16,"Ozone,PM2.5",PM2.5,Long Beach-Route 710 Near Road
2017-02-28,58,23,15,"Ozone,PM2.5",PM2.5,Long Beach-Route 710 Near Road
2017-03-01,62,24,16,"Ozone,PM2.5",PM2.5,Long Beach (South)
2017-03-02,59,29,16,"Ozone,PM2.5",PM2.5,Long Beach-Route 710 Near Road
2017-03-03,55,24,16,"Ozone,PM2.5",PM2.5,Long Beach-Route 710 Near Road
2017-03-04,66,24,16,"Ozone,PM2.5",PM2.5,Reseda
2017-03-05,53,29,16,"Ozone,PM2.5",PM2.5,Reseda
2017-03-06,47,23,16,"Ozone,PM2.5",PM2.5,Glendora
2017-03-07,57,24,16,"Ozone,PM2.5",PM2.5,Long Beach (South)
2017-03-08,64,31,15,"Ozone,PM2.5",PM2.5,Long Beach-Route 710 Near Road
2017-03-09,77,23,15,"Ozone,PM2.5",Ozone,Reseda
2017-03-10,100,23,15,"Ozone,PM2.5",Ozone,Reseda
2017-03-11,115,29,16,"Ozone,PM2.5",Ozone,Reseda
2017-03-12,101,23,16,"Ozone,PM2.5",Ozone,Azusa
2017-03-13,125,23,16,"Ozone,PM2.5",PM2.5,Los Angeles-North Main Street
2017-03-14,102,31,16,"Ozone,PM2.5",PM2.5,Long Beach (South)
2017-03-15,84,23,16,"Ozone,PM2.5",PM2.5,Long Beach (South)
2017-03-16,75,23,15,"Ozone,PM2.5",PM2.5,Los Angeles-North Main Street
2017-03-17,90,28,16,"Ozone,PM2.5",PM2.5,Los Angeles-North Main Street
2017-03-18,101,24,16,"Ozone,PM2.5",PM2.5,Los Angeles-North Main Street
2017-03-19,82,24,16,"Ozone,PM2.5",PM2.5,Los Angeles-North Main Street
2017-03-20,66,32,16,"Ozone,PM2.5",PM2.5,Reseda
2017-03-21,59,20,14,"Ozone,PM2.5",PM2.5,Reseda
2017-03-22,59,22,15,"Ozone,PM2.5",PM2.5,Reseda
2017-03-23,49,28,16,"Ozone,PM2.5",PM2.5,Glendora
2017-03-24,61,24,16,"Ozone,PM2.5",PM2.5,Reseda
2017-03-25,54,24,16,"Ozone,PM2.5",PM2.5,Reseda
2017-03-26,61,32,16,"Ozone,PM2.5",PM2.5,Reseda
2017-03-27,56,24,16,"Ozone,PM2.5",PM2.5,Reseda
2017-03-28,57,24,16,"Ozone,PM2.5",PM2.5,Long Beach-Route 710 Near Road
2017-03-29,64,28,16,"Ozone,PM2.5",Ozone,Glendora
2017-03-30,61,24,16,"Ozone,PM2.5",PM2.5,Long Beach (South)
2017-03-31,61,18,12,"Ozone,PM2.5",PM2.5,Glendora
2017-04-01,63,30,16,"Ozone,PM2.5",PM2.5,Reseda
2017-04-02,63,22,16,"Ozone,PM2.5",PM2.5,Los Angeles-North Main Street
2017-04-03,78,22,16,"Ozone,PM2.5",PM2.5,Reseda
2017-04-04,80,27,16,"Ozone,PM2.5",PM2.5,Reseda
2017-04-05,100,24,16,"Ozone,PM2.5",Ozone,Reseda
2017-04-06,72,21,14,"Ozone,PM2.5",PM2.5,Los Angeles-North Main Street
2017-04-07,77,31,16,"Ozone,PM2.5",Ozone,Glendora
2017-04-08,54,24,16,"Ozone,PM2.5",PM2.5,Reseda
2017-04-09,67,24,16,"Ozone,PM2.5",Ozone,Azusa
2017-04-10,97,28,16,"Ozone,PM2.5",Ozone,Reseda
2017-04-11,87,22,15,"Ozone,PM2.5",Ozone,Reseda
2017-04-12,60,21,14,"Ozone,PM2.5",PM2.5,Reseda
2017-04-13,54,30,14,"Ozone,PM2.5",PM2.5,Long Beach-Route 710 Near Road
2017-04-14,58,23,15,"Ozone,PM2.5",Ozone,Reseda
2017-04-15,112,23,15,"Ozone,PM2.5",Ozone,Reseda
2017-04-16,108,28,15,"Ozone,PM2.5",Ozone,Azusa
2017-04-17,51,24,16,"Ozone,PM2.5",PM2.5,Reseda
2017-04-18,42,21,14,"Ozone,PM2.5",PM2.5,Reseda
2017-04-19,54,30,15,"Ozone,PM2.5",PM2.5,Reseda
2017-04-20,67,23,15,"Ozone,PM2.5",Ozone,Glendora
2017-04-21,119,24,16,"Ozone,PM2.5",Ozone,Azusa
2017-04-22,161,29,16,"Ozone,PM2.5",Ozone,Azusa
2017-04-23,84,23,15,"Ozone,PM2.5",Ozone,Azusa
2017-04-24,62,24,16,"Ozone,PM2.5",PM2.5,Glendora
2017-04-25,71,30,15,"Ozone,PM2.5",Ozone,Reseda
2017-04-26,59,23,15,"Ozone,PM2.5",PM2.5,Glendora
2017-04-27,74,22,15,"Ozone,PM2.5",Ozone,Los Angeles-North Main Street
2017-04-28,84,29,16,"Ozone,PM2.5",Ozone,Azusa
2017-04-29,100,24,16,"Ozone,PM2.5",Ozone,Azusa
2017-04-30,112,24,16,"Ozone,PM2.5",Ozone,Azusa
2017-05-01,140,33,16,"Ozone,PM2.5",Ozone,Reseda
2017-05-02,147,23,15,"Ozone,PM2.5",Ozone,Santa Clarita
2017-05-03,156,23,15,"Ozone,PM2.5",Ozone,Santa Clarita
2017-05-04,126,29,16,"Ozone,PM2.5",Ozone,Glendora
2017-05-05,82,24,16,"Ozone,PM2.5",PM2.5,Reseda
2017-05-06,57,24,16,"Ozone,PM2.5",PM2.5,Reseda
2017-05-07,61,34,16,"Ozone,PM2.5",PM2.5,Azusa
2017-05-08,62,24,16,"Ozone,PM2.5",PM2.5,Los Angeles-North Main Street
2017-05-09,68,23,15,"Ozone,PM2.5",PM2.5,Reseda
2017-05-10,61,27,15,"Ozone,PM2.5",PM2.5,Reseda
2017-05-11,62,24,16,"Ozone,PM2.5",PM2.5,Reseda
2017-05-12,73,24,16,"Ozone,PM2.5",PM2.5,Los Angeles-North Main Street
2017-05-13,67,34,16,"Ozone,PM2.5",Ozone,Azusa
2017-05-14,67,24,16,"Ozone,PM2.5",Ozone,Reseda
2017-05-15,57,24,16,"Ozone,PM2.5",PM2.5,Reseda
2017-05-16,59,29,16,"Ozone,PM2.5",PM2.5,Reseda
2017-05-17,64,24,16,"Ozone,PM2.5",PM2.5,Reseda
2017-05-18,62,22,15,"Ozone,PM2.5",PM2.5,Reseda
2017-05-19,84,32,15,"Ozone,PM2.5",Ozone,Azusa
2017-05-20,122,23,15,"Ozone,PM2.5",Ozone,West Los Angeles
2017-05-21,143,23,15,"Ozone,PM2.5",Ozone,Azusa
2017-05-22,154,28,16,"Ozone,PM2.5",Ozone,Santa Clarita
2017-05-23,112,22,16,"Ozone,PM2.5",Ozone,Reseda
2017-05-24,119,24,16,"Ozone,PM2.5",Ozone,Lancaster-Division Street
2017-05-25,59,31,16,"Ozone,PM2.5",PM2.5,Reseda
2017-05-26,53,23,15,"Ozone,PM2.5",PM2.5,Reseda
2017-05-27,64,24,16,"Ozone,PM2.5",Ozone,Lancaster-Division Street
2017-05-28,108,30,17,"Ozone,PM2.5",Ozone,Reseda
2017-05-29,97,23,16,"Ozone,PM2.5",Ozone,Lancaster-Division Street
2017-05-30,93,22,15,"Ozone,PM2.5",Ozone,Lancaster-Division Street
2017-05-31,82,34,17,"Ozone,PM2.5",PM2.5,Reseda
2017-06-01,93,23,16,"Ozone,PM2.5",Ozone,Santa Clarita
2017-06-02,136,23,16,"Ozone,PM2.5",Ozone,Azusa
2017-06-03,169,30,17,"Ozone,PM2.5",Ozone,Santa Clarita
2017-06-04,150,22,16,"Ozone,PM2.5",Ozone,Azusa
2017-06-05,101,22,16,"Ozone,PM2.5",Ozone,Reseda
2017-06-06,82,30,16,"Ozone,PM2.5",PM2.5,Los Angeles-North Main Street
2017-06-07,101,22,15,"Ozone,PM2.5",Ozone,Lancaster-Division Street
2017-06-08,77,21,16,"Ozone,PM2.5",Ozone,Lancaster-Division Street
2017-06-09,55,29,17,"Ozone,PM2.5",PM2.5,Reseda
2017-06-10,55,24,16,"Ozone,PM2.5",PM2.5,Reseda
2017-06-11,55,24,16,"Ozone,PM2.5",PM2.5,Reseda
2017-06-12,53,34,17,"Ozone,PM2.5",PM2.5,Los Angeles-North Main Street
2017-06-13,93,24,16,"Ozone,PM2.5",Ozone,Reseda
2017-06-14,159,23,15,"Ozone,PM2.5",Ozone,Santa Clarita
2017-06-15,143,29,17,"Ozone,PM2.5",Ozone,Santa Clarita
2017-06-16,195,24,16,"Ozone,PM2.5",Ozone,Santa Clarita
2017-06-17,190,25,16,"Ozone,PM2.5",Ozone,Santa Clarita
2017-06-18,164,34,17,"Ozone,PM2.5",Ozone,Santa Clarita
2017-06-19,172,25,16,"Ozone,PM2.5",Ozone,Santa Clarita
2017-06-20,197,24,16,"Ozone,PM2.5",Ozone,Santa Clarita
2017-06-21,164,30,17,"Ozone,PM2.5",Ozone,Santa Clarita
2017-06-22,115,24,16,"Ozone,PM2.5",Ozone,Lancaster-Division Street
2017-06-23,156,22,15,"Ozone,PM2.5",Ozone,Santa Clarita
2017-06-24,151,33,17,"Ozone,PM2.5",Ozone,Santa Clarita
2017-06-25,195,23,16,"Ozone,PM2.5",Ozone,Glendora
2017-06-26,129,23,16,"Ozone,PM2.5",Ozone,Glendora
2017-06-27,115,27,17,"Ozone,PM2.5",Ozone,Lancaster-Division Street
2017-06-28,115,24,16,"Ozone,PM2.5",Ozone,Lancaster-Division Street
2017-06-29,150,23,15,"Ozone,PM2.5",Ozone,Santa Clarita
2017-06-30,151,31,15,"Ozone,PM2.5",Ozone,Santa Clarita
2017-07-01,143,23,16,"Ozone,PM2.5",Ozone,Santa Clarita
2017-07-02,115,23,16,"Ozone,PM2.5",Ozone,Lancaster-Division Street
2017-07-03,159,29,17,"Ozone,PM2.5",Ozone,Glendora
2017-07-04,169,23,16,"Ozone,PM2.5",Ozone,Glendora
2017-07-05,189,23,16,"Ozone,PM2.5",PM2.5,Glendora
2017-07-06,204,34,16,"Ozone,PM2.5",Ozone,Santa Clarita
2017-07-07,224,24,16,"Ozone,PM2.5",Ozone,Santa Clarita
2017-07-08,209,23,16,"Ozone,PM2.5",Ozone,Reseda
2017-07-09,101,28,17,"Ozone,PM2.5",Ozone,Pasadena
2017-07-10,112,23,16,"Ozone,PM2.5",Ozone,Lancaster-Division Street
2017-07-11,71,22,15,"Ozone,PM2.5",Ozone,Lancaster-Division Street
2017-07-12,84,33,16,"Ozone,PM2.5",Ozone,Lancaster-Division Street
2017-07-13,97,23,16,"Ozone,PM2.5",Ozone,Lancaster-Division Street
2017-07-14,156,24,16,"Ozone,PM2.5",Ozone,Santa Clarita
2017-07-15,203,30,17,"Ozone,PM2.5",Ozone,Santa Clarita
2017-07-16,159,24,16,"Ozone,PM2.5",Ozone,Santa Clarita
2017-07-17,101,22,16,"Ozone,PM2.5",Ozone,Santa Clarita
2017-07-18,154,33,17,"Ozone,PM2.5",Ozone,Santa Clarita
2017-07-19,164,23,16,"Ozone,PM2.5",Ozone,Santa Clarita
2017-07-20,136,23,16,"Ozone,PM2.5",Ozone,Lancaster-Division Street
2017-07-21,154,28,17,"Ozone,PM2.5",Ozone,Lancaster-Division Street
2017-07-22,177,24,16,"Ozone,PM2.5",Ozone,Santa Clarita
2017-07-23,164,24,16,"Ozone,PM2.5",Ozone,Santa Clarita
2017-07-24,72,34,17,"Ozone,PM2.5",PM2.5,Reseda
2017-07-25,84,24,16,"Ozone,PM2.5",Ozone,Santa Clarita
2017-07-26,100,22,16,"Ozone,PM2.5",Ozone,Santa Clarita
2017-07-27,105,29,17,"Ozone,PM2.5",Ozone,Santa Clarita
2017-07-28,126,24,16,"Ozone,PM2.5",Ozone,Lancaster-Division Street
2017-07-29,133,24,16,"Ozone,PM2.5",Ozone,Azusa
2017-07-30,122,34,17,"Ozone,PM2.5",Ozone,Santa Clarita
2017-07-31,164,24,16,"Ozone,PM2.5",Ozone,Santa Clarita
2017-08-01,140,23,15,"Ozone,PM2.5",Ozone,Reseda
2017-08-02,122,27,16,"Ozone,PM2.5",Ozone,Reseda
2017-08-03,161,25,16,"Ozone,PM2.5",Ozone,Pomona
2017-08-04,126,22,14,"Ozone,PM2.5",Ozone,Lancaster-Division Street
2017-08-05,115,34,17,"Ozone,PM2.5",Ozone,Santa Clarita
2017-08-06,119,24,16,"Ozone,PM2.5",Ozone,Santa Clarita
2017-08-07,108,24,16,"Ozone,PM2.5",Ozone,Glendora
2017-08-08,122,28,16,"Ozone,PM2.5",Ozone,Glendora
2017-08-09,119,24,16,"Ozone,PM2.5",Ozone,Glendora
2017-08-10,143,24,16,"Ozone,PM2.5",Ozone,Pomona
2017-08-11,140,34,17,"Ozone,PM2.5",Ozone,Reseda
2017-08-12,156,24,16,"Ozone,PM2.5",Ozone,Santa Clarita
2017-08-13,150,24,16,"Ozone,PM2.5",Ozone,Azusa
2017-08-14,97,30,17,"Ozone,PM2.5",Ozone,Glendora
2017-08-15,63,21,15,"Ozone,PM2.5",PM2.5,Reseda
2017-08-16,90,22,16,"Ozone,PM2.5",Ozone,Lancaster-Division Street
2017-08-17,93,32,16,"Ozone,PM2.5",Ozone,Lancaster-Division Street
2017-08-18,112,23,15,"Ozone,PM2.5",Ozone,Santa Clarita
2017-08-19,105,23,15,"Ozone,PM2.5",Ozone,Pomona
2017-08-20,86,28,16,"Ozone,PM2.5",PM2.5,Long Beach-Route 710 Near Road
2017-08-21,87,23,15,"Ozone,PM2.5",PM2.5,Long Beach-Route 710 Near Road
2017-08-22,97,21,14,"Ozone,PM2.5",Ozone,Reseda
2017-08-23,126,32,16,"Ozone,PM2.5",Ozone,Santa Clarita
2017-08-24,115,21,14,"Ozone,PM2.5",Ozone,Santa Clarita
2017-08-25,154,21,15,"Ozone,PM2.5",Ozone,Santa Clarita
2017-08-26,190,27,16,"Ozone,PM2.5",Ozone,Glendora
2017-08-27,164,21,15,"Ozone,PM2.5",Ozone,Glendora
2017-08-28,201,21,15,"Ozone,PM2.5",Ozone,Pomona
2017-08-29,208,28,14,"Ozone,PM2.5",Ozone,Glendora
2017-08-30,209,22,15,"Ozone,PM2.5",Ozone,Pomona
2017-08-31,174,22,15,"Ozone,PM2.5",Ozone,Pasadena
2017-09-01,206,28,16,"Ozone,PM2.5",Ozone,Glendora
2017-09-02,156,22,15,"Ozone,PM2.5",Ozone,Reseda
2017-09-03,77,22,15,"Ozone,PM2.5",Ozone,Santa Clarita
2017-09-04,68,32,16,"Ozone,PM2.5",PM2.5,Reseda
2017-09-05,73,23,15,"Ozone,PM2.5",PM2.5,Reseda
2017-09-06,69,23,15,"Ozone,PM2.5",PM2.5,Los Angeles-North Main Street
2017-09-07,112,27,16,"Ozone,PM2.5",Ozone,Santa Clarita
2017-09-08,80,21,14,"Ozone,PM2.5",Ozone,Lancaster-Division Street
2017-09-09,101,22,15,"Ozone,PM2.5",Ozone,Pomona
2017-09-10,177,33,16,"Ozone,PM2.5",Ozone,Pomona
2017-09-11,119,22,15,"Ozone,PM2.5",Ozone,Pomona
2017-09-12,84,21,14,"Ozone,PM2.5",Ozone,Pomona
2017-09-13,67,28,16,"Ozone,PM2.5",PM2.5,Reseda
2017-09-14,62,22,15,"Ozone,PM2.5",PM2.5,Reseda
2017-09-15,62,21,15,"Ozone,PM2.5",PM2.5,Reseda
2017-09-16,80,32,16,"Ozone,PM2.5",Ozone,Santa Clarita
2017-09-17,93,22,15,"Ozone,PM2.5",Ozone,Lancaster-Division Street
2017-09-18,101,22,15,"Ozone,PM2.5",Ozone,Lancaster-Division Street
2017-09-19,75,27,16,"Ozone,PM2.5",PM2.5,Reseda
2017-09-20,71,20,14,"Ozone,PM2.5",PM2.5,Reseda
2017-09-21,63,21,15,"Ozone,PM2.5",PM2.5,Reseda
2017-09-22,63,32,16,"Ozone,PM2.5",PM2.5,Reseda
2017-09-23,64,24,15,"Ozone,PM2.5",Ozone,Pomona
2017-09-24,84,23,15,"Ozone,PM2.5",Ozone,Los Angeles-North Main Street
2017-09-25,61,27,16,"Ozone,PM2.5",Ozone,Pomona
2017-09-26,93,22,14,"Ozone,PM2.5",Ozone,Pomona
2017-09-27,77,24,15,"Ozone,PM2.5",Ozone,Pomona
2017-09-28,87,33,16,"Ozone,PM2.5",Ozone,Los Angeles-North Main Street
2017-09-29,97,22,14,"Ozone,PM2.5",Ozone,Azusa
2017-09-30,147,22,13,"Ozone,PM2.5",Ozone,Lancaster-Division Street
2017-10-01,90,29,16,"Ozone,PM2.5",Ozone,Santa Clarita
2017-10-02,71,23,15,"Ozone,PM2.5",Ozone,Reseda
2017-10-03,72,21,13,"Ozone,PM2.5",PM2.5,Reseda
2017-10-04,71,33,16,"Ozone,PM2.5",Ozone,Azusa
2017-10-05,101,21,13,"Ozone,PM2.5",Ozone,Reseda
2017-10-06,129,20,13,"Ozone,PM2.5",Ozone,Azusa
2017-10-07,126,27,15,"Ozone,PM2.5",Ozone,Pomona
2017-10-08,119,22,14,"Ozone,PM2.5",Ozone,Santa Clarita
2017-10-09,70,22,14,"Ozone,PM2.5",PM2.5,Los Angeles-North Main Street
2017-10-10,70,33,16,"Ozone,PM2.5",PM2.5,Long Beach-Route 710 Near Road
2017-10-11,74,22,14,"Ozone,PM2.5",Ozone,Santa Clarita
2017-10-12,87,23,15,"Ozone,PM2.5",Ozone,Santa Clarita
2017-10-13,97,29,16,"Ozone,PM2.5",Ozone,Santa Clarita
2017-10-14,136,23,15,"Ozone,PM2.5",Ozone,Azusa
2017-10-15,100,23,15,"Ozone,PM2.5",Ozone,Los Angeles-North Main Street
2017-10-16,77,33,16,"Ozone,PM2.5",Ozone,Pasadena
2017-10-17,71,21,14,"Ozone,PM2.5",PM2.5,Long Beach-Route 710 Near Road
2017-10-18,119,23,15,"Ozone,PM2.5",Ozone,Azusa
2017-10-19,94,27,15,"Ozone,PM2.5",PM2.5,Reseda
2017-10-20,69,21,13,"Ozone,PM2.5",PM2.5,Reseda
2017-10-21,60,22,14,"Ozone,PM2.5",PM2.5,Los Angeles-North Main Street
2017-10-22,64,33,15,"Ozone,PM2.5",Ozone,Pasadena
2017-10-23,60,22,14,"Ozone,PM2.5",PM2.5,Long Beach-Route 710 Near Road
2017-10-24,71,21,14,"Ozone,PM2.5",PM2.5,Long Beach-Route 710 Near Road
2017-10-25,58,27,14,"Ozone,PM2.5",PM2.5,Long Beach-Route 710 Near Road
2017-10-26,71,20,12,"Ozone,PM2.5",Ozone,Reseda
2017-10-27,97,21,14,"Ozone,PM2.5",Ozone,Reseda
2017-10-28,95,32,15,"Ozone,PM2.5",PM2.5,Los Angeles-North Main Street
2017-10-29,118,22,14,"Ozone,PM2.5",PM2.5,Los Angeles-North Main Street
2017-10-30,68,22,14,"Ozone,PM2.5",PM2.5,Reseda
2017-10-31,67,28,15,"Ozone,PM2.5",PM2.5,Reseda
2017-11-01,64,23,15,"Ozone,PM2.5",PM2.5,Reseda
2017-11-02,56,22,14,"Ozone,PM2.5",PM2.5,Reseda
2017-11-03,60,33,15,"Ozone,PM2.5",PM2.5,Reseda
2017-11-04,57,23,15,"Ozone,PM2.5",PM2.5,Reseda
2017-11-05,53,23,15,"Ozone,PM2.5",PM2.5,Reseda
2017-11-06,55,29,16,"Ozone,PM2.5",PM2.5,Los Angeles-North Main Street
2017-11-07,56,23,15,"Ozone,PM2.5",PM2.5,Los Angeles-North Main Street
2017-11-08,55,23,15,"Ozone,PM2.5",PM2.5,Reseda
2017-11-09,54,31,15,"Ozone,PM2.5",PM2.5,Reseda
2017-11-10,62,23,15,"Ozone,PM2.5",PM2.5,Reseda
2017-11-11,69,23,15,"Ozone,PM2.5",PM2.5,Los Angeles-North Main Street
2017-11-12,93,28,16,"Ozone,PM2.5",PM2.5,Los Angeles-North Main Street
2017-11-13,85,23,15,"Ozone,PM2.5",PM2.5,Long Beach-Route 710 Near Road
2017-11-14,79,22,14,"Ozone,PM2.5",PM2.5,Long Beach-Route 710 Near Road
2017-11-15,88,33,16,"Ozone,PM2.5",PM2.5,Los Angeles-North Main Street
2017-11-16,82,21,13,"Ozone,PM2.5",PM2.5,Long Beach (South)
2017-11-17,55,22,14,"Ozone,PM2.5",PM2.5,Reseda
2017-11-18,58,28,16,"Ozone,PM2.5",PM2.5,Los Angeles-North Main Street
2017-11-19,58,22,14,"Ozone,PM2.5",PM2.5,Reseda
2017-11-20,77,22,14,"Ozone,PM2.5",PM2.5,Long Beach-Route 710 Near Road
2017-11-21,78,32,16,"Ozone,PM2.5",PM2.5,Long Beach (South)
2017-11-22,71,21,13,"Ozone,PM2.5",PM2.5,Long Beach (South)
2017-11-23,59,23,15,"Ozone,PM2.5",PM2.5,Reseda
2017-11-24,77,29,16,"Ozone,PM2.5",PM2.5,Compton
2017-11-25,83,23,15,"Ozone,PM2.5",PM2.5,Los Angeles-North Main Street
2017-11-26,121,23,15,"Ozone,PM2.5",PM2.5,Los Angeles-North Main Street
2017-11-27,74,34,16,"Ozone,PM2.5",PM2.5,Los Angeles-North Main Street
2017-11-28,62,22,14,"Ozone,PM2.5",PM2.5,Long Beach-Route 710 Near Road
2017-11-29,71,21,14,"Ozone,PM2.5",PM2.5,Long Beach-Route 710 Near Road
2017-11-30,82,27,16,"Ozone,PM2.5",PM2.5,Long Beach (South)
2017-12-01,73,23,15,"Ozone,PM2.5",PM2.5,Long Beach-Route 710 Near Road
2017-12-02,82,23,15,"Ozone,PM2.5",PM2.5,Long Beach-Route 710 Near Road
2017-12-03,80,33,16,"Ozone,PM2.5",PM2.5,Compton
2017-12-04,64,23,15,"Ozone,PM2.5",PM2.5,Los Angeles-North Main Street
2017-12-05,73,20,13,"Ozone,PM2.5",PM2.5,Reseda
2017-12-06,107,23,14,"Ozone,PM2.5",PM2.5,Long Beach-Route 710 Near Road
2017-12-07,86,20,13,"Ozone,PM2.5",PM2.5,Long Beach-Route 710 Near Road
2017-12-08,101,21,14,"Ozone,PM2.5",PM2.5,Long Beach-Route 710 Near Road
2017-12-09,73,33,16,"Ozone,PM2.5",PM2.5,Compton
2017-12-10,66,21,14,"Ozone,PM2.5",PM2.5,Long Beach-Route 710 Near Road
2017-12-11,71,22,14,"Ozone,PM2.5",PM2.5,Long Beach-Route 710 Near Road
2017-12-12,90,28,16,"Ozone,PM2.5",PM2.5,Long Beach-Route 710 Near Road
2017-12-13,90,22,14,"Ozone,PM2.5",PM2.5,Long Beach-Route 710 Near Road
2017-12-14,107,22,14,"Ozone,PM2.5",PM2.5,Long Beach-Route 710 Near Road
2017-12-15,100,32,16,"Ozone,PM2.5",PM2.5,Reseda
2017-12-16,91,22,14,"Ozone,PM2.5",PM2.5,Reseda
2017-12-17,90,22,14,"Ozone,PM2.5",PM2.5,Long Beach-Route 710 Near Road
2017-12-18,61,27,16,"Ozone,PM2.5",PM2.5,Long Beach-Route 710 Near Road
2017-12-19,77,20,13,"Ozone,PM2.5",PM2.5,Long Beach-Route 710 Near Road
2017-12-20,75,22,15,"Ozone,PM2.5",PM2.5,Long Beach-Route 710 Near Road
2017-12-21,55,32,16,"Ozone,PM2.5",PM2.5,Long Beach-Route 710 Near Road
2017-12-22,74,22,14,"Ozone,PM2.5",PM2.5,Long Beach-Route 710 Near Road
2017-12-23,86,22,14,"Ozone,PM2.5",PM2.5,Long Beach-Route 710 Near Road
2017-12-24,159,27,16,"Ozone,PM2.5",PM2.5,Compton
2017-12-25,175,22,14,"Ozone,PM2.5",PM2.5,Long Beach-Route 710 Near Road
2017-12-26,157,21,14,"Ozone,PM2.5",PM2.5,Long Beach-Route 710 Near Road
2017-12-27,155,32,16,"Ozone,PM2.5",PM2.5,Long Beach-Route 710 Near Road
2017-12-28,119,23,15,"Ozone,PM2.5",PM2.5,Long Beach-Route 710 Near Road
2017-12-29,91,23,15,"Ozone,PM2.5",PM2.5,Long Beach-Route 710 Near Road
2017-12-30,115,28,16,"Ozone,PM2.5",PM2.5,Compton
2017-12-31,141,11,8,PM2.5,PM2.5,Los Angeles-North Main Street
2018-01-01,190,24,16,"Ozone,PM2.5",PM2.5,Long Beach-Route 710 Near Road
2018-01-02,152,34,17,"Ozone,PM2.5",PM2.5,Pico Rivera #2
2018-01-03,110,21,14,"Ozone,PM2.5",PM2.5,Long Beach (South)
2018-01-04,87,23,15,"Ozone,PM2.5",PM2.5,Long Beach-Route 710 Near Road
2018-01-05,73,29,17,"Ozone,PM2.5",PM2.5,Los Angeles-North Main Street
2018-01-06,67,24,16,"Ozone,PM2.5",PM2.5,Los Angeles-North Main Street
2018-01-07,93,24,16,"Ozone,PM2.5",PM2.5,Los Angeles-North Main Street
2018-01-08,70,35,17,"Ozone,PM2.5",PM2.5,Pico Rivera #2
2018-01-09,56,23,16,"Ozone,PM2.5",PM2.5,Reseda
2018-01-10,68,22,16,"Ozone,PM2.5",PM2.5,Reseda
2018-01-11,85,29,17,"Ozone,PM2.5",PM2.5,Los Angeles-North Main Street
2018-01-12,112,24,16,"Ozone,PM2.5",PM2.5,Long Beach (South)
2018-01-13,60,24,16,"Ozone,PM2.5",PM2.5,Long Beach (South)
2018-01-14,56,35,17,"Ozone,PM2.5",PM2.5,Compton
2018-01-15,83,22,16,"Ozone,PM2.5",PM2.5,Long Beach-Route 710 Near Road
2018-01-16,93,23,16,"Ozone,PM2.5",PM2.5,Los Angeles-North Main Street
2018-01-17,93,28,16,"Ozone,PM2.5",PM2.5,Long Beach-Route 710 Near Road
2018-01-18,84,23,15,"Ozone,PM2.5",PM2.5,Long Beach-Route 710 Near Road
2018-01-19,72,23,15,"Ozone,PM2.5",PM2.5,Reseda
2018-01-20,51,34,16,"Ozone,PM2.5",PM2.5,Reseda
2018-01-21,61,23,16,"Ozone,PM2.5",PM2.5,Long Beach (South)
2018-01-22,64,24,16,"Ozone,PM2.5",PM2.5,Long Beach (South)
2018-01-23,61,26,16,"Ozone,PM2.5",PM2.5,Long Beach-Route 710 Near Road
2018-01-24,55,23,15,"Ozone,PM2.5",PM2.5,Reseda
2018-01-25,59,22,14,"Ozone,PM2.5",PM2.5,Los Angeles-North Main Street
2018-01-26,61,33,16,"Ozone,PM2.5",PM2.5,Long Beach-Route 710 Near Road
2018-01-27,69,23,15,"Ozone,PM2.5",PM2.5,Long Beach (South)
2018-01-28,72,23,15,"Ozone,PM2.5",PM2.5,Long Beach-Route 710 Near Road
2018-01-29,65,28,16,"Ozone,PM2.5",PM2.5,Long Beach-Route 710 Near Road
2018-01-30,58,22,15,"Ozone,PM2.5",PM2.5,Long Beach-Route 710 Near Road
2018-01-31,72,21,13,"Ozone,PM2.5",PM2.5,Long Beach-Route 710 Near Road
2018-02-01,101,33,16,"Ozone,PM2.5",PM2.5,Long Beach-Route 710 Near Road
2018-02-02,95,22,14,"Ozone,PM2.5",PM2.5,Long Beach-Route 710 Near Road
2018-02-03,109,24,16,"Ozone,PM2.5",PM2.5,Long Beach-Route 710 Near Road
2018-02-04,98,30,17,"Ozone,PM2.5",PM2.5,Compton
2018-02-05,89,24,16,"Ozone,PM2.5",PM2.5,Los Angeles-North Main Street
2018-02-06,109,22,14,"Ozone,PM2.5",PM2.5,Los Angeles-North Main Street
2018-02-07,82,34,16,"Ozone,PM2.5",PM2.5,Long Beach-Route 710 Near Road
2018-02-08,78,23,16,"Ozone,PM2.5",PM2.5,Long Beach-Route 710 Near Road
2018-02-09,73,24,16,"Ozone,PM2.5",PM2.5,Los Angeles-North Main Street
2018-02-10,89,30,17,"Ozone,PM2.5",PM2.5,Reseda
2018-02-11,76,24,16,"Ozone,PM2.5",PM2.5,Long Beach-Route 710 Near Road
2018-02-12,57,24,16,"Ozone,PM2.5",PM2.5,Reseda
2018-02-13,56,34,17,"Ozone,PM2.5",PM2.5,Reseda
2018-02-14,60,22,16,"Ozone,PM2.5",PM2.5,Reseda
2018-02-15,61,22,15,"Ozone,PM2.5",PM2.5,Los Angeles-North Main Street
2018-02-16,55,28,17,"Ozone,PM2.5",PM2.5,Long Beach (South)
2018-02-17,60,23,16,"Ozone,PM2.5",PM2.5,Long Beach (South)
2018-02-18,61,23,16,"Ozone,PM2.5",PM2.5,Reseda
2018-02-19,58,32,17,"Ozone,PM2.5",PM2.5,Long Beach-Route 710 Near Road
2018-02-20,57,21,16,"Ozone,PM2.5",PM2.5,Long Beach-Route 710 Near Road
2018-02-21,54,23,16,"Ozone,PM2.5",PM2.5,Reseda
2018-02-22,65,26,17,"Ozone,PM2.5",PM2.5,Reseda
2018-02-23,53,22,16,"Ozone,PM2.5",PM2.5,Reseda
2018-02-24,56,22,16,"Ozone,PM2.5",PM2.5,Long Beach (South)
2018-02-25,55,34,17,"Ozone,PM2.5",PM2.5,Compton
2018-02-26,58,22,16,"Ozone,PM2.5",PM2.5,Reseda
2018-02-27,53,22,16,"Ozone,PM2.5",PM2.5,Reseda
2018-02-28,64,26,15,"Ozone,PM2.5",PM2.5,Reseda
2018-03-01,63,21,16,"Ozone,PM2.5",PM2.5,Reseda
2018-03-02,56,21,15,"Ozone,PM2.5",PM2.5,Reseda
2018-03-03,55,32,17,"Ozone,PM2.5",PM2.5,Reseda
2018-03-04,62,21,16,"Ozone,PM2.5",PM2.5,Reseda
2018-03-05,46,21,16,"Ozone,PM2.5",PM2.5,Long Beach (South)
2018-03-06,47,26,17,"Ozone,PM2.5",Ozone,Reseda
2018-03-07,61,22,15,"Ozone,PM2.5",PM2.5,Long Beach (South)
2018-03-08,67,22,16,"Ozone,PM2.5",PM2.5,Los Angeles-North Main Street
2018-03-09,71,33,17,"Ozone,PM2.5",PM2.5,Reseda
2018-03-10,78,23,16,"Ozone,PM2.5",PM2.5,Reseda
2018-03-11,58,23,16,"Ozone,PM2.5",PM2.5,Reseda
2018-03-12,66,28,17,"Ozone,PM2.5",PM2.5,Los Angeles-North Main Street
2018-03-13,65,23,16,"Ozone,PM2.5",PM2.5,Los Angeles-North Main Street
2018-03-14,51,19,12,"Ozone,PM2.5",PM2.5,Reseda
2018-03-15,45,34,17,"Ozone,PM2.5",Ozone,Reseda
2018-03-16,53,22,15,"Ozone,PM2.5",PM2.5,Reseda
2018-03-17,51,23,16,"Ozone,PM2.5",PM2.5,Reseda
2018-03-18,58,29,17,"Ozone,PM2.5",PM2.5,Reseda
2018-03-19,58,22,16,"Ozone,PM2.5",PM2.5,Reseda
2018-03-20,61,22,16,"Ozone,PM2.5",PM2.5,Los Angeles-North Main Street
2018-03-21,64,33,17,"Ozone,PM2.5",PM2.5,Reseda
2018-03-22,62,22,15,"Ozone,PM2.5",PM2.5,Reseda
2018-03-23,57,23,15,"Ozone,PM2.5",PM2.5,Reseda
2018-03-24,59,30,17,"Ozone,PM2.5",PM2.5,Reseda
2018-03-25,55,24,16,"Ozone,PM2.5",PM2.5,Reseda
2018-03-26,50,24,16,"Ozone,PM2.5",PM2.5,Long Beach-Route 710 Near Road
2018-03-27,52,33,16,"Ozone,PM2.5",PM2.5,Los Angeles-North Main Street
2018-03-28,62,24,16,"Ozone,PM2.5",PM2.5,Reseda
2018-03-29,84,23,16,"Ozone,PM2.5",Ozone,Reseda
2018-03-30,105,30,17,"Ozone,PM2.5",Ozone,Reseda
2018-03-31,91,22,14,"Ozone,PM2.5",PM2.5,Long Beach (South)
2018-04-01,85,24,16,"Ozone,PM2.5",PM2.5,Los Angeles-North Main Street
2018-04-02,76,34,17,"Ozone,PM2.5",PM2.5,Reseda
2018-04-03,70,24,16,"Ozone,PM2.5",PM2.5,Reseda
2018-04-04,83,24,16,"Ozone,PM2.5",PM2.5,Los Angeles-North Main Street
2018-04-05,101,30,17,"Ozone,PM2.5",PM2.5,Los Angeles-North Main Street
2018-04-06,67,24,16,"Ozone,PM2.5",PM2.5,Reseda
2018-04-07,61,23,16,"Ozone,PM2.5",PM2.5,Reseda
2018-04-08,60,35,17,"Ozone,PM2.5",PM2.5,Los Angeles-North Main Street
2018-04-09,87,24,16,"Ozone,PM2.5",Ozone,Azusa
2018-04-10,101,23,16,"Ozone,PM2.5",Ozone,Azusa
2018-04-11,71,29,17,"Ozone,PM2.5",Ozone,Lancaster-Division Street
2018-04-12,58,22,16,"Ozone,PM2.5",Ozone,Azusa
2018-04-13,58,23,15,"Ozone,PM2.5",Ozone,Reseda
2018-04-14,112,34,17,"Ozone,PM2.5",Ozone,Azusa
2018-04-15,87,23,16,"Ozone,PM2.5",Ozone,Azusa
2018-04-16,61,23,16,"Ozone,PM2.5",PM2.5,Reseda
2018-04-17,61,26,16,"Ozone,PM2.5",Ozone,Reseda
2018-04-18,87,22,15,"Ozone,PM2.5",Ozone,Reseda
2018-04-19,55,22,15,"Ozone,PM2.5",PM2.5,Reseda
2018-04-20,63,31,16,"Ozone,PM2.5",PM2.5,Reseda
2018-04-21,87,22,15,"Ozone,PM2.5",Ozone,Reseda
2018-04-22,105,23,15,"Ozone,PM2.5",Ozone,Azusa
2018-04-23,101,28,16,"Ozone,PM2.5",Ozone,Lancaster-Division Street
2018-04-24,108,23,15,"Ozone,PM2.5",Ozone,Lancaster-Division Street
2018-04-25,112,23,15,"Ozone,PM2.5",Ozone,Lancaster-Division Street
2018-04-26,74,32,16,"Ozone,PM2.5",PM2.5,Los Angeles-North Main Street
2018-04-27,73,24,16,"Ozone,PM2.5",PM2.5,Reseda
2018-04-28,66,24,16,"Ozone,PM2.5",PM2.5,Reseda
2018-04-29,63,29,17,"Ozone,PM2.5",PM2.5,Reseda
2018-04-30,64,24,16,"Ozone,PM2.5",PM2.5,Reseda
2018-05-01,69,24,16,"Ozone,PM2.5",PM2.5,Reseda
2018-05-02,70,35,17,"Ozone,PM2.5",PM2.5,Reseda
2018-05-03,69,23,15,"Ozone,PM2.5",PM2.5,Reseda
2018-05-04,105,24,16,"Ozone,PM2.5",Ozone,Reseda
2018-05-05,133,29,17,"Ozone,PM2.5",Ozone,Azusa
2018-05-06,108,23,15,"Ozone,PM2.5",Ozone,Azusa
2018-05-07,108,23,15,"Ozone,PM2.5",Ozone,Lancaster-Division Street
2018-05-08,164,34,16,"Ozone,PM2.5",Ozone,Santa Clarita
2018-05-09,122,22,15,"Ozone,PM2.5",Ozone,Santa Clarita
2018-05-10,87,24,16,"Ozone,PM2.5",Ozone,Glendora
2018-05-11,68,28,17,"Ozone,PM2.5",PM2.5,Reseda
2018-05-12,61,24,16,"Ozone,PM2.5",PM2.5,Reseda
2018-05-13,61,24,16,"Ozone,PM2.5",PM2.5,Reseda
2018-05-14,65,35,17,"Ozone,PM2.5",PM2.5,Reseda
2018-05-15,77,22,16,"Ozone,PM2.5",Ozone,Lancaster-Division Street
2018-05-16,71,24,16,"Ozone,PM2.5",Ozone,Lancaster-Division Street
2018-05-17,64,29,17,"Ozone,PM2.5",Ozone,Lancaster-Division Street
2018-05-18,73,24,16,"Ozone,PM2.5",PM2.5,Reseda
2018-05-19,78,23,16,"Ozone,PM2.5",PM2.5,Reseda
2018-05-20,72,34,17,"Ozone,PM2.5",PM2.5,Reseda
2018-05-21,66,23,16,"Ozone,PM2.5",PM2.5,Reseda
2018-05-22,67,22,15,"Ozone,PM2.5",PM2.5,Reseda
2018-05-23,67,28,16,"Ozone,PM2.5",Ozone,Lancaster-Division Street
2018-05-24,64,24,16,"Ozone,PM2.5",Ozone,Lancaster-Division Street
2018-05-25,56,24,16,"Ozone,PM2.5",PM2.5,Reseda
2018-05-26,61,35,17,"Ozone,PM2.5",PM2.5,Reseda
2018-05-27,72,23,16,"Ozone,PM2.5",PM2.5,Reseda
2018-05-28,90,24,16,"Ozone,PM2.5",Ozone,Azusa
2018-05-29,93,30,17,"Ozone,PM2.5",Ozone,Lancaster-Division Street
2018-05-30,63,24,16,"Ozone,PM2.5",PM2.5,Reseda
2018-05-31,62,23,15,"Ozone,PM2.5",PM2.5,Reseda
2018-06-01,87,33,16,"Ozone,PM2.5",Ozone,Lancaster-Division Street
2018-06-02,136,24,16,"Ozone,PM2.5",Ozone,Santa Clarita
2018-06-03,133,23,15,"Ozone,PM2.5",Ozone,Reseda
2018-06-04,129,30,17,"Ozone,PM2.5",Ozone,Lancaster-Division Street
2018-06-05,83,23,16,"Ozone,PM2.5",PM2.5,Reseda
2018-06-06,84,22,15,"Ozone,PM2.5",Ozone,Lancaster-Division Street
2018-06-07,105,33,17,"Ozone,PM2.5",Ozone,Reseda
2018-06-08,140,22,16,"Ozone,PM2.5",Ozone,Santa Clarita
2018-06-09,122,22,15,"Ozone,PM2.5",Ozone,Azusa
2018-06-10,101,28,17,"Ozone,PM2.5",Ozone,Azusa
2018-06-11,140,22,16,"Ozone,PM2.5",Ozone,Glendora
2018-06-12,119,21,16,"Ozone,PM2.5",Ozone,Glendora
2018-06-13,126,32,16,"Ozone,PM2.5",Ozone,Reseda
2018-06-14,108,21,15,"Ozone,PM2.5",Ozone,Reseda
2018-06-15,76,22,16,"Ozone,PM2.5",PM2.5,Reseda
2018-06-16,72,29,17,"Ozone,PM2.5",PM2.5,Reseda
2018-06-17,64,24,16,"Ozone,PM2.5",PM2.5,Reseda
2018-06-18,74,23,15,"Ozone,PM2.5",Ozone,Lancaster-Division Street
2018-06-19,115,32,15,"Ozone,PM2.5",Ozone,Santa Clarita
2018-06-20,172,24,16,"Ozone,PM2.5",Ozone,Santa Clarita
2018-06-21,172,24,16,"Ozone,PM2.5",Ozone,Santa Clarita
2018-06-22,185,29,17,"Ozone,PM2.5",Ozone,Glendora
2018-06-23,126,25,16,"Ozone,PM2.5",Ozone,Lancaster-Division Street
2018-06-24,122,24,16,"Ozone,PM2.5",Ozone,Lancaster-Division Street
2018-06-25,126,35,17,"Ozone,PM2.5",Ozone,Lancaster-Division Street
2018-06-26,126,23,15,"Ozone,PM2.5",Ozone,Lancaster-Division Street
2018-06-27,115,24,16,"Ozone,PM2.5",Ozone,Lancaster-Division Street
2018-06-28,115,28,16,"Ozone,PM2.5",Ozone,Lancaster-Division Street
2018-06-29,93,23,15,"Ozone,PM2.5",Ozone,Lancaster-Division Street
2018-06-30,101,24,16,"Ozone,PM2.5",Ozone,Lancaster-Division Street
2018-07-01,90,33,16,"Ozone,PM2.5",Ozone,Lancaster-Division Street
2018-07-02,93,24,16,"Ozone,PM2.5",Ozone,Lancaster-Division Street
2018-07-03,84,23,15,"Ozone,PM2.5",Ozone,Lancaster-Division Street
2018-07-04,118,28,16,"Ozone,PM2.5",PM2.5,Pico Rivera #2
2018-07-05,172,24,16,"Ozone,PM2.5",PM2.5,Glendora
2018-07-06,147,23,16,"Ozone,PM2.5",Ozone,Glendora
2018-07-07,185,34,17,"Ozone,PM2.5",Ozone,Azusa
2018-07-08,122,23,16,"Ozone,PM2.5",Ozone,Santa Clarita
2018-07-09,108,23,16,"Ozone,PM2.5",Ozone,Santa Clarita
2018-07-10,108,28,17,"Ozone,PM2.5",Ozone,Lancaster-Division Street
2018-07-11,90,23,16,"Ozone,PM2.5",Ozone,Lancaster-Division Street
2018-07-12,61,22,15,"Ozone,PM2.5",PM2.5,Los Angeles-North Main Street
2018-07-13,80,31,16,"Ozone,PM2.5",Ozone,Santa Clarita
2018-07-14,87,22,16,"Ozone,PM2.5",Ozone,Lancaster-Division Street
2018-07-15,93,21,15,"Ozone,PM2.5",Ozone,Lancaster-Division Street
2018-07-16,97,26,17,"Ozone,PM2.5",Ozone,Santa Clarita
2018-07-17,129,22,16,"Ozone,PM2.5",Ozone,Lancaster-Division Street
2018-07-18,115,22,15,"Ozone,PM2.5",Ozone,Lancaster-Division Street
2018-07-19,122,33,17,"Ozone,PM2.5",Ozone,Santa Clarita
2018-07-20,84,22,15,"Ozone,PM2.5",Ozone,Lancaster-Division Street
2018-07-21,67,24,16,"Ozone,PM2.5",Ozone,Glendora
2018-07-22,74,28,17,"Ozone,PM2.5",Ozone,Azusa
2018-07-23,150,24,16,"Ozone,PM2.5",Ozone,Glendora
2018-07-24,195,23,16,"Ozone,PM2.5",Ozone,Glendora
2018-07-25,185,32,17,"Ozone,PM2.5",Ozone,Santa Clarita
2018-07-26,190,23,16,"Ozone,PM2.5",Ozone,Santa Clarita
2018-07-27,172,22,16,"Ozone,PM2.5",Ozone,Azusa
2018-07-28,136,28,17,"Ozone,PM2.5",Ozone,Santa Clarita
2018-07-29,108,23,16,"Ozone,PM2.5",Ozone,Azusa
2018-07-30,122,23,16,"Ozone,PM2.5",Ozone,Lancaster-Division Street
2018-07-31,97,31,16,"Ozone,PM2.5",Ozone,Santa Clarita
2018-08-01,80,19,12,"Ozone,PM2.5",Ozone,Lancaster-Division Street
2018-08-02,115,20,13,"Ozone,PM2.5",Ozone,Lancaster-Division Street
2018-08-03,112,29,17,"Ozone,PM2.5",Ozone,Lancaster-Division Street
2018-08-04,154,24,16,"Ozone,PM2.5",Ozone,Lancaster-Division Street
2018-08-05,151,24,16,"Ozone,PM2.5",Ozone,Glendora
2018-08-06,197,34,17,"Ozone,PM2.5",Ozone,Glendora
2018-08-07,201,22,14,"Ozone,PM2.5",Ozone,Santa Clarita
2018-08-08,112,24,16,"Ozone,PM2.5",Ozone,Lancaster-Division Street
2018-08-09,172,29,16,"Ozone,PM2.5",Ozone,Lancaster-Division Street
2018-08-10,93,24,16,"Ozone,PM2.5",Ozone,Lancaster-Division Street
2018-08-11,74,24,16,"Ozone,PM2.5",Ozone,Lancaster-Division Street
2018-08-12,90,35,17,"Ozone,PM2.5",Ozone,Lancaster-Division Street
2018-08-13,87,23,15,"Ozone,PM2.5",Ozone,Lancaster-Division Street
2018-08-14,80,23,16,"Ozone,PM2.5",Ozone,Lancaster-Division Street
2018-08-15,100,30,17,"Ozone,PM2.5",Ozone,Santa Clarita
2018-08-16,97,23,16,"Ozone,PM2.5",Ozone,Lancaster-Division Street
2018-08-17,129,23,16,"Ozone,PM2.5",Ozone,Santa Clarita
2018-08-18,126,34,17,"Ozone,PM2.5",Ozone,Santa Clarita
2018-08-19,136,23,16,"Ozone,PM2.5",Ozone,Santa Clarita
2018-08-20,101,22,16,"Ozone,PM2.5",Ozone,Glendora
2018-08-21,112,29,17,"Ozone,PM2.5",Ozone,Azusa
2018-08-22,93,22,15,"Ozone,PM2.5",Ozone,Glendora
2018-08-23,93,23,16,"Ozone,PM2.5",Ozone,Glendora
2018-08-24,126,32,16,"Ozone,PM2.5",Ozone,Santa Clarita
2018-08-25,147,21,15,"Ozone,PM2.5",Ozone,Azusa
2018-08-26,133,22,16,"Ozone,PM2.5",Ozone,Azusa
2018-08-27,119,28,17,"Ozone,PM2.5",Ozone,Santa Clarita
2018-08-28,101,20,16,"Ozone,PM2.5",Ozone,Azusa
2018-08-29,71,23,15,"Ozone,PM2.5",Ozone,Santa Clarita
2018-08-30,97,33,16,"Ozone,PM2.5",Ozone,Santa Clarita
2018-08-31,164,23,15,"Ozone,PM2.5",Ozone,Santa Clarita
2018-09-01,115,24,16,"Ozone,PM2.5",Ozone,Santa Clarita
2018-09-02,101,30,17,"Ozone,PM2.5",Ozone,Lancaster-Division Street
2018-09-03,84,24,16,"Ozone,PM2.5",Ozone,Azusa
2018-09-04,97,22,14,"Ozone,PM2.5",Ozone,Santa Clarita
2018-09-05,90,35,17,"Ozone,PM2.5",Ozone,Santa Clarita
2018-09-06,97,22,15,"Ozone,PM2.5",Ozone,Reseda
2018-09-07,147,22,15,"Ozone,PM2.5",Ozone,Santa Clarita
2018-09-08,192,30,17,"Ozone,PM2.5",Ozone,Glendora
2018-09-09,143,23,16,"Ozone,PM2.5",Ozone,Azusa
2018-09-10,126,24,16,"Ozone,PM2.5",Ozone,Lancaster-Division Street
2018-09-11,122,35,17,"Ozone,PM2.5",Ozone,Lancaster-Division Street
2018-09-12,115,24,16,"Ozone,PM2.5",Ozone,Santa Clarita
2018-09-13,93,24,16,"Ozone,PM2.5",Ozone,Reseda
2018-09-14,67,27,16,"Ozone,PM2.5",Ozone,Pomona
2018-09-15,93,24,16,"Ozone,PM2.5",Ozone,Azusa
2018-09-16,87,24,16,"Ozone,PM2.5",Ozone,Azusa
2018-09-17,87,33,17,"Ozone,PM2.5",Ozone,Lancaster-Division Street
2018-09-18,105,23,16,"Ozone,PM2.5",Ozone,Lancaster-Division Street
2018-09-19,133,23,15,"Ozone,PM2.5",Ozone,Santa Clarita
2018-09-20,108,29,17,"Ozone,PM2.5",Ozone,Lancaster-Division Street
2018-09-21,105,23,15,"Ozone,PM2.5",Ozone,Reseda
2018-09-22,115,24,16,"Ozone,PM2.5",Ozone,Glendora
2018-09-23,97,34,17,"Ozone,PM2.5",Ozone,Azusa
2018-09-24,66,23,16,"Ozone,PM2.5",PM2.5,Los Angeles-North Main Street
2018-09-25,74,23,16,"Ozone,PM2.5",PM2.5,Glendora
2018-09-26,112,29,16,"Ozone,PM2.5",Ozone,Reseda
2018-09-27,150,22,15,"Ozone,PM2.5",Ozone,Reseda
2018-09-28,100,24,16,"Ozone,PM2.5",Ozone,Azusa
2018-09-29,64,35,17,"Ozone,PM2.5",Ozone,Azusa
2018-09-30,58,23,16,"Ozone,PM2.5",PM2.5,Los Angeles-North Main Street
2018-10-01,71,23,16,"Ozone,PM2.5",PM2.5,Long Beach-Route 710 Near Road
2018-10-02,54,30,17,"Ozone,PM2.5",PM2.5,Glendora
2018-10-03,52,23,15,"Ozone,PM2.5",PM2.5,Glendora
2018-10-04,43,24,16,"Ozone,PM2.5",PM2.5,Glendora
2018-10-05,53,35,17,"Ozone,PM2.5",PM2.5,Glendora
2018-10-06,59,24,16,"Ozone,PM2.5",PM2.5,Los Angeles-North Main Street
2018-10-07,58,24,16,"Ozone,PM2.5",PM2.5,Los Angeles-North Main Street
2018-10-08,58,30,17,"Ozone,PM2.5",PM2.5,Los Angeles-North Main Street
2018-10-09,57,23,15,"Ozone,PM2.5",PM2.5,Glendora
2018-10-10,55,23,16,"Ozone,PM2.5",PM2.5,Glendora
2018-10-11,57,35,17,"Ozone,PM2.5",PM2.5,Long Beach-Route 710 Near Road
2018-10-12,58,24,16,"Ozone,PM2.5",PM2.5,Long Beach-Route 710 Near Road
2018-10-13,52,24,16,"Ozone,PM2.5",PM2.5,Glendora
2018-10-14,59,30,17,"Ozone,PM2.5",PM2.5,Glendora
2018-10-15,54,22,15,"Ozone,PM2.5",PM2.5,Long Beach-Route 710 Near Road
2018-10-16,63,23,16,"Ozone,PM2.5",PM2.5,Long Beach-Route 710 Near Road
2018-10-17,61,33,16,"Ozone,PM2.5",PM2.5,Long Beach-Route 710 Near Road
2018-10-18,66,21,16,"Ozone,PM2.5",PM2.5,Long Beach-Route 710 Near Road
2018-10-19,60,21,16,"Ozone,PM2.5",PM2.5,Long Beach (South)
2018-10-20,67,29,17,"Ozone,PM2.5",Ozone,Reseda
2018-10-21,90,23,16,"Ozone,PM2.5",Ozone,Azusa
2018-10-22,74,23,16,"Ozone,PM2.5",Ozone,Reseda
2018-10-23,83,32,17,"Ozone,PM2.5",PM2.5,Los Angeles-North Main Street
2018-10-24,71,21,16,"Ozone,PM2.5",PM2.5,Los Angeles-North Main Street
2018-10-25,100,23,16,"Ozone,PM2.5",Ozone,Reseda
2018-10-26,101,29,17,"Ozone,PM2.5",Ozone,Reseda
2018-10-27,126,23,16,"Ozone,PM2.5",Ozone,Reseda
2018-10-28,129,23,16,"Ozone,PM2.5",Ozone,Reseda
2018-10-29,133,34,17,"Ozone,PM2.5",Ozone,Reseda
2018-10-30,75,23,16,"Ozone,PM2.5",PM2.5,Glendora
2018-10-31,66,23,16,"Ozone,PM2.5",PM2.5,Los Angeles-North Main Street
2018-11-01,62,28,17,"Ozone,PM2.5",PM2.5,Compton
2018-11-02,67,22,15,"Ozone,PM2.5",PM2.5,Long Beach (South)
2018-11-03,70,23,16,"Ozone,PM2.5",PM2.5,Long Beach (South)
2018-11-04,90,34,17,"Ozone,PM2.5",Ozone,Reseda
2018-11-05,74,23,16,"Ozone,PM2.5",PM2.5,Los Angeles-North Main Street
2018-11-06,64,23,16,"Ozone,PM2.5",PM2.5,Glendora
2018-11-07,66,29,17,"Ozone,PM2.5",PM2.5,Reseda
2018-11-08,74,23,16,"Ozone,PM2.5",PM2.5,Long Beach (South)
2018-11-09,59,23,16,"Ozone,PM2.5",PM2.5,Long Beach-Route 710 Near Road
2018-11-10,117,33,17,"Ozone,PM2.5",PM2.5,Reseda
2018-11-11,122,22,16,"Ozone,PM2.5",PM2.5,Los Angeles-North Main Street
2018-11-12,65,22,16,"Ozone,PM2.5",PM2.5,Long Beach-Route 710 Near Road
2018-11-13,59,28,17,"Ozone,PM2.5",PM2.5,Long Beach-Route 710 Near Road
2018-11-14,58,23,16,"Ozone,PM2.5",PM2.5,Long Beach-Route 710 Near Road
2018-11-15,56,23,16,"Ozone,PM2.5",PM2.5,Long Beach-Route 710 Near Road
2018-11-16,73,34,17,"Ozone,PM2.5",PM2.5,Compton
2018-11-17,80,23,16,"Ozone,PM2.5",PM2.5,Los Angeles-North Main Street
2018-11-18,112,23,16,"Ozone,PM2.5",PM2.5,Long Beach (South)
2018-11-19,130,29,17,"Ozone,PM2.5",PM2.5,Long Beach-Route 710 Near Road
2018-11-20,102,23,16,"Ozone,PM2.5",PM2.5,Long Beach-Route 710 Near Road
2018-11-21,83,23,16,"Ozone,PM2.5",PM2.5,Long Beach-Route 710 Near Road
2018-11-22,59,33,16,"Ozone,PM2.5",PM2.5,Compton
2018-11-23,63,23,16,"Ozone,PM2.5",PM2.5,Reseda
2018-11-24,65,23,16,"Ozone,PM2.5",PM2.5,Glendora
2018-11-25,64,28,17,"Ozone,PM2.5",PM2.5,Compton
2018-11-26,55,23,16,"Ozone,PM2.5",PM2.5,Long Beach (South)
2018-11-27,57,22,15,"Ozone,PM2.5",PM2.5,Long Beach-Route 710 Near Road
2018-11-28,60,34,17,"Ozone,PM2.5",PM2.5,Reseda
2018-11-29,39,19,12,"Ozone,PM2.5",Ozone,LAX Hastings
2018-11-30,48,20,13,"Ozone,PM2.5",PM2.5,Long Beach-Route 710 Near Road
2018-12-01,55,29,17,"Ozone,PM2.5",PM2.5,Long Beach (South)
2018-12-02,45,22,15,"Ozone,PM2.5",PM2.5,Glendora
2018-12-03,61,22,15,"Ozone,PM2.5",PM2.5,Long Beach (South)
2018-12-04,53,32,16,"Ozone,PM2.5",PM2.5,Reseda
2018-12-05,44,18,13,"Ozone,PM2.5",PM2.5,Long Beach (South)
2018-12-06,36,22,15,"Ozone,PM2.5",PM2.5,Glendora
2018-12-07,52,27,16,"Ozone,PM2.5",PM2.5,Long Beach (South)
2018-12-08,62,22,15,"Ozone,PM2.5",PM2.5,Long Beach (South)
2018-12-09,66,23,16,"Ozone,PM2.5",PM2.5,Reseda
2018-12-10,68,34,17,"Ozone,PM2.5",PM2.5,Long Beach-Route 710 Near Road
2018-12-11,83,21,14,"Ozone,PM2.5",PM2.5,Long Beach (North)
2018-12-12,80,23,15,"Ozone,PM2.5",PM2.5,Long Beach-Route 710 Near Road
2018-12-13,82,29,17,"Ozone,PM2.5",PM2.5,Long Beach-Route 710 Near Road
2018-12-14,74,24,16,"Ozone,PM2.5",PM2.5,Long Beach-Route 710 Near Road
2018-12-15,134,25,16,"Ozone,PM2.5",PM2.5,Long Beach-Route 710 Near Road
2018-12-16,91,35,17,"Ozone,PM2.5",PM2.5,Compton
2018-12-17,64,24,16,"Ozone,PM2.5",PM2.5,Reseda
2018-12-18,61,23,15,"Ozone,PM2.5",PM2.5,Long Beach-Route 710 Near Road
2018-12-19,85,26,16,"Ozone,PM2.5",PM2.5,Long Beach-Route 710 Near Road
2018-12-20,86,24,16,"Ozone,PM2.5",PM2.5,Long Beach-Route 710 Near Road
2018-12-21,83,24,16,"Ozone,PM2.5",PM2.5,Long Beach-Route 710 Near Road
2018-12-22,102,35,17,"Ozone,PM2.5",PM2.5,Pico Rivera #2
2018-12-23,121,24,16,"Ozone,PM2.5",PM2.5,Los Angeles-North Main Street
2018-12-24,130,24,16,"Ozone,PM2.5",PM2.5,Long Beach (South)
2018-12-25,51,30,17,"Ozone,PM2.5",PM2.5,Glendora
2018-12-26,65,24,16,"Ozone,PM2.5",PM2.5,Long Beach-Route 710 Near Road
2018-12-27,55,23,15,"Ozone,PM2.5",PM2.5,Long Beach-Route 710 Near Road
2018-12-28,53,35,17,"Ozone,PM2.5",PM2.5,Compton
2018-12-29,77,23,16,"Ozone,PM2.5",PM2.5,Long Beach-Route 710 Near Road
2018-12-30,97,23,15,"Ozone,PM2.5",PM2.5,Long Beach-Route 710 Near Road
2018-12-31,64,16,13,PM2.5,PM2.5,Compton
2019-01-01,71,24,16,"Ozone,PM2.5",PM2.5,Los Angeles-North Main Street
2019-01-02,93,20,15,"Ozone,PM2.5",PM2.5,Long Beach-Route 710 Near Road
2019-01-03,71,33,16,"Ozone,PM2.5",PM2.5,Long Beach-Route 710 Near Road
2019-01-04,87,23,15,"Ozone,PM2.5",PM2.5,Long Beach-Route 710 Near Road
2019-01-05,85,23,15,"Ozone,PM2.5",PM2.5,Long Beach-Route 710 Near Road
2019-01-06,58,27,15,"Ozone,PM2.5",PM2.5,Long Beach-Route 710 Near Road
2019-01-07,57,23,15,"Ozone,PM2.5",PM2.5,Long Beach-Route 710 Near Road
2019-01-08,66,23,16,"Ozone,PM2.5",PM2.5,Long Beach-Route 710 Near Road
2019-01-09,77,32,16,"Ozone,PM2.5",PM2.5,Compton
2019-01-10,71,20,14,"Ozone,PM2.5",PM2.5,Long Beach-Route 710 Near Road
2019-01-11,92,22,15,"Ozone,PM2.5",PM2.5,Long Beach-Route 710 Near Road
2019-01-12,57,29,16,"Ozone,PM2.5",PM2.5,Long Beach (North)
2019-01-13,70,24,16,"Ozone,PM2.5",PM2.5,Long Beach-Route 710 Near Road
2019-01-14,58,24,16,"Ozone,PM2.5",PM2.5,Reseda
2019-01-15,55,35,17,"Ozone,PM2.5",PM2.5,Reseda
2019-01-16,33,24,16,"Ozone,PM2.5",PM2.5,Glendora
2019-01-17,36,22,15,"Ozone,PM2.5",PM2.5,Glendora
2019-01-18,62,29,17,"Ozone,PM2.5",PM2.5,Long Beach-Route 710 Near Road
2019-01-19,58,23,15,"Ozone,PM2.5",PM2.5,Long Beach (South)
2019-01-20,54,23,15,"Ozone,PM2.5",PM2.5,Long Beach-Route 710 Near Road
2019-01-21,40,34,16,"Ozone,PM2.5",Ozone,Azusa
2019-01-22,57,22,15,"Ozone,PM2.5",PM2.5,Long Beach-Route 710 Near Road
2019-01-23,65,22,14,"Ozone,PM2.5",PM2.5,Long Beach-Route 710 Near Road
2019-01-24,69,27,15,"Ozone,PM2.5",PM2.5,Long Beach-Route 710 Near Road
2019-01-25,60,21,14,"Ozone,PM2.5",PM2.5,Long Beach-Route 710 Near Road
2019-01-26,66,24,16,"Ozone,PM2.5",PM2.5,Long Beach-Route 710 Near Road
2019-01-27,84,35,17,"Ozone,PM2.5",PM2.5,Long Beach-Route 710 Near Road
2019-01-28,106,24,16,"Ozone,PM2.5",PM2.5,Long Beach-Route 710 Near Road
2019-01-29,95,24,16,"Ozone,PM2.5",PM2.5,Los Angeles-North Main Street
2019-01-30,75,30,17,"Ozone,PM2.5",PM2.5,Los Angeles-North Main Street
2019-01-31,70,23,16,"Ozone,PM2.5",PM2.5,Glendora
2019-02-01,52,23,15,"Ozone,PM2.5",PM2.5,Reseda
2019-02-02,41,33,16,"Ozone,PM2.5",Ozone,Lancaster-Division Street
2019-02-03,44,24,16,"Ozone,PM2.5",PM2.5,Long Beach-Route 710 Near Road
2019-02-04,42,24,16,"Ozone,PM2.5",Ozone,LAX Hastings
2019-02-05,41,28,16,"Ozone,PM2.5",Ozone,LAX Hastings
2019-02-06,39,24,16,"Ozone,PM2.5",Ozone,Reseda
2019-02-07,61,24,16,"Ozone,PM2.5",PM2.5,Long Beach-Route 710 Near Road
2019-02-08,64,34,16,"Ozone,PM2.5",PM2.5,Long Beach-Route 710 Near Road
2019-02-09,62,24,16,"Ozone,PM2.5",PM2.5,Long Beach-Route 710 Near Road
2019-02-10,52,24,16,"Ozone,PM2.5",PM2.5,Long Beach-Route 710 Near Road
2019-02-11,51,29,16,"Ozone,PM2.5",PM2.5,Long Beach-Route 710 Near Road
2019-02-12,60,23,15,"Ozone,PM2.5",PM2.5,Reseda
2019-02-13,53,22,14,"Ozone,PM2.5",PM2.5,Long Beach-Route 710 Near Road
2019-02-14,51,34,16,"Ozone,PM2.5",PM2.5,Long Beach-Route 710 Near Road
2019-02-15,52,22,15,"Ozone,PM2.5",PM2.5,Long Beach-Route 710 Near Road
2019-02-16,41,24,16,"Ozone,PM2.5",Ozone,Reseda
2019-02-17,44,30,17,"Ozone,PM2.5",Ozone,LAX Hastings
2019-02-18,40,24,16,"Ozone,PM2.5",Ozone,Reseda
2019-02-19,52,23,16,"Ozone,PM2.5",PM2.5,Long Beach-Route 710 Near Road
2019-02-20,56,34,17,"Ozone,PM2.5",PM2.5,Long Beach-Route 710 Near Road
2019-02-21,58,24,16,"Ozone,PM2.5",PM2.5,Long Beach-Route 710 Near Road
2019-02-22,61,21,15,"Ozone,PM2.5",PM2.5,Long Beach-Route 710 Near Road
2019-02-23,58,30,17,"Ozone,PM2.5",PM2.5,Reseda
2019-02-24,68,24,16,"Ozone,PM2.5",PM2.5,Long Beach-Route 710 Near Road
2019-02-25,65,24,16,"Ozone,PM2.5",PM2.5,Long Beach-Route 710 Near Road
2019-02-26,70,33,17,"Ozone,PM2.5",PM2.5,Los Angeles-North Main Street
2019-02-27,63,21,14,"Ozone,PM2.5",PM2.5,Glendora
2019-02-28,62,21,14,"Ozone,PM2.5",PM2.5,Glendora
2019-03-01,63,29,17,"Ozone,PM2.5",PM2.5,Glendora
2019-03-02,52,24,16,"Ozone,PM2.5",PM2.5,Glendora
2019-03-03,39,24,16,"Ozone,PM2.5",PM2.5,Glendora
2019-03-04,42,34,17,"Ozone,PM2.5",PM2.5,Glendora
2019-03-05,64,20,14,"Ozone,PM2.5",PM2.5,Long Beach-Route 710 Near Road
2019-03-06,54,23,15,"Ozone,PM2.5",PM2.5,Long Beach-Route 710 Near Road
2019-03-07,43,28,16,"Ozone,PM2.5",PM2.5,Glendora
2019-03-08,44,22,14,"Ozone,PM2.5",Ozone,Reseda
2019-03-09,51,23,15,"Ozone,PM2.5",PM2.5,Reseda
2019-03-10,57,34,17,"Ozone,PM2.5",PM2.5,Reseda
2019-03-11,57,24,16,"Ozone,PM2.5",PM2.5,Long Beach-Route 710 Near Road
2019-03-12,56,24,16,"Ozone,PM2.5",PM2.5,Long Beach-Route 710 Near Road
2019-03-13,59,29,16,"Ozone,PM2.5",PM2.5,Long Beach-Route 710 Near Road
2019-03-14,55,22,16,"Ozone,PM2.5",PM2.5,Long Beach-Route 710 Near Road
2019-03-15,54,24,16,"Ozone,PM2.5",PM2.5,Long Beach-Route 710 Near Road
2019-03-16,61,35,17,"Ozone,PM2.5",Ozone,Azusa
2019-03-17,71,24,16,"Ozone,PM2.5",Ozone,Reseda
2019-03-18,87,24,16,"Ozone,PM2.5",Ozone,Reseda
2019-03-19,65,28,16,"Ozone,PM2.5",PM2.5,Los Angeles-North Main Street
2019-03-20,49,22,15,"Ozone,PM2.5",Ozone,LAX Hastings
2019-03-21,51,24,16,"Ozone,PM2.5",PM2.5,Long Beach-Route 710 Near Road
2019-03-22,50,32,16,"Ozone,PM2.5",PM2.5,Long Beach-Route 710 Near Road
2019-03-23,53,23,16,"Ozone,PM2.5",PM2.5,Los Angeles-North Main Street
2019-03-24,64,23,16,"Ozone,PM2.5",Ozone,Azusa
2019-03-25,87,28,17,"Ozone,PM2.5",Ozone,Lancaster-Division Street
2019-03-26,67,21,15,"Ozone,PM2.5",Ozone,Lancaster-Division Street
2019-03-27,59,22,15,"Ozone,PM2.5",PM2.5,Glendora
2019-03-28,45,33,16,"Ozone,PM2.5",Ozone,Reseda
2019-03-29,57,24,16,"Ozone,PM2.5",PM2.5,Long Beach-Route 710 Near Road
2019-03-30,84,24,16,"Ozone,PM2.5",Ozone,Azusa
2019-03-31,108,30,17,"Ozone,PM2.5",Ozone,Azusa
2019-04-01,80,25,16,"Ozone,PM2.5",Ozone,Reseda
2019-04-02,55,24,15,"Ozone,PM2.5",PM2.5,Los Angeles-North Main Street
2019-04-03,45,34,16,"Ozone,PM2.5",PM2.5,Glendora
2019-04-04,46,24,15,"Ozone,PM2.5",PM2.5,Glendora
2019-04-05,38,24,15,"Ozone,PM2.5",Ozone,Reseda
2019-04-06,51,30,17,"Ozone,PM2.5",Ozone,Lancaster-Division Street
2019-04-07,97,24,15,"Ozone,PM2.5",Ozone,Azusa
2019-04-08,80,24,15,"Ozone,PM2.5",Ozone,Glendora
2019-04-09,58,35,17,"Ozone,PM2.5",PM2.5,Los Angeles-North Main Street
2019-04-10,54,24,15,"Ozone,PM2.5",Ozone,Azusa
2019-04-11,63,24,15,"Ozone,PM2.5",PM2.5,Long Beach-Route 710 Near Road
2019-04-12,59,30,17,"Ozone,PM2.5",PM2.5,Long Beach-Route 710 Near Road
2019-04-13,71,24,15,"Ozone,PM2.5",Ozone,Azusa
2019-04-14,87,24,15,"Ozone,PM2.5",Ozone,Azusa
2019-04-15,64,35,17,"Ozone,PM2.5",Ozone,Lancaster-Division Street
2019-04-16,53,24,15,"Ozone,PM2.5",PM2.5,Los Angeles-North Main Street
2019-04-17,56,24,15,"Ozone,PM2.5",PM2.5,Los Angeles-North Main Street
2019-04-18,97,28,16,"Ozone,PM2.5",Ozone,Azusa
2019-04-19,97,22,14,"Ozone,PM2.5",Ozone,Santa Clarita
2019-04-20,59,22,14,"Ozone,PM2.5",PM2.5,Glendora
2019-04-21,54,33,16,"Ozone,PM2.5",PM2.5,Glendora
2019-04-22,61,23,15,"Ozone,PM2.5",PM2.5,Los Angeles-North Main Street
2019-04-23,72,24,15,"Ozone,PM2.5",PM2.5,Los Angeles-North Main Street
2019-04-24,93,29,16,"Ozone,PM2.5",Ozone,Santa Clarita
2019-04-25,97,24,15,"Ozone,PM2.5",Ozone,Santa Clarita
2019-04-26,87,24,15,"Ozone,PM2.5",Ozone,Lancaster-Division Street
2019-04-27,76,34,16,"Ozone,PM2.5",PM2.5,Glendora
2019-04-28,70,24,15,"Ozone,PM2.5",PM2.5,Glendora
2019-04-29,56,24,15,"Ozone,PM2.5",PM2.5,Long Beach-Route 710 Near Road
2019-04-30,53,27,14,"Ozone,PM2.5",PM2.5,Long Beach-Route 710 Near Road
2019-05-01,59,23,15,"Ozone,PM2.5",PM2.5,Long Beach-Route 710 Near Road
2019-05-02,84,24,15,"Ozone,PM2.5",Ozone,Lancaster-Division Street
2019-05-03,105,35,17,"Ozone,PM2.5",Ozone,Lancaster-Division Street
2019-05-04,100,22,14,"Ozone,PM2.5",Ozone,Azusa
2019-05-05,64,22,14,"Ozone,PM2.5",Ozone,Azusa
2019-05-06,55,28,16,"Ozone,PM2.5",PM2.5,Long Beach-Route 710 Near Road
2019-05-07,47,21,13,"Ozone,PM2.5",PM2.5,Long Beach-Route 710 Near Road
2019-05-08,51,21,13,"Ozone,PM2.5",PM2.5,Glendora
2019-05-09,53,32,16,"Ozone,PM2.5",PM2.5,Los Angeles-North Main Street
2019-05-10,46,23,15,"Ozone,PM2.5",PM2.5,Reseda
2019-05-11,54,24,15,"Ozone,PM2.5",PM2.5,Glendora
2019-05-12,74,30,17,"Ozone,PM2.5",Ozone,Santa Clarita
2019-05-13,77,24,15,"Ozone,PM2.5",Ozone,Lancaster-Division Street
2019-05-14,97,23,14,"Ozone,PM2.5",Ozone,Reseda
2019-05-15,68,35,17,"Ozone,PM2.5",PM2.5,Glendora
2019-05-16,49,24,15,"Ozone,PM2.5",PM2.5,Reseda
2019-05-17,57,22,14,"Ozone,PM2.5",PM2.5,Long Beach-Route 710 Near Road
2019-05-18,58,30,17,"Ozone,PM2.5",Ozone,Azusa
2019-05-19,47,24,15,"Ozone,PM2.5",Ozone,Azusa
2019-05-20,52,23,14,"Ozone,PM2.5",PM2.5,Long Beach-Route 710 Near Road
2019-05-21,52,32,16,"Ozone,PM2.5",PM2.5,Long Beach-Route 710 Near Road
2019-05-22,50,22,14,"Ozone,PM2.5",PM2.5,Long Beach-Route 710 Near Road
2019-05-23,56,21,15,"Ozone,PM2.5",PM2.5,Los Angeles-North Main Street
2019-05-24,56,28,17,"Ozone,PM2.5",PM2.5,Long Beach-Route 710 Near Road
2019-05-25,58,23,15,"Ozone,PM2.5",Ozone,Santa Clarita
2019-05-26,46,23,15,"Ozone,PM2.5",PM2.5,Glendora
2019-05-27,48,34,17,"Ozone,PM2.5",Ozone,Reseda
2019-05-28,55,22,14,"Ozone,PM2.5",PM2.5,Los Angeles-North Main Street
2019-05-29,67,21,13,"Ozone,PM2.5",Ozone,Santa Clarita
2019-05-30,87,29,17,"Ozone,PM2.5",Ozone,Santa Clarita
2019-05-31,90,22,13,"Ozone,PM2.5",Ozone,Santa Clarita
2019-06-01,64,24,15,"Ozone,PM2.5",Ozone,Lancaster-Division Street
2019-06-02,61,35,17,"Ozone,PM2.5",Ozone,Lancaster-Division Street
2019-06-03,67,24,15,"Ozone,PM2.5",Ozone,Santa Clarita
2019-06-04,90,24,15,"Ozone,PM2.5",Ozone,Santa Clarita
2019-06-05,143,28,16,"Ozone,PM2.5",Ozone,Santa Clarita
2019-06-06,129,24,15,"Ozone,PM2.5",Ozone,Santa Clarita
2019-06-07,93,24,15,"Ozone,PM2.5",Ozone,Santa Clarita
2019-06-08,105,35,17,"Ozone,PM2.5",Ozone,Glendora
2019-06-09,151,24,15,"Ozone,PM2.5",Ozone,Glendora
2019-06-10,126,24,15,"Ozone,PM2.5",Ozone,Glendora
2019-06-11,172,29,17,"Ozone,PM2.5",Ozone,Glendora
2019-06-12,200,23,15,"Ozone,PM2.5",Ozone,Santa Clarita
2019-06-13,74,23,15,"Ozone,PM2.5",PM2.5,Glendora
2019-06-14,65,34,17,"Ozone,PM2.5",PM2.5,Santa Clarita
2019-06-15,100,24,15,"Ozone,PM2.5",Ozone,Santa Clarita
2019-06-16,87,24,15,"Ozone,PM2.5",Ozone,Glendora
2019-06-17,71,30,17,"Ozone,PM2.5",Ozone,Lancaster-Division Street
2019-06-18,74,23,15,"Ozone,PM2.5",Ozone,Lancaster-Division Street
2019-06-19,105,23,14,"Ozone,PM2.5",Ozone,Santa Clarita
2019-06-20,61,34,16,"Ozone,PM2.5",Ozone,Lancaster-Division Street
2019-06-21,43,24,15,"Ozone,PM2.5",Ozone,Lancaster-Division Street
2019-06-22,52,24,15,"Ozone,PM2.5",PM2.5,Reseda
2019-06-23,97,30,17,"Ozone,PM2.5",Ozone,Santa Clarita
2019-06-24,90,24,15,"Ozone,PM2.5",Ozone,Lancaster-Division Street
2019-06-25,87,24,15,"Ozone,PM2.5",Ozone,Lancaster-Division Street
2019-06-26,71,31,15,"Ozone,PM2.5",Ozone,Santa Clarita
2019-06-27,105,22,14,"Ozone,PM2.5",Ozone,Glendora
2019-06-28,112,24,15,"Ozone,PM2.5",Ozone,Glendora
2019-06-29,112,29,17,"Ozone,PM2.5",Ozone,Glendora
2019-06-30,122,24,15,"Ozone,PM2.5",Ozone,Glendora
2019-07-01,115,24,15,"Ozone,PM2.5",Ozone,Santa Clarita
2019-07-02,129,34,17,"Ozone,PM2.5",Ozone,Santa Clarita
2019-07-03,108,23,14,"Ozone,PM2.5",Ozone,Santa Clarita
2019-07-04,92,24,15,"Ozone,PM2.5",PM2.5,Compton
2019-07-05,165,30,17,"Ozone,PM2.5",PM2.5,Glendora
2019-07-06,133,24,15,"Ozone,PM2.5",Ozone,Santa Clarita
2019-07-07,87,23,15,"Ozone,PM2.5",Ozone,Santa Clarita
2019-07-08,67,34,17,"Ozone,PM2.5",Ozone,Santa Clarita
2019-07-09,93,23,15,"Ozone,PM2.5",Ozone,Glendora
2019-07-10,122,24,15,"Ozone,PM2.5",Ozone,Santa Clarita
2019-07-11,136,30,17,"Ozone,PM2.5",Ozone,Santa Clarita
2019-07-12,201,24,15,"Ozone,PM2.5",Ozone,Santa Clarita
2019-07-13,179,24,15,"Ozone,PM2.5",Ozone,Santa Clarita
2019-07-14,166,35,17,"Ozone,PM2.5",Ozone,Glendora
2019-07-15,177,24,15,"Ozone,PM2.5",Ozone,Glendora
2019-07-16,140,24,15,"Ozone,PM2.5",Ozone,Santa Clarita
2019-07-17,90,30,17,"Ozone,PM2.5",Ozone,Santa Clarita
2019-07-18,62,23,15,"Ozone,PM2.5",PM2.5,Glendora
2019-07-19,59,22,14,"Ozone,PM2.5",PM2.5,Glendora
2019-07-20,97,34,17,"Ozone,PM2.5",Ozone,Glendora
2019-07-21,101,21,14,"Ozone,PM2.5",Ozone,Glendora
2019-07-22,126,23,15,"Ozone,PM2.5",Ozone,Santa Clarita
2019-07-23,161,27,16,"Ozone,PM2.5",Ozone,Glendora
2019-07-24,126,22,14,"Ozone,PM2.5",Ozone,Reseda
2019-07-25,126,22,14,"Ozone,PM2.5",Ozone,Santa Clarita
2019-07-26,140,34,17,"Ozone,PM2.5",Ozone,Santa Clarita
2019-07-27,179,24,15,"Ozone,PM2.5",Ozone,Glendora
2019-07-28,169,24,15,"Ozone,PM2.5",Ozone,Santa Clarita
2019-07-29,190,30,17,"Ozone,PM2.5",Ozone,Santa Clarita
2019-07-30,174,24,15,"Ozone,PM2.5",Ozone,Santa Clarita
2019-07-31,151,24,15,"Ozone,PM2.5",Ozone,Santa Clarita
2019-08-01,126,32,16,"Ozone,PM2.5",Ozone,Santa Clarita
2019-08-02,166,24,15,"Ozone,PM2.5",Ozone,Santa Clarita
2019-08-03,156,24,15,"Ozone,PM2.5",Ozone,Glendora
2019-08-04,169,30,17,"Ozone,PM2.5",Ozone,Glendora
2019-08-05,154,24,15,"Ozone,PM2.5",Ozone,Santa Clarita
2019-08-06,147,25,15,"Ozone,PM2.5",Ozone,Reseda
2019-08-07,156,33,17,"Ozone,PM2.5",Ozone,Santa Clarita
2019-08-08,122,24,15,"Ozone,PM2.5",Ozone,Glendora
2019-08-09,87,24,15,"Ozone,PM2.5",Ozone,Glendora
2019-08-10,93,29,16,"Ozone,PM2.5",Ozone,Glendora
2019-08-11,74,24,15,"Ozone,PM2.5",Ozone,Glendora
2019-08-12,119,24,15,"Ozone,PM2.5",Ozone,Santa Clarita
2019-08-13,140,34,17,"Ozone,PM2.5",Ozone,Glendora
2019-08-14,174,24,15,"Ozone,PM2.5",Ozone,Glendora
2019-08-15,159,24,15,"Ozone,PM2.5",Ozone,Santa Clarita
2019-08-16,105,30,17,"Ozone,PM2.5",Ozone,Lancaster-Division Street
2019-08-17,90,24,15,"Ozone,PM2.5",Ozone,Glendora
2019-08-18,67,24,15,"Ozone,PM2.5",Ozone,Azusa
2019-08-19,80,35,17,"Ozone,PM2.5",Ozone,Azusa
2019-08-20,133,22,14,"Ozone,PM2.5",Ozone,Glendora
2019-08-21,197,24,15,"Ozone,PM2.5",Ozone,Santa Clarita
2019-08-22,151,29,17,"Ozone,PM2.5",Ozone,Santa Clarita
2019-08-23,119,22,15,"Ozone,PM2.5",Ozone,Santa Clarita
2019-08-24,129,23,15,"Ozone,PM2.5",Ozone,Glendora
2019-08-25,101,34,17,"Ozone,PM2.5",Ozone,Azusa
2019-08-26,156,24,15,"Ozone,PM2.5",Ozone,Santa Clarita
2019-08-27,122,24,15,"Ozone,PM2.5",Ozone,Santa Clarita
2019-08-28,90,29,17,"Ozone,PM2.5",Ozone,Santa Clarita
2019-08-29,105,21,14,"Ozone,PM2.5",Ozone,Glendora
2019-08-30,112,22,14,"Ozone,PM2.5",Ozone,Glendora
2019-08-31,140,34,17,"Ozone,PM2.5",Ozone,Glendora
2019-09-01,190,24,15,"Ozone,PM2.5",Ozone,Glendora
2019-09-02,97,24,15,"Ozone,PM2.5",Ozone,Santa Clarita
2019-09-03,77,28,17,"Ozone,PM2.5",Ozone,Glendora
2019-09-04,108,23,15,"Ozone,PM2.5",Ozone,Santa Clarita
2019-09-05,87,23,15,"Ozone,PM2.5",Ozone,Santa Clarita
2019-09-06,67,34,17,"Ozone,PM2.5",Ozone,Reseda
2019-09-07,105,24,15,"Ozone,PM2.5",Ozone,Glendora
2019-09-08,67,24,15,"Ozone,PM2.5",Ozone,Glendora
2019-09-09,97,30,17,"Ozone,PM2.5",Ozone,Santa Clarita
2019-09-10,59,23,15,"Ozone,PM2.5",PM2.5,Glendora
2019-09-11,105,23,14,"Ozone,PM2.5",Ozone,Santa Clarita
2019-09-12,115,34,17,"Ozone,PM2.5",Ozone,Pasadena
2019-09-13,147,22,13,"Ozone,PM2.5",Ozone,Pasadena
2019-09-14,185,22,13,"Ozone,PM2.5",Ozone,Glendora
2019-09-15,133,28,15,"Ozone,PM2.5",Ozone,Glendora
2019-09-16,65,22,13,"Ozone,PM2.5",PM2.5,Los Angeles-North Main Street
2019-09-17,80,24,15,"Ozone,PM2.5",Ozone,Santa Clarita
2019-09-18,80,34,17,"Ozone,PM2.5",Ozone,Lancaster-Division Street
2019-09-19,55,23,15,"Ozone,PM2.5",PM2.5,Glendora
2019-09-20,57,22,15,"Ozone,PM2.5",PM2.5,Glendora
2019-09-21,119,28,17,"Ozone,PM2.5",Ozone,Pasadena
2019-09-22,100,22,15,"Ozone,PM2.5",Ozone,Pasadena
2019-09-23,77,22,15,"Ozone,PM2.5",Ozone,Santa Clarita
2019-09-24,108,32,17,"Ozone,PM2.5",Ozone,Pasadena
2019-09-25,129,23,15,"Ozone,PM2.5",Ozone,Santa Clarita
2019-09-26,59,23,15,"Ozone,PM2.5",PM2.5,Los Angeles-North Main Street
2019-09-27,53,30,17,"Ozone,PM2.5",PM2.5,Glendora
2019-09-28,43,24,15,"Ozone,PM2.5",PM2.5,Glendora
2019-09-29,50,24,15,"Ozone,PM2.5",PM2.5,Long Beach (South)
2019-09-30,56,33,16,"Ozone,PM2.5",PM2.5,Long Beach-Route 710 Near Road
2019-10-01,56,23,15,"Ozone,PM2.5",PM2.5,Long Beach-Route 710 Near Road
2019-10-02,87,25,16,"Ozone,PM2.5",Ozone,Pasadena
2019-10-03,105,29,16,"Ozone,PM2.5",Ozone,Reseda
2019-10-04,100,23,15,"Ozone,PM2.5",Ozone,Santa Clarita
2019-10-05,164,24,15,"Ozone,PM2.5",Ozone,Glendora
2019-10-06,192,35,17,"Ozone,PM2.5",Ozone,Glendora
2019-10-07,133,24,15,"Ozone,PM2.5",Ozone,Glendora
2019-10-08,87,24,15,"Ozone,PM2.5",Ozone,Lancaster-Division Street
2019-10-09,74,30,17,"Ozone,PM2.5",Ozone,Lancaster-Division Street
2019-10-10,72,23,15,"Ozone,PM2.5",PM2.5,Long Beach-Route 710 Near Road
2019-10-11,197,22,15,"Ozone,PM2.5",PM2.5,Reseda
2019-10-12,101,34,17,"Ozone,PM2.5",Ozone,Reseda
2019-10-13,115,23,15,"Ozone,PM2.5",Ozone,Santa Clarita
2019-10-14,87,23,15,"Ozone,PM2.5",Ozone,Santa Clarita
2019-10-15,71,28,17,"Ozone,PM2.5",Ozone,Reseda
2019-10-16,75,23,15,"Ozone,PM2.5",PM2.5,Long Beach-Route 710 Near Road
2019-10-17,77,23,15,"Ozone,PM2.5",Ozone,Santa Clarita
2019-10-18,57,35,17,"Ozone,PM2.5",PM2.5,Glendora
2019-10-19,62,24,15,"Ozone,PM2.5",PM2.5,Long Beach-Route 710 Near Road
2019-10-20,93,24,15,"Ozone,PM2.5",Ozone,Glendora
2019-10-21,71,30,17,"Ozone,PM2.5",Ozone,Pasadena
2019-10-22,71,23,15,"Ozone,PM2.5",Ozone,Glendora
2019-10-23,80,23,15,"Ozone,PM2.5",Ozone,Reseda
2019-10-24,69,33,16,"Ozone,PM2.5",PM2.5,Long Beach-Route 710 Near Road
2019-10-25,65,23,15,"Ozone,PM2.5",PM2.5,Long Beach-Route 710 Near Road
2019-10-26,80,24,15,"Ozone,PM2.5",Ozone,Reseda
2019-10-27,66,29,17,"Ozone,PM2.5",PM2.5,Reseda
2019-10-28,69,24,15,"Ozone,PM2.5",PM2.5,Long Beach-Route 710 Near Road
2019-10-29,64,24,15,"Ozone,PM2.5",PM2.5,Long Beach-Route 710 Near Road
2019-10-30,60,32,16,"Ozone,PM2.5",PM2.5,Reseda
2019-10-31,68,23,15,"Ozone,PM2.5",PM2.5,Long Beach (South)
2019-11-01,66,23,14,"Ozone,PM2.5",PM2.5,Long Beach-Route 710 Near Road
2019-11-02,93,29,16,"Ozone,PM2.5",PM2.5,Long Beach-Route 710 Near Road
2019-11-03,88,24,15,"Ozone,PM2.5",PM2.5,Long Beach-Route 710 Near Road
2019-11-04,97,24,15,"Ozone,PM2.5",Ozone,Reseda
2019-11-05,75,33,16,"Ozone,PM2.5",PM2.5,Long Beach-Route 710 Near Road
2019-11-06,83,21,13,"Ozone,PM2.5",PM2.5,Los Angeles-North Main Street
2019-11-07,121,22,14,"Ozone,PM2.5",PM2.5,Los Angeles-North Main Street
2019-11-08,78,28,16,"Ozone,PM2.5",PM2.5,Long Beach-Route 710 Near Road
2019-11-09,70,24,15,"Ozone,PM2.5",PM2.5,Long Beach-Route 710 Near Road
2019-11-10,76,24,15,"Ozone,PM2.5",PM2.5,Los Angeles-North Main Street
2019-11-11,95,35,17,"Ozone,PM2.5",PM2.5,Los Angeles-North Main Street
2019-11-12,93,23,15,"Ozone,PM2.5",PM2.5,Compton
2019-11-13,95,22,15,"Ozone,PM2.5",PM2.5,Compton
2019-11-14,90,30,17,"Ozone,PM2.5",PM2.5,Glendora
2019-11-15,79,22,15,"Ozone,PM2.5",PM2.5,Los Angeles-North Main Street
2019-11-16,80,24,15,"Ozone,PM2.5",PM2.5,Long Beach (South)
2019-11-17,72,35,17,"Ozone,PM2.5",PM2.5,Long Beach-Route 710 Near Road
2019-11-18,55,24,15,"Ozone,PM2.5",PM2.5,Long Beach-Route 710 Near Road
2019-11-19,65,23,15,"Ozone,PM2.5",PM2.5,Long Beach-Route 710 Near Road
2019-11-20,52,29,17,"Ozone,PM2.5",PM2.5,Long Beach-Route 710 Near Road
2019-11-21,55,23,14,"Ozone,PM2.5",PM2.5,Reseda
2019-11-22,61,23,15,"Ozone,PM2.5",PM2.5,Reseda
2019-11-23,79,34,17,"Ozone,PM2.5",PM2.5,Long Beach-Route 710 Near Road
2019-11-24,109,23,15,"Ozone,PM2.5",PM2.5,Long Beach-Route 710 Near Road
2019-11-25,93,23,15,"Ozone,PM2.5",PM2.5,Long Beach-Route 710 Near Road
2019-11-26,81,28,17,"Ozone,PM2.5",PM2.5,Long Beach-Route 710 Near Road
2019-11-27,69,23,15,"Ozone,PM2.5",PM2.5,Long Beach-Route 710 Near Road
2019-11-28,58,24,15,"Ozone,PM2.5",PM2.5,Reseda
2019-11-29,70,34,17,"Ozone,PM2.5",PM2.5,Long Beach-Route 710 Near Road
2019-11-30,79,24,15,"Ozone,PM2.5",PM2.5,Long Beach-Route 710 Near Road
2019-12-01,64,24,15,"Ozone,PM2.5",PM2.5,Reseda
2019-12-02,71,30,17,"Ozone,PM2.5",PM2.5,Long Beach-Route 710 Near Road
2019-12-03,90,22,13,"Ozone,PM2.5",PM2.5,Long Beach-Route 710 Near Road
2019-12-04,62,21,14,"Ozone,PM2.5",PM2.5,Reseda
2019-12-05,61,30,15,"Ozone,PM2.5",PM2.5,Reseda
2019-12-06,68,23,15,"Ozone,PM2.5",PM2.5,Long Beach-Route 710 Near Road
2019-12-07,57,24,15,"Ozone,PM2.5",PM2.5,Reseda
2019-12-08,57,29,17,"Ozone,PM2.5",PM2.5,Long Beach-Route 710 Near Road
2019-12-09,125,24,15,"Ozone,PM2.5",PM2.5,Long Beach-Route 710 Near Road
2019-12-10,66,23,15,"Ozone,PM2.5",PM2.5,Reseda
2019-12-11,73,34,17,"Ozone,PM2.5",PM2.5,Long Beach-Route 710 Near Road
2019-12-12,83,21,14,"Ozone,PM2.5",PM2.5,Los Angeles-North Main Street
2019-12-13,96,21,14,"Ozone,PM2.5",PM2.5,Los Angeles-North Main Street
2019-12-14,90,27,16,"Ozone,PM2.5",PM2.5,Los Angeles-North Main Street
2019-12-15,48,22,14,"Ozone,PM2.5",PM2.5,Compton
2019-12-16,47,21,14,"Ozone,PM2.5",PM2.5,Long Beach (South)
2019-12-17,44,32,16,"Ozone,PM2.5",PM2.5,Long Beach-Route 710 Near Road
2019-12-18,64,22,14,"Ozone,PM2.5",PM2.5,Long Beach-Route 710 Near Road
2019-12-19,79,22,13,"Ozone,PM2.5",PM2.5,Long Beach-Route 710 Near Road
2019-12-20,67,26,15,"Ozone,PM2.5",PM2.5,Long Beach-Route 710 Near Road
2019-12-21,76,21,14,"Ozone,PM2.5",PM2.5,Compton
2019-12-22,63,21,14,"Ozone,PM2.5",PM2.5,Long Beach-Route 710 Near Road
2019-12-23,43,33,16,"Ozone,PM2.5",PM2.5,Reseda
2019-12-24,61,23,14,"Ozone,PM2.5",PM2.5,Reseda
2019-12-25,66,23,14,"Ozone,PM2.5",PM2.5,Reseda
2019-12-26,43,28,16,"Ozone,PM2.5",PM2.5,Compton
2019-12-27,73,22,13,"Ozone,PM2.5",PM2.5,Long Beach-Route 710 Near Road
2019-12-28,69,23,14,"Ozone,PM2.5",PM2.5,Long Beach-Route 710 Near Road
2019-12-29,84,33,15,"Ozone,PM2.5",PM2.5,Reseda
2019-12-30,64,23,14,"Ozone,PM2.5",PM2.5,Long Beach-Route 710 Near Road
2019-12-31,80,11,8,PM2.5,PM2.5,Long Beach-Route 710 Near Road
2020-01-01,102,31,17,"Ozone,PM2.5",PM2.5,Long Beach-Route 710 Near Road
2020-01-02,75,25,15,"Ozone,PM2.5",PM2.5,Compton
2020-01-03,88,25,15,"Ozone,PM2.5",PM2.5,Long Beach-Route 710 Near Road
2020-01-04,104,35,16,"Ozone,PM2.5",PM2.5,Compton
2020-01-05,103,25,15,"Ozone,PM2.5",PM2.5,Compton
2020-01-06,75,25,15,"Ozone,PM2.5",PM2.5,Long Beach-Route 710 Near Road
2020-01-07,54,30,16,"Ozone,PM2.5",PM2.5,North Hollywood (NOHO)
2020-01-08,64,25,15,"Ozone,PM2.5",PM2.5,Long Beach-Route 710 Near Road
2020-01-09,56,23,15,"Ozone,PM2.5",PM2.5,Long Beach-Route 710 Near Road
2020-01-10,70,33,17,"Ozone,PM2.5",PM2.5,Compton
2020-01-11,83,25,15,"Ozone,PM2.5",PM2.5,Compton
2020-01-12,79,26,16,"Ozone,PM2.5",PM2.5,Compton
2020-01-13,83,31,18,"Ozone,PM2.5",PM2.5,Long Beach-Route 710 Near Road
2020-01-14,87,26,16,"Ozone,PM2.5",PM2.5,Long Beach-Route 710 Near Road
2020-01-15,124,24,14,"Ozone,PM2.5",PM2.5,Long Beach-Route 710 Near Road
2020-01-16,92,34,17,"Ozone,PM2.5",PM2.5,Pico Rivera #2
2020-01-17,52,25,16,"Ozone,PM2.5",PM2.5,North Hollywood (NOHO)
2020-01-18,66,24,15,"Ozone,PM2.5",PM2.5,Long Beach (South)
2020-01-19,63,31,18,"Ozone,PM2.5",PM2.5,Long Beach (South)
2020-01-20,73,25,16,"Ozone,PM2.5",PM2.5,Compton
2020-01-21,56,23,16,"Ozone,PM2.5",PM2.5,Glendora
2020-01-22,64,36,18,"Ozone,PM2.5",PM2.5,Long Beach-Route 710 Near Road
2020-01-23,63,24,16,"Ozone,PM2.5",PM2.5,Long Beach (South)
2020-01-24,72,25,16,"Ozone,PM2.5",PM2.5,Compton
2020-01-25,99,31,18,"Ozone,PM2.5",PM2.5,Los Angeles-North Main Street
2020-01-26,130,25,16,"Ozone,PM2.5",PM2.5,Los Angeles-North Main Street
2020-01-27,80,25,16,"Ozone,PM2.5",PM2.5,Long Beach-Route 710 Near Road
2020-01-28,62,32,18,"Ozone,PM2.5",PM2.5,Long Beach (South)
2020-01-29,54,24,14,"Ozone,PM2.5",PM2.5,Long Beach (South)
2020-01-30,64,25,15,"Ozone,PM2.5",PM2.5,Long Beach-Route 710 Near Road
2020-01-31,71,31,17,"Ozone,PM2.5",PM2.5,Long Beach-Route 710 Near Road
2020-02-01,64,26,16,"Ozone,PM2.5",PM2.5,Long Beach-Route 710 Near Road
2020-02-02,72,26,16,"Ozone,PM2.5",PM2.5,Compton
2020-02-03,45,37,18,"Ozone,PM2.5",Ozone,Pasadena
2020-02-04,42,25,16,"Ozone,PM2.5",PM2.5,Los Angeles-North Main Street
2020-02-05,57,24,15,"Ozone,PM2.5",PM2.5,Long Beach (South)
2020-02-06,66,32,18,"Ozone,PM2.5",PM2.5,Long Beach-Route 710 Near Road
2020-02-07,79,25,16,"Ozone,PM2.5",PM2.5,Long Beach-Route 710 Near Road
2020-02-08,85,26,16,"Ozone,PM2.5",PM2.5,Compton
2020-02-09,61,35,18,"Ozone,PM2.5",PM2.5,Los Angeles-North Main Street
2020-02-10,53,25,16,"Ozone,PM2.5",PM2.5,Long Beach-Route 710 Near Road
2020-02-11,54,25,16,"Ozone,PM2.5",PM2.5,Long Beach-Route 710 Near Road
2020-02-12,58,29,16,"Ozone,PM2.5",PM2.5,Long Beach-Route 710 Near Road
2020-02-13,67,23,13,"Ozone,PM2.5",PM2.5,Long Beach-Route 710 Near Road
2020-02-14,70,23,13,"Ozone,PM2.5",PM2.5,North Hollywood (NOHO)
2020-02-15,77,35,17,"Ozone,PM2.5",PM2.5,Compton
2020-02-16,77,26,16,"Ozone,PM2.5",Ozone,Pomona
2020-02-17,75,26,16,"Ozone,PM2.5",PM2.5,Compton
2020-02-18,77,31,18,"Ozone,PM2.5",PM2.5,Los Angeles-North Main Street
2020-02-19,85,25,16,"Ozone,PM2.5",PM2.5,Los Angeles-North Main Street
2020-02-20,81,26,16,"Ozone,PM2.5",PM2.5,Long Beach-Route 710 Near Road
2020-02-21,73,34,18,"Ozone,PM2.5",PM2.5,Long Beach (South)
2020-02-22,46,26,16,"Ozone,PM2.5",PM2.5,North Hollywood (NOHO)
2020-02-23,59,26,16,"Ozone,PM2.5",PM2.5,North Hollywood (NOHO)
2020-02-24,66,31,17,"Ozone,PM2.5",PM2.5,North Hollywood (NOHO)
2020-02-25,66,25,16,"Ozone,PM2.5",PM2.5,Long Beach-Route 710 Near Road
2020-02-26,57,25,15,"Ozone,PM2.5",PM2.5,Long Beach-Route 710 Near Road
2020-02-27,62,34,16,"Ozone,PM2.5",PM2.5,Long Beach-Route 710 Near Road
2020-02-28,55,25,15,"Ozone,PM2.5",PM2.5,Long Beach (South)
2020-02-29,56,25,15,"Ozone,PM2.5",PM2.5,North Hollywood (NOHO)
2020-03-01,55,30,16,"Ozone,PM2.5",PM2.5,Glendora
2020-03-02,46,24,14,"Ozone,PM2.5",PM2.5,Long Beach (South)
2020-03-03,51,25,16,"Ozone,PM2.5",PM2.5,Long Beach-Route 710 Near Road
2020-03-04,63,33,16,"Ozone,PM2.5",PM2.5,Los Angeles-North Main Street
2020-03-05,75,25,16,"Ozone,PM2.5",PM2.5,Long Beach (South)
2020-03-06,71,25,16,"Ozone,PM2.5",PM2.5,Los Angeles-North Main Street
2020-03-07,48,31,18,"Ozone,PM2.5",PM2.5,Glendora
2020-03-08,42,25,16,"Ozone,PM2.5",Ozone,Pasadena
2020-03-09,47,25,16,"Ozone,PM2.5",PM2.5,Long Beach-Route 710 Near Road
2020-03-10,31,35,18,"Ozone,PM2.5",PM2.5,Los Angeles-North Main Street
2020-03-11,41,25,16,"Ozone,PM2.5",Ozone,Reseda
2020-03-12,53,24,15,"Ozone,PM2.5",PM2.5,Long Beach-Route 710 Near Road
2020-03-13,47,31,18,"Ozone,PM2.5",PM2.5,Long Beach-Route 710 Near Road
2020-03-14,45,25,16,"Ozone,PM2.5",PM2.5,North Hollywood (NOHO)
2020-03-15,43,25,16,"Ozone,PM2.5",Ozone,Pasadena
2020-03-16,48,36,18,"Ozone,PM2.5",PM2.5,Glendora
2020-03-17,51,25,16,"Ozone,PM2.5",PM2.5,North Hollywood (NOHO)
2020-03-18,55,25,16,"Ozone,PM2.5",PM2.5,Long Beach-Route 710 Near Road
2020-03-19,44,31,18,"Ozone,PM2.5",Ozone,Reseda
2020-03-20,43,26,16,"Ozone,PM2.5",Ozone,Pasadena
2020-03-21,47,26,16,"Ozone,PM2.5",Ozone,Reseda
2020-03-22,43,35,18,"Ozone,PM2.5",Ozone,Pasadena
2020-03-23,45,26,16,"Ozone,PM2.5",Ozone,Pasadena
2020-03-24,43,24,15,"Ozone,PM2.5",Ozone,Pasadena
2020-03-25,44,32,18,"Ozone,PM2.5",Ozone,Pasadena
2020-03-26,45,26,16,"Ozone,PM2.5",Ozone,Pasadena
2020-03-27,48,26,16,"Ozone,PM2.5",PM2.5,Long Beach-Route 710 Near Road
2020-03-28,53,34,18,"Ozone,PM2.5",PM2.5,Reseda
2020-03-29,55,26,16,"Ozone,PM2.5",PM2.5,North Hollywood (NOHO)
2020-03-30,54,26,16,"Ozone,PM2.5",Ozone,Pasadena
2020-03-31,74,31,18,"Ozone,PM2.5",Ozone,Pasadena
2020-04-01,67,26,16,"Ozone,PM2.5",Ozone,Glendora
2020-04-02,56,26,16,"Ozone,PM2.5",PM2.5,Glendora
2020-04-03,58,33,18,"Ozone,PM2.5",PM2.5,Glendora
2020-04-04,58,25,16,"Ozone,PM2.5",PM2.5,North Hollywood (NOHO)
2020-04-05,43,25,16,"Ozone,PM2.5",PM2.5,Glendora
2020-04-06,41,31,18,"Ozone,PM2.5",Ozone,Reseda
2020-04-07,40,25,16,"Ozone,PM2.5",Ozone,Reseda
2020-04-08,43,25,16,"Ozone,PM2.5",Ozone,Reseda
2020-04-09,35,32,17,"Ozone,PM2.5",Ozone,Reseda
2020-04-10,42,26,16,"Ozone,PM2.5",Ozone,Pasadena
2020-04-11,52,26,16,"Ozone,PM2.5",PM2.5,North Hollywood (NOHO)
2020-04-12,52,30,17,"Ozone,PM2.5",PM2.5,North Hollywood (NOHO)
2020-04-13,41,26,16,"Ozone,PM2.5",PM2.5,Glendora
2020-04-14,55,26,16,"Ozone,PM2.5",PM2.5,Long Beach-Route 710 Near Road
2020-04-15,74,33,17,"Ozone,PM2.5",Ozone,Pasadena
2020-04-16,71,26,16,"Ozone,PM2.5",Ozone,Pasadena
2020-04-17,50,24,16,"Ozone,PM2.5",PM2.5,Glendora
2020-04-18,50,29,17,"Ozone,PM2.5",PM2.5,Glendora
2020-04-19,52,25,16,"Ozone,PM2.5",PM2.5,Glendora
2020-04-20,53,25,16,"Ozone,PM2.5",PM2.5,North Hollywood (NOHO)
2020-04-21,55,32,18,"Ozone,PM2.5",PM2.5,Glendora
2020-04-22,100,26,16,"Ozone,PM2.5",Ozone,Glendora
2020-04-23,140,26,16,"Ozone,PM2.5",Ozone,Glendora
2020-04-24,143,30,17,"Ozone,PM2.5",Ozone,Pomona
2020-04-25,182,25,16,"Ozone,PM2.5",Ozone,Pasadena
2020-04-26,166,25,16,"Ozone,PM2.5",Ozone,Pasadena
2020-04-27,108,29,17,"Ozone,PM2.5",Ozone,Santa Clarita
2020-04-28,185,20,14,"Ozone,PM2.5",Ozone,Santa Clarita
2020-04-29,147,23,15,"Ozone,PM2.5",Ozone,Santa Clarita
2020-04-30,143,26,16,"Ozone,PM2.5",Ozone,Glendora
2020-05-01,97,24,15,"Ozone,PM2.5",Ozone,Glendora
2020-05-02,90,24,15,"Ozone,PM2.5",Ozone,Glendora
2020-05-03,61,30,16,"Ozone,PM2.5",Ozone,Glendora
2020-05-04,115,24,15,"Ozone,PM2.5",Ozone,Glendora
2020-05-05,159,24,15,"Ozone,PM2.5",Ozone,Pomona
2020-05-06,206,29,17,"Ozone,PM2.5",Ozone,Glendora
2020-05-07,203,24,15,"Ozone,PM2.5",Ozone,Pasadena
2020-05-08,185,25,16,"Ozone,PM2.5",Ozone,Santa Clarita
2020-05-09,143,33,18,"Ozone,PM2.5",Ozone,Santa Clarita
2020-05-10,97,25,16,"Ozone,PM2.5",Ozone,Pasadena
2020-05-11,80,25,16,"Ozone,PM2.5",Ozone,Glendora
2020-05-12,51,30,18,"Ozone,PM2.5",PM2.5,Glendora
2020-05-13,49,23,14,"Ozone,PM2.5",Ozone,Pasadena
2020-05-14,54,23,14,"Ozone,PM2.5",PM2.5,Long Beach (South)
2020-05-15,87,32,18,"Ozone,PM2.5",Ozone,Glendora
2020-05-16,140,24,16,"Ozone,PM2.5",Ozone,Glendora
2020-05-17,77,24,16,"Ozone,PM2.5",Ozone,Pasadena
2020-05-18,44,30,18,"Ozone,PM2.5",PM2.5,Glendora
2020-05-19,45,25,16,"Ozone,PM2.5",Ozone,Pomona
2020-05-20,54,23,16,"Ozone,PM2.5",Ozone,Pomona
2020-05-21,97,31,18,"Ozone,PM2.5",Ozone,Pasadena
2020-05-22,70,24,16,"Ozone,PM2.5",PM2.5,Reseda
2020-05-23,73,25,16,"Ozone,PM2.5",PM2.5,Reseda
2020-05-24,108,31,18,"Ozone,PM2.5",Ozone,Glendora
2020-05-25,140,25,16,"Ozone,PM2.5",Ozone,Glendora
2020-05-26,147,24,16,"Ozone,PM2.5",Ozone,Glendora
2020-05-27,136,33,18,"Ozone,PM2.5",Ozone,Reseda
2020-05-28,161,26,16,"Ozone,PM2.5",Ozone,Santa Clarita
2020-05-29,64,23,14,"Ozone,PM2.5",Ozone,Lancaster-Division Street
2020-05-30,61,32,18,"Ozone,PM2.5",PM2.5,Pico Rivera #2
2020-05-31,56,26,16,"Ozone,PM2.5",PM2.5,Reseda
2020-06-01,71,25,16,"Ozone,PM2.5",Ozone,Pomona
2020-06-02,122,33,18,"Ozone,PM2.5",Ozone,Santa Clarita
2020-06-03,129,26,16,"Ozone,PM2.5",Ozone,Glendora
2020-06-04,108,26,16,"Ozone,PM2.5",Ozone,Santa Clarita
2020-06-05,56,31,18,"Ozone,PM2.5",PM2.5,Reseda
2020-06-06,51,26,16,"Ozone,PM2.5",PM2.5,North Hollywood (NOHO)
2020-06-07,54,26,16,"Ozone,PM2.5",PM2.5,Glendora
2020-06-08,74,34,18,"Ozone,PM2.5",Ozone,Pasadena
2020-06-09,80,23,16,"Ozone,PM2.5",Ozone,Glendora
2020-06-10,143,25,16,"Ozone,PM2.5",Ozone,Glendora
2020-06-11,161,32,18,"Ozone,PM2.5",Ozone,Glendora
2020-06-12,77,26,16,"Ozone,PM2.5",Ozone,Glendora
2020-06-13,61,26,16,"Ozone,PM2.5",Ozone,Glendora
2020-06-14,77,34,18,"Ozone,PM2.5",Ozone,Santa Clarita
2020-06-15,112,26,16,"Ozone,PM2.5",Ozone,Santa Clarita
2020-06-16,61,25,15,"Ozone,PM2.5",Ozone,Santa Clarita
2020-06-17,71,32,18,"Ozone,PM2.5",Ozone,Santa Clarita
2020-06-18,64,25,15,"Ozone,PM2.5",Ozone,Santa Clarita
2020-06-19,97,26,16,"Ozone,PM2.5",Ozone,Santa Clarita
2020-06-20,77,33,18,"Ozone,PM2.5",Ozone,Lancaster-Division Street
2020-06-21,105,25,16,"Ozone,PM2.5",Ozone,Pomona
2020-06-22,154,25,16,"Ozone,PM2.5",Ozone,Santa Clarita
2020-06-23,159,31,18,"Ozone,PM2.5",Ozone,Santa Clarita
2020-06-24,156,25,15,"Ozone,PM2.5",Ozone,Santa Clarita
2020-06-25,112,24,15,"Ozone,PM2.5",Ozone,Santa Clarita
2020-06-26,126,33,18,"Ozone,PM2.5",Ozone,Santa Clarita
2020-06-27,119,26,16,"Ozone,PM2.5",Ozone,Santa Clarita
2020-06-28,44,26,16,"Ozone,PM2.5",PM2.5,Reseda
2020-06-29,48,32,18,"Ozone,PM2.5",PM2.5,Reseda
2020-06-30,80,25,16,"Ozone,PM2.5",Ozone,Pomona
2020-07-01,77,23,13,"Ozone,PM2.5",Ozone,Santa Clarita
2020-07-02,100,36,17,"Ozone,PM2.5",Ozone,Glendora
2020-07-03,129,26,15,"Ozone,PM2.5",Ozone,Glendora
2020-07-04,175,27,16,"Ozone,PM2.5",PM2.5,Los Angeles-North Main Street
2020-07-05,250,33,18,"Ozone,PM2.5",PM2.5,Los Angeles-North Main Street
2020-07-06,140,27,16,"Ozone,PM2.5",Ozone,Glendora
2020-07-07,129,25,15,"Ozone,PM2.5",Ozone,Glendora
2020-07-08,105,34,17,"Ozone,PM2.5",Ozone,Glendora
2020-07-09,156,26,15,"Ozone,PM2.5",Ozone,Glendora
2020-07-10,204,26,16,"Ozone,PM2.5",Ozone,Glendora
2020-07-11,177,33,18,"Ozone,PM2.5",Ozone,Glendora
2020-07-12,172,27,16,"Ozone,PM2.5",Ozone,Glendora
2020-07-13,112,27,16,"Ozone,PM2.5",Ozone,Santa Clarita
2020-07-14,90,37,18,"Ozone,PM2.5",Ozone,Glendora
2020-07-15,101,27,16,"Ozone,PM2.5",Ozone,Santa Clarita
2020-07-16,108,27,16,"Ozone,PM2.5",Ozone,Glendora
2020-07-17,136,33,18,"Ozone,PM2.5",Ozone,Glendora
2020-07-18,122,27,16,"Ozone,PM2.5",Ozone,Pomona
2020-07-19,97,27,16,"Ozone,PM2.5",Ozone,Pomona
2020-07-20,133,37,18,"Ozone,PM2.5",Ozone,Santa Clarita
2020-07-21,143,27,16,"Ozone,PM2.5",Ozone,Santa Clarita
2020-07-22,100,26,16,"Ozone,PM2.5",Ozone,Santa Clarita
2020-07-23,80,31,18,"Ozone,PM2.5",Ozone,Santa Clarita
2020-07-24,115,26,16,"Ozone,PM2.5",Ozone,Santa Clarita
2020-07-25,140,27,16,"Ozone,PM2.5",Ozone,Glendora
2020-07-26,143,37,18,"Ozone,PM2.5",Ozone,Pomona
2020-07-27,97,27,16,"Ozone,PM2.5",Ozone,Santa Clarita
2020-07-28,129,27,16,"Ozone,PM2.5",Ozone,Santa Clarita
2020-07-29,164,33,18,"Ozone,PM2.5",Ozone,Santa Clarita
2020-07-30,161,27,16,"Ozone,PM2.5",Ozone,Glendora
2020-07-31,187,27,16,"Ozone,PM2.5",Ozone,Pomona
2020-08-01,161,37,18,"Ozone,PM2.5",Ozone,Santa Clarita
2020-08-02,140,27,16,"Ozone,PM2.5",Ozone,Santa Clarita
2020-08-03,200,27,16,"Ozone,PM2.5",Ozone,Santa Clarita
2020-08-04,122,33,18,"Ozone,PM2.5",Ozone,Santa Clarita
2020-08-05,97,27,16,"Ozone,PM2.5",Ozone,Santa Clarita
2020-08-06,62,27,16,"Ozone,PM2.5",PM2.5,North Hollywood (NOHO)
2020-08-07,93,37,18,"Ozone,PM2.5",Ozone,Santa Clarita
2020-08-08,112,27,16,"Ozone,PM2.5",Ozone,Glendora
2020-08-09,105,27,16,"Ozone,PM2.5",Ozone,Pomona
2020-08-10,87,33,18,"Ozone,PM2.5",Ozone,Pomona
2020-08-11,112,27,16,"Ozone,PM2.5",Ozone,Pomona
2020-08-12,147,27,16,"Ozone,PM2.5",Ozone,Glendora
2020-08-13,166,36,17,"Ozone,PM2.5",Ozone,Pomona
2020-08-14,204,27,16,"Ozone,PM2.5",Ozone,Glendora
2020-08-15,220,27,16,"Ozone,PM2.5",Ozone,Glendora
2020-08-16,133,33,18,"Ozone,PM2.5",PM2.5,Lancaster-Division Street
2020-08-17,164,27,16,"Ozone,PM2.5",Ozone,Glendora
2020-08-18,222,26,16,"Ozone,PM2.5",Ozone,Glendora
2020-08-19,217,36,18,"Ozone,PM2.5",Ozone,Glendora
2020-08-20,218,26,16,"Ozone,PM2.5",Ozone,Santa Clarita
2020-08-21,192,25,16,"Ozone,PM2.5",Ozone,Santa Clarita
2020-08-22,126,32,18,"Ozone,PM2.5",Ozone,Santa Clarita
2020-08-23,77,25,16,"Ozone,PM2.5",PM2.5,North Hollywood (NOHO)
2020-08-24,90,26,16,"Ozone,PM2.5",Ozone,Santa Clarita
2020-08-25,74,35,18,"Ozone,PM2.5",Ozone,Glendora
2020-08-26,97,28,16,"Ozone,PM2.5",Ozone,Pomona
2020-08-27,129,26,15,"Ozone,PM2.5",Ozone,Pomona
2020-08-28,112,31,18,"Ozone,PM2.5",Ozone,Glendora
2020-08-29,115,25,15,"Ozone,PM2.5",Ozone,Glendora
2020-08-30,115,25,15,"Ozone,PM2.5",Ozone,Glendora
2020-08-31,115,35,18,"Ozone,PM2.5",Ozone,Glendora
2020-09-01,100,25,15,"Ozone,PM2.5",Ozone,Glendora
2020-09-02,150,26,15,"Ozone,PM2.5",Ozone,Santa Clarita
2020-09-03,201,32,18,"Ozone,PM2.5",Ozone,Santa Clarita
2020-09-04,220,26,15,"Ozone,PM2.5",Ozone,Glendora
2020-09-05,235,27,16,"Ozone,PM2.5",Ozone,Glendora
2020-09-06,214,34,17,"Ozone,PM2.5",Ozone,Los Angeles-North Main Street
2020-09-07,164,24,15,"Ozone,PM2.5",PM2.5,Lancaster-Division Street
2020-09-08,127,24,15,"Ozone,PM2.5",PM2.5,Lancaster-Division Street
2020-09-09,136,33,18,"Ozone,PM2.5",PM2.5,Lebec
2020-09-10,160,26,15,"Ozone,PM2.5",PM2.5,Glendora
2020-09-11,223,26,15,"Ozone,PM2.5",PM2.5,Glendora
2020-09-12,189,33,17,"Ozone,PM2.5",PM2.5,Glendora
2020-09-13,170,27,16,"Ozone,PM2.5",PM2.5,Glendora
2020-09-14,197,27,16,"Ozone,PM2.5",Ozone,Glendora
2020-09-15,191,30,18,"Ozone,PM2.5",PM2.5,Lebec
2020-09-16,162,27,16,"Ozone,PM2.5",PM2.5,Glendora
2020-09-17,133,25,16,"Ozone,PM2.5",Ozone,Lancaster-Division Street
2020-09-18,156,36,17,"Ozone,PM2.5",Ozone,Reseda
2020-09-19,147,27,16,"Ozone,PM2.5",Ozone,Glendora
2020-09-20,119,27,16,"Ozone,PM2.5",Ozone,North Hollywood (NOHO)
2020-09-21,100,32,17,"Ozone,PM2.5",Ozone,Santa Clarita
2020-09-22,122,26,16,"Ozone,PM2.5",Ozone,Glendora
2020-09-23,126,27,16,"Ozone,PM2.5",Ozone,Pasadena
2020-09-24,201,36,17,"Ozone,PM2.5",Ozone,Santa Clarita
2020-09-25,136,26,16,"Ozone,PM2.5",Ozone,Santa Clarita
2020-09-26,151,27,16,"Ozone,PM2.5",Ozone,Reseda
2020-09-27,154,32,17,"Ozone,PM2.5",Ozone,Santa Clarita
2020-09-28,179,27,16,"Ozone,PM2.5",Ozone,Glendora
2020-09-29,150,27,16,"Ozone,PM2.5",Ozone,Pasadena
2020-09-30,161,35,17,"Ozone,PM2.5",Ozone,Glendora
2020-10-01,172,26,16,"Ozone,PM2.5",Ozone,North Hollywood (NOHO)
2020-10-02,204,26,16,"Ozone,PM2.5",Ozone,Reseda
2020-10-03,210,31,17,"Ozone,PM2.5",Ozone,Reseda
2020-10-04,177,26,16,"Ozone,PM2.5",Ozone,Pasadena
2020-10-05,151,26,16,"Ozone,PM2.5",Ozone,Reseda
2020-10-06,159,36,17,"Ozone,PM2.5",Ozone,North Hollywood (NOHO)
2020-10-07,133,27,16,"Ozone,PM2.5",Ozone,Santa Clarita
2020-10-08,86,27,16,"Ozone,PM2.5",PM2.5,Reseda
2020-10-09,80,32,17,"Ozone,PM2.5",PM2.5,Glendora
2020-10-10,80,27,16,"Ozone,PM2.5",Ozone,Reseda
2020-10-11,87,27,16,"Ozone,PM2.5",Ozone,Glendora
2020-10-12,100,35,17,"Ozone,PM2.5",Ozone,Glendora
2020-10-13,100,27,16,"Ozone,PM2.5",Ozone,Reseda
2020-10-14,164,27,16,"Ozone,PM2.5",Ozone,Reseda
2020-10-15,185,32,17,"Ozone,PM2.5",Ozone,Los Angeles-North Main Street
2020-10-16,169,27,16,"Ozone,PM2.5",Ozone,North Hollywood (NOHO)
2020-10-17,119,27,16,"Ozone,PM2.5",Ozone,Glendora
2020-10-18,159,34,17,"Ozone,PM2.5",Ozone,Santa Clarita
2020-10-19,126,27,16,"Ozone,PM2.5",Ozone,Reseda
2020-10-20,129,26,16,"Ozone,PM2.5",Ozone,Reseda
2020-10-21,119,31,17,"Ozone,PM2.5",Ozone,Santa Clarita
2020-10-22,74,26,16,"Ozone,PM2.5",PM2.5,Glendora
2020-10-23,65,26,16,"Ozone,PM2.5",PM2.5,Glendora
2020-10-24,60,34,16,"Ozone,PM2.5",PM2.5,Glendora
2020-10-25,49,25,15,"Ozone,PM2.5",PM2.5,Glendora
2020-10-26,90,25,15,"Ozone,PM2.5",PM2.5,Long Beach (South)
2020-10-27,155,31,17,"Ozone,PM2.5",PM2.5,Long Beach (South)
2020-10-28,96,26,16,"Ozone,PM2.5",PM2.5,Long Beach (South)
2020-10-29,97,26,16,"Ozone,PM2.5",Ozone,West Los Angeles
2020-10-30,81,33,17,"Ozone,PM2.5",PM2.5,Compton
2020-10-31,93,25,16,"Ozone,PM2.5",Ozone,Los Angeles-North Main Street
2020-11-01,87,26,16,"Ozone,PM2.5",Ozone,Los Angeles-North Main Street
2020-11-02,84,32,17,"Ozone,PM2.5",Ozone,Reseda
2020-11-03,114,24,15,"Ozone,PM2.5",PM2.5,Compton
2020-11-04,95,23,14,"Ozone,PM2.5",PM2.5,Long Beach (South)
2020-11-05,78,34,16,"Ozone,PM2.5",PM2.5,Long Beach-Route 710 Near Road
2020-11-06,61,25,15,"Ozone,PM2.5",PM2.5,Los Angeles-North Main Street
2020-11-07,52,26,16,"Ozone,PM2.5",PM2.5,North Hollywood (NOHO)
2020-11-08,57,31,17,"Ozone,PM2.5",PM2.5,Pico Rivera #2
2020-11-09,57,26,16,"Ozone,PM2.5",PM2.5,Long Beach-Route 710 Near Road
2020-11-10,63,26,16,"Ozone,PM2.5",PM2.5,Long Beach-Route 710 Near Road
2020-11-11,70,33,17,"Ozone,PM2.5",PM2.5,Compton
2020-11-12,83,26,16,"Ozone,PM2.5",PM2.5,Long Beach-Route 710 Near Road
2020-11-13,78,25,16,"Ozone,PM2.5",PM2.5,Long Beach-Route 710 Near Road
2020-11-14,81,32,18,"Ozone,PM2.5",PM2.5,North Hollywood (NOHO)
2020-11-15,87,26,16,"Ozone,PM2.5",PM2.5,Compton
2020-11-16,60,26,16,"Ozone,PM2.5",PM2.5,Long Beach (South)
2020-11-17,72,35,17,"Ozone,PM2.5",PM2.5,Los Angeles-North Main Street
2020-11-18,68,25,16,"Ozone,PM2.5",PM2.5,North Hollywood (NOHO)
2020-11-19,65,25,16,"Ozone,PM2.5",PM2.5,North Hollywood (NOHO)
2020-11-20,88,31,17,"Ozone,PM2.5",PM2.5,Pico Rivera #2
2020-11-21,95,26,16,"Ozone,PM2.5",PM2.5,Compton
2020-11-22,103,26,16,"Ozone,PM2.5",PM2.5,Compton
2020-11-23,87,35,17,"Ozone,PM2.5",PM2.5,North Hollywood (NOHO)
2020-11-24,77,25,16,"Ozone,PM2.5",PM2.5,North Hollywood (NOHO)
2020-11-25,81,26,16,"Ozone,PM2.5",PM2.5,Compton
2020-11-26,84,32,18,"Ozone,PM2.5",PM2.5,Compton
2020-11-27,86,26,16,"Ozone,PM2.5",PM2.5,Compton
2020-11-28,69,26,16,"Ozone,PM2.5",PM2.5,Compton
2020-11-29,70,36,18,"Ozone,PM2.5",PM2.5,Long Beach (South)
2020-11-30,74,26,16,"Ozone,PM2.5",PM2.5,Long Beach-Route 710 Near Road
2020-12-01,83,24,15,"Ozone,PM2.5",PM2.5,Long Beach-Route 710 Near Road
2020-12-02,92,28,16,"Ozone,PM2.5",PM2.5,Compton
2020-12-03,109,24,15,"Ozone,PM2.5",PM2.5,Long Beach (South)
2020-12-04,74,23,15,"Ozone,PM2.5",PM2.5,Compton
2020-12-05,108,35,17,"Ozone,PM2.5",PM2.5,Compton
2020-12-06,109,25,16,"Ozone,PM2.5",PM2.5,Long Beach-Route 710 Near Road
2020-12-07,93,25,16,"Ozone,PM2.5",PM2.5,Long Beach-Route 710 Near Road
2020-12-08,65,30,17,"Ozone,PM2.5",PM2.5,Compton
2020-12-09,68,26,16,"Ozone,PM2.5",PM2.5,Long Beach (South)
2020-12-10,72,26,16,"Ozone,PM2.5",PM2.5,Compton
2020-12-11,83,34,16,"Ozone,PM2.5",PM2.5,Compton
2020-12-12,97,26,16,"Ozone,PM2.5",PM2.5,Compton
2020-12-13,76,26,16,"Ozone,PM2.5",PM2.5,Long Beach (South)
2020-12-14,55,31,17,"Ozone,PM2.5",PM2.5,Pico Rivera #2
2020-12-15,88,23,14,"Ozone,PM2.5",PM2.5,Compton
2020-12-16,72,25,15,"Ozone,PM2.5",PM2.5,Long Beach (South)
2020-12-17,79,34,18,"Ozone,PM2.5",PM2.5,Compton
2020-12-18,90,25,16,"Ozone,PM2.5",PM2.5,Compton
2020-12-19,84,24,15,"Ozone,PM2.5",PM2.5,Compton
2020-12-20,85,30,17,"Ozone,PM2.5",PM2.5,Compton
2020-12-21,65,24,15,"Ozone,PM2.5",PM2.5,Compton
2020-12-22,77,26,16,"Ozone,PM2.5",PM2.5,Compton
2020-12-23,95,32,17,"Ozone,PM2.5",PM2.5,Compton
2020-12-24,71,25,16,"Ozone,PM2.5",PM2.5,North Hollywood (NOHO)
2020-12-25,79,25,16,"Ozone,PM2.5",PM2.5,Compton
2020-12-26,116,30,17,"Ozone,PM2.5",PM2.5,Compton
2020-12-27,71,25,16,"Ozone,PM2.5",PM2.5,Los Angeles-North Main Street
2020-12-28,57,25,16,"Ozone,PM2.5",PM2.5,Compton
2020-12-29,68,34,17,"Ozone,PM2.5",PM2.5,Compton
2020-12-30,79,25,15,"Ozone,PM2.5",PM2.5,Compton
2020-12-31,120,13,9,PM2.5,PM2.5,Compton
2021-01-01,184,30,17,"Ozone,PM2.5",PM2.5,Compton
2021-01-02,77,25,16,"Ozone,PM2.5",PM2.5,Compton
2021-01-03,82,25,16,"Ozone,PM2.5",PM2.5,Compton
2021-01-04,77,33,17,"Ozone,PM2.5",PM2.5,Pico Rivera #2
2021-01-05,84,25,16,"Ozone,PM2.5",PM2.5,Los Angeles-North Main Street
2021-01-06,90,26,16,"Ozone,PM2.5",PM2.5,Long Beach-Route 710 Near Road
2021-01-07,84,31,17,"Ozone,PM2.5",PM2.5,Long Beach-Route 710 Near Road
2021-01-08,88,26,16,"Ozone,PM2.5",PM2.5,Compton
2021-01-09,96,26,16,"Ozone,PM2.5",PM2.5,Compton
2021-01-10,71,35,17,"Ozone,PM2.5",PM2.5,Compton
2021-01-11,69,26,16,"Ozone,PM2.5",PM2.5,Long Beach-Route 710 Near Road
2021-01-12,69,26,16,"Ozone,PM2.5",PM2.5,Long Beach (South)
2021-01-13,77,29,16,"Ozone,PM2.5",PM2.5,Long Beach (South)
2021-01-14,86,24,15,"Ozone,PM2.5",PM2.5,Long Beach-Route 710 Near Road
2021-01-15,82,24,16,"Ozone,PM2.5",PM2.5,Long Beach-Route 710 Near Road
2021-01-16,93,34,18,"Ozone,PM2.5",PM2.5,Compton
2021-01-17,84,24,16,"Ozone,PM2.5",PM2.5,Long Beach-Route 710 Near Road
2021-01-18,74,24,15,"Ozone,PM2.5",PM2.5,Long Beach-Route 710 Near Road
2021-01-19,62,30,17,"Ozone,PM2.5",PM2.5,Glendora
2021-01-20,51,26,16,"Ozone,PM2.5",PM2.5,Los Angeles-North Main Street
2021-01-21,58,26,16,"Ozone,PM2.5",PM2.5,Long Beach-Route 710 Near Road
2021-01-22,53,36,18,"Ozone,PM2.5",PM2.5,Pico Rivera #2
2021-01-23,57,26,16,"Ozone,PM2.5",PM2.5,North Hollywood (NOHO)
2021-01-24,62,26,16,"Ozone,PM2.5",PM2.5,Long Beach-Route 710 Near Road
2021-01-25,40,32,18,"Ozone,PM2.5",Ozone,Signal Hill (LBSH)
2021-01-26,52,26,16,"Ozone,PM2.5",PM2.5,Compton
2021-01-27,54,25,16,"Ozone,PM2.5",PM2.5,Reseda
2021-01-28,54,36,18,"Ozone,PM2.5",PM2.5,Reseda
2021-01-29,55,26,16,"Ozone,PM2.5",PM2.5,Long Beach-Route 710 Near Road
2021-01-30,70,26,16,"Ozone,PM2.5",PM2.5,Reseda
2021-01-31,60,32,18,"Ozone,PM2.5",PM2.5,Long Beach-Route 710 Near Road
2021-02-01,58,26,16,"Ozone,PM2.5",PM2.5,Long Beach (South)
2021-02-02,57,25,16,"Ozone,PM2.5",PM2.5,Los Angeles-North Main Street
2021-02-03,59,35,18,"Ozone,PM2.5",PM2.5,Los Angeles-North Main Street
2021-02-04,62,27,16,"Ozone,PM2.5",PM2.5,North Hollywood (NOHO)
2021-02-05,69,25,15,"Ozone,PM2.5",PM2.5,Long Beach-Route 710 Near Road
2021-02-06,96,32,18,"Ozone,PM2.5",PM2.5,Long Beach-Route 710 Near Road
2021-02-07,84,26,16,"Ozone,PM2.5",PM2.5,Long Beach-Route 710 Near Road
2021-02-08,83,26,16,"Ozone,PM2.5",PM2.5,Los Angeles-North Main Street
2021-02-09,83,36,18,"Ozone,PM2.5",PM2.5,Santa Clarita
2021-02-10,74,25,15,"Ozone,PM2.5",PM2.5,Glendora
2021-02-11,84,24,14,"Ozone,PM2.5",PM2.5,Long Beach-Route 710 Near Road
2021-02-12,65,32,18,"Ozone,PM2.5",PM2.5,North Hollywood (NOHO)
2021-02-13,55,27,16,"Ozone,PM2.5",PM2.5,Glendora
2021-02-14,43,27,16,"Ozone,PM2.5",Ozone,Reseda
2021-02-15,55,37,18,"Ozone,PM2.5",PM2.5,Compton
2021-02-16,57,25,16,"Ozone,PM2.5",PM2.5,Long Beach-Route 710 Near Road
2021-02-17,57,24,15,"Ozone,PM2.5",PM2.5,Long Beach-Route 710 Near Road
2021-02-18,61,31,16,"Ozone,PM2.5",PM2.5,Long Beach-Route 710 Near Road
2021-02-19,63,25,15,"Ozone,PM2.5",PM2.5,Long Beach-Route 710 Near Road
2021-02-20,63,26,16,"Ozone,PM2.5",PM2.5,Long Beach-Route 710 Near Road
2021-02-21,64,35,17,"Ozone,PM2.5",PM2.5,Long Beach-Route 710 Near Road
2021-02-22,57,26,16,"Ozone,PM2.5",PM2.5,Long Beach-Route 710 Near Road
2021-02-23,63,24,15,"Ozone,PM2.5",PM2.5,Long Beach-Route 710 Near Road
2021-02-24,61,31,17,"Ozone,PM2.5",PM2.5,Los Angeles-North Main Street
2021-02-25,63,25,14,"Ozone,PM2.5",PM2.5,Los Angeles-North Main Street
2021-02-26,66,26,15,"Ozone,PM2.5",PM2.5,Long Beach-Route 710 Near Road
2021-02-27,70,37,18,"Ozone,PM2.5",PM2.5,Long Beach-Route 710 Near Road
2021-02-28,62,27,16,"Ozone,PM2.5",PM2.5,Compton
2021-03-01,49,27,16,"Ozone,PM2.5",PM2.5,Long Beach-Route 710 Near Road
2021-03-02,60,32,17,"Ozone,PM2.5",PM2.5,Long Beach-Route 710 Near Road
2021-03-03,57,27,16,"Ozone,PM2.5",PM2.5,Long Beach-Route 710 Near Road
2021-03-04,59,27,16,"Ozone,PM2.5",PM2.5,Long Beach-Route 710 Near Road
2021-03-05,68,36,17,"Ozone,PM2.5",PM2.5,Long Beach-Route 710 Near Road
2021-03-06,60,27,16,"Ozone,PM2.5",PM2.5,North Hollywood (NOHO)
2021-03-07,56,27,16,"Ozone,PM2.5",PM2.5,North Hollywood (NOHO)
2021-03-08,54,32,17,"Ozone,PM2.5",PM2.5,Pico Rivera #2
2021-03-09,52,27,16,"Ozone,PM2.5",PM2.5,Long Beach-Route 710 Near Road
2021-03-10,43,27,16,"Ozone,PM2.5",Ozone,Reseda
2021-03-11,44,36,18,"Ozone,PM2.5",Ozone,Reseda
2021-03-12,58,26,16,"Ozone,PM2.5",PM2.5,Long Beach-Route 710 Near Road
2021-03-13,64,26,16,"Ozone,PM2.5",PM2.5,Compton
2021-03-14,57,33,18,"Ozone,PM2.5",PM2.5,Glendora
2021-03-15,43,27,16,"Ozone,PM2.5",PM2.5,Glendora
2021-03-16,44,27,16,"Ozone,PM2.5",PM2.5,Long Beach-Route 710 Near Road
2021-03-17,58,35,16,"Ozone,PM2.5",PM2.5,Long Beach-Route 710 Near Road
2021-03-18,64,25,15,"Ozone,PM2.5",Ozone,Lancaster-Division Street
2021-03-19,57,24,14,"Ozone,PM2.5",PM2.5,North Hollywood (NOHO)
2021-03-20,54,31,17,"Ozone,PM2.5",PM2.5,North Hollywood (NOHO)
2021-03-21,55,26,16,"Ozone,PM2.5",PM2.5,Compton
2021-03-22,56,26,16,"Ozone,PM2.5",PM2.5,Long Beach (South)
2021-03-23,55,35,17,"Ozone,PM2.5",PM2.5,Glendora
2021-03-24,56,26,15,"Ozone,PM2.5",PM2.5,Long Beach-Route 710 Near Road
2021-03-25,55,27,16,"Ozone,PM2.5",PM2.5,Long Beach (South)
2021-03-26,54,30,16,"Ozone,PM2.5",PM2.5,Long Beach-Route 710 Near Road
2021-03-27,62,26,16,"Ozone,PM2.5",PM2.5,Compton
2021-03-28,77,26,16,"Ozone,PM2.5",Ozone,Pasadena
2021-03-29,67,35,17,"Ozone,PM2.5",Ozone,Reseda
2021-03-30,68,23,15,"Ozone,PM2.5",PM2.5,Glendora
2021-03-31,74,25,16,"Ozone,PM2.5",Ozone,North Hollywood (NOHO)
2021-04-01,80,30,17,"Ozone,PM2.5",Ozone,Reseda
2021-04-02,93,26,16,"Ozone,PM2.5",Ozone,Santa Clarita
2021-04-03,112,26,16,"Ozone,PM2.5",Ozone,Glendora
2021-04-04,112,35,17,"Ozone,PM2.5",Ozone,Glendora
2021-04-05,62,26,16,"Ozone,PM2.5",PM2.5,Glendora
2021-04-06,66,25,15,"Ozone,PM2.5",PM2.5,Glendora
2021-04-07,87,31,17,"Ozone,PM2.5",Ozone,Glendora
2021-04-08,64,26,16,"Ozone,PM2.5",Ozone,Reseda
2021-04-09,80,24,16,"Ozone,PM2.5",Ozone,Santa Clarita
2021-04-10,100,34,18,"Ozone,PM2.5",Ozone,Glendora
2021-04-11,101,24,16,"Ozone,PM2.5",Ozone,Santa Clarita
2021-04-12,71,24,16,"Ozone,PM2.5",Ozone,Santa Clarita
2021-04-13,60,30,18,"Ozone,PM2.5",PM2.5,North Hollywood (NOHO)
2021-04-14,63,26,16,"Ozone,PM2.5",PM2.5,Los Angeles-North Main Street
2021-04-15,67,26,16,"Ozone,PM2.5",PM2.5,Los Angeles-North Main Street
2021-04-16,75,34,17,"Ozone,PM2.5",PM2.5,Los Angeles-North Main Street
2021-04-17,93,26,16,"Ozone,PM2.5",Ozone,Pomona
2021-04-18,71,26,16,"Ozone,PM2.5",Ozone,Signal Hill (LBSH)
2021-04-19,80,32,18,"Ozone,PM2.5",Ozone,Reseda
2021-04-20,74,25,16,"Ozone,PM2.5",Ozone,Lancaster-Division Street
2021-04-21,58,25,16,"Ozone,PM2.5",PM2.5,Los Angeles-North Main Street
2021-04-22,55,35,18,"Ozone,PM2.5",PM2.5,Glendora
2021-04-23,60,26,16,"Ozone,PM2.5",PM2.5,Los Angeles-North Main Street
2021-04-24,59,26,16,"Ozone,PM2.5",PM2.5,Glendora
2021-04-25,56,33,18,"Ozone,PM2.5",PM2.5,Glendora
2021-04-26,42,25,16,"Ozone,PM2.5",PM2.5,Los Angeles-North Main Street
2021-04-27,53,25,16,"Ozone,PM2.5",PM2.5,Los Angeles-North Main Street
2021-04-28,61,32,16,"Ozone,PM2.5",PM2.5,Los Angeles-North Main Street
2021-04-29,90,26,16,"Ozone,PM2.5",Ozone,North Hollywood (NOHO)
2021-04-30,133,27,16,"Ozone,PM2.5",Ozone,Pasadena
2021-05-01,90,31,18,"Ozone,PM2.5",Ozone,Santa Clarita
2021-05-02,61,27,16,"Ozone,PM2.5",PM2.5,Los Angeles-North Main Street
2021-05-03,70,27,16,"Ozone,PM2.5",PM2.5,Los Angeles-North Main Street
2021-05-04,100,36,18,"Ozone,PM2.5",Ozone,Reseda
2021-05-05,129,27,15,"Ozone,PM2.5",Ozone,Santa Clarita
2021-05-06,84,24,14,"Ozone,PM2.5",Ozone,Santa Clarita
2021-05-07,74,33,18,"Ozone,PM2.5",Ozone,Santa Clarita
2021-05-08,90,27,16,"Ozone,PM2.5",Ozone,Santa Clarita
2021-05-09,84,27,16,"Ozone,PM2.5",Ozone,Santa Clarita
2021-05-10,65,37,18,"Ozone,PM2.5",PM2.5,Los Angeles-North Main Street
2021-05-11,97,26,16,"Ozone,PM2.5",Ozone,Santa Clarita
2021-05-12,97,26,15,"Ozone,PM2.5",Ozone,Santa Clarita
2021-05-13,97,32,17,"Ozone,PM2.5",Ozone,Santa Clarita
2021-05-14,80,27,16,"Ozone,PM2.5",Ozone,Santa Clarita
2021-05-15,76,26,16,"Ozone,PM2.5",PM2.5,Reseda
2021-05-16,64,35,17,"Ozone,PM2.5",PM2.5,Reseda
2021-05-17,56,25,15,"Ozone,PM2.5",PM2.5,Glendora
2021-05-18,74,25,15,"Ozone,PM2.5",Ozone,Pomona
2021-05-19,84,30,17,"Ozone,PM2.5",Ozone,Santa Clarita
2021-05-20,66,26,16,"Ozone,PM2.5",PM2.5,Los Angeles-North Main Street
2021-05-21,61,27,16,"Ozone,PM2.5",PM2.5,Los Angeles-North Main Street
2021-05-22,61,37,18,"Ozone,PM2.5",PM2.5,Los Angeles-North Main Street
2021-05-23,62,27,16,"Ozone,PM2.5",PM2.5,Los Angeles-North Main Street
2021-05-24,97,27,16,"Ozone,PM2.5",Ozone,Pomona
2021-05-25,100,33,18,"Ozone,PM2.5",Ozone,Glendora
2021-05-26,71,27,16,"Ozone,PM2.5",PM2.5,Los Angeles-North Main Street
2021-05-27,90,27,16,"Ozone,PM2.5",Ozone,Santa Clarita
2021-05-28,122,35,16,"Ozone,PM2.5",Ozone,Santa Clarita
2021-05-29,71,27,16,"Ozone,PM2.5",Ozone,Santa Clarita
2021-05-30,80,27,16,"Ozone,PM2.5",Ozone,Santa Clarita
2021-05-31,101,33,18,"Ozone,PM2.5",Ozone,Santa Clarita
2021-06-01,140,27,16,"Ozone,PM2.5",Ozone,Santa Clarita
2021-06-02,161,27,16,"Ozone,PM2.5",Ozone,Santa Clarita
2021-06-03,159,34,16,"Ozone,PM2.5",Ozone,Santa Clarita
2021-06-04,108,27,16,"Ozone,PM2.5",Ozone,Santa Clarita
2021-06-05,61,27,16,"Ozone,PM2.5",PM2.5,Los Angeles-North Main Street
2021-06-06,57,33,18,"Ozone,PM2.5",PM2.5,North Hollywood (NOHO)
2021-06-07,50,27,16,"Ozone,PM2.5",PM2.5,Los Angeles-North Main Street
2021-06-08,58,26,16,"Ozone,PM2.5",Ozone,Glendora
2021-06-09,58,36,17,"Ozone,PM2.5",PM2.5,Los Angeles-North Main Street
2021-06-10,57,27,16,"Ozone,PM2.5",PM2.5,Los Angeles-North Main Street
2021-06-11,119,27,16,"Ozone,PM2.5",Ozone,Santa Clarita
2021-06-12,172,32,18,"Ozone,PM2.5",Ozone,Santa Clarita
2021-06-13,143,26,16,"Ozone,PM2.5",Ozone,Glendora
2021-06-14,97,26,16,"Ozone,PM2.5",Ozone,Glendora
2021-06-15,129,34,17,"Ozone,PM2.5",Ozone,Pomona
2021-06-16,169,24,15,"Ozone,PM2.5",Ozone,Santa Clarita
2021-06-17,140,25,16,"Ozone,PM2.5",Ozone,Santa Clarita
2021-06-18,159,31,17,"Ozone,PM2.5",Ozone,Santa Clarita
2021-06-19,169,27,16,"Ozone,PM2.5",Ozone,Santa Clarita
2021-06-20,129,27,16,"Ozone,PM2.5",Ozone,Santa Clarita
2021-06-21,115,35,17,"Ozone,PM2.5",Ozone,Glendora
2021-06-22,74,25,16,"Ozone,PM2.5",Ozone,Glendora
2021-06-23,61,27,16,"Ozone,PM2.5",PM2.5,Los Angeles-North Main Street
2021-06-24,51,32,17,"Ozone,PM2.5",PM2.5,Los Angeles-North Main Street
2021-06-25,57,27,16,"Ozone,PM2.5",PM2.5,Los Angeles-North Main Street
2021-06-26,140,27,16,"Ozone,PM2.5",Ozone,Santa Clarita
2021-06-27,177,36,17,"Ozone,PM2.5",Ozone,Santa Clarita
2021-06-28,195,27,16,"Ozone,PM2.5",Ozone,Santa Clarita
2021-06-29,108,27,16,"Ozone,PM2.5",Ozone,Santa Clarita
2021-06-30,143,32,17,"Ozone,PM2.5",Ozone,Santa Clarita
2021-07-01,112,27,16,"Ozone,PM2.5",Ozone,Pomona
2021-07-02,108,26,16,"Ozone,PM2.5",Ozone,Pomona
2021-07-03,119,35,17,"Ozone,PM2.5",Ozone,Santa Clarita
2021-07-04,142,26,16,"Ozone,PM2.5",PM2.5,Los Angeles-North Main Street
2021-07-05,180,25,15,"Ozone,PM2.5",PM2.5,Glendora
2021-07-06,136,32,17,"Ozone,PM2.5",Ozone,Santa Clarita
2021-07-07,187,27,16,"Ozone,PM2.5",Ozone,Santa Clarita
2021-07-08,179,27,16,"Ozone,PM2.5",Ozone,Santa Clarita
2021-07-09,185,36,17,"Ozone,PM2.5",Ozone,Santa Clarita
2021-07-10,150,27,16,"Ozone,PM2.5",Ozone,Santa Clarita
2021-07-11,115,27,16,"Ozone,PM2.5",Ozone,Santa Clarita
2021-07-12,112,32,17,"Ozone,PM2.5",Ozone,Santa Clarita
2021-07-13,119,26,15,"Ozone,PM2.5",Ozone,Glendora
2021-07-14,90,27,16,"Ozone,PM2.5",Ozone,Santa Clarita
2021-07-15,87,35,17,"Ozone,PM2.5",Ozone,Santa Clarita
2021-07-16,100,26,16,"Ozone,PM2.5",Ozone,Glendora
2021-07-17,119,26,16,"Ozone,PM2.5",Ozone,Glendora
2021-07-18,136,32,18,"Ozone,PM2.5",Ozone,Glendora
2021-07-19,115,26,16,"Ozone,PM2.5",Ozone,Glendora
2021-07-20,97,26,16,"Ozone,PM2.5",Ozone,Glendora
2021-07-21,119,36,17,"Ozone,PM2.5",Ozone,Glendora
2021-07-22,78,26,15,"Ozone,PM2.5",PM2.5,Los Angeles-North Main Street
2021-07-23,84,27,16,"Ozone,PM2.5",Ozone,Santa Clarita
2021-07-24,100,32,18,"Ozone,PM2.5",Ozone,Santa Clarita
2021-07-25,90,25,15,"Ozone,PM2.5",Ozone,Santa Clarita
2021-07-26,65,27,16,"Ozone,PM2.5",PM2.5,Los Angeles-North Main Street
2021-07-27,87,37,18,"Ozone,PM2.5",Ozone,Glendora
2021-07-28,87,27,16,"Ozone,PM2.5",Ozone,Santa Clarita
2021-07-29,84,27,16,"Ozone,PM2.5",Ozone,Pomona
2021-07-30,87,32,17,"Ozone,PM2.5",Ozone,Reseda
2021-07-31,100,27,16,"Ozone,PM2.5",Ozone,Pomona
2021-08-01,115,27,16,"Ozone,PM2.5",Ozone,Glendora
2021-08-02,112,36,17,"Ozone,PM2.5",Ozone,Glendora
2021-08-03,154,26,16,"Ozone,PM2.5",Ozone,Santa Clarita
2021-08-04,179,25,15,"Ozone,PM2.5",Ozone,Santa Clarita
2021-08-05,179,31,17,"Ozone,PM2.5",Ozone,Santa Clarita
2021-08-06,140,25,15,"Ozone,PM2.5",Ozone,Santa Clarita
2021-08-07,129,27,16,"Ozone,PM2.5",Ozone,Santa Clarita
2021-08-08,119,37,18,"Ozone,PM2.5",Ozone,Glendora
2021-08-09,129,27,16,"Ozone,PM2.5",Ozone,Santa Clarita
2021-08-10,143,27,16,"Ozone,PM2.5",Ozone,Glendora
2021-08-11,90,32,17,"Ozone,PM2.5",Ozone,Pomona
2021-08-12,80,26,15,"Ozone,PM2.5",Ozone,Santa Clarita
2021-08-13,61,27,16,"Ozone,PM2.5",Ozone,Santa Clarita
2021-08-14,101,36,17,"Ozone,PM2.5",Ozone,Glendora
2021-08-15,164,27,16,"Ozone,PM2.5",Ozone,Pomona
2021-08-16,122,27,16,"Ozone,PM2.5",Ozone,Santa Clarita
2021-08-17,61,31,17,"Ozone,PM2.5",PM2.5,North Hollywood (NOHO)
2021-08-18,55,26,15,"Ozone,PM2.5",PM2.5,North Hollywood (NOHO)
2021-08-19,67,27,16,"Ozone,PM2.5",PM2.5,Lancaster-Division Street
2021-08-20,84,36,17,"Ozone,PM2.5",Ozone,Lancaster-Division Street
2021-08-21,56,27,16,"Ozone,PM2.5",PM2.5,North Hollywood (NOHO)
2021-08-22,87,27,16,"Ozone,PM2.5",Ozone,Pomona
2021-08-23,129,32,17,"Ozone,PM2.5",Ozone,Lancaster-Division Street
2021-08-24,150,27,16,"Ozone,PM2.5",Ozone,Santa Clarita
2021-08-25,166,27,16,"Ozone,PM2.5",Ozone,Pomona
2021-08-26,159,34,16,"Ozone,PM2.5",Ozone,Glendora
2021-08-27,154,27,16,"Ozone,PM2.5",Ozone,Glendora
2021-08-28,177,26,16,"Ozone,PM2.5",Ozone,Glendora
2021-08-29,166,32,17,"Ozone,PM2.5",Ozone,Glendora
2021-08-30,136,27,16,"Ozone,PM2.5",Ozone,Santa Clarita
2021-08-31,79,26,16,"Ozone,PM2.5",PM2.5,Glendora
2021-09-01,68,35,17,"Ozone,PM2.5",PM2.5,Glendora
2021-09-02,101,26,16,"Ozone,PM2.5",Ozone,Santa Clarita
2021-09-03,150,26,16,"Ozone,PM2.5",Ozone,Pomona
2021-09-04,100,30,17,"Ozone,PM2.5",Ozone,Glendora
2021-09-05,143,25,16,"Ozone,PM2.5",Ozone,Glendora
2021-09-06,154,25,16,"Ozone,PM2.5",Ozone,Santa Clarita
2021-09-07,150,34,17,"Ozone,PM2.5",Ozone,Santa Clarita
2021-09-08,150,26,16,"Ozone,PM2.5",Ozone,Glendora
2021-09-09,161,26,15,"Ozone,PM2.5",Ozone,Glendora
2021-09-10,115,31,16,"Ozone,PM2.5",Ozone,Pomona
2021-09-11,84,27,16,"Ozone,PM2.5",Ozone,Glendora
2021-09-12,100,27,16,"Ozone,PM2.5",Ozone,Glendora
2021-09-13,112,37,18,"Ozone,PM2.5",Ozone,Pomona
2021-09-14,105,26,16,"Ozone,PM2.5",Ozone,Santa Clarita
2021-09-15,105,26,15,"Ozone,PM2.5",Ozone,Santa Clarita
2021-09-16,133,32,17,"Ozone,PM2.5",Ozone,Santa Clarita
2021-09-17,100,26,15,"Ozone,PM2.5",Ozone,Santa Clarita
2021-09-18,77,26,15,"Ozone,PM2.5",Ozone,Pomona
2021-09-19,105,36,17,"Ozone,PM2.5",Ozone,Santa Clarita
2021-09-20,115,26,15,"Ozone,PM2.5",Ozone,Reseda
2021-09-21,119,26,15,"Ozone,PM2.5",Ozone,Glendora
2021-09-22,61,29,16,"Ozone,PM2.5",Ozone,Glendora
2021-09-23,94,25,15,"Ozone,PM2.5",PM2.5,Lancaster-Division Street
2021-09-24,88,25,15,"Ozone,PM2.5",PM2.5,Lancaster-Division Street
2021-09-25,87,36,17,"Ozone,PM2.5",Ozone,Santa Clarita
2021-09-26,73,26,15,"Ozone,PM2.5",PM2.5,Lancaster-Division Street
2021-09-27,64,26,15,"Ozone,PM2.5",PM2.5,Glendora
2021-09-28,58,32,17,"Ozone,PM2.5",PM2.5,Glendora
2021-09-29,60,25,15,"Ozone,PM2.5",PM2.5,Glendora
2021-09-30,80,26,15,"Ozone,PM2.5",Ozone,Pasadena
2021-10-01,90,36,17,"Ozone,PM2.5",Ozone,North Hollywood (NOHO)
2021-10-02,115,26,15,"Ozone,PM2.5",Ozone,North Hollywood (NOHO)
2021-10-03,150,26,15,"Ozone,PM2.5",Ozone,Los Angeles-North Main Street
2021-10-04,93,31,17,"Ozone,PM2.5",Ozone,Reseda
2021-10-05,71,25,15,"Ozone,PM2.5",Ozone,Reseda
2021-10-06,67,26,15,"Ozone,PM2.5",PM2.5,Glendora
2021-10-07,58,35,17,"Ozone,PM2.5",PM2.5,Glendora
2021-10-08,50,26,15,"Ozone,PM2.5",PM2.5,Glendora
2021-10-09,53,25,15,"Ozone,PM2.5",PM2.5,Glendora
2021-10-10,74,32,17,"Ozone,PM2.5",Ozone,Pasadena
2021-10-11,101,26,15,"Ozone,PM2.5",PM2.5,Lancaster-Division Street
2021-10-12,59,26,15,"Ozone,PM2.5",PM2.5,Long Beach-Route 710 Near Road
2021-10-13,71,35,17,"Ozone,PM2.5",PM2.5,Long Beach-Route 710 Near Road
2021-10-14,75,26,15,"Ozone,PM2.5",PM2.5,Long Beach-Route 710 Near Road
2021-10-15,66,25,15,"Ozone,PM2.5",PM2.5,Long Beach-Route 710 Near Road
2021-10-16,71,32,17,"Ozone,PM2.5",Ozone,North Hollywood (NOHO)
2021-10-17,63,26,15,"Ozone,PM2.5",PM2.5,Long Beach-Route 710 Near Road
2021-10-18,51,26,15,"Ozone,PM2.5",PM2.5,Glendora
2021-10-19,59,36,17,"Ozone,PM2.5",PM2.5,Los Angeles-North Main Street
2021-10-20,61,25,15,"Ozone,PM2.5",PM2.5,Long Beach-Route 710 Near Road
2021-10-21,93,25,15,"Ozone,PM2.5",Ozone,Reseda
2021-10-22,64,32,17,"Ozone,PM2.5",PM2.5,Glendora
2021-10-23,55,26,15,"Ozone,PM2.5",PM2.5,North Hollywood (NOHO)
2021-10-24,55,26,15,"Ozone,PM2.5",PM2.5,North Hollywood (NOHO)
2021-10-25,53,36,17,"Ozone,PM2.5",PM2.5,Glendora
2021-10-26,60,26,15,"Ozone,PM2.5",PM2.5,Long Beach-Route 710 Near Road
2021-10-27,63,24,15,"Ozone,PM2.5",PM2.5,Long Beach-Route 710 Near Road
2021-10-28,66,30,16,"Ozone,PM2.5",PM2.5,Long Beach-Route 710 Near Road
2021-10-29,63,25,15,"Ozone,PM2.5",PM2.5,Compton
2021-10-30,77,26,15,"Ozone,PM2.5",PM2.5,Los Angeles-North Main Street
2021-10-31,81,36,17,"Ozone,PM2.5",PM2.5,North Hollywood (NOHO)
2021-11-01,77,26,15,"Ozone,PM2.5",PM2.5,Los Angeles-North Main Street
2021-11-02,71,24,14,"Ozone,PM2.5",PM2.5,Los Angeles-North Main Street
2021-11-03,80,32,17,"Ozone,PM2.5",PM2.5,Compton
2021-11-04,104,26,15,"Ozone,PM2.5",PM2.5,Compton
2021-11-05,123,24,15,"Ozone,PM2.5",PM2.5,Los Angeles-North Main Street
2021-11-06,158,36,17,"Ozone,PM2.5",PM2.5,Pico Rivera #2
2021-11-07,149,26,15,"Ozone,PM2.5",PM2.5,Los Angeles-North Main Street
2021-11-08,93,26,15,"Ozone,PM2.5",PM2.5,North Hollywood (NOHO)
2021-11-09,68,31,17,"Ozone,PM2.5",PM2.5,Glendora
2021-11-10,77,26,15,"Ozone,PM2.5",PM2.5,Los Angeles-North Main Street
2021-11-11,75,26,15,"Ozone,PM2.5",PM2.5,Long Beach-Route 710 Near Road
2021-11-12,75,34,16,"Ozone,PM2.5",PM2.5,Long Beach-Route 710 Near Road
2021-11-13,63,26,15,"Ozone,PM2.5",PM2.5,Compton
2021-11-14,85,26,15,"Ozone,PM2.5",PM2.5,Long Beach-Route 710 Near Road
2021-11-15,77,30,16,"Ozone,PM2.5",PM2.5,Long Beach-Route 710 Near Road
2021-11-16,93,24,15,"Ozone,PM2.5",PM2.5,Los Angeles-North Main Street
2021-11-17,87,25,14,"Ozone,PM2.5",PM2.5,Los Angeles-North Main Street
2021-11-18,94,34,17,"Ozone,PM2.5",PM2.5,Azusa
2021-11-19,121,24,14,"Ozone,PM2.5",PM2.5,Los Angeles-North Main Street
2021-11-20,146,25,15,"Ozone,PM2.5",PM2.5,Compton
2021-11-21,82,30,17,"Ozone,PM2.5",PM2.5,Compton
2021-11-22,54,25,14,"Ozone,PM2.5",PM2.5,Long Beach-Route 710 Near Road
2021-11-23,55,26,15,"Ozone,PM2.5",PM2.5,Compton
2021-11-24,64,34,16,"Ozone,PM2.5",PM2.5,Compton
2021-11-25,74,25,15,"Ozone,PM2.5",PM2.5,Compton
2021-11-26,65,25,15,"Ozone,PM2.5",PM2.5,Compton
2021-11-27,82,29,16,"Ozone,PM2.5",PM2.5,Compton
2021-11-28,82,24,15,"Ozone,PM2.5",PM2.5,Compton
2021-11-29,86,25,15,"Ozone,PM2.5",PM2.5,Compton
2021-11-30,111,34,17,"Ozone,PM2.5",PM2.5,Los Angeles-North Main Street
2021-12-01,125,25,15,"Ozone,PM2.5",PM2.5,Los Angeles-North Main Street
2021-12-02,124,25,15,"Ozone,PM2.5",PM2.5,Los Angeles-North Main Street
2021-12-03,155,29,16,"Ozone,PM2.5",PM2.5,Pico Rivera #2
2021-12-04,134,26,15,"Ozone,PM2.5",PM2.5,Los Angeles-North Main Street
2021-12-05,130,26,15,"Ozone,PM2.5",PM2.5,Los Angeles-North Main Street
2021-12-06,133,34,16,"Ozone,PM2.5",PM2.5,Pico Rivera #2
2021-12-07,90,23,15,"Ozone,PM2.5",PM2.5,Santa Clarita
2021-12-08,78,23,15,"Ozone,PM2.5",PM2.5,Long Beach-Route 710 Near Road
2021-12-09,72,30,17,"Ozone,PM2.5",PM2.5,Long Beach (North)
2021-12-10,63,23,15,"Ozone,PM2.5",PM2.5,Compton
2021-12-11,69,25,15,"Ozone,PM2.5",PM2.5,Compton
2021-12-12,89,34,17,"Ozone,PM2.5",PM2.5,Long Beach-Route 710 Near Road
2021-12-13,69,25,15,"Ozone,PM2.5",PM2.5,North Hollywood (NOHO)
2021-12-14,38,23,14,"Ozone,PM2.5",Ozone,Santa Clarita
2021-12-15,65,27,16,"Ozone,PM2.5",PM2.5,Compton
2021-12-16,67,24,14,"Ozone,PM2.5",PM2.5,Long Beach (South)
2021-12-17,71,25,15,"Ozone,PM2.5",PM2.5,Long Beach-Route 710 Near Road
2021-12-18,77,34,16,"Ozone,PM2.5",PM2.5,Compton
2021-12-19,97,25,15,"Ozone,PM2.5",PM2.5,Compton
2021-12-20,120,25,15,"Ozone,PM2.5",PM2.5,Compton
2021-12-21,93,30,16,"Ozone,PM2.5",PM2.5,Compton
2021-12-22,95,24,14,"Ozone,PM2.5",PM2.5,Compton
2021-12-23,59,25,15,"Ozone,PM2.5",PM2.5,Compton
2021-12-24,61,35,17,"Ozone,PM2.5",PM2.5,Compton
2021-12-25,64,25,15,"Ozone,PM2.5",PM2.5,North Hollywood (NOHO)
2021-12-26,54,25,15,"Ozone,PM2.5",PM2.5,North Hollywood (NOHO)
2021-12-27,64,31,17,"Ozone,PM2.5",PM2.5,North Hollywood (NOHO)
2021-12-28,54,25,15,"Ozone,PM2.5",PM2.5,North Hollywood (NOHO)
2021-12-29,52,26,15,"Ozone,PM2.5",PM2.5,North Hollywood (NOHO)
2021-12-30,38,34,16,"Ozone,PM2.5",PM2.5,North Hollywood (NOHO)
2021-12-31,82,13,9,PM2.5,PM2.5,Compton
2022-01-01,106,25,15,"Ozone,PM2.5",PM2.5,Compton
2022-01-02,56,31,16,"Ozone,PM2.5",PM2.5,Lancaster-Division Street
2022-01-03,66,26,15,"Ozone,PM2.5",PM2.5,Long Beach-Route 710 Near Road
2022-01-04,75,26,15,"Ozone,PM2.5",PM2.5,Compton
2022-01-05,95,34,15,"Ozone,PM2.5",PM2.5,Compton
2022-01-06,104,26,15,"Ozone,PM2.5",PM2.5,Compton
2022-01-07,98,24,15,"Ozone,PM2.5",PM2.5,North Hollywood (NOHO)
2022-01-08,80,31,16,"Ozone,PM2.5",PM2.5,Compton
2022-01-09,82,26,15,"Ozone,PM2.5",PM2.5,Compton
2022-01-10,57,26,15,"Ozone,PM2.5",PM2.5,Compton
2022-01-11,58,34,16,"Ozone,PM2.5",PM2.5,Long Beach-Route 710 Near Road
2022-01-12,63,26,15,"Ozone,PM2.5",PM2.5,Long Beach-Route 710 Near Road
2022-01-13,81,26,15,"Ozone,PM2.5",PM2.5,Long Beach-Route 710 Near Road
2022-01-14,88,31,16,"Ozone,PM2.5",PM2.5,Long Beach-Route 710 Near Road
2022-01-15,77,26,15,"Ozone,PM2.5",PM2.5,Long Beach-Route 710 Near Road
2022-01-16,56,26,15,"Ozone,PM2.5",PM2.5,Long Beach (South)
2022-01-17,66,35,16,"Ozone,PM2.5",PM2.5,North Hollywood (NOHO)
2022-01-18,66,26,15,"Ozone,PM2.5",PM2.5,Reseda
2022-01-19,77,26,15,"Ozone,PM2.5",PM2.5,Compton
2022-01-20,69,29,16,"Ozone,PM2.5",PM2.5,Long Beach-Route 710 Near Road
2022-01-21,65,26,15,"Ozone,PM2.5",PM2.5,Long Beach-Route 710 Near Road
2022-01-22,57,26,15,"Ozone,PM2.5",PM2.5,Compton
2022-01-23,80,34,17,"Ozone,PM2.5",PM2.5,Compton
2022-01-24,66,26,15,"Ozone,PM2.5",PM2.5,Long Beach-Route 710 Near Road
2022-01-25,69,25,14,"Ozone,PM2.5",PM2.5,Compton
2022-01-26,70,32,17,"Ozone,PM2.5",PM2.5,Compton
2022-01-27,68,25,14,"Ozone,PM2.5",PM2.5,Long Beach-Route 710 Near Road
2022-01-28,61,25,15,"Ozone,PM2.5",PM2.5,Compton
2022-01-29,57,35,17,"Ozone,PM2.5",PM2.5,Compton
2022-01-30,83,26,15,"Ozone,PM2.5",PM2.5,Compton
2022-01-31,80,25,15,"Ozone,PM2.5",PM2.5,North Hollywood (NOHO)
2022-02-01,79,32,17,"Ozone,PM2.5",PM2.5,Compton
2022-02-02,70,26,15,"Ozone,PM2.5",PM2.5,Long Beach-Route 710 Near Road
2022-02-03,67,26,15,"Ozone,PM2.5",PM2.5,Long Beach-Route 710 Near Road
2022-02-04,68,34,16,"Ozone,PM2.5",PM2.5,Compton
2022-02-05,62,26,15,"Ozone,PM2.5",PM2.5,Compton
2022-02-06,86,26,15,"Ozone,PM2.5",PM2.5,Compton
2022-02-07,68,31,16,"Ozone,PM2.5",PM2.5,Long Beach-Route 710 Near Road
2022-02-08,61,25,14,"Ozone,PM2.5",PM2.5,Long Beach-Route 710 Near Road
2022-02-09,72,25,14,"Ozone,PM2.5",PM2.5,Long Beach-Route 710 Near Road
2022-02-10,74,32,14,"Ozone,PM2.5",PM2.5,Long Beach-Route 710 Near Road
2022-02-11,70,26,15,"Ozone,PM2.5",PM2.5,Long Beach-Route 710 Near Road
2022-02-12,70,26,15,"Ozone,PM2.5",PM2.5,Long Beach-Route 710 Near Road
2022-02-13,67,31,16,"Ozone,PM2.5",PM2.5,Compton
2022-02-14,78,26,15,"Ozone,PM2.5",PM2.5,Compton
2022-02-15,56,26,15,"Ozone,PM2.5",PM2.5,North Hollywood (NOHO)
2022-02-16,55,34,16,"Ozone,PM2.5",PM2.5,Long Beach-Route 710 Near Road
2022-02-17,56,25,14,"Ozone,PM2.5",PM2.5,Long Beach-Route 710 Near Road
2022-02-18,61,25,14,"Ozone,PM2.5",PM2.5,Long Beach-Route 710 Near Road
2022-02-19,70,32,17,"Ozone,PM2.5",PM2.5,Compton
2022-02-20,73,26,15,"Ozone,PM2.5",PM2.5,Compton
2022-02-21,61,26,15,"Ozone,PM2.5",PM2.5,North Hollywood (NOHO)
2022-02-22,51,34,16,"Ozone,PM2.5",PM2.5,North Hollywood (NOHO)
2022-02-23,43,25,14,"Ozone,PM2.5",PM2.5,North Hollywood (NOHO)
2022-02-24,54,24,14,"Ozone,PM2.5",PM2.5,Long Beach-Route 710 Near Road
2022-02-25,61,32,17,"Ozone,PM2.5",PM2.5,Long Beach-Route 710 Near Road
2022-02-26,67,26,15,"Ozone,PM2.5",PM2.5,Compton
2022-02-27,59,26,15,"Ozone,PM2.5",PM2.5,Compton
2022-02-28,69,35,17,"Ozone,PM2.5",PM2.5,Long Beach-Route 710 Near Road
2022-03-01,69,25,15,"Ozone,PM2.5",PM2.5,Long Beach-Route 710 Near Road
2022-03-02,64,26,15,"Ozone,PM2.5",PM2.5,North Hollywood (NOHO)
2022-03-03,74,30,16,"Ozone,PM2.5",PM2.5,North Hollywood (NOHO)
2022-03-04,49,26,15,"Ozone,PM2.5",PM2.5,North Hollywood (NOHO)
2022-03-05,53,25,14,"Ozone,PM2.5",PM2.5,North Hollywood (NOHO)
2022-03-06,56,35,17,"Ozone,PM2.5",PM2.5,North Hollywood (NOHO)
2022-03-07,62,26,15,"Ozone,PM2.5",PM2.5,Long Beach-Route 710 Near Road
2022-03-08,60,26,15,"Ozone,PM2.5",PM2.5,Long Beach-Route 710 Near Road
2022-03-09,62,31,17,"Ozone,PM2.5",PM2.5,North Hollywood (NOHO)
2022-03-10,62,25,15,"Ozone,PM2.5",PM2.5,Compton
2022-03-11,63,26,15,"Ozone,PM2.5",PM2.5,Long Beach-Route 710 Near Road
2022-03-12,59,35,17,"Ozone,PM2.5",PM2.5,Long Beach-Route 710 Near Road
2022-03-13,64,26,15,"Ozone,PM2.5",Ozone,Pomona
2022-03-14,61,25,15,"Ozone,PM2.5",PM2.5,North Hollywood (NOHO)
2022-03-15,64,29,17,"Ozone,PM2.5",PM2.5,North Hollywood (NOHO)
2022-03-16,56,23,14,"Ozone,PM2.5",PM2.5,Compton
2022-03-17,58,24,14,"Ozone,PM2.5",PM2.5,Los Angeles-North Main Street
2022-03-18,65,33,17,"Ozone,PM2.5",PM2.5,Long Beach (South)
2022-03-19,62,24,14,"Ozone,PM2.5",PM2.5,North Hollywood (NOHO)
2022-03-20,43,24,14,"Ozone,PM2.5",Ozone,Reseda
2022-03-21,61,30,17,"Ozone,PM2.5",PM2.5,Los Angeles-North Main Street
2022-03-22,60,23,13,"Ozone,PM2.5",PM2.5,Long Beach (South)
2022-03-23,57,23,13,"Ozone,PM2.5",PM2.5,Compton
2022-03-24,74,32,16,"Ozone,PM2.5",Ozone,Glendora
2022-03-25,74,25,15,"Ozone,PM2.5",Ozone,Lancaster-Division Street
2022-03-26,69,25,15,"Ozone,PM2.5",PM2.5,Los Angeles-North Main Street
2022-03-27,63,31,17,"Ozone,PM2.5",PM2.5,Compton
2022-03-28,42,25,15,"Ozone,PM2.5",Ozone,Lancaster-Division Street
2022-03-29,51,25,15,"Ozone,PM2.5",PM2.5,Los Angeles-North Main Street
2022-03-30,59,32,15,"Ozone,PM2.5",PM2.5,North Hollywood (NOHO)
2022-03-31,59,25,15,"Ozone,PM2.5",PM2.5,North Hollywood (NOHO)
2022-04-01,64,26,15,"Ozone,PM2.5",PM2.5,North Hollywood (NOHO)
2022-04-02,66,32,17,"Ozone,PM2.5",PM2.5,Azusa
2022-04-03,59,26,15,"Ozone,PM2.5",PM2.5,North Hollywood (NOHO)
2022-04-04,67,26,15,"Ozone,PM2.5",PM2.5,North Hollywood (NOHO)
2022-04-05,80,33,17,"Ozone,PM2.5",Ozone,Pomona
2022-04-06,112,26,15,"Ozone,PM2.5",Ozone,Glendora
2022-04-07,129,26,15,"Ozone,PM2.5",Ozone,Glendora
2022-04-08,77,32,17,"Ozone,PM2.5",Ozone,Glendora
2022-04-09,115,26,15,"Ozone,PM2.5",Ozone,Santa Clarita
2022-04-10,73,26,15,"Ozone,PM2.5",PM2.5,Los Angeles-North Main Street
2022-04-11,63,35,17,"Ozone,PM2.5",PM2.5,Los Angeles-North Main Street
2022-04-12,49,26,15,"Ozone,PM2.5",PM2.5,Long Beach (South)
2022-04-13,58,25,15,"Ozone,PM2.5",Ozone,Santa Clarita
2022-04-14,61,28,15,"Ozone,PM2.5",Ozone,Pomona
2022-04-15,56,25,15,"Ozone,PM2.5",PM2.5,North Hollywood (NOHO)
2022-04-16,46,26,15,"Ozone,PM2.5",PM2.5,North Hollywood (NOHO)
2022-04-17,61,35,17,"Ozone,PM2.5",Ozone,Pomona
2022-04-18,74,24,14,"Ozone,PM2.5",Ozone,Glendora
2022-04-19,54,25,15,"Ozone,PM2.5",PM2.5,North Hollywood (NOHO)
2022-04-20,53,31,17,"Ozone,PM2.5",PM2.5,Reseda
2022-04-21,49,23,13,"Ozone,PM2.5",PM2.5,Compton
2022-04-22,44,26,15,"Ozone,PM2.5",Ozone,Pomona
2022-04-23,56,36,17,"Ozone,PM2.5",PM2.5,Compton
2022-04-24,61,26,15,"Ozone,PM2.5",Ozone,Pomona
2022-04-25,87,26,15,"Ozone,PM2.5",Ozone,North Hollywood (NOHO)
2022-04-26,100,32,17,"Ozone,PM2.5",Ozone,Lancaster-Division Street
2022-04-27,97,26,15,"Ozone,PM2.5",Ozone,Lancaster-Division Street
2022-04-28,80,26,15,"Ozone,PM2.5",Ozone,Lancaster-Division Street
2022-04-29,90,34,16,"Ozone,PM2.5",Ozone,Pomona
2022-04-30,129,26,15,"Ozone,PM2.5",Ozone,Pomona
2022-05-01,93,24,14,"Ozone,PM2.5",Ozone,Glendora
2022-05-02,74,30,16,"Ozone,PM2.5",Ozone,Lancaster-Division Street
2022-05-03,71,24,14,"Ozone,PM2.5",Ozone,Santa Clarita
2022-05-04,101,24,14,"Ozone,PM2.5",Ozone,Glendora
2022-05-05,108,33,16,"Ozone,PM2.5",Ozone,Lancaster-Division Street
2022-05-06,108,24,14,"Ozone,PM2.5",Ozone,Glendora
2022-05-07,80,25,14,"Ozone,PM2.5",Ozone,Santa Clarita
2022-05-08,60,30,16,"Ozone,PM2.5",PM2.5,North Hollywood (NOHO)
2022-05-09,56,24,14,"Ozone,PM2.5",PM2.5,Compton
2022-05-10,53,24,14,"Ozone,PM2.5",PM2.5,North Hollywood (NOHO)
2022-05-11,46,32,16,"Ozone,PM2.5",Ozone,Lancaster-Division Street
2022-05-12,74,24,14,"Ozone,PM2.5",Ozone,Glendora
2022-05-13,101,23,13,"Ozone,PM2.5",Ozone,North Hollywood (NOHO)
2022-05-14,192,30,16,"Ozone,PM2.5",Ozone,Pasadena
2022-05-15,133,24,14,"Ozone,PM2.5",Ozone,Santa Clarita
2022-05-16,84,24,14,"Ozone,PM2.5",Ozone,Santa Clarita
2022-05-17,74,33,15,"Ozone,PM2.5",Ozone,Santa Clarita
2022-05-18,119,22,13,"Ozone,PM2.5",Ozone,Santa Clarita
2022-05-19,77,22,13,"Ozone,PM2.5",Ozone,Santa Clarita
2022-05-20,64,26,13,"Ozone,PM2.5",Ozone,Lancaster-Division Street
2022-05-21,64,23,13,"Ozone,PM2.5",Ozone,Lancaster-Division Street
2022-05-22,84,23,13,"Ozone,PM2.5",Ozone,Lancaster-Division Street
2022-05-23,93,30,13,"Ozone,PM2.5",Ozone,Santa Clarita
2022-05-24,154,23,13,"Ozone,PM2.5",Ozone,Santa Clarita
2022-05-25,179,24,14,"Ozone,PM2.5",Ozone,Santa Clarita
2022-05-26,90,29,15,"Ozone,PM2.5",Ozone,Santa Clarita
2022-05-27,56,24,14,"Ozone,PM2.5",PM2.5,Reseda
2022-05-28,55,24,14,"Ozone,PM2.5",PM2.5,North Hollywood (NOHO)
2022-05-29,54,34,16,"Ozone,PM2.5",PM2.5,North Hollywood (NOHO)
2022-05-30,60,24,14,"Ozone,PM2.5",PM2.5,Reseda
2022-05-31,97,24,14,"Ozone,PM2.5",Ozone,Santa Clarita
2022-06-01,105,30,16,"Ozone,PM2.5",Ozone,Glendora
2022-06-02,136,24,14,"Ozone,PM2.5",Ozone,Lancaster-Division Street
2022-06-03,84,24,14,"Ozone,PM2.5",Ozone,Glendora
2022-06-04,61,32,16,"Ozone,PM2.5",Ozone,Santa Clarita
2022-06-05,67,24,14,"Ozone,PM2.5",Ozone,Pomona
2022-06-06,90,24,14,"Ozone,PM2.5",Ozone,Santa Clarita
2022-06-07,129,29,16,"Ozone,PM2.5",Ozone,Santa Clarita
2022-06-08,174,23,13,"Ozone,PM2.5",Ozone,Santa Clarita
2022-06-09,172,23,13,"Ozone,PM2.5",Ozone,Santa Clarita
2022-06-10,182,32,16,"Ozone,PM2.5",Ozone,Santa Clarita
2022-06-11,154,24,14,"Ozone,PM2.5",Ozone,Glendora
2022-06-12,93,24,14,"Ozone,PM2.5",Ozone,Santa Clarita
2022-06-13,64,28,16,"Ozone,PM2.5",Ozone,Santa Clarita
2022-06-14,97,23,14,"Ozone,PM2.5",Ozone,Santa Clarita
2022-06-15,159,23,14,"Ozone,PM2.5",Ozone,Santa Clarita
2022-06-16,161,29,14,"Ozone,PM2.5",Ozone,Santa Clarita
2022-06-17,80,23,14,"Ozone,PM2.5",Ozone,Glendora
2022-06-18,58,23,14,"Ozone,PM2.5",Ozone,Glendora
2022-06-19,71,27,16,"Ozone,PM2.5",Ozone,Pomona
2022-06-20,133,23,14,"Ozone,PM2.5",Ozone,Pomona
2022-06-21,112,22,13,"Ozone,PM2.5",Ozone,Lancaster-Division Street
2022-06-22,68,32,15,"Ozone,PM2.5",PM2.5,Los Angeles-North Main Street
2022-06-23,87,24,14,"Ozone,PM2.5",Ozone,Glendora
2022-06-24,115,24,14,"Ozone,PM2.5",Ozone,Glendora
2022-06-25,140,28,15,"Ozone,PM2.5",Ozone,Lancaster-Division Street
2022-06-26,172,24,14,"Ozone,PM2.5",Ozone,Glendora
2022-06-27,151,24,14,"Ozone,PM2.5",Ozone,Glendora
2022-06-28,154,31,15,"Ozone,PM2.5",Ozone,Santa Clarita
2022-06-29,133,24,14,"Ozone,PM2.5",Ozone,Glendora
2022-06-30,119,24,14,"Ozone,PM2.5",Ozone,Glendora
2022-07-01,105,27,14,"Ozone,PM2.5",Ozone,Glendora
2022-07-02,74,24,14,"Ozone,PM2.5",Ozone,Glendora
2022-07-03,57,24,14,"Ozone,PM2.5",PM2.5,Los Angeles-North Main Street
2022-07-04,146,31,14,"Ozone,PM2.5",PM2.5,Pico Rivera #2
2022-07-05,151,24,14,"Ozone,PM2.5",PM2.5,Glendora
2022-07-06,47,24,14,"Ozone,PM2.5",Ozone,Lancaster-Division Street
2022-07-07,58,27,14,"Ozone,PM2.5",Ozone,Glendora
2022-07-08,93,24,14,"Ozone,PM2.5",Ozone,Santa Clarita
2022-07-09,93,24,14,"Ozone,PM2.5",Ozone,Lancaster-Division Street
2022-07-10,115,30,14,"Ozone,PM2.5",Ozone,Glendora
2022-07-11,112,24,14,"Ozone,PM2.5",Ozone,Santa Clarita
2022-07-12,108,24,14,"Ozone,PM2.5",Ozone,Lancaster-Division Street
2022-07-13,133,27,14,"Ozone,PM2.5",Ozone,Santa Clarita
2022-07-14,115,24,14,"Ozone,PM2.5",Ozone,Santa Clarita
2022-07-15,156,24,14,"Ozone,PM2.5",Ozone,Santa Clarita
2022-07-16,169,32,14,"Ozone,PM2.5",Ozone,Santa Clarita
2022-07-17,140,24,14,"Ozone,PM2.5",Ozone,Santa Clarita
2022-07-18,108,24,14,"Ozone,PM2.5",Ozone,Santa Clarita
2022-07-19,84,28,14,"Ozone,PM2.5",Ozone,Glendora
2022-07-20,90,24,14,"Ozone,PM2.5",Ozone,Lancaster-Division Street
2022-07-21,156,24,14,"Ozone,PM2.5",Ozone,Santa Clarita
2022-07-22,150,32,15,"Ozone,PM2.5",Ozone,Santa Clarita
2022-07-23,133,24,14,"Ozone,PM2.5",Ozone,Santa Clarita
2022-07-24,136,24,14,"Ozone,PM2.5",Ozone,Santa Clarita
2022-07-25,129,29,15,"Ozone,PM2.5",Ozone,Glendora
2022-07-26,122,24,14,"Ozone,PM2.5",Ozone,Glendora
2022-07-27,112,24,14,"Ozone,PM2.5",Ozone,Pomona
2022-07-28,140,31,14,"Ozone,PM2.5",Ozone,Lancaster-Division Street
2022-07-29,136,23,13,"Ozone,PM2.5",Ozone,Lancaster-Division Street
2022-07-30,108,24,14,"Ozone,PM2.5",Ozone,Santa Clarita
2022-07-31,93,28,14,"Ozone,PM2.5",Ozone,Glendora
2022-08-01,74,24,14,"Ozone,PM2.5",Ozone,Santa Clarita
2022-08-02,54,22,13,"Ozone,PM2.5",PM2.5,North Hollywood (NOHO)
2022-08-03,112,31,14,"Ozone,PM2.5",Ozone,Santa Clarita
2022-08-04,105,23,13,"Ozone,PM2.5",Ozone,Lancaster-Division Street
2022-08-05,67,24,14,"Ozone,PM2.5",Ozone,Glendora
2022-08-06,87,28,14,"Ozone,PM2.5",Ozone,Pomona
2022-08-07,136,24,14,"Ozone,PM2.5",Ozone,Glendora
2022-08-08,122,24,14,"Ozone,PM2.5",Ozone,Santa Clarita
2022-08-09,90,31,14,"Ozone,PM2.5",Ozone,Lancaster-Division Street
2022-08-10,84,24,14,"Ozone,PM2.5",Ozone,Glendora
2022-08-11,87,25,14,"Ozone,PM2.5",Ozone,Pomona
2022-08-12,140,28,14,"Ozone,PM2.5",Ozone,Pomona
2022-08-13,161,25,14,"Ozone,PM2.5",Ozone,Glendora
2022-08-14,150,25,14,"Ozone,PM2.5",Ozone,Glendora
2022-08-15,161,32,14,"Ozone,PM2.5",Ozone,Glendora
2022-08-16,151,25,14,"Ozone,PM2.5",Ozone,Pomona
2022-08-17,119,25,14,"Ozone,PM2.5",Ozone,Pomona
2022-08-18,136,28,13,"Ozone,PM2.5",Ozone,Santa Clarita
2022-08-19,164,25,14,"Ozone,PM2.5",Ozone,Santa Clarita
2022-08-20,105,25,14,"Ozone,PM2.5",Ozone,Santa Clarita
2022-08-21,90,33,14,"Ozone,PM2.5",Ozone,Lancaster-Division Street
2022-08-22,112,25,14,"Ozone,PM2.5",Ozone,Santa Clarita
2022-08-23,174,25,14,"Ozone,PM2.5",Ozone,Santa Clarita
2022-08-24,115,29,14,"Ozone,PM2.5",Ozone,Santa Clarita
2022-08-25,84,25,14,"Ozone,PM2.5",Ozone,Lancaster-Division Street
2022-08-26,101,25,14,"Ozone,PM2.5",Ozone,Santa Clarita
2022-08-27,84,32,14,"Ozone,PM2.5",Ozone,Glendora
2022-08-28,55,25,14,"Ozone,PM2.5",PM2.5,North Hollywood (NOHO)
2022-08-29,74,25,14,"Ozone,PM2.5",Ozone,Lancaster-Division Street
2022-08-30,112,29,14,"Ozone,PM2.5",Ozone,Glendora
2022-08-31,159,25,14,"Ozone,PM2.5",Ozone,Glendora
2022-09-01,209,25,14,"Ozone,PM2.5",Ozone,Santa Clarita
2022-09-02,156,33,14,"Ozone,PM2.5",Ozone,Santa Clarita
2022-09-03,159,25,14,"Ozone,PM2.5",Ozone,Glendora
2022-09-04,133,25,14,"Ozone,PM2.5",Ozone,Pasadena
2022-09-05,182,29,14,"Ozone,PM2.5",Ozone,Glendora
2022-09-06,172,24,14,"Ozone,PM2.5",Ozone,Glendora
2022-09-07,156,25,14,"Ozone,PM2.5",Ozone,Pomona
2022-09-08,77,32,14,"Ozone,PM2.5",Ozone,Reseda
2022-09-09,58,25,14,"Ozone,PM2.5",PM2.5,Lancaster-Division Street
2022-09-10,52,25,14,"Ozone,PM2.5",PM2.5,Reseda
2022-09-11,46,29,14,"Ozone,PM2.5",PM2.5,Reseda
2022-09-12,49,25,14,"Ozone,PM2.5",Ozone,Lancaster-Division Street
2022-09-13,61,25,14,"Ozone,PM2.5",Ozone,Lancaster-Division Street
2022-09-14,58,31,14,"Ozone,PM2.5",PM2.5,Reseda
2022-09-15,61,23,14,"Ozone,PM2.5",PM2.5,Reseda
2022-09-16,93,24,13,"Ozone,PM2.5",Ozone,Santa Clarita
2022-09-17,67,29,14,"Ozone,PM2.5",Ozone,Lancaster-Division Street
2022-09-18,55,25,14,"Ozone,PM2.5",PM2.5,Santa Clarita
2022-09-19,46,24,14,"Ozone,PM2.5",Ozone,Glendora
2022-09-20,38,32,14,"Ozone,PM2.5",Ozone,Pomona
2022-09-21,42,25,14,"Ozone,PM2.5",Ozone,Lancaster-Division Street
2022-09-22,87,24,14,"Ozone,PM2.5",Ozone,Santa Clarita
2022-09-23,90,29,14,"Ozone,PM2.5",Ozone,Glendora
2022-09-24,93,25,14,"Ozone,PM2.5",Ozone,Pomona
2022-09-25,101,25,14,"Ozone,PM2.5",Ozone,Glendora
2022-09-26,87,32,14,"Ozone,PM2.5",Ozone,Glendora
2022-09-27,126,25,14,"Ozone,PM2.5",Ozone,Glendora
2022-09-28,154,25,14,"Ozone,PM2.5",Ozone,Glendora
2022-09-29,112,27,14,"Ozone,PM2.5",Ozone,Glendora
2022-09-30,67,24,13,"Ozone,PM2.5",Ozone,Santa Clarita
2022-10-01,64,24,13,"Ozone,PM2.5",Ozone,Santa Clarita
2022-10-02,87,29,13,"Ozone,PM2.5",Ozone,Pomona
2022-10-03,74,24,13,"Ozone,PM2.5",Ozone,Pomona
2022-10-04,93,24,13,"Ozone,PM2.5",Ozone,Reseda
2022-10-05,126,26,13,"Ozone,PM2.5",Ozone,Santa Clarita
2022-10-06,129,23,12,"Ozone,PM2.5",Ozone,Santa Clarita
2022-10-07,119,24,13,"Ozone,PM2.5",Ozone,Santa Clarita
2022-10-08,143,31,13,"Ozone,PM2.5",Ozone,Glendora
2022-10-09,115,24,13,"Ozone,PM2.5",Ozone,Glendora
2022-10-10,80,23,12,"Ozone,PM2.5",Ozone,Lancaster-Division Street
2022-10-11,66,27,13,"Ozone,PM2.5",PM2.5,Glendora
2022-10-12,64,21,13,"Ozone,PM2.5",PM2.5,Glendora
2022-10-13,76,22,13,"Ozone,PM2.5",PM2.5,Los Angeles-North Main Street
2022-10-14,75,30,13,"Ozone,PM2.5",PM2.5,Reseda
2022-10-15,51,23,13,"Ozone,PM2.5",Ozone,Lancaster-Division Street
2022-10-16,54,24,13,"Ozone,PM2.5",Ozone,Lancaster-Division Street
2022-10-17,60,26,13,"Ozone,PM2.5",PM2.5,Long Beach-Route 710 Near Road
2022-10-18,84,23,13,"Ozone,PM2.5",Ozone,West Los Angeles
2022-10-19,63,24,13,"Ozone,PM2.5",PM2.5,Long Beach-Route 710 Near Road
2022-10-20,61,31,13,"Ozone,PM2.5",Ozone,Santa Clarita
2022-10-21,97,24,13,"Ozone,PM2.5",Ozone,Santa Clarita
2022-10-22,62,24,13,"Ozone,PM2.5",PM2.5,Reseda
2022-10-23,51,27,13,"Ozone,PM2.5",PM2.5,Long Beach-Route 710 Near Road
2022-10-24,55,24,13,"Ozone,PM2.5",PM2.5,Long Beach-Route 710 Near Road
2022-10-25,59,24,13,"Ozone,PM2.5",PM2.5,Long Beach-Route 710 Near Road
2022-10-26,63,29,13,"Ozone,PM2.5",PM2.5,North Hollywood (NOHO)
2022-10-27,62,23,13,"Ozone,PM2.5",PM2.5,Long Beach-Route 710 Near Road
2022-10-28,70,23,13,"Ozone,PM2.5",PM2.5,Compton
2022-10-29,71,27,13,"Ozone,PM2.5",PM2.5,Compton
2022-10-30,77,24,13,"Ozone,PM2.5",Ozone,Glendora
2022-10-31,70,24,13,"Ozone,PM2.5",PM2.5,Compton
2022-11-01,68,31,13,"Ozone,PM2.5",PM2.5,Reseda
2022-11-02,43,23,13,"Ozone,PM2.5",PM2.5,Reseda
2022-11-03,50,23,12,"Ozone,PM2.5",PM2.5,Reseda
2022-11-04,55,27,13,"Ozone,PM2.5",PM2.5,Long Beach-Route 710 Near Road
2022-11-05,65,24,13,"Ozone,PM2.5",PM2.5,Long Beach-Route 710 Near Road
2022-11-06,66,24,13,"Ozone,PM2.5",PM2.5,Compton
2022-11-07,54,30,13,"Ozone,PM2.5",PM2.5,Reseda
2022-11-08,46,23,12,"Ozone,PM2.5",PM2.5,Reseda
2022-11-09,52,23,12,"Ozone,PM2.5",PM2.5,Reseda
2022-11-10,58,27,13,"Ozone,PM2.5",PM2.5,Reseda
2022-11-11,62,24,13,"Ozone,PM2.5",PM2.5,Long Beach-Route 710 Near Road
2022-11-12,69,24,13,"Ozone,PM2.5",PM2.5,Reseda
2022-11-13,64,30,13,"Ozone,PM2.5",PM2.5,Reseda
2022-11-14,65,24,13,"Ozone,PM2.5",PM2.5,Long Beach-Route 710 Near Road
2022-11-15,70,24,13,"Ozone,PM2.5",PM2.5,Long Beach-Route 710 Near Road
2022-11-16,73,26,13,"Ozone,PM2.5",PM2.5,Compton
2022-11-17,65,22,12,"Ozone,PM2.5",PM2.5,Long Beach-Route 710 Near Road
2022-11-18,67,22,12,"Ozone,PM2.5",PM2.5,Reseda
2022-11-19,81,30,13,"Ozone,PM2.5",PM2.5,Compton
2022-11-20,58,24,13,"Ozone,PM2.5",PM2.5,Compton
2022-11-21,60,24,13,"Ozone,PM2.5",PM2.5,Reseda
2022-11-22,66,27,13,"Ozone,PM2.5",PM2.5,Compton
2022-11-23,84,24,13,"Ozone,PM2.5",PM2.5,Compton
2022-11-24,117,24,13,"Ozone,PM2.5",PM2.5,Compton
2022-11-25,76,30,13,"Ozone,PM2.5",PM2.5,Compton
2022-11-26,77,24,13,"Ozone,PM2.5",PM2.5,Compton
2022-11-27,83,24,13,"Ozone,PM2.5",PM2.5,Compton
2022-11-28,73,27,13,"Ozone,PM2.5",PM2.5,Reseda
2022-11-29,67,23,12,"Ozone,PM2.5",PM2.5,Reseda
2022-11-30,67,23,13,"Ozone,PM2.5",PM2.5,Reseda
2022-12-01,58,30,13,"Ozone,PM2.5",PM2.5,Reseda
2022-12-02,61,24,13,"Ozone,PM2.5",PM2.5,Reseda
2022-12-03,63,24,13,"Ozone,PM2.5",PM2.5,Reseda
2022-12-04,65,27,13,"Ozone,PM2.5",PM2.5,Reseda
2022-12-05,52,24,13,"Ozone,PM2.5",PM2.5,Reseda
2022-12-06,59,23,13,"Ozone,PM2.5",PM2.5,Reseda
2022-12-07,64,28,11,"Ozone,PM2.5",PM2.5,Long Beach-Route 710 Near Road
2022-12-08,62,22,11,"Ozone,PM2.5",PM2.5,Long Beach-Route 710 Near Road
2022-12-09,74,23,12,"Ozone,PM2.5",PM2.5,Compton
2022-12-10,66,26,12,"Ozone,PM2.5",PM2.5,Reseda
2022-12-11,48,22,12,"Ozone,PM2.5",PM2.5,Lancaster-Division Street
2022-12-12,51,22,12,"Ozone,PM2.5",PM2.5,Compton
2022-12-13,60,28,12,"Ozone,PM2.5",PM2.5,Long Beach-Route 710 Near Road
2022-12-14,70,22,12,"Ozone,PM2.5",PM2.5,Long Beach-Route 710 Near Road
2022-12-15,78,23,12,"Ozone,PM2.5",PM2.5,Compton
2022-12-16,61,24,12,"Ozone,PM2.5",PM2.5,Long Beach-Route 710 Near Road
2022-12-17,64,22,12,"Ozone,PM2.5",PM2.5,Compton
2022-12-18,80,22,12,"Ozone,PM2.5",PM2.5,Compton
2022-12-19,96,26,11,"Ozone,PM2.5",PM2.5,Long Beach-Route 710 Near Road
2022-12-20,75,19,11,"Ozone,PM2.5",PM2.5,Long Beach-Route 710 Near Road
2022-12-21,78,18,11,"Ozone,PM2.5",PM2.5,Compton
2022-12-22,88,24,11,"Ozone,PM2.5",PM2.5,Long Beach-Route 710 Near Road
2022-12-23,102,21,11,"Ozone,PM2.5",PM2.5,Compton
2022-12-24,148,21,12,"Ozone,PM2.5",PM2.5,Compton
2022-12-25,114,27,12,"Ozone,PM2.5",PM2.5,Compton
2022-12-26,86,22,12,"Ozone,PM2.5",PM2.5,Reseda
2022-12-27,75,21,12,"Ozone,PM2.5",PM2.5,Compton
2022-12-28,58,23,12,"Ozone,PM2.5",PM2.5,Compton
2022-12-29,55,20,11,"Ozone,PM2.5",PM2.5,Compton
2022-12-30,54,20,11,"Ozone,PM2.5",PM2.5,Los Angeles-North Main Street
2022-12-31,31,18,10,PM2.5,PM2.5,Los Angeles-North Main Street
2023-01-01,46,23,13,"Ozone,PM2.5",PM2.5,Long Beach-Route 710 Near Road
2023-01-02,56,23,13,"Ozone,PM2.5",PM2.5,Compton
2023-01-03,42,25,13,"Ozone,PM2.5",PM2.5,Reseda
2023-01-04,38,23,13,"Ozone,PM2.5",Ozone,Santa Clarita
2023-01-05,46,23,13,"Ozone,PM2.5",PM2.5,Long Beach-Route 710 Near Road
2023-01-06,61,28,13,"Ozone,PM2.5",PM2.5,Compton
2023-01-07,69,23,13,"Ozone,PM2.5",PM2.5,Compton
2023-01-08,82,23,13,"Ozone,PM2.5",PM2.5,Compton
2023-01-09,52,26,13,"Ozone,PM2.5",PM2.5,Compton
2023-01-10,44,23,13,"Ozone,PM2.5",PM2.5,Compton
2023-01-11,65,23,13,"Ozone,PM2.5",PM2.5,Long Beach-Route 710 Near Road
2023-01-12,59,31,13,"Ozone,PM2.5",PM2.5,Compton
2023-01-13,68,24,13,"Ozone,PM2.5",PM2.5,Long Beach-Route 710 Near Road
2023-01-14,68,24,13,"Ozone,PM2.5",PM2.5,Long Beach-Route 710 Near Road
2023-01-15,53,27,13,"Ozone,PM2.5",PM2.5,Long Beach-Route 710 Near Road
2023-01-16,40,24,13,"Ozone,PM2.5",PM2.5,Long Beach-Route 710 Near Road
2023-01-17,52,23,13,"Ozone,PM2.5",PM2.5,Long Beach-Route 710 Near Road
2023-01-18,66,28,13,"Ozone,PM2.5",PM2.5,Long Beach-Route 710 Near Road
2023-01-19,67,22,13,"Ozone,PM2.5",PM2.5,Long Beach-Route 710 Near Road
2023-01-20,64,23,13,"Ozone,PM2.5",PM2.5,Long Beach-Route 710 Near Road
2023-01-21,75,26,13,"Ozone,PM2.5",PM2.5,Long Beach-Route 710 Near Road
2023-01-22,82,23,13,"Ozone,PM2.5",PM2.5,Compton
2023-01-23,58,23,13,"Ozone,PM2.5",PM2.5,Long Beach-Route 710 Near Road
2023-01-24,67,29,12,"Ozone,PM2.5",PM2.5,Long Beach-Route 710 Near Road
2023-01-25,80,24,13,"Ozone,PM2.5",PM2.5,Long Beach-Route 710 Near Road
2023-01-26,75,24,13,"Ozone,PM2.5",PM2.5,Long Beach-Route 710 Near Road
2023-01-27,68,25,13,"Ozone,PM2.5",PM2.5,Long Beach-Route 710 Near Road
2023-01-28,65,23,13,"Ozone,PM2.5",PM2.5,Reseda
2023-01-29,54,23,13,"Ozone,PM2.5",PM2.5,Santa Clarita
2023-01-30,46,30,14,"Ozone,PM2.5",PM2.5,Long Beach-Route 710 Near Road
2023-01-31,68,23,13,"Ozone,PM2.5",PM2.5,Long Beach-Route 710 Near Road
2023-02-01,70,23,13,"Ozone,PM2.5",PM2.5,Long Beach-Route 710 Near Road
2023-02-02,66,26,13,"Ozone,PM2.5",PM2.5,Long Beach-Route 710 Near Road
2023-02-03,67,24,13,"Ozone,PM2.5",PM2.5,Long Beach-Route 710 Near Road
2023-02-04,76,24,13,"Ozone,PM2.5",PM2.5,Long Beach-Route 710 Near Road
2023-02-05,64,31,13,"Ozone,PM2.5",PM2.5,Compton
2023-02-06,52,24,13,"Ozone,PM2.5",PM2.5,Long Beach-Route 710 Near Road
2023-02-07,63,23,13,"Ozone,PM2.5",PM2.5,Long Beach-Route 710 Near Road
2023-02-08,66,26,13,"Ozone,PM2.5",PM2.5,Long Beach-Route 710 Near Road
2023-02-09,70,22,13,"Ozone,PM2.5",PM2.5,Long Beach-Route 710 Near Road
2023-02-10,55,23,12,"Ozone,PM2.5",PM2.5,Long Beach-Route 710 Near Road
2023-02-11,58,29,13,"Ozone,PM2.5",PM2.5,Long Beach-Route 710 Near Road
2023-02-12,63,24,13,"Ozone,PM2.5",PM2.5,Long Beach-Route 710 Near Road
2023-02-13,53,24,13,"Ozone,PM2.5",PM2.5,Reseda
2023-02-14,57,27,13,"Ozone,PM2.5",PM2.5,Long Beach-Route 710 Near Road
2023-02-15,52,22,12,"Ozone,PM2.5",PM2.5,Long Beach-Route 710 Near Road
2023-02-16,62,23,12,"Ozone,PM2.5",PM2.5,Long Beach-Route 710 Near Road
2023-02-17,62,31,13,"Ozone,PM2.5",PM2.5,Long Beach-Route 710 Near Road
2023-02-18,65,24,13,"Ozone,PM2.5",PM2.5,Long Beach-Route 710 Near Road
2023-02-19,81,24,13,"Ozone,PM2.5",PM2.5,Long Beach-Route 710 Near Road
2023-02-20,73,27,13,"Ozone,PM2.5",PM2.5,Long Beach-Route 710 Near Road
2023-02-21,64,23,12,"Ozone,PM2.5",PM2.5,Long Beach-Route 710 Near Road
2023-02-22,53,21,12,"Ozone,PM2.5",PM2.5,Long Beach-Route 710 Near Road
2023-02-23,48,26,12,"Ozone,PM2.5",PM2.5,Long Beach-Route 710 Near Road
2023-02-24,47,22,13,"Ozone,PM2.5",PM2.5,Long Beach-Route 710 Near Road
2023-02-25,49,23,13,"Ozone,PM2.5",PM2.5,Long Beach-Route 710 Near Road
2023-02-26,59,26,13,"Ozone,PM2.5",PM2.5,Reseda
2023-02-27,60,23,13,"Ozone,PM2.5",PM2.5,Reseda
2023-02-28,52,22,13,"Ozone,PM2.5",PM2.5,Long Beach-Route 710 Near Road
2023-03-01,47,29,12,"Ozone,PM2.5",PM2.5,Long Beach-Route 710 Near Road
2023-03-02,53,23,13,"Ozone,PM2.5",PM2.5,Long Beach-Route 710 Near Road
2023-03-03,63,23,12,"Ozone,PM2.5",PM2.5,Long Beach-Route 710 Near Road
2023-03-04,62,27,13,"Ozone,PM2.5",PM2.5,Long Beach-Route 710 Near Road
2023-03-05,55,24,13,"Ozone,PM2.5",PM2.5,Reseda
2023-03-06,48,24,13,"Ozone,PM2.5",PM2.5,Long Beach-Route 710 Near Road
2023-03-07,55,29,13,"Ozone,PM2.5",PM2.5,Long Beach-Route 710 Near Road
2023-03-08,55,23,13,"Ozone,PM2.5",PM2.5,Long Beach-Route 710 Near Road
2023-03-09,63,23,13,"Ozone,PM2.5",PM2.5,Long Beach-Route 710 Near Road
2023-03-10,42,27,13,"Ozone,PM2.5",PM2.5,Los Angeles-North Main Street
2023-03-11,37,24,13,"Ozone,PM2.5",PM2.5,Long Beach-Route 710 Near Road
2023-03-12,40,24,13,"Ozone,PM2.5",PM2.5,Long Beach-Route 710 Near Road
2023-03-13,53,30,13,"Ozone,PM2.5",PM2.5,Long Beach-Route 710 Near Road
2023-03-14,57,23,12,"Ozone,PM2.5",PM2.5,Los Angeles-North Main Street
2023-03-15,48,24,13,"Ozone,PM2.5",PM2.5,Long Beach-Route 710 Near Road
2023-03-16,64,27,13,"Ozone,PM2.5",Ozone,Santa Clarita
2023-03-17,64,24,13,"Ozone,PM2.5",PM2.5,Los Angeles-North Main Street
2023-03-18,60,24,13,"Ozone,PM2.5",PM2.5,Long Beach-Route 710 Near Road
2023-03-19,58,30,13,"Ozone,PM2.5",PM2.5,Compton
2023-03-20,44,24,13,"Ozone,PM2.5",PM2.5,Long Beach-Route 710 Near Road
2023-03-21,47,24,13,"Ozone,PM2.5",PM2.5,Long Beach-Route 710 Near Road
2023-03-22,51,26,13,"Ozone,PM2.5",PM2.5,Long Beach-Route 710 Near Road
2023-03-23,57,24,13,"Ozone,PM2.5",PM2.5,Long Beach-Route 710 Near Road
2023-03-24,54,23,12,"Ozone,PM2.5",PM2.5,Long Beach-Route 710 Near Road
2023-03-25,55,31,13,"Ozone,PM2.5",PM2.5,Long Beach-Route 710 Near Road
2023-03-26,55,24,13,"Ozone,PM2.5",PM2.5,Reseda
2023-03-27,59,24,13,"Ozone,PM2.5",PM2.5,Long Beach-Route 710 Near Road
2023-03-28,63,27,13,"Ozone,PM2.5",PM2.5,Long Beach-Route 710 Near Road
2023-03-29,46,23,12,"Ozone,PM2.5",PM2.5,Long Beach-Route 710 Near Road
2023-03-30,52,24,13,"Ozone,PM2.5",PM2.5,Long Beach-Route 710 Near Road
2023-03-31,57,30,13,"Ozone,PM2.5",PM2.5,Long Beach-Route 710 Near Road
2023-04-01,61,24,13,"Ozone,PM2.5",PM2.5,Compton
2023-04-02,67,24,13,"Ozone,PM2.5",Ozone,Glendora
2023-04-03,52,26,13,"Ozone,PM2.5",PM2.5,Long Beach-Route 710 Near Road
2023-04-04,45,24,13,"Ozone,PM2.5",PM2.5,Long Beach-Route 710 Near Road
2023-04-05,57,24,13,"Ozone,PM2.5",PM2.5,Long Beach-Route 710 Near Road
2023-04-06,61,31,13,"Ozone,PM2.5",Ozone,Glendora
2023-04-07,61,24,13,"Ozone,PM2.5",Ozone,Glendora
2023-04-08,55,24,13,"Ozone,PM2.5",PM2.5,Los Angeles-North Main Street
2023-04-09,97,27,13,"Ozone,PM2.5",Ozone,Glendora
2023-04-10,108,24,13,"Ozone,PM2.5",Ozone,Santa Clarita
2023-04-11,97,24,13,"Ozone,PM2.5",Ozone,Santa Clarita
2023-04-12,68,30,13,"Ozone,PM2.5",PM2.5,Santa Clarita
2023-04-13,59,24,13,"Ozone,PM2.5",PM2.5,Long Beach-Route 710 Near Road
2023-04-14,58,23,13,"Ozone,PM2.5",PM2.5,Los Angeles-North Main Street
2023-04-15,80,27,13,"Ozone,PM2.5",Ozone,Santa Clarita
2023-04-16,80,24,13,"Ozone,PM2.5",Ozone,Lancaster - Fairgrounds
2023-04-17,68,24,13,"Ozone,PM2.5",PM2.5,Los Angeles-North Main Street
2023-04-18,60,30,13,"Ozone,PM2.5",PM2.5,Long Beach-Route 710 Near Road
2023-04-19,62,22,13,"Ozone,PM2.5",PM2.5,Long Beach-Route 710 Near Road
2023-04-20,101,22,13,"Ozone,PM2.5",Ozone,North Hollywood (NOHO)
2023-04-21,108,24,13,"Ozone,PM2.5",Ozone,North Hollywood (NOHO)
2023-04-22,156,23,12,"Ozone,PM2.5",Ozone,Glendora
2023-04-23,90,23,12,"Ozone,PM2.5",Ozone,Glendora
2023-04-24,67,29,13,"Ozone,PM2.5",PM2.5,Los Angeles-North Main Street
2023-04-25,77,23,12,"Ozone,PM2.5",Ozone,Santa Clarita
2023-04-26,97,24,13,"Ozone,PM2.5",Ozone,Glendora
2023-04-27,122,24,13,"Ozone,PM2.5",Ozone,Santa Clarita
2023-04-28,136,21,12,"Ozone,PM2.5",Ozone,Santa Clarita
2023-04-29,136,21,12,"Ozone,PM2.5",Ozone,Pomona
2023-04-30,100,29,13,"Ozone,PM2.5",Ozone,Santa Clarita
2023-05-01,48,22,12,"Ozone,PM2.5",PM2.5,Long Beach-Route 710 Near Road
2023-05-02,42,21,11,"Ozone,PM2.5",PM2.5,Long Beach-Route 710 Near Road
2023-05-03,44,27,13,"Ozone,PM2.5",Ozone,Santa Clarita
2023-05-04,38,23,12,"Ozone,PM2.5",PM2.5,Long Beach-Route 710 Near Road
2023-05-05,38,24,13,"Ozone,PM2.5",Ozone,Glendora
2023-05-06,44,30,13,"Ozone,PM2.5",Ozone,Glendora
2023-05-07,46,24,13,"Ozone,PM2.5",Ozone,Glendora
2023-05-08,52,24,13,"Ozone,PM2.5",PM2.5,Los Angeles-North Main Street
2023-05-09,53,27,13,"Ozone,PM2.5",PM2.5,Los Angeles-North Main Street
2023-05-10,54,23,13,"Ozone,PM2.5",PM2.5,Santa Clarita
2023-05-11,67,24,13,"Ozone,PM2.5",Ozone,Santa Clarita
2023-05-12,87,30,13,"Ozone,PM2.5",Ozone,Pomona
2023-05-13,136,25,13,"Ozone,PM2.5",Ozone,Glendora
2023-05-14,119,24,13,"Ozone,PM2.5",Ozone,Santa Clarita
2023-05-15,105,27,13,"Ozone,PM2.5",Ozone,Santa Clarita
2023-05-16,101,24,13,"Ozone,PM2.5",Ozone,Santa Clarita
2023-05-17,122,24,13,"Ozone,PM2.5",Ozone,Santa Clarita
2023-05-18,100,30,13,"Ozone,PM2.5",Ozone,Santa Clarita
2023-05-19,87,24,13,"Ozone,PM2.5",Ozone,Santa Clarita
2023-05-20,112,24,13,"Ozone,PM2.5",Ozone,Glendora
2023-05-21,115,27,13,"Ozone,PM2.5",Ozone,Santa Clarita
2023-05-22,80,24,13,"Ozone,PM2.5",Ozone,Santa Clarita
2023-05-23,54,24,13,"Ozone,PM2.5",Ozone,Lancaster - Fairgrounds
2023-05-24,52,30,13,"Ozone,PM2.5",PM2.5,Santa Clarita
2023-05-25,51,22,12,"Ozone,PM2.5",PM2.5,Reseda
2023-05-26,49,24,13,"Ozone,PM2.5",PM2.5,Santa Clarita
2023-05-27,51,27,13,"Ozone,PM2.5",Ozone,Glendora
2023-05-28,58,24,13,"Ozone,PM2.5",PM2.5,Santa Clarita
2023-05-29,47,24,13,"Ozone,PM2.5",PM2.5,Santa Clarita
2023-05-30,52,30,13,"Ozone,PM2.5",PM2.5,Long Beach-Route 710 Near Road
2023-05-31,44,23,13,"Ozone,PM2.5",PM2.5,Long Beach-Route 710 Near Road
2023-06-01,53,24,13,"Ozone,PM2.5",PM2.5,Long Beach-Route 710 Near Road
2023-06-02,58,27,13,"Ozone,PM2.5",Ozone,Santa Clarita
2023-06-03,93,24,13,"Ozone,PM2.5",Ozone,Glendora
2023-06-04,101,24,13,"Ozone,PM2.5",Ozone,Glendora
2023-06-05,58,31,13,"Ozone,PM2.5",Ozone,Lancaster - Fairgrounds
2023-06-06,52,24,13,"Ozone,PM2.5",PM2.5,Santa Clarita
2023-06-07,46,24,13,"Ozone,PM2.5",Ozone,Lancaster - Fairgrounds
2023-06-08,49,27,13,"Ozone,PM2.5",Ozone,Santa Clarita
2023-06-09,53,24,13,"Ozone,PM2.5",PM2.5,Santa Clarita
2023-06-10,54,24,13,"Ozone,PM2.5",PM2.5,Santa Clarita
2023-06-11,41,30,13,"Ozone,PM2.5",PM2.5,Santa Clarita
2023-06-12,44,24,13,"Ozone,PM2.5",PM2.5,Long Beach-Route 710 Near Road
2023-06-13,49,24,13,"Ozone,PM2.5",Ozone,Lancaster - Fairgrounds
2023-06-14,58,27,13,"Ozone,PM2.5",PM2.5,Glendora
2023-06-15,56,24,13,"Ozone,PM2.5",PM2.5,Reseda
2023-06-16,56,24,13,"Ozone,PM2.5",PM2.5,Santa Clarita
2023-06-17,100,31,13,"Ozone,PM2.5",Ozone,Glendora
2023-06-18,60,24,13,"Ozone,PM2.5",PM2.5,Los Angeles-North Main Street
2023-06-19,56,24,13,"Ozone,PM2.5",PM2.5,Reseda
2023-06-20,84,27,13,"Ozone,PM2.5",Ozone,Glendora
2023-06-21,100,22,13,"Ozone,PM2.5",Ozone,Glendora
2023-06-22,59,23,13,"Ozone,PM2.5",PM2.5,Los Angeles-North Main Street
2023-06-23,54,29,13,"Ozone,PM2.5",Ozone,Glendora
2023-06-24,80,24,13,"Ozone,PM2.5",Ozone,Glendora
2023-06-25,80,24,13,"Ozone,PM2.5",Ozone,Glendora
2023-06-26,80,27,13,"Ozone,PM2.5",Ozone,Glendora
2023-06-27,93,24,13,"Ozone,PM2.5",Ozone,Santa Clarita
2023-06-28,77,24,13,"Ozone,PM2.5",Ozone,Santa Clarita
2023-06-29,115,31,13,"Ozone,PM2.5",Ozone,Santa Clarita
2023-06-30,192,24,13,"Ozone,PM2.5",Ozone,Santa Clarita
2023-07-01,207,24,13,"Ozone,PM2.5",Ozone,Santa Clarita
2023-07-02,174,27,13,"Ozone,PM2.5",Ozone,Santa Clarita
2023-07-03,166,24,13,"Ozone,PM2.5",Ozone,Santa Clarita
2023-07-04,136,24,13,"Ozone,PM2.5",PM2.5,Glendora
2023-07-05,182,29,13,"Ozone,PM2.5",PM2.5,Glendora
2023-07-06,108,24,13,"Ozone,PM2.5",Ozone,Santa Clarita
2023-07-07,115,24,13,"Ozone,PM2.5",Ozone,Santa Clarita
2023-07-08,133,27,13,"Ozone,PM2.5",Ozone,Santa Clarita
2023-07-09,112,24,13,"Ozone,PM2.5",Ozone,Glendora
2023-07-10,147,24,13,"Ozone,PM2.5",Ozone,Glendora
2023-07-11,156,30,13,"Ozone,PM2.5",Ozone,Glendora
2023-07-12,126,24,13,"Ozone,PM2.5",Ozone,Pomona
2023-07-13,126,24,13,"Ozone,PM2.5",Ozone,Santa Clarita
2023-07-14,192,27,13,"Ozone,PM2.5",Ozone,Glendora
2023-07-15,210,24,13,"Ozone,PM2.5",Ozone,Santa Clarita
2023-07-16,195,24,13,"Ozone,PM2.5",Ozone,Santa Clarita
2023-07-17,172,30,13,"Ozone,PM2.5",Ozone,Santa Clarita
2023-07-18,143,24,13,"Ozone,PM2.5",Ozone,Glendora
2023-07-19,126,24,13,"Ozone,PM2.5",Ozone,Pomona
2023-07-20,159,26,12,"Ozone,PM2.5",Ozone,Pomona
2023-07-21,164,24,13,"Ozone,PM2.5",Ozone,Santa Clarita
2023-07-22,195,24,13,"Ozone,PM2.5",Ozone,Glendora
2023-07-23,156,31,13,"Ozone,PM2.5",Ozone,Reseda
2023-07-24,185,24,13,"Ozone,PM2.5",Ozone,Glendora
2023-07-25,200,23,13,"Ozone,PM2.5",Ozone,Glendora
2023-07-26,151,25,13,"Ozone,PM2.5",Ozone,Pomona
2023-07-27,187,23,13,"Ozone,PM2.5",Ozone,Glendora
2023-07-28,177,24,13,"Ozone,PM2.5",Ozone,Santa Clarita
2023-07-29,192,29,13,"Ozone,PM2.5",Ozone,Glendora
2023-07-30,161,24,13,"Ozone,PM2.5",Ozone,Santa Clarita
2023-07-31,87,24,13,"Ozone,PM2.5",Ozone,Glendora
2023-08-01,126,25,13,"Ozone,PM2.5",Ozone,Glendora
2023-08-02,112,22,13,"Ozone,PM2.5",Ozone,Glendora
2023-08-03,140,23,13,"Ozone,PM2.5",Ozone,Glendora
2023-08-04,150,30,13,"Ozone,PM2.5",Ozone,Glendora
2023-08-05,179,23,13,"Ozone,PM2.5",Ozone,Glendora
2023-08-06,185,23,13,"Ozone,PM2.5",Ozone,Glendora
2023-08-07,133,25,13,"Ozone,PM2.5",Ozone,Santa Clarita
2023-08-08,84,22,12,"Ozone,PM2.5",Ozone,Lancaster - Fairgrounds
2023-08-09,61,22,12,"Ozone,PM2.5",PM2.5,Long Beach-Route 710 Near Road
2023-08-10,55,29,13,"Ozone,PM2.5",PM2.5,Reseda
2023-08-11,56,22,12,"Ozone,PM2.5",PM2.5,Long Beach-Route 710 Near Road
2023-08-12,97,23,13,"Ozone,PM2.5",Ozone,Glendora
2023-08-13,105,26,13,"Ozone,PM2.5",Ozone,Glendora
2023-08-14,101,22,13,"Ozone,PM2.5",Ozone,Glendora
2023-08-15,133,22,13,"Ozone,PM2.5",Ozone,Glendora
2023-08-16,122,29,13,"Ozone,PM2.5",Ozone,Glendora
2023-08-17,133,22,12,"Ozone,PM2.5",Ozone,Glendora
2023-08-18,90,23,13,"Ozone,PM2.5",Ozone,Glendora
2023-08-19,61,26,13,"Ozone,PM2.5",Ozone,Santa Clarita
2023-08-20,52,23,13,"Ozone,PM2.5",PM2.5,Long Beach-Route 710 Near Road
2023-08-21,52,23,13,"Ozone,PM2.5",PM2.5,Long Beach-Route 710 Near Road
2023-08-22,77,29,13,"Ozone,PM2.5",Ozone,Pomona
2023-08-23,112,23,13,"Ozone,PM2.5",Ozone,Pomona
2023-08-24,97,22,13,"Ozone,PM2.5",Ozone,Santa Clarita
2023-08-25,100,25,13,"Ozone,PM2.5",Ozone,Glendora
2023-08-26,143,22,13,"Ozone,PM2.5",Ozone,Glendora
2023-08-27,179,22,13,"Ozone,PM2.5",Ozone,Glendora
2023-08-28,192,28,13,"Ozone,PM2.5",Ozone,Glendora
2023-08-29,208,22,13,"Ozone,PM2.5",Ozone,Pomona
2023-08-30,174,23,13,"Ozone,PM2.5",Ozone,Glendora
2023-08-31,126,25,13,"Ozone,PM2.5",Ozone,Santa Clarita
2023-09-01,72,23,13,"Ozone,PM2.5",PM2.5,Long Beach-Route 710 Near Road
2023-09-02,54,23,13,"Ozone,PM2.5",PM2.5,Long Beach-Route 710 Near Road
2023-09-03,56,29,13,"Ozone,PM2.5",PM2.5,Long Beach-Route 710 Near Road
2023-09-04,57,23,13,"Ozone,PM2.5",PM2.5,Long Beach-Route 710 Near Road
2023-09-05,61,23,13,"Ozone,PM2.5",Ozone,Santa Clarita
2023-09-06,93,24,13,"Ozone,PM2.5",Ozone,Glendora
2023-09-07,164,23,13,"Ozone,PM2.5",Ozone,Glendora
2023-09-08,129,24,13,"Ozone,PM2.5",Ozone,Pomona
2023-09-09,143,31,13,"Ozone,PM2.5",Ozone,Glendora
2023-09-10,108,24,13,"Ozone,PM2.5",Ozone,Pasadena
2023-09-11,93,24,13,"Ozone,PM2.5",Ozone,Santa Clarita
2023-09-12,105,27,13,"Ozone,PM2.5",Ozone,Santa Clarita
2023-09-13,80,24,13,"Ozone,PM2.5",Ozone,Santa Clarita
2023-09-14,87,23,13,"Ozone,PM2.5",Ozone,Glendora
2023-09-15,74,29,13,"Ozone,PM2.5",Ozone,Lancaster - Fairgrounds
2023-09-16,67,23,13,"Ozone,PM2.5",Ozone,Lancaster - Fairgrounds
2023-09-17,57,24,13,"Ozone,PM2.5",PM2.5,Signal Hill (LBSH)
2023-09-18,90,27,13,"Ozone,PM2.5",Ozone,Santa Clarita
2023-09-19,84,24,13,"Ozone,PM2.5",Ozone,Santa Clarita
2023-09-20,63,24,13,"Ozone,PM2.5",PM2.5,Long Beach-Route 710 Near Road
2023-09-21,79,30,13,"Ozone,PM2.5",PM2.5,Long Beach-Route 710 Near Road
2023-09-22,92,24,13,"Ozone,PM2.5",PM2.5,Long Beach-Route 710 Near Road
2023-09-23,119,24,13,"Ozone,PM2.5",Ozone,Glendora
2023-09-24,122,27,13,"Ozone,PM2.5",Ozone,Glendora
2023-09-25,90,23,13,"Ozone,PM2.5",Ozone,Glendora
2023-09-26,97,23,13,"Ozone,PM2.5",Ozone,Glendora
2023-09-27,140,30,13,"Ozone,PM2.5",Ozone,Santa Clarita
2023-09-28,112,22,13,"Ozone,PM2.5",Ozone,Santa Clarita
2023-09-29,61,21,12,"Ozone,PM2.5",Ozone,Lancaster - Fairgrounds
2023-09-30,49,24,13,"Ozone,PM2.5",PM2.5,Reseda
2023-10-01,47,21,12,"Ozone,PM2.5",PM2.5,Reseda
2023-10-02,53,21,12,"Ozone,PM2.5",PM2.5,Reseda
2023-10-03,59,28,13,"Ozone,PM2.5",PM2.5,Los Angeles-North Main Street
2023-10-04,66,21,12,"Ozone,PM2.5",PM2.5,Long Beach-Route 710 Near Road
2023-10-05,67,24,13,"Ozone,PM2.5",Ozone,Glendora
2023-10-06,80,27,13,"Ozone,PM2.5",Ozone,Glendora
2023-10-07,169,24,13,"Ozone,PM2.5",Ozone,Glendora
2023-10-08,172,24,13,"Ozone,PM2.5",Ozone,Glendora
2023-10-09,97,30,13,"Ozone,PM2.5",Ozone,Santa Clarita
2023-10-10,60,23,13,"Ozone,PM2.5",PM2.5,Reseda
2023-10-11,55,24,13,"Ozone,PM2.5",PM2.5,Long Beach-Route 710 Near Road
2023-10-12,64,25,13,"Ozone,PM2.5",Ozone,Glendora
2023-10-13,62,24,13,"Ozone,PM2.5",PM2.5,Long Beach-Route 710 Near Road
2023-10-14,90,24,13,"Ozone,PM2.5",Ozone,Glendora
2023-10-15,136,30,13,"Ozone,PM2.5",Ozone,Glendora
2023-10-16,122,24,13,"Ozone,PM2.5",Ozone,Reseda
2023-10-17,172,23,13,"Ozone,PM2.5",Ozone,Santa Clarita
2023-10-18,159,25,13,"Ozone,PM2.5",Ozone,North Hollywood (NOHO)
2023-10-19,119,23,13,"Ozone,PM2.5",Ozone,Santa Clarita
2023-10-20,133,23,13,"Ozone,PM2.5",Ozone,Glendora
2023-10-21,80,30,13,"Ozone,PM2.5",Ozone,Glendora
2023-10-22,49,24,13,"Ozone,PM2.5",PM2.5,Reseda
2023-10-23,44,24,13,"Ozone,PM2.5",PM2.5,Reseda
2023-10-24,55,27,13,"Ozone,PM2.5",PM2.5,Reseda
2023-10-25,52,23,13,"Ozone,PM2.5",PM2.5,Long Beach-Route 710 Near Road
2023-10-26,54,24,13,"Ozone,PM2.5",PM2.5,Long Beach-Route 710 Near Road
2023-10-27,61,31,13,"Ozone,PM2.5",PM2.5,Long Beach-Route 710 Near Road
2023-10-28,62,24,13,"Ozone,PM2.5",PM2.5,Long Beach-Route 710 Near Road
2023-10-29,60,24,13,"Ozone,PM2.5",PM2.5,Compton
2023-10-30,62,27,13,"Ozone,PM2.5",PM2.5,Long Beach-Route 710 Near Road
2023-10-31,59,23,13,"Ozone,PM2.5",PM2.5,Long Beach-Route 710 Near Road
2023-11-01,54,23,12,"Ozone,PM2.5",PM2.5,Long Beach-Route 710 Near Road
2023-11-02,77,30,13,"Ozone,PM2.5",Ozone,Reseda
2023-11-03,93,24,13,"Ozone,PM2.5",Ozone,Reseda
2023-11-04,119,24,13,"Ozone,PM2.5",Ozone,Pomona
2023-11-05,164,27,13,"Ozone,PM2.5",Ozone,Glendora
2023-11-06,77,24,13,"Ozone,PM2.5",Ozone,Glendora
2023-11-07,52,23,13,"Ozone,PM2.5",PM2.5,Reseda
2023-11-08,64,30,13,"Ozone,PM2.5",PM2.5,Long Beach-Route 710 Near Road
2023-11-09,68,22,13,"Ozone,PM2.5",PM2.5,Long Beach-Route 710 Near Road
2023-11-10,69,24,13,"Ozone,PM2.5",PM2.5,Long Beach-Route 710 Near Road
2023-11-11,82,27,13,"Ozone,PM2.5",PM2.5,Compton
2023-11-12,67,24,13,"Ozone,PM2.5",PM2.5,Long Beach-Route 710 Near Road
2023-11-13,71,23,13,"Ozone,PM2.5",PM2.5,Long Beach-Route 710 Near Road
2023-11-14,77,28,13,"Ozone,PM2.5",PM2.5,Long Beach-Route 710 Near Road
2023-11-15,68,23,13,"Ozone,PM2.5",PM2.5,Long Beach-Route 710 Near Road
2023-11-16,53,22,13,"Ozone,PM2.5",PM2.5,Compton
2023-11-17,61,26,13,"Ozone,PM2.5",PM2.5,Compton
2023-11-18,52,23,13,"Ozone,PM2.5",PM2.5,Long Beach-Route 710 Near Road
2023-11-19,44,23,13,"Ozone,PM2.5",PM2.5,Long Beach-Route 710 Near Road
2023-11-20,66,30,13,"Ozone,PM2.5",PM2.5,Compton
2023-11-21,60,23,13,"Ozone,PM2.5",PM2.5,Long Beach-Route 710 Near Road
2023-11-22,52,24,13,"Ozone,PM2.5",PM2.5,Long Beach-Route 710 Near Road
2023-11-23,61,27,13,"Ozone,PM2.5",PM2.5,Long Beach-Route 710 Near Road
2023-11-24,61,23,12,"Ozone,PM2.5",PM2.5,Compton
2023-11-25,64,23,12,"Ozone,PM2.5",PM2.5,Compton
2023-11-26,59,28,12,"Ozone,PM2.5",PM2.5,Compton
2023-11-27,55,23,13,"Ozone,PM2.5",PM2.5,Long Beach-Route 710 Near Road
2023-11-28,57,22,13,"Ozone,PM2.5",PM2.5,Long Beach-Route 710 Near Road
2023-11-29,56,27,13,"Ozone,PM2.5",PM2.5,Long Beach-Route 710 Near Road
2023-11-30,58,22,12,"Ozone,PM2.5",PM2.5,Long Beach-Route 710 Near Road
2023-12-01,54,24,13,"Ozone,PM2.5",PM2.5,Long Beach-Route 710 Near Road
2023-12-02,69,31,13,"Ozone,PM2.5",PM2.5,Compton
2023-12-03,91,24,13,"Ozone,PM2.5",PM2.5,Compton
2023-12-04,81,24,13,"Ozone,PM2.5",PM2.5,Long Beach-Route 710 Near Road
2023-12-05,70,26,13,"Ozone,PM2.5",PM2.5,Long Beach-Route 710 Near Road
2023-12-06,69,21,13,"Ozone,PM2.5",PM2.5,Long Beach-Route 710 Near Road
2023-12-07,59,23,13,"Ozone,PM2.5",PM2.5,Compton
2023-12-08,68,28,13,"Ozone,PM2.5",PM2.5,Compton
2023-12-09,57,23,13,"Ozone,PM2.5",PM2.5,Compton
2023-12-10,53,23,13,"Ozone,PM2.5",PM2.5,Long Beach-Route 710 Near Road
2023-12-11,67,27,13,"Ozone,PM2.5",PM2.5,Long Beach-Route 710 Near Road
2023-12-12,75,23,12,"Ozone,PM2.5",PM2.5,Reseda
2023-12-13,75,23,12,"Ozone,PM2.5",PM2.5,Los Angeles-North Main Street
2023-12-14,74,29,13,"Ozone,PM2.5",PM2.5,Long Beach-Route 710 Near Road
2023-12-15,57,23,13,"Ozone,PM2.5",PM2.5,Long Beach-Route 710 Near Road
2023-12-16,61,23,13,"Ozone,PM2.5",PM2.5,Long Beach-Route 710 Near Road
2023-12-17,70,26,13,"Ozone,PM2.5",PM2.5,Long Beach-Route 710 Near Road
2023-12-18,73,23,13,"Ozone,PM2.5",PM2.5,Compton
2023-12-19,59,24,13,"Ozone,PM2.5",PM2.5,Reseda
2023-12-20,53,30,13,"Ozone,PM2.5",PM2.5,Los Angeles-North Main Street
2023-12-21,43,24,13,"Ozone,PM2.5",PM2.5,Reseda
2023-12-22,42,23,13,"Ozone,PM2.5",PM2.5,Long Beach-Route 710 Near Road
2023-12-23,65,26,13,"Ozone,PM2.5",PM2.5,Compton
2023-12-24,102,23,13,"Ozone,PM2.5",PM2.5,Compton
2023-12-25,153,23,13,"Ozone,PM2.5",PM2.5,Long Beach-Route 710 Near Road
2023-12-26,90,31,13,"Ozone,PM2.5",PM2.5,Compton
2023-12-27,83,23,13,"Ozone,PM2.5",PM2.5,Long Beach-Route 710 Near Road
2023-12-28,86,23,13,"Ozone,PM2.5",PM2.5,Compton
2023-12-29,96,26,13,"Ozone,PM2.5",PM2.5,Pico Rivera #2
2023-12-30,60,24,13,"Ozone,PM2.5",PM2.5,Los Angeles-North Main Street
2023-12-31,87,12,9,PM2.5,PM2.5,Compton
2024-01-01,104,30,13,"Ozone,PM2.5",PM2.5,Long Beach-Route 710 Near Road
2024-01-02,68,22,12,"Ozone,PM2.5",PM2.5,Long Beach-Route 710 Near Road
2024-01-03,61,21,12,"Ozone,PM2.5",PM2.5,Long Beach-Route 710 Near Road
2024-01-04,56,25,12,"Ozone,PM2.5",PM2.5,Long Beach-Route 710 Near Road
2024-01-05,69,22,13,"Ozone,PM2.5",PM2.5,Long Beach-Route 710 Near Road
2024-01-06,70,24,13,"Ozone,PM2.5",PM2.5,Long Beach-Route 710 Near Road
2024-01-07,45,31,13,"Ozone,PM2.5",PM2.5,Long Beach-Route 710 Near Road
2024-01-08,57,24,13,"Ozone,PM2.5",PM2.5,Long Beach-Route 710 Near Road
2024-01-09,70,24,13,"Ozone,PM2.5",PM2.5,Long Beach-Route 710 Near Road
2024-01-10,67,26,13,"Ozone,PM2.5",PM2.5,Long Beach-Route 710 Near Road
2024-01-11,52,23,12,"Ozone,PM2.5",PM2.5,Long Beach-Route 710 Near Road
2024-01-12,66,23,12,"Ozone,PM2.5",PM2.5,Long Beach-Route 710 Near Road
2024-01-13,80,29,12,"Ozone,PM2.5",PM2.5,Compton
2024-01-14,84,23,12,"Ozone,PM2.5",PM2.5,Long Beach-Route 710 Near Road
2024-01-15,93,23,12,"Ozone,PM2.5",PM2.5,Compton
2024-01-16,95,26,12,"Ozone,PM2.5",PM2.5,Compton
2024-01-17,86,24,13,"Ozone,PM2.5",PM2.5,Los Angeles-North Main Street
2024-01-18,75,23,13,"Ozone,PM2.5",PM2.5,Los Angeles-North Main Street
2024-01-19,75,30,13,"Ozone,PM2.5",PM2.5,Compton
2024-01-20,62,23,13,"Ozone,PM2.5",PM2.5,Reseda
2024-01-21,51,23,13,"Ozone,PM2.5",PM2.5,Reseda
2024-01-22,52,26,13,"Ozone,PM2.5",PM2.5,Long Beach-Route 710 Near Road
2024-01-23,61,22,13,"Ozone,PM2.5",PM2.5,Long Beach-Route 710 Near Road
2024-01-24,58,22,13,"Ozone,PM2.5",PM2.5,Long Beach-Route 710 Near Road
2024-01-25,54,29,13,"Ozone,PM2.5",PM2.5,Long Beach-Route 710 Near Road
2024-01-26,66,22,13,"Ozone,PM2.5",PM2.5,Long Beach-Route 710 Near Road
2024-01-27,70,23,12,"Ozone,PM2.5",PM2.5,Long Beach-Route 710 Near Road
2024-01-28,73,27,13,"Ozone,PM2.5",PM2.5,Long Beach-Route 710 Near Road
2024-01-29,64,24,13,"Ozone,PM2.5",PM2.5,Long Beach-Route 710 Near Road
2024-01-30,68,22,12,"Ozone,PM2.5",PM2.5,Long Beach-Route 710 Near Road
2024-01-31,66,30,13,"Ozone,PM2.5",PM2.5,Compton
2024-02-01,48,24,13,"Ozone,PM2.5",PM2.5,Long Beach-Route 710 Near Road
2024-02-02,53,23,13,"Ozone,PM2.5",PM2.5,Long Beach-Route 710 Near Road
2024-02-03,54,25,13,"Ozone,PM2.5",PM2.5,Long Beach-Route 710 Near Road
2024-02-04,53,23,13,"Ozone,PM2.5",PM2.5,Long Beach-Route 710 Near Road
2024-02-05,44,23,13,"Ozone,PM2.5",PM2.5,Reseda
2024-02-06,55,28,13,"Ozone,PM2.5",PM2.5,Long Beach-Route 710 Near Road
2024-02-07,59,22,13,"Ozone,PM2.5",PM2.5,Long Beach-Route 710 Near Road
2024-02-08,53,23,12,"Ozone,PM2.5",PM2.5,Long Beach-Route 710 Near Road
2024-02-09,48,26,13,"Ozone,PM2.5",PM2.5,Long Beach-Route 710 Near Road
2024-02-10,62,23,13,"Ozone,PM2.5",PM2.5,Long Beach-Route 710 Near Road
2024-02-11,62,24,13,"Ozone,PM2.5",PM2.5,Long Beach-Route 710 Near Road
2024-02-12,68,31,13,"Ozone,PM2.5",PM2.5,Long Beach-Route 710 Near Road
2024-02-13,63,23,13,"Ozone,PM2.5",PM2.5,Long Beach-Route 710 Near Road
2024-02-14,64,24,13,"Ozone,PM2.5",PM2.5,Long Beach-Route 710 Near Road
2024-02-15,62,27,13,"Ozone,PM2.5",PM2.5,Long Beach-Route 710 Near Road
2024-02-16,66,24,13,"Ozone,PM2.5",PM2.5,Los Angeles-North Main Street
2024-02-17,85,24,13,"Ozone,PM2.5",PM2.5,Los Angeles-North Main Street
2024-02-18,58,30,13,"Ozone,PM2.5",PM2.5,Los Angeles-North Main Street
2024-02-19,48,24,13,"Ozone,PM2.5",PM2.5,Long Beach-Route 710 Near Road
2024-02-20,41,23,12,"Ozone,PM2.5",PM2.5,Reseda
2024-02-21,49,27,13,"Ozone,PM2.5",PM2.5,Long Beach-Route 710 Near Road
2024-02-22,55,24,13,"Ozone,PM2.5",PM2.5,Compton
2024-02-23,55,24,13,"Ozone,PM2.5",PM2.5,Long Beach-Route 710 Near Road
2024-02-24,56,31,13,"Ozone,PM2.5",PM2.5,Compton
2024-02-25,57,24,13,"Ozone,PM2.5",PM2.5,Compton
2024-02-26,63,24,13,"Ozone,PM2.5",PM2.5,Compton
2024-02-27,63,27,13,"Ozone,PM2.5",PM2.5,Pasadena
2024-02-28,58,24,13,"Ozone,PM2.5",PM2.5,Compton
2024-02-29,55,23,13,"Ozone,PM2.5",PM2.5,Santa Clarita
2024-03-01,39,30,13,"Ozone,PM2.5",Ozone,Glendora
2024-03-02,38,24,13,"Ozone,PM2.5",Ozone,Lancaster - Fairgrounds
2024-03-03,41,24,13,"Ozone,PM2.5",PM2.5,Reseda
2024-03-04,53,27,13,"Ozone,PM2.5",PM2.5,Reseda
2024-03-05,53,23,13,"Ozone,PM2.5",PM2.5,Reseda
2024-03-06,43,23,13,"Ozone,PM2.5",PM2.5,Reseda
2024-03-07,38,29,13,"Ozone,PM2.5",PM2.5,Long Beach-Route 710 Near Road
2024-03-08,53,21,13,"Ozone,PM2.5",PM2.5,Compton
2024-03-09,59,23,13,"Ozone,PM2.5",PM2.5,Compton
2024-03-10,53,26,13,"Ozone,PM2.5",PM2.5,Compton
2024-03-11,41,23,13,"Ozone,PM2.5",Ozone,Lancaster - Fairgrounds
2024-03-12,40,23,13,"Ozone,PM2.5",Ozone,Santa Clarita
2024-03-13,47,30,13,"Ozone,PM2.5",PM2.5,Los Angeles-North Main Street
2024-03-14,44,23,13,"Ozone,PM2.5",Ozone,Santa Clarita
2024-03-15,41,23,13,"Ozone,PM2.5",Ozone,Signal Hill (LBSH)
2024-03-16,46,27,13,"Ozone,PM2.5",Ozone,North Hollywood (NOHO)
2024-03-17,52,24,13,"Ozone,PM2.5",PM2.5,Los Angeles-North Main Street
2024-03-18,57,24,13,"Ozone,PM2.5",PM2.5,Long Beach-Route 710 Near Road
2024-03-19,59,30,13,"Ozone,PM2.5",PM2.5,Long Beach-Route 710 Near Road
2024-03-20,84,22,13,"Ozone,PM2.5",Ozone,Santa Clarita
2024-03-21,70,24,13,"Ozone,PM2.5",PM2.5,Los Angeles-North Main Street
2024-03-22,70,26,13,"Ozone,PM2.5",PM2.5,Los Angeles-North Main Street
2024-03-23,40,24,13,"Ozone,PM2.5",Ozone,North Hollywood (NOHO)
2024-03-24,41,24,13,"Ozone,PM2.5",Ozone,Santa Clarita
2024-03-25,43,30,13,"Ozone,PM2.5",PM2.5,Compton
2024-03-26,47,24,13,"Ozone,PM2.5",PM2.5,Los Angeles-North Main Street
2024-03-27,64,24,13,"Ozone,PM2.5",Ozone,Lancaster - Fairgrounds
2024-03-28,53,27,13,"Ozone,PM2.5",PM2.5,Los Angeles-North Main Street
2024-03-29,48,24,13,"Ozone,PM2.5",Ozone,Lancaster - Fairgrounds
2024-03-30,44,24,13,"Ozone,PM2.5",Ozone,Lancaster - Fairgrounds
2024-03-31,44,31,13,"Ozone,PM2.5",Ozone,North Hollywood (NOHO)
2024-04-01,50,24,13,"Ozone,PM2.5",PM2.5,Compton
2024-04-02,52,23,13,"Ozone,PM2.5",PM2.5,Compton
2024-04-03,58,27,13,"Ozone,PM2.5",Ozone,Santa Clarita
2024-04-04,44,24,13,"Ozone,PM2.5",Ozone,Lancaster - Fairgrounds
2024-04-05,44,22,13,"Ozone,PM2.5",Ozone,Glendora
2024-04-06,47,29,13,"Ozone,PM2.5",Ozone,Glendora
2024-04-07,58,23,13,"Ozone,PM2.5",PM2.5,Compton
2024-04-08,51,23,13,"Ozone,PM2.5",PM2.5,Compton
2024-04-09,61,26,13,"Ozone,PM2.5",Ozone,Glendora
2024-04-10,87,24,13,"Ozone,PM2.5",Ozone,Santa Clarita
2024-04-11,119,22,12,"Ozone,PM2.5",Ozone,Glendora
2024-04-12,87,30,13,"Ozone,PM2.5",Ozone,Lancaster - Fairgrounds
2024-04-13,49,24,13,"Ozone,PM2.5",Ozone,Signal Hill (LBSH)
2024-04-14,48,24,13,"Ozone,PM2.5",Ozone,Lancaster - Fairgrounds
2024-04-15,71,27,13,"Ozone,PM2.5",Ozone,Glendora
2024-04-16,77,23,13,"Ozone,PM2.5",Ozone,Glendora
2024-04-17,101,22,13,"Ozone,PM2.5",Ozone,Santa Clarita
2024-04-18,90,28,13,"Ozone,PM2.5",Ozone,Lancaster - Fairgrounds
2024-04-19,67,23,13,"Ozone,PM2.5",Ozone,Glendora
2024-04-20,93,24,13,"Ozone,PM2.5",Ozone,Glendora
2024-04-21,140,27,13,"Ozone,PM2.5",Ozone,Glendora
2024-04-22,97,24,13,"Ozone,PM2.5",Ozone,Santa Clarita
2024-04-23,54,24,13,"Ozone,PM2.5",PM2.5,Santa Clarita
2024-04-24,49,31,13,"Ozone,PM2.5",PM2.5,Santa Clarita
2024-04-25,44,24,13,"Ozone,PM2.5",PM2.5,Santa Clarita
2024-04-26,49,23,13,"Ozone,PM2.5",PM2.5,Los Angeles-North Main Street
2024-04-27,48,23,12,"Ozone,PM2.5",Ozone,Glendora
2024-04-28,80,23,13,"Ozone,PM2.5",Ozone,Santa Clarita
2024-04-29,74,23,13,"Ozone,PM2.5",Ozone,Glendora
2024-04-30,97,29,13,"Ozone,PM2.5",Ozone,Santa Clarita
2024-05-01,67,22,12,"Ozone,PM2.5",Ozone,Pomona
2024-05-02,97,22,12,"Ozone,PM2.5",Ozone,Santa Clarita
2024-05-03,87,24,12,"Ozone,PM2.5",Ozone,Santa Clarita
2024-05-04,58,19,10,"Ozone,PM2.5",PM2.5,Santa Clarita
2024-05-05,47,18,10,"Ozone,PM2.5",Ozone,Santa Clarita
2024-05-06,48,28,11,"Ozone,PM2.5",Ozone,Pomona
2024-05-07,84,21,12,"Ozone,PM2.5",Ozone,Santa Clarita
2024-05-08,77,20,12,"Ozone,PM2.5",Ozone,Santa Clarita
2024-05-09,67,23,12,"Ozone,PM2.5",Ozone,Pasadena
2024-05-10,74,20,11,"Ozone,PM2.5",Ozone,Pomona
2024-05-11,84,21,12,"Ozone,PM2.5",Ozone,Pomona
2024-05-12,108,29,12,"Ozone,PM2.5",Ozone,Santa Clarita
2024-05-13,97,22,12,"Ozone,PM2.5",Ozone,Lancaster - Fairgrounds
2024-05-14,90,22,12,"Ozone,PM2.5",Ozone,Lancaster - Fairgrounds
2024-05-15,74,24,12,"Ozone,PM2.5",Ozone,Lancaster - Fairgrounds
2024-05-16,74,21,12,"Ozone,PM2.5",Ozone,Lancaster - Fairgrounds
2024-05-17,58,21,11,"Ozone,PM2.5",PM2.5,Santa Clarita
2024-05-18,105,29,12,"Ozone,PM2.5",Ozone,Lancaster - Fairgrounds
2024-05-19,67,22,12,"Ozone,PM2.5",Ozone,Santa Clarita
2024-05-20,52,22,12,"Ozone,PM2.5",PM2.5,Santa Clarita
2024-05-21,74,24,11,"Ozone,PM2.5",Ozone,Santa Clarita
2024-05-22,87,22,12,"Ozone,PM2.5",Ozone,Lancaster - Fairgrounds
2024-05-23,61,21,12,"Ozone,PM2.5",Ozone,Lancaster - Fairgrounds
2024-05-24,61,31,13,"Ozone,PM2.5",PM2.5,Los Angeles-North Main Street
2024-05-25,52,24,13,"Ozone,PM2.5",PM2.5,Santa Clarita
2024-05-26,54,24,13,"Ozone,PM2.5",PM2.5,Santa Clarita
2024-05-27,87,27,13,"Ozone,PM2.5",Ozone,Santa Clarita
2024-05-28,93,24,13,"Ozone,PM2.5",Ozone,Santa Clarita
2024-05-29,80,23,13,"Ozone,PM2.5",Ozone,Santa Clarita
2024-05-30,119,29,12,"Ozone,PM2.5",Ozone,Santa Clarita
2024-05-31,119,23,12,"Ozone,PM2.5",Ozone,Santa Clarita
2024-06-01,87,24,13,"Ozone,PM2.5",Ozone,Santa Clarita
2024-06-02,58,27,13,"Ozone,PM2.5",PM2.5,Santa Clarita
2024-06-03,74,24,13,"Ozone,PM2.5",Ozone,Santa Clarita
2024-06-04,115,24,13,"Ozone,PM2.5",Ozone,Santa Clarita
2024-06-05,179,30,13,"Ozone,PM2.5",Ozone,Santa Clarita
2024-06-06,166,22,13,"Ozone,PM2.5",Ozone,Santa Clarita
2024-06-07,84,21,12,"Ozone,PM2.5",Ozone,Santa Clarita
2024-06-08,58,25,13,"Ozone,PM2.5",Ozone,Lancaster - Fairgrounds
2024-06-09,55,23,13,"Ozone,PM2.5",PM2.5,Santa Clarita
2024-06-10,97,23,13,"Ozone,PM2.5",Ozone,Santa Clarita
2024-06-11,115,30,13,"Ozone,PM2.5",Ozone,Santa Clarita
2024-06-12,105,23,13,"Ozone,PM2.5",Ozone,Glendora
2024-06-13,77,24,13,"Ozone,PM2.5",Ozone,Pomona
2024-06-14,164,27,13,"Ozone,PM2.5",Ozone,Santa Clarita
2024-06-15,161,24,13,"Ozone,PM2.5",Ozone,Glendora
2024-06-16,129,24,13,"Ozone,PM2.5",Ozone,Santa Clarita
2024-06-17,71,31,13,"Ozone,PM2.5",Ozone,Santa Clarita
2024-06-18,108,23,12,"Ozone,PM2.5",Ozone,Santa Clarita
2024-06-19,119,24,13,"Ozone,PM2.5",Ozone,Glendora
2024-06-20,140,27,13,"Ozone,PM2.5",Ozone,Glendora
2024-06-21,166,23,12,"Ozone,PM2.5",Ozone,Santa Clarita
2024-06-22,202,24,13,"Ozone,PM2.5",Ozone,Glendora
2024-06-23,154,31,13,"Ozone,PM2.5",Ozone,Pomona
2024-06-24,126,24,13,"Ozone,PM2.5",Ozone,Glendora
2024-06-25,100,22,12,"Ozone,PM2.5",Ozone,Santa Clarita
2024-06-26,140,25,12,"Ozone,PM2.5",Ozone,Santa Clarita
2024-06-27,122,24,13,"Ozone,PM2.5",Ozone,Santa Clarita
2024-06-28,108,24,13,"Ozone,PM2.5",Ozone,Santa Clarita
2024-06-29,147,31,13,"Ozone,PM2.5",Ozone,Glendora
2024-06-30,169,24,13,"Ozone,PM2.5",Ozone,Glendora
2024-07-01,150,24,13,"Ozone,PM2.5",Ozone,Glendora
2024-07-02,161,26,13,"Ozone,PM2.5",Ozone,Glendora
2024-07-03,195,23,13,"Ozone,PM2.5",Ozone,Santa Clarita
2024-07-04,166,24,13,"Ozone,PM2.5",Ozone,Santa Clarita
2024-07-05,230,31,13,"Ozone,PM2.5",PM2.5,Glendora
2024-07-06,156,22,12,"Ozone,PM2.5",Ozone,Santa Clarita
2024-07-07,108,24,13,"Ozone,PM2.5",Ozone,Santa Clarita
2024-07-08,187,27,13,"Ozone,PM2.5",Ozone,Santa Clarita
2024-07-09,206,23,13,"Ozone,PM2.5",Ozone,Santa Clarita
2024-07-10,209,24,13,"Ozone,PM2.5",Ozone,Santa Clarita
2024-07-11,166,30,13,"Ozone,PM2.5",Ozone,Glendora
2024-07-12,147,23,12,"Ozone,PM2.5",Ozone,Santa Clarita
2024-07-13,147,24,13,"Ozone,PM2.5",Ozone,Santa Clarita
2024-07-14,136,27,13,"Ozone,PM2.5",Ozone,Glendora
2024-07-15,136,24,13,"Ozone,PM2.5",Ozone,Santa Clarita
2024-07-16,129,21,12,"Ozone,PM2.5",Ozone,Santa Clarita
2024-07-17,129,28,13,"Ozone,PM2.5",Ozone,Glendora
2024-07-18,174,21,13,"Ozone,PM2.5",Ozone,Santa Clarita
2024-07-19,203,22,13,"Ozone,PM2.5",Ozone,Glendora
2024-07-20,164,25,13,"Ozone,PM2.5",Ozone,Glendora
2024-07-21,147,22,13,"Ozone,PM2.5",Ozone,Glendora
2024-07-22,159,22,13,"Ozone,PM2.5",Ozone,Santa Clarita
2024-07-23,154,29,13,"Ozone,PM2.5",Ozone,Glendora
2024-07-24,159,20,13,"Ozone,PM2.5",Ozone,Santa Clarita
2024-07-25,182,20,13,"Ozone,PM2.5",Ozone,Glendora
2024-07-26,143,25,13,"Ozone,PM2.5",Ozone,Glendora
2024-07-27,105,22,13,"Ozone,PM2.5",Ozone,Glendora
2024-07-28,105,22,13,"Ozone,PM2.5",Ozone,Glendora
2024-07-29,119,29,13,"Ozone,PM2.5",Ozone,Glendora
2024-07-30,150,23,12,"Ozone,PM2.5",Ozone,Glendora
2024-07-31,166,22,13,"Ozone,PM2.5",Ozone,Santa Clarita
2024-08-01,126,26,13,"Ozone,PM2.5",Ozone,Santa Clarita
2024-08-02,200,24,13,"Ozone,PM2.5",Ozone,Glendora
2024-08-03,174,24,13,"Ozone,PM2.5",Ozone,Glendora
2024-08-04,164,29,13,"Ozone,PM2.5",Ozone,Glendora
2024-08-05,182,24,13,"Ozone,PM2.5",Ozone,Glendora
2024-08-06,192,24,13,"Ozone,PM2.5",Ozone,Santa Clarita
2024-08-07,108,27,13,"Ozone,PM2.5",Ozone,Santa Clarita
2024-08-08,140,24,13,"Ozone,PM2.5",Ozone,Santa Clarita
2024-08-09,182,24,13,"Ozone,PM2.5",Ozone,Santa Clarita
2024-08-10,202,31,13,"Ozone,PM2.5",Ozone,Glendora
2024-08-11,136,24,13,"Ozone,PM2.5",Ozone,Santa Clarita
2024-08-12,90,24,13,"Ozone,PM2.5",Ozone,Glendora
2024-08-13,105,27,13,"Ozone,PM2.5",Ozone,Glendora
2024-08-14,140,24,13,"Ozone,PM2.5",Ozone,Santa Clarita
2024-08-15,159,24,13,"Ozone,PM2.5",Ozone,Glendora
2024-08-16,151,30,13,"Ozone,PM2.5",Ozone,Glendora
2024-08-17,90,23,13,"Ozone,PM2.5",Ozone,Glendora
2024-08-18,126,23,13,"Ozone,PM2.5",Ozone,Glendora
2024-08-19,156,26,13,"Ozone,PM2.5",Ozone,Pomona
2024-08-20,161,23,13,"Ozone,PM2.5",Ozone,Glendora
2024-08-21,154,24,13,"Ozone,PM2.5",Ozone,Glendora
2024-08-22,105,31,13,"Ozone,PM2.5",Ozone,Glendora
2024-08-23,77,21,12,"Ozone,PM2.5",Ozone,Lancaster - Fairgrounds
2024-08-24,71,22,12,"Ozone,PM2.5",Ozone,Santa Clarita
2024-08-25,87,25,12,"Ozone,PM2.5",Ozone,Glendora
2024-08-26,129,22,12,"Ozone,PM2.5",Ozone,Glendora
2024-08-27,156,21,12,"Ozone,PM2.5",Ozone,Glendora
2024-08-28,133,28,13,"Ozone,PM2.5",Ozone,Glendora
2024-08-29,126,22,12,"Ozone,PM2.5",Ozone,Glendora
2024-08-30,156,23,13,"Ozone,PM2.5",Ozone,Santa Clarita
2024-08-31,187,26,13,"Ozone,PM2.5",Ozone,Glendora
2024-09-01,169,24,13,"Ozone,PM2.5",Ozone,Glendora
2024-09-02,182,24,13,"Ozone,PM2.5",Ozone,Glendora
2024-09-03,166,30,13,"Ozone,PM2.5",Ozone,Glendora
2024-09-04,147,23,13,"Ozone,PM2.5",Ozone,Glendora
2024-09-05,207,22,12,"Ozone,PM2.5",Ozone,Glendora
2024-09-06,190,24,12,"Ozone,PM2.5",Ozone,Glendora
2024-09-07,209,21,12,"Ozone,PM2.5",Ozone,Glendora
2024-09-08,150,21,12,"Ozone,PM2.5",Ozone,Glendora
2024-09-09,185,27,12,"Ozone,PM2.5",Ozone,Glendora
2024-09-10,116,21,12,"Ozone,PM2.5",PM2.5,Glendora
2024-09-11,122,21,12,"Ozone,PM2.5",Ozone,Santa Clarita
2024-09-12,101,26,13,"Ozone,PM2.5",Ozone,Santa Clarita
2024-09-13,119,24,13,"Ozone,PM2.5",Ozone,Lancaster - Fairgrounds
2024-09-14,122,24,13,"Ozone,PM2.5",Ozone,Glendora
2024-09-15,77,31,13,"Ozone,PM2.5",Ozone,Lancaster - Fairgrounds
2024-09-16,48,24,13,"Ozone,PM2.5",Ozone,Lancaster - Fairgrounds
2024-09-17,52,24,13,"Ozone,PM2.5",PM2.5,Santa Clarita
2024-09-18,80,27,13,"Ozone,PM2.5",Ozone,Lancaster - Fairgrounds
2024-09-19,67,22,12,"Ozone,PM2.5",Ozone,Lancaster - Fairgrounds
2024-09-20,64,24,13,"Ozone,PM2.5",Ozone,Lancaster - Fairgrounds
2024-09-21,90,31,13,"Ozone,PM2.5",Ozone,Santa Clarita
2024-09-22,122,24,13,"Ozone,PM2.5",Ozone,Santa Clarita
2024-09-23,112,24,13,"Ozone,PM2.5",Ozone,Pomona
2024-09-24,133,27,13,"Ozone,PM2.5",Ozone,Santa Clarita
2024-09-25,101,24,13,"Ozone,PM2.5",Ozone,Santa Clarita
2024-09-26,126,23,13,"Ozone,PM2.5",Ozone,Santa Clarita
2024-09-27,108,31,13,"Ozone,PM2.5",Ozone,Santa Clarita
2024-09-28,133,24,13,"Ozone,PM2.5",Ozone,Glendora
2024-09-29,122,24,13,"Ozone,PM2.5",Ozone,Glendora
2024-09-30,136,27,13,"Ozone,PM2.5",Ozone,Glendora
2024-10-01,126,24,13,"Ozone,PM2.5",Ozone,Reseda
2024-10-02,179,21,13,"Ozone,PM2.5",Ozone,Reseda
2024-10-03,203,30,13,"Ozone,PM2.5",Ozone,Santa Clarita
2024-10-04,164,23,13,"Ozone,PM2.5",Ozone,Reseda
2024-10-05,172,23,13,"Ozone,PM2.5",Ozone,Glendora
2024-10-06,172,27,13,"Ozone,PM2.5",Ozone,Glendora
2024-10-07,154,24,13,"Ozone,PM2.5",Ozone,Santa Clarita
2024-10-08,108,22,12,"Ozone,PM2.5",Ozone,Glendora
2024-10-09,105,31,13,"Ozone,PM2.5",Ozone,Glendora
2024-10-10,119,24,13,"Ozone,PM2.5",Ozone,Glendora
2024-10-11,97,24,13,"Ozone,PM2.5",Ozone,Glendora
2024-10-12,100,27,13,"Ozone,PM2.5",Ozone,Glendora
2024-10-13,101,24,13,"Ozone,PM2.5",Ozone,Santa Clarita
2024-10-14,68,24,13,"Ozone,PM2.5",PM2.5,Santa Clarita
2024-10-15,83,31,13,"Ozone,PM2.5",PM2.5,Los Angeles-North Main Street
2024-10-16,81,24,13,"Ozone,PM2.5",PM2.5,Los Angeles-North Main Street
2024-10-17,61,24,13,"Ozone,PM2.5",PM2.5,Santa Clarita
2024-10-18,55,25,13,"Ozone,PM2.5",PM2.5,Los Angeles-North Main Street
2024-10-19,62,23,13,"Ozone,PM2.5",PM2.5,Long Beach-Route 710 Near Road
2024-10-20,67,23,13,"Ozone,PM2.5",Ozone,North Hollywood (NOHO)
2024-10-21,67,30,13,"Ozone,PM2.5",Ozone,Glendora
2024-10-22,87,23,13,"Ozone,PM2.5",Ozone,Santa Clarita
2024-10-23,122,23,13,"Ozone,PM2.5",Ozone,North Hollywood (NOHO)
2024-10-24,150,26,13,"Ozone,PM2.5",Ozone,Santa Clarita
2024-10-25,108,23,13,"Ozone,PM2.5",Ozone,Santa Clarita
2024-10-26,122,23,13,"Ozone,PM2.5",Ozone,Glendora
2024-10-27,105,29,13,"Ozone,PM2.5",Ozone,Glendora
2024-10-28,60,22,13,"Ozone,PM2.5",PM2.5,Santa Clarita
2024-10-29,53,22,13,"Ozone,PM2.5",PM2.5,Long Beach-Route 710 Near Road
2024-10-30,55,25,13,"Ozone,PM2.5",PM2.5,Long Beach-Route 710 Near Road
2024-10-31,63,23,13,"Ozone,PM2.5",PM2.5,Long Beach-Route 710 Near Road
2024-11-01,62,22,13,"Ozone,PM2.5",PM2.5,Long Beach-Route 710 Near Road
2024-11-02,57,30,13,"Ozone,PM2.5",PM2.5,Santa Clarita
2024-11-03,48,23,13,"Ozone,PM2.5",PM2.5,Santa Clarita
2024-11-04,57,23,13,"Ozone,PM2.5",PM2.5,Long Beach-Route 710 Near Road
2024-11-05,55,27,13,"Ozone,PM2.5",PM2.5,Los Angeles-North Main Street
2024-11-06,56,24,13,"Ozone,PM2.5",PM2.5,Long Beach-Route 710 Near Road
2024-11-07,60,24,13,"Ozone,PM2.5",PM2.5,Long Beach-Route 710 Near Road
2024-11-08,60,31,13,"Ozone,PM2.5",PM2.5,Long Beach-Route 710 Near Road
2024-11-09,80,24,13,"Ozone,PM2.5",PM2.5,Compton
2024-11-10,108,24,13,"Ozone,PM2.5",PM2.5,Compton
2024-11-11,83,27,13,"Ozone,PM2.5",PM2.5,Compton
2024-11-12,54,24,13,"Ozone,PM2.5",PM2.5,Long Beach-Route 710 Near Road
2024-11-13,54,24,13,"Ozone,PM2.5",PM2.5,Long Beach-Route 710 Near Road
2024-11-14,66,30,13,"Ozone,PM2.5",PM2.5,Long Beach-Route 710 Near Road
2024-11-15,53,21,12,"Ozone,PM2.5",PM2.5,Santa Clarita
2024-11-16,78,22,13,"Ozone,PM2.5",PM2.5,Compton
2024-11-17,67,25,13,"Ozone,PM2.5",PM2.5,Compton
2024-11-18,61,23,13,"Ozone,PM2.5",PM2.5,Compton
2024-11-19,71,22,13,"Ozone,PM2.5",PM2.5,Long Beach-Route 710 Near Road
2024-11-20,68,30,13,"Ozone,PM2.5",PM2.5,Compton
2024-11-21,73,22,12,"Ozone,PM2.5",PM2.5,Long Beach-Route 710 Near Road
2024-11-22,73,22,12,"Ozone,PM2.5",PM2.5,Compton
2024-11-23,73,26,13,"Ozone,PM2.5",PM2.5,Compton
2024-11-24,49,23,12,"Ozone,PM2.5",PM2.5,Santa Clarita
2024-11-25,79,23,12,"Ozone,PM2.5",PM2.5,Compton
2024-11-26,58,30,13,"Ozone,PM2.5",PM2.5,Los Angeles-North Main Street
2024-11-27,54,24,13,"Ozone,PM2.5",PM2.5,Compton
2024-11-28,62,24,13,"Ozone,PM2.5",PM2.5,Compton
2024-11-29,56,27,13,"Ozone,PM2.5",PM2.5,North Hollywood (NOHO)
2024-11-30,54,24,13,"Ozone,PM2.5",PM2.5,Compton
2024-12-01,70,24,13,"Ozone,PM2.5",PM2.5,Compton
2024-12-02,78,30,13,"Ozone,PM2.5",PM2.5,Signal Hill (LBSH)
2024-12-03,82,24,13,"Ozone,PM2.5",PM2.5,Los Angeles-North Main Street
2024-12-04,128,24,13,"Ozone,PM2.5",PM2.5,Los Angeles-North Main Street
2024-12-05,155,24,13,"Ozone,PM2.5",PM2.5,Pico Rivera #2
2024-12-06,105,21,12,"Ozone,PM2.5",PM2.5,Compton
2024-12-07,91,22,12,"Ozone,PM2.5",PM2.5,Compton
2024-12-08,90,30,13,"Ozone,PM2.5",PM2.5,Compton
2024-12-09,103,23,13,"Ozone,PM2.5",PM2.5,Los Angeles-North Main Street
2024-12-10,82,22,13,"Ozone,PM2.5",PM2.5,Long Beach-Route 710 Near Road
2024-12-11,59,27,13,"Ozone,PM2.5",PM2.5,Compton
2024-12-12,71,22,13,"Ozone,PM2.5",PM2.5,Signal Hill (LBSH)
2024-12-13,71,21,13,"Ozone,PM2.5",PM2.5,Compton
2024-12-14,71,27,13,"Ozone,PM2.5",PM2.5,Long Beach-Route 710 Near Road
2024-12-15,74,21,13,"Ozone,PM2.5",PM2.5,Long Beach-Route 710 Near Road
2024-12-16,76,21,13,"Ozone,PM2.5",PM2.5,Signal Hill (LBSH)
2024-12-17,77,24,13,"Ozone,PM2.5",PM2.5,Long Beach-Route 710 Near Road
2024-12-18,73,23,13,"Ozone,PM2.5",PM2.5,Long Beach-Route 710 Near Road
2024-12-19,63,23,12,"Ozone,PM2.5",PM2.5,Los Angeles-North Main Street
2024-12-20,106,31,13,"Ozone,PM2.5",PM2.5,Los Angeles-North Main Street
2024-12-21,86,24,13,"Ozone,PM2.5",PM2.5,Los Angeles-North Main Street
2024-12-22,99,24,13,"Ozone,PM2.5",PM2.5,Los Angeles-North Main Street
2024-12-23,127,27,13,"Ozone,PM2.5",PM2.5,Los Angeles-North Main Street
2024-12-24,129,20,12,"Ozone,PM2.5",PM2.5,Compton
2024-12-25,80,23,13,"Ozone,PM2.5",PM2.5,Compton
2024-12-26,74,26,13,"Ozone,PM2.5",PM2.5,Compton
2024-12-27,63,21,12,"Ozone,PM2.5",PM2.5,Reseda
2024-12-28,88,24,13,"Ozone,PM2.5",PM2.5,Signal Hill (LBSH)
2024-12-29,99,25,13,"Ozone,PM2.5",PM2.5,Compton
2024-12-30,98,21,13,"Ozone,PM2.5",PM2.5,Los Angeles-North Main Street
2024-12-31,152,11,9,PM2.5,PM2.5,Compton
2025-01-01,145,30,13,"Ozone,PM2.5",PM2.5,Compton
2025-01-02,97,23,13,"Ozone,PM2.5",PM2.5,Compton
2025-01-03,87,23,13,"Ozone,PM2.5",PM2.5,Los Angeles-North Main Street
2025-01-04,106,27,13,"Ozone,PM2.5",PM2.5,Pasadena
2025-01-05,78,24,13,"Ozone,PM2.5",PM2.5,Compton
2025-01-06,71,24,13,"Ozone,PM2.5",PM2.5,Long Beach-Route 710 Near Road
2025-01-07,157,30,13,"Ozone,PM2.5",PM2.5,Pasadena
2025-01-08,182,22,12,"Ozone,PM2.5",PM2.5,Los Angeles-North Main Street
2025-01-09,164,22,13,"Ozone,PM2.5",PM2.5,Los Angeles-North Main Street
2025-01-10,163,27,13,"Ozone,PM2.5",PM2.5,Pasadena
2025-01-11,88,24,13,"Ozone,PM2.5",PM2.5,Compton
2025-01-12,83,24,13,"Ozone,PM2.5",PM2.5,Compton
2025-01-13,58,31,13,"Ozone,PM2.5",PM2.5,Long Beach-Route 710 Near Road
2025-01-14,63,23,13,"Ozone,PM2.5",PM2.5,Long Beach-Route 710 Near Road
2025-01-15,67,23,13,"Ozone,PM2.5",PM2.5,Long Beach-Route 710 Near Road
2025-01-16,63,26,13,"Ozone,PM2.5",PM2.5,Long Beach-Route 710 Near Road
2025-01-17,60,24,13,"Ozone,PM2.5",PM2.5,Compton
2025-01-18,78,24,13,"Ozone,PM2.5",PM2.5,Compton
2025-01-19,92,31,13,"Ozone,PM2.5",PM2.5,Compton
2025-01-20,65,24,13,"Ozone,PM2.5",PM2.5,Lancaster - Fairgrounds
2025-01-21,59,24,13,"Ozone,PM2.5",PM2.5,Long Beach-Route 710 Near Road
2025-01-22,63,26,13,"Ozone,PM2.5",PM2.5,Long Beach-Route 710 Near Road
2025-01-23,70,24,13,"Ozone,PM2.5",PM2.5,Compton
2025-01-24,52,24,13,"Ozone,PM2.5",PM2.5,Compton
2025-01-25,59,31,13,"Ozone,PM2.5",PM2.5,Los Angeles-North Main Street
2025-01-26,41,24,13,"Ozone,PM2.5",PM2.5,Santa Clarita
2025-01-27,44,24,13,"Ozone,PM2.5",PM2.5,Santa Clarita
2025-01-28,62,26,13,"Ozone,PM2.5",PM2.5,Long Beach-Route 710 Near Road
2025-01-29,63,22,13,"Ozone,PM2.5",PM2.5,Compton
2025-01-30,66,23,12,"Ozone,PM2.5",PM2.5,Compton
2025-01-31,74,30,12,"Ozone,PM2.5",PM2.5,Pico Rivera #2
2025-02-01,76,24,13,"Ozone,PM2.5",PM2.5,Long Beach-Route 710 Near Road
2025-02-02,103,24,13,"Ozone,PM2.5",PM2.5,Los Angeles-North Main Street
2025-02-03,83,27,13,"Ozone,PM2.5",PM2.5,Los Angeles-North Main Street
2025-02-04,52,24,13,"Ozone,PM2.5",PM2.5,Glendora
2025-02-05,38,22,13,"Ozone,PM2.5",PM2.5,Los Angeles-North Main Street
2025-02-06,42,28,12,"Ozone,PM2.5",PM2.5,North Hollywood (NOHO)
2025-02-07,40,20,11,"Ozone,PM2.5",Ozone,Lancaster - Fairgrounds
2025-02-08,57,23,13,"Ozone,PM2.5",PM2.5,Compton
2025-02-09,66,25,13,"Ozone,PM2.5",PM2.5,Compton
2025-02-10,57,23,13,"Ozone,PM2.5",PM2.5,Santa Clarita
2025-02-11,51,20,12,"Ozone,PM2.5",PM2.5,Santa Clarita
2025-02-12,44,26,13,"Ozone,PM2.5",PM2.5,Santa Clarita
2025-02-13,41,21,13,"Ozone,PM2.5",Ozone,Lancaster - Fairgrounds
2025-02-14,44,23,13,"Ozone,PM2.5",PM2.5,Los Angeles-North Main Street
2025-02-15,58,27,13,"Ozone,PM2.5",PM2.5,Compton
2025-02-16,66,24,13,"Ozone,PM2.5",PM2.5,Compton
2025-02-17,64,24,13,"Ozone,PM2.5",PM2.5,Compton
2025-02-18,62,30,13,"Ozone,PM2.5",PM2.5,Reseda
2025-02-19,77,22,13,"Ozone,PM2.5",PM2.5,Compton
2025-02-20,66,22,12,"Ozone,PM2.5",PM2.5,Compton
2025-02-21,64,25,13,"Ozone,PM2.5",PM2.5,Compton
2025-02-22,70,22,13,"Ozone,PM2.5",PM2.5,Compton
2025-02-23,79,22,13,"Ozone,PM2.5",PM2.5,Compton
2025-02-24,84,28,13,"Ozone,PM2.5",Ozone,Glendora
2025-02-25,71,21,13,"Ozone,PM2.5",Ozone,Glendora
2025-02-26,70,20,13,"Ozone,PM2.5",PM2.5,Compton
2025-02-27,60,26,13,"Ozone,PM2.5",PM2.5,Long Beach-Route 710 Near Road
2025-02-28,52,23,13,"Ozone,PM2.5",PM2.5,Compton
2025-03-01,57,24,13,"Ozone,PM2.5",PM2.5,Santa Clarita
2025-03-02,44,30,13,"Ozone,PM2.5",Ozone,Pasadena
2025-03-03,56,24,13,"Ozone,PM2.5",PM2.5,Signal Hill (LBSH)
2025-03-04,52,24,13,"Ozone,PM2.5",PM2.5,Los Angeles-North Main Street
2025-03-05,59,25,13,"Ozone,PM2.5",PM2.5,Los Angeles-North Main Street
2025-03-06,43,24,13,"Ozone,PM2.5",Ozone,Signal Hill (LBSH)
2025-03-07,52,24,13,"Ozone,PM2.5",PM2.5,Long Beach-Route 710 Near Road
2025-03-08,55,30,13,"Ozone,PM2.5",PM2.5,Compton
2025-03-09,62,23,13,"Ozone,PM2.5",PM2.5,Compton
2025-03-10,57,23,13,"Ozone,PM2.5",PM2.5,Signal Hill (LBSH)
2025-03-11,46,25,13,"Ozone,PM2.5",Ozone,Lancaster - Fairgrounds
2025-03-12,44,24,13,"Ozone,PM2.5",Ozone,Lancaster - Fairgrounds
2025-03-13,44,21,13,"Ozone,PM2.5",Ozone,North Hollywood (NOHO)
2025-03-14,41,27,12,"Ozone,PM2.5",Ozone,Lancaster - Fairgrounds
2025-03-15,56,23,13,"Ozone,PM2.5",PM2.5,Compton
2025-03-16,67,23,13,"Ozone,PM2.5",Ozone,Glendora
2025-03-17,59,26,13,"Ozone,PM2.5",PM2.5,Los Angeles-North Main Street
2025-03-18,44,22,12,"Ozone,PM2.5",Ozone,North Hollywood (NOHO)
2025-03-19,50,22,12,"Ozone,PM2.5",Ozone,Santa Clarita
2025-03-20,57,30,13,"Ozone,PM2.5",PM2.5,Compton
2025-03-21,67,21,12,"Ozone,PM2.5",Ozone,Glendora
2025-03-22,87,24,13,"Ozone,PM2.5",Ozone,Glendora
2025-03-23,93,26,13,"Ozone,PM2.5",Ozone,Glendora
2025-03-24,74,23,13,"Ozone,PM2.5",Ozone,Glendora
2025-03-25,87,22,13,"Ozone,PM2.5",Ozone,Santa Clarita
2025-03-26,59,31,13,"Ozone,PM2.5",PM2.5,Pasadena
2025-03-27,44,23,12,"Ozone,PM2.5",PM2.5,North Hollywood (NOHO)
2025-03-28,67,23,12,"Ozone,PM2.5",PM2.5,Lancaster - Fairgrounds
2025-03-29,51,27,13,"Ozone,PM2.5",PM2.5,Los Angeles-North Main Street
2025-03-30,44,24,13,"Ozone,PM2.5",Ozone,Pomona
2025-03-31,44,24,13,"Ozone,PM2.5",Ozone,Lancaster - Fairgrounds
2025-04-01,44,30,13,"Ozone,PM2.5",Ozone,North Hollywood (NOHO)
2025-04-02,44,23,13,"Ozone,PM2.5",Ozone,Santa Clarita
2025-04-03,49,23,13,"Ozone,PM2.5",PM2.5,Long Beach-Route 710 Near Road
2025-04-04,53,26,13,"Ozone,PM2.5",PM2.5,Long Beach-Route 710 Near Road
2025-04-05,54,23,13,"Ozone,PM2.5",Ozone,Glendora
2025-04-06,67,23,13,"Ozone,PM2.5",Ozone,Glendora
2025-04-07,90,30,13,"Ozone,PM2.5",Ozone,Santa Clarita
2025-04-08,119,23,13,"Ozone,PM2.5",Ozone,Santa Clarita
2025-04-09,115,23,13,"Ozone,PM2.5",Ozone,Santa Clarita
2025-04-10,122,26,13,"Ozone,PM2.5",Ozone,Santa Clarita
2025-04-11,136,22,13,"Ozone,PM2.5",Ozone,Glendora
2025-04-12,97,22,13,"Ozone,PM2.5",Ozone,Glendora
2025-04-13,80,29,13,"Ozone,PM2.5",Ozone,Santa Clarita
2025-04-14,90,22,13,"Ozone,PM2.5",Ozone,Lancaster - Fairgrounds
2025-04-15,67,21,13,"Ozone,PM2.5",Ozone,Lancaster - Fairgrounds
2025-04-16,52,26,13,"Ozone,PM2.5",PM2.5,Lancaster - Fairgrounds
2025-04-17,62,23,13,"Ozone,PM2.5",PM2.5,Reseda
2025-04-18,46,22,13,"Ozone,PM2.5",PM2.5,Long Beach-Route 710 Near Road
2025-04-19,58,29,13,"Ozone,PM2.5",Ozone,Glendora
2025-04-20,80,22,13,"Ozone,PM2.5",Ozone,Glendora
2025-04-21,80,22,13,"Ozone,PM2.5",Ozone,Santa Clarita
2025-04-22,77,25,13,"Ozone,PM2.5",Ozone,Santa Clarita
2025-04-23,59,22,13,"Ozone,PM2.5",PM2.5,Santa Clarita
2025-04-24,71,23,13,"Ozone,PM2.5",Ozone,Lancaster - Fairgrounds
2025-04-25,61,30,13,"Ozone,PM2.5",Ozone,Lancaster - Fairgrounds
2025-04-26,48,23,13,"Ozone,PM2.5",Ozone,Lancaster - Fairgrounds
2025-04-27,44,23,13,"Ozone,PM2.5",Ozone,Glendora
2025-04-28,52,25,13,"Ozone,PM2.5",PM2.5,Los Angeles-North Main Street
2025-04-29,64,23,13,"Ozone,PM2.5",Ozone,Santa Clarita
2025-04-30,71,22,13,"Ozone,PM2.5",Ozone,Lancaster - Fairgrounds
2025-05-01,58,30,13,"Ozone,PM2.5",PM2.5,Glendora
2025-05-02,67,23,13,"Ozone,PM2.5",Ozone,Santa Clarita
2025-05-03,56,23,13,"Ozone,PM2.5",PM2.5,Glendora
2025-05-04,53,26,13,"Ozone,PM2.5",PM2.5,Los Angeles-North Main Street
2025-05-05,54,23,13,"Ozone,PM2.5",PM2.5,Los Angeles-North Main Street
2025-05-06,53,23,13,"Ozone,PM2.5",PM2.5,Los Angeles-North Main Street
2025-05-07,61,30,13,"Ozone,PM2.5",Ozone,Lancaster - Fairgrounds
2025-05-08,115,22,13,"Ozone,PM2.5",Ozone,Santa Clarita
2025-05-09,147,23,13,"Ozone,PM2.5",Ozone,Glendora
2025-05-10,159,25,13,"Ozone,PM2.5",Ozone,Pico Rivera #2
2025-05-11,136,22,13,"Ozone,PM2.5",Ozone,Pasadena
2025-05-12,64,23,13,"Ozone,PM2.5",Ozone,Lancaster - Fairgrounds
2025-05-13,47,29,13,"Ozone,PM2.5",PM2.5,Los Angeles-North Main Street
2025-05-14,55,20,13,"Ozone,PM2.5",PM2.5,Los Angeles-North Main Street
2025-05-15,80,22,13,"Ozone,PM2.5",Ozone,Lancaster - Fairgrounds
2025-05-16,71,24,13,"Ozone,PM2.5",Ozone,Lancaster - Fairgrounds
2025-05-17,52,22,13,"Ozone,PM2.5",PM2.5,Reseda
2025-05-18,64,22,13,"Ozone,PM2.5",Ozone,Lancaster - Fairgrounds
2025-05-19,108,27,13,"Ozone,PM2.5",Ozone,Glendora
2025-05-20,156,20,12,"Ozone,PM2.5",Ozone,Glendora
2025-05-21,154,22,13,"Ozone,PM2.5",Ozone,Glendora
2025-05-22,143,24,13,"Ozone,PM2.5",Ozone,Santa Clarita
2025-05-23,100,23,13,"Ozone,PM2.5",Ozone,Lancaster - Fairgrounds
2025-05-24,74,23,13,"Ozone,PM2.5",Ozone,Santa Clarita
2025-05-25,74,30,13,"Ozone,PM2.5",Ozone,Santa Clarita
2025-05-26,74,23,13,"Ozone,PM2.5",Ozone,Santa Clarita
2025-05-27,105,23,13,"Ozone,PM2.5",Ozone,Santa Clarita
2025-05-28,87,26,13,"Ozone,PM2.5",Ozone,Lancaster - Fairgrounds
2025-05-29,101,23,13,"Ozone,PM2.5",Ozone,Santa Clarita
2025-05-30,143,23,13,"Ozone,PM2.5",Ozone,Santa Clarita
2025-05-31,147,30,13,"Ozone,PM2.5",Ozone,Pasadena
2025-06-01,112,23,13,"Ozone,PM2.5",Ozone,Santa Clarita
2025-06-02,53,23,13,"Ozone,PM2.5",PM2.5,Los Angeles-North Main Street
2025-06-03,55,26,13,"Ozone,PM2.5",PM2.5,Los Angeles-North Main Street
2025-06-04,84,23,13,"Ozone,PM2.5",Ozone,Lancaster - Fairgrounds
2025-06-05,77,23,13,"Ozone,PM2.5",Ozone,Lancaster - Fairgrounds
2025-06-06,80,28,13,"Ozone,PM2.5",Ozone,Santa Clarita
2025-06-07,80,23,13,"Ozone,PM2.5",Ozone,Lancaster - Fairgrounds
2025-06-08,84,23,13,"Ozone,PM2.5",Ozone,Lancaster - Fairgrounds
2025-06-09,115,26,13,"Ozone,PM2.5",Ozone,Santa Clarita
2025-06-10,156,23,13,"Ozone,PM2.5",Ozone,Santa Clarita
2025-06-11,154,24,13,"Ozone,PM2.5",Ozone,Santa Clarita
2025-06-12,136,29,13,"Ozone,PM2.5",Ozone,Santa Clarita
2025-06-13,150,23,13,"Ozone,PM2.5",Ozone,Santa Clarita
2025-06-14,164,24,13,"Ozone,PM2.5",Ozone,Glendora
2025-06-15,172,27,13,"Ozone,PM2.5",Ozone,Glendora
2025-06-16,182,24,13,"Ozone,PM2.5",Ozone,Glendora
2025-06-17,166,22,13,"Ozone,PM2.5",Ozone,Santa Clarita
2025-06-18,201,29,13,"Ozone,PM2.5",Ozone,Santa Clarita
2025-06-19,140,24,13,"Ozone,PM2.5",Ozone,Santa Clarita
2025-06-20,100,23,13,"Ozone,PM2.5",Ozone,Santa Clarita
2025-06-21,61,26,13,"Ozone,PM2.5",PM2.5,Long Beach-Route 710 Near Road
2025-06-22,77,23,13,"Ozone,PM2.5",Ozone,Santa Clarita
2025-06-23,84,23,13,"Ozone,PM2.5",Ozone,Santa Clarita
2025-06-24,77,29,13,"Ozone,PM2.5",Ozone,Lancaster - Fairgrounds
2025-06-25,126,24,13,"Ozone,PM2.5",Ozone,Santa Clarita
2025-06-26,161,22,12,"Ozone,PM2.5",Ozone,Santa Clarita
2025-06-27,147,26,13,"Ozone,PM2.5",Ozone,Santa Clarita
2025-06-28,156,24,13,"Ozone,PM2.5",Ozone,Glendora
2025-06-29,122,24,13,"Ozone,PM2.5",Ozone,Glendora
2025-06-30,93,30,13,"Ozone,PM2.5",Ozone,Glendora
2025-07-01,80,23,12,"Ozone,PM2.5",Ozone,Glendora
2025-07-02,101,24,13,"Ozone,PM2.5",Ozone,Santa Clarita
2025-07-03,119,27,13,"Ozone,PM2.5",Ozone,Santa Clarita
2025-07-04,151,24,13,"Ozone,PM2.5",PM2.5,Compton
2025-07-05,170,24,13,"Ozone,PM2.5",PM2.5,Los Angeles-North Main Street
2025-07-06,122,30,13,"Ozone,PM2.5",Ozone,Lancaster - Fairgrounds
2025-07-07,133,24,13,"Ozone,PM2.5",Ozone,Glendora
2025-07-08,126,22,12,"Ozone,PM2.5",Ozone,Glendora
2025-07-09,159,27,13,"Ozone,PM2.5",Ozone,Santa Clarita
2025-07-10,177,24,13,"Ozone,PM2.5",Ozone,Santa Clarita
2025-07-11,147,23,12,"Ozone,PM2.5",Ozone,Lancaster - Fairgrounds
2025-07-12,126,30,13,"Ozone,PM2.5",Ozone,Santa Clarita
2025-07-13,122,23,12,"Ozone,PM2.5",Ozone,Santa Clarita
2025-07-14,154,23,12,"Ozone,PM2.5",Ozone,Santa Clarita
2025-07-15,77,26,12,"Ozone,PM2.5",Ozone,Lancaster - Fairgrounds
2025-07-16,61,24,13,"Ozone,PM2.5",Ozone,Lancaster - Fairgrounds
2025-07-17,71,23,12,"Ozone,PM2.5",Ozone,Santa Clarita
2025-07-18,105,29,13,"Ozone,PM2.5",Ozone,Santa Clarita
2025-07-19,119,24,13,"Ozone,PM2.5",Ozone,Santa Clarita
2025-07-20,87,24,13,"Ozone,PM2.5",Ozone,Lancaster - Fairgrounds
2025-07-21,71,27,13,"Ozone,PM2.5",Ozone,Santa Clarita
2025-07-22,64,23,13,"Ozone,PM2.5",Ozone,Pomona
2025-07-23,61,23,13,"Ozone,PM2.5",Ozone,Pomona
2025-07-24,51,30,13,"Ozone,PM2.5",Ozone,Lancaster - Fairgrounds
2025-07-25,61,24,13,"Ozone,PM2.5",Ozone,Lancaster - Fairgrounds
2025-07-26,54,24,13,"Ozone,PM2.5",Ozone,Lancaster - Fairgrounds
2025-07-27,71,27,13,"Ozone,PM2.5",Ozone,Glendora
2025-07-28,90,24,13,"Ozone,PM2.5",Ozone,Santa Clarita
2025-07-29,97,24,13,"Ozone,PM2.5",Ozone,Santa Clarita
2025-07-30,119,29,13,"Ozone,PM2.5",Ozone,Glendora
2025-07-31,108,23,13,"Ozone,PM2.5",Ozone,Glendora
2025-08-01,108,23,13,"Ozone,PM2.5",Ozone,Glendora
2025-08-02,143,26,13,"Ozone,PM2.5",Ozone,Santa Clarita
2025-08-03,133,24,13,"Ozone,PM2.5",Ozone,Glendora
2025-08-04,143,24,13,"Ozone,PM2.5",Ozone,Santa Clarita
2025-08-05,126,31,13,"Ozone,PM2.5",Ozone,Santa Clarita
2025-08-06,185,24,13,"Ozone,PM2.5",Ozone,Pomona
2025-08-07,161,23,13,"Ozone,PM2.5",Ozone,Pomona
2025-08-08,108,27,13,"Ozone,PM2.5",Ozone,Glendora
2025-08-09,126,24,13,"Ozone,PM2.5",Ozone,Glendora
2025-08-10,129,23,13,"Ozone,PM2.5",Ozone,Santa Clarita
2025-08-11,169,29,13,"Ozone,PM2.5",Ozone,Santa Clarita
2025-08-12,74,22,13,"Ozone,PM2.5",Ozone,Lancaster - Fairgrounds
2025-08-13,154,23,13,"Ozone,PM2.5",Ozone,Santa Clarita
2025-08-14,150,27,13,"Ozone,PM2.5",Ozone,Santa Clarita
2025-08-15,90,23,13,"Ozone,PM2.5",Ozone,Santa Clarita
2025-08-16,67,24,13,"Ozone,PM2.5",Ozone,Santa Clarita
2025-08-17,90,30,13,"Ozone,PM2.5",Ozone,Glendora
2025-08-18,115,24,13,"Ozone,PM2.5",Ozone,Glendora
2025-08-19,101,24,13,"Ozone,PM2.5",Ozone,Glendora
2025-08-20,151,26,13,"Ozone,PM2.5",Ozone,Santa Clarita
2025-08-21,185,24,13,"Ozone,PM2.5",Ozone,Glendora
2025-08-22,172,23,13,"Ozone,PM2.5",Ozone,Santa Clarita
2025-08-23,115,31,13,"Ozone,PM2.5",Ozone,Reseda
2025-08-24,140,25,13,"Ozone,PM2.5",Ozone,Pomona
2025-08-25,112,24,13,"Ozone,PM2.5",Ozone,Glendora
2025-08-26,74,25,13,"Ozone,PM2.5",Ozone,Glendora
2025-08-27,61,25,13,"Ozone,PM2.5",Ozone,Glendora
2025-08-28,84,24,13,"Ozone,PM2.5",Ozone,Santa Clarita
2025-08-29,151,29,12,"Ozone,PM2.5",Ozone,Santa Clarita
2025-08-30,143,25,13,"Ozone,PM2.5",Ozone,Santa Clarita
2025-08-31,133,24,13,"Ozone,PM2.5",Ozone,Santa Clarita
2025-09-01,105,26,13,"Ozone,PM2.5",Ozone,Santa Clarita
2025-09-02,93,24,13,"Ozone,PM2.5",Ozone,North Hollywood (NOHO)
2025-09-03,115,24,13,"Ozone,PM2.5",Ozone,Pomona
2025-09-04,93,30,13,"Ozone,PM2.5",Ozone,Glendora
2025-09-05,90,24,13,"Ozone,PM2.5",Ozone,Pomona
2025-09-06,112,24,13,"Ozone,PM2.5",Ozone,Pomona
2025-09-07,101,27,13,"Ozone,PM2.5",Ozone,Glendora
2025-09-08,64,24,13,"Ozone,PM2.5",Ozone,Pomona
2025-09-09,48,22,12,"Ozone,PM2.5",Ozone,Santa Clarita
2025-09-10,43,30,13,"Ozone,PM2.5",Ozone,North Hollywood (NOHO)
2025-09-11,47,24,13,"Ozone,PM2.5",Ozone,Santa Clarita
2025-09-12,58,24,13,"Ozone,PM2.5",Ozone,Santa Clarita
2025-09-13,84,26,13,"Ozone,PM2.5",Ozone,Santa Clarita
2025-09-14,100,24,13,"Ozone,PM2.5",Ozone,Pomona
2025-09-15,182,24,13,"Ozone,PM2.5",Ozone,Glendora
2025-09-16,122,31,13,"Ozone,PM2.5",Ozone,Pomona
2025-09-17,58,24,13,"Ozone,PM2.5",Ozone,Pomona
2025-09-18,62,22,12,"Ozone,PM2.5",PM2.5,Long Beach-Route 710 Near Road
2025-09-19,55,27,13,"Ozone,PM2.5",PM2.5,Signal Hill (LBSH)
2025-09-20,67,24,13,"Ozone,PM2.5",Ozone,Pomona
2025-09-21,61,24,13,"Ozone,PM2.5",Ozone,Santa Clarita
2025-09-22,100,31,13,"Ozone,PM2.5",Ozone,Glendora
2025-09-23,122,24,13,"Ozone,PM2.5",Ozone,Glendora
2025-09-24,58,24,13,"Ozone,PM2.5",PM2.5,Glendora
2025-09-25,58,27,13,"Ozone,PM2.5",PM2.5,Long Beach-Route 710 Near Road
2025-09-26,54,24,13,"Ozone,PM2.5",Ozone,Lancaster - Fairgrounds
2025-09-27,50,24,13,"Ozone,PM2.5",Ozone,Lancaster - Fairgrounds
2025-09-28,49,31,13,"Ozone,PM2.5",Ozone,Lancaster - Fairgrounds
2025-09-29,71,24,13,"Ozone,PM2.5",Ozone,Lancaster - Fairgrounds
2025-09-30,57,24,13,"Ozone,PM2.5",PM2.5,Long Beach-Route 710 Near Road
2025-10-01,53,27,13,"Ozone,PM2.5",PM2.5,Glendora
2025-10-02,50,24,13,"Ozone,PM2.5",Ozone,Santa Clarita
2025-10-03,42,23,13,"Ozone,PM2.5",PM2.5,Glendora
2025-10-04,54,31,13,"Ozone,PM2.5",Ozone,Santa Clarita
2025-10-05,90,23,13,"Ozone,PM2.5",Ozone,Santa Clarita
2025-10-06,67,23,13,"Ozone,PM2.5",Ozone,Santa Clarita
2025-10-07,71,26,13,"Ozone,PM2.5",Ozone,Santa Clarita
2025-10-08,84,24,13,"Ozone,PM2.5",Ozone,Santa Clarita
2025-10-09,58,23,13,"Ozone,PM2.5",Ozone,Lancaster - Fairgrounds
2025-10-10,58,28,12,"Ozone,PM2.5",Ozone,North Hollywood (NOHO)
2025-10-11,77,24,13,"Ozone,PM2.5",Ozone,Reseda
2025-10-12,74,24,13,"Ozone,PM2.5",Ozone,Glendora
2025-10-13,54,27,13,"Ozone,PM2.5",PM2.5,Long Beach-Route 710 Near Road
2025-10-14,41,24,13,"Ozone,PM2.5",PM2.5,Long Beach-Route 710 Near Road
2025-10-15,44,23,12,"Ozone,PM2.5",PM2.5,Long Beach-Route 710 Near Road
2025-10-16,56,29,12,"Ozone,PM2.5",PM2.5,Long Beach-Route 710 Near Road
2025-10-17,60,23,13,"Ozone,PM2.5",PM2.5,Long Beach-Route 710 Near Road
2025-10-18,64,23,13,"Ozone,PM2.5",Ozone,Santa Clarita
2025-10-19,97,25,13,"Ozone,PM2.5",Ozone,Glendora
2025-10-20,97,24,13,"Ozone,PM2.5",Ozone,Reseda
2025-10-21,84,24,13,"Ozone,PM2.5",Ozone,Santa Clarita
2025-10-22,53,31,13,"Ozone,PM2.5",PM2.5,Long Beach-Route 710 Near Road
2025-10-23,55,23,13,"Ozone,PM2.5",PM2.5,Long Beach-Route 710 Near Road
2025-10-24,69,23,13,"Ozone,PM2.5",PM2.5,Long Beach-Route 710 Near Road
2025-10-25,99,26,13,"Ozone,PM2.5",PM2.5,Los Angeles-North Main Street
2025-10-26,98,24,13,"Ozone,PM2.5",PM2.5,Los Angeles-North Main Street
2025-10-27,79,24,13,"Ozone,PM2.5",PM2.5,Glendora
2025-10-28,69,31,13,"Ozone,PM2.5",PM2.5,Los Angeles-North Main Street
2025-10-29,64,22,13,"Ozone,PM2.5",Ozone,Pasadena
2025-10-30,84,23,13,"Ozone,PM2.5",Ozone,Santa Clarita
2025-10-31,100,25,13,"Ozone,PM2.5",Ozone,Santa Clarita
2025-11-01,115,24,13,"Ozone,PM2.5",Ozone,Santa Clarita
2025-11-02,97,24,13,"Ozone,PM2.5",Ozone,Santa Clarita
2025-11-03,105,31,13,"Ozone,PM2.5",PM2.5,Los Angeles-North Main Street
2025-11-04,88,23,13,"Ozone,PM2.5",PM2.5,Los Angeles-North Main Street
2025-11-05,61,23,13,"Ozone,PM2.5",PM2.5,Glendora
2025-11-06,54,26,13,"Ozone,PM2.5",PM2.5,Long Beach-Route 710 Near Road
2025-11-07,65,23,13,"Ozone,PM2.5",PM2.5,Long Beach-Route 710 Near Road
2025-11-08,78,24,13,"Ozone,PM2.5",PM2.5,Los Angeles-North Main Street
2025-11-09,85,31,13,"Ozone,PM2.5",PM2.5,Signal Hill (LBSH)
2025-11-10,60,24,13,"Ozone,PM2.5",PM2.5,Long Beach-Route 710 Near Road
2025-11-11,62,24,13,"Ozone,PM2.5",PM2.5,Long Beach-Route 710 Near Road
2025-11-12,81,25,13,"Ozone,PM2.5",PM2.5,Pico Rivera #2
2025-11-13,63,21,12,"Ozone,PM2.5",PM2.5,Los Angeles-North Main Street
2025-11-14,51,23,13,"Ozone,PM2.5",PM2.5,Long Beach-Route 710 Near Road
2025-11-15,38,30,13,"Ozone,PM2.5",Ozone,Lancaster - Fairgrounds
2025-11-16,40,24,13,"Ozone,PM2.5",Ozone,Lancaster - Fairgrounds
2025-11-17,38,24,13,"Ozone,PM2.5",Ozone,Lancaster - Fairgrounds
2025-11-18,52,26,13,"Ozone,PM2.5",PM2.5,Long Beach-Route 710 Near Road
2025-11-19,60,23,13,"Ozone,PM2.5",PM2.5,Long Beach-Route 710 Near Road
2025-11-20,53,23,12,"Ozone,PM2.5",PM2.5,Long Beach-Route 710 Near Road
2025-11-21,37,31,13,"Ozone,PM2.5",Ozone,Santa Clarita
2025-11-22,67,24,13,"Ozone,PM2.5",PM2.5,Compton
2025-11-23,67,23,13,"Ozone,PM2.5",PM2.5,Compton
2025-11-24,70,26,13,"Ozone,PM2.5",PM2.5,Long Beach-Route 710 Near Road
2025-11-25,71,21,12,"Ozone,PM2.5",PM2.5,Signal Hill (LBSH)
2025-11-26,53,21,13,"Ozone,PM2.5",PM2.5,Long Beach-Route 710 Near Road
2025-11-27,64,29,13,"Ozone,PM2.5",PM2.5,Compton
2025-11-28,71,23,13,"Ozone,PM2.5",PM2.5,Compton
2025-11-29,84,23,13,"Ozone,PM2.5",PM2.5,Compton
2025-11-30,99,26,13,"Ozone,PM2.5",PM2.5,Compton
2025-12-01,85,22,12,"Ozone,PM2.5",PM2.5,Compton
2025-12-02,73,23,13,"Ozone,PM2.5",PM2.5,Long Beach-Route 710 Near Road
2025-12-03,66,29,13,"Ozone,PM2.5",PM2.5,Long Beach-Route 710 Near Road
2025-12-04,57,24,13,"Ozone,PM2.5",PM2.5,Long Beach-Route 710 Near Road
2025-12-05,65,23,12,"Ozone,PM2.5",PM2.5,Long Beach-Route 710 Near Road
2025-12-06,92,26,13,"Ozone,PM2.5",PM2.5,Long Beach-Route 710 Near Road
2025-12-07,88,24,13,"Ozone,PM2.5",PM2.5,Compton
2025-12-08,83,24,13,"Ozone,PM2.5",PM2.5,Long Beach-Route 710 Near Road
2025-12-09,60,29,13,"Ozone,PM2.5",PM2.5,Long Beach-Route 710 Near Road
2025-12-10,68,23,13,"Ozone,PM2.5",PM2.5,Long Beach-Route 710 Near Road
2025-12-11,80,23,13,"Ozone,PM2.5",PM2.5,Long Beach-Route 710 Near Road
2025-12-12,93,25,13,"Ozone,PM2.5",PM2.5,Pico Rivera #2
2025-12-13,151,22,12,"Ozone,PM2.5",PM2.5,Compton
2025-12-14,86,24,13,"Ozone,PM2.5",PM2.5,Los Angeles-North Main Street
2025-12-15,93,30,13,"Ozone,PM2.5",PM2.5,Pico Rivera #2
2025-12-16,103,24,13,"Ozone,PM2.5",PM2.5,Long Beach-Route 710 Near Road
2025-12-17,152,23,13,"Ozone,PM2.5",PM2.5,Long Beach-Route 710 Near Road
2025-12-18,141,25,13,"Ozone,PM2.5",PM2.5,Compton
2025-12-19,92,23,13,"Ozone,PM2.5",PM2.5,Compton
2025-12-20,109,24,13,"Ozone,PM2.5",PM2.5,Los Angeles-North Main Street
2025-12-21,107,30,13,"Ozone,PM2.5",PM2.5,Los Angeles-North Main Street
2025-12-22,105,24,13,"Ozone,PM2.5",PM2.5,Compton
2025-12-23,75,23,13,"Ozone,PM2.5",PM2.5,Los Angeles-North Main Street
2025-12-24,57,24,12,"Ozone,PM2.5",PM2.5,Compton
2025-12-25,43,22,12,"Ozone,PM2.5",Ozone,Lancaster - Fairgrounds
2025-12-26,39,21,11,"Ozone,PM2.5",Ozone,Lancaster - Fairgrounds
2025-12-27,66,30,13,"Ozone,PM2.5",PM2.5,Compton
2025-12-28,72,24,13,"Ozone,PM2.5",PM2.5,Compton
2025-12-29,59,24,13,"Ozone,PM2.5",PM2.5,Long Beach-Route 710 Near Road
2025-12-30,49,24,12,"Ozone,PM2.5",PM2.5,North Hollywood (NOHO)
2025-12-31,52,23,13,"Ozone,PM2.5",PM2.5,Long Beach-Route 710 Near Road
